# File generated by ImageToStl.com - Free Image and 3D model conversion tools

mtllib AK-74.mtl

# Cube018_0
o obj1
v 123.55799675 90.88780187 11.81473055
v 115.00133286 90.88779995 1.64E-05
v 123.55799675 90.88779995 1.64E-05
v 123.55799825 112.03689201 8.00322308
v 115.00133286 111.42319693 9.58250016
v 123.55799675 111.42319693 9.58250016
v 123.55799675 90.88780225 14.14732222
v 115.00133286 90.88780187 11.81473055
v 123.55799675 115.14202361 1.244E-05
v 115.00133286 112.03690103 8.003224
v 115.00133286 101.05540429 11.81472889
v 115.00133286 104.01336443 1.426E-05
v 115.00133286 100.47078567 14.14732066
v 115.00133286 90.88780225 14.14732222
v 123.55799675 100.47078567 14.14732066
v 222.06784195 99.47814174 1.5E-05
v 222.06784195 108.01431063 -9.46394513
v 222.06784195 99.47813955 -13.41378458
v 229.31698212 99.4781388 -13.41378458
v 229.31698212 99.47814099 1.5E-05
v 229.31698212 108.01431334 9.46397234
v 229.31698212 99.47814317 13.41382011
v 222.06784195 99.47814392 13.41382011
v 229.31698212 89.20764342 1.667E-05
v 222.06784195 89.20764561 13.41382179
v 222.06784195 89.20764342 1.667E-05
v 222.06784195 111.7411399 1.3E-05
v 229.31698212 111.74113915 1.3E-05
v 229.31698212 108.01431026 -9.46395067
v 229.31698212 89.20764124 -13.41378291
v 222.06784195 89.20764124 -13.41378291
v 222.06784195 108.01431372 9.46397788
v 229.31698212 89.20764561 13.41382179
v 222.23123057 60.34532052 15.49292455
v 229.84605519 86.66734597 15.49292026
v 222.23123057 86.66734597 15.49292026
v 229.84605519 86.66734345 1.708E-05
v 229.84605519 60.34532052 15.49292455
v 222.23123057 51.51341854 2.281E-05
v 229.84605519 51.51341991 8.41068018
v 222.23123057 51.51341991 8.41068018
v 222.23123057 86.66734345 1.708E-05
v 123.55799675 90.88779802 -11.81469776
v 115.00133286 111.42319381 -9.58247406
v 123.55799675 112.03689842 -8.0031981
v 123.55799675 111.42319381 -9.58247406
v 115.00133286 90.88779802 -11.81469776
v 123.55799675 90.88779764 -14.14728943
v 115.00133286 112.03689842 -8.0031981
v 115.00133286 101.05540044 -11.81469941
v 115.00133286 100.47078106 -14.14729099
v 115.00133286 90.88779764 -14.14728943
v 123.55799825 100.47077055 -14.14729838
v 229.84605519 86.66734092 -15.4928861
v 222.23123057 60.34531547 -15.49288181
v 222.23123057 86.66734092 -15.4928861
v 229.84605519 60.34531547 -15.49288181
v 229.84605519 51.51341717 -8.41063456
v 222.23123057 51.51341717 -8.41063456
v -10.19465945 47.7546867 -0.72301252
v -15.73926975 46.06448686 2.64009738
v -15.90320534 47.81184242 -0.38007525
v -10.03072386 46.00733114 2.29716011
v -15.54041204 47.81002818 5.65922223
v -9.79696807 51.24577534 5.31523625
v -15.50550194 51.30293106 5.65817352
v -9.96090367 52.99313091 2.29506385
v -15.66944956 53.05028663 2.63800112
v -10.02447274 46.63230479 2.29697278
v -10.15974936 51.24758959 -0.7240603
v -15.86829525 51.30474531 -0.38112303
v -19.66575386 46.81161662 7.71167879
v -19.98303421 44.02645382 2.89441506
v -20.18891241 52.38772137 -1.92619391
v -46.76840582 55.44218143 4.50687741
v -19.87163206 55.17288116 2.89106936
v -20.24460747 46.81450619 -1.92452198
v -19.61004677 52.38482578 7.7100064
v -47.08568617 52.65702464 -0.31038586
v -47.7381948 47.58593676 0.58770723
v -47.69240535 52.16745999 0.58633328
v -46.56252762 47.08091389 9.32748684
v -46.87980797 44.29575108 4.51022311
v -47.14139326 47.08380947 -0.30871394
v -46.50683256 52.65412906 9.32581445
v -48.9122992 54.47185752 4.63537204
v -47.43157742 54.45702913 4.54641919
v -47.21653892 52.16508105 8.50788183
v -47.52315631 45.29398266 4.5491694
v -47.26232837 47.58355781 8.5092567
v -48.74305015 47.59838019 8.59821
v -49.00387809 45.30881105 4.6381227
v -49.21890457 47.60075914 0.6766603
v -49.17311512 52.18228237 0.67528635
v -48.69726071 52.17990343 8.59683513
v -49.2261775 52.74790029 -0.30233806
v -48.9009991 55.60250162 4.63503294
v -50.41845823 52.76281444 9.68138664
v -48.63289823 52.74493261 9.57411907
v -48.68997575 47.03276829 9.57583396
v -49.28327907 47.03572995 -0.30062456
v -49.01517819 44.17816395 4.6384618
v -51.01176155 52.76578211 -0.19507095
v -50.92934295 48.2781943 1.9247058
v -50.89674096 51.53991999 1.92372732
v -50.4755598 47.0506441 9.68310061
v -50.8007382 44.19603976 4.74572937
v -50.68655911 55.62038044 4.74230005
v -51.06883908 47.05361177 -0.19335744
v -9.83187817 47.75287246 5.31628496
v -9.83253934 50.93344771 4.77503185
v -10.15908818 48.06701433 -0.18280765
v -9.96715479 52.36815725 2.29525142
v -9.86121034 48.06552449 4.77589253
v -10.13041718 50.93493756 -0.1836681
v -49.89081571 51.52985208 1.86329702
v -50.71105869 53.1699418 4.74303553
v -50.55796638 51.53823191 7.56332339
v -50.77625064 46.64648441 4.74499389
v -50.59056837 48.27650021 7.56430234
v -49.7088841 52.78492095 4.68271773
v -49.70513343 53.15986787 4.68260546
v -49.55204112 51.52815798 7.50289286
v -49.77033741 46.63641048 4.68456336
v -49.58464311 48.26642628 7.50387181
v -49.9234177 48.26812038 1.8642755
v -49.57337908 51.34078064 7.1788018
v -49.60224242 48.45400187 7.17966849
v -49.76658674 47.01135741 4.68445064
v -49.90206772 48.45549772 2.1883661
v -49.87322842 51.34227648 2.18750034
v -50.34717143 51.34852842 7.22528654
v -50.48266444 52.79266874 4.72920247
v -50.64700876 51.35002427 2.23398508
v -50.37602275 48.46174966 7.22615323
v -50.54036707 47.0191052 4.73093538
v -50.67586008 48.46324551 2.23485107
v -10.18620842 47.82885865 -0.59472584
v -4.8474643 51.04911655 -0.79103128
v -4.87946522 47.84690272 -0.79007128
v 0.11658534 51.72126852 1.6893127
v -0.01560178 50.56084413 -0.31777791
v -9.80540708 51.17160339 5.18694957
v -4.66517206 52.64939745 1.97683824
v -9.9623823 52.84471492 2.2951082
v -9.83883855 47.82712251 5.18795393
v -4.7291739 46.24495776 1.9787601
v -4.54686963 47.84523866 4.74663055
v -10.15278898 51.17333954 -0.59572904
v -4.51486871 51.0474585 4.74566962
v -10.02923321 46.15574713 2.29711576
v 4.77780433 48.73858295 0.34409826
v -0.03881507 48.23878785 -0.31708169
v 0.22557119 50.55963663 3.69710066
v 0.07017078 47.07716197 1.69070628
v 0.20236993 48.23758636 3.69779734
v 4.79006614 49.96527489 0.34373029
v 6.81396208 49.98681736 1.28647154
v 6.77668377 49.6595772 0.72046387
v 4.85989835 50.57830547 1.40403214
v 4.83537473 48.12492159 1.40476855
v 4.90521897 48.73794616 2.46507064
v 4.91748078 49.9646381 2.46470244
v 6.8381491 49.00440602 1.85287237
v 6.84468873 49.65923477 1.85267579
v 6.80087079 48.67715985 1.28686458
v 6.77013212 49.00474844 0.72066045
v -15.52971301 53.46874942 -6.7768519
v -9.9738507 51.75716354 -3.44326165
v -15.68542598 51.7549756 -3.73706475
v -10.1289626 53.53626254 -0.44120647
v -15.84052586 53.53406859 -0.73500981
v -15.83992479 57.02694142 -0.77274246
v -10.12836153 57.02913537 -0.47893913
v -15.68422384 58.74071524 -3.8125296
v -9.81814975 53.47094337 -6.4830488
v -9.9737425 52.38213719 -3.45001302
v -9.97264856 58.74290919 -3.5187265
v -15.52911194 56.96161924 -6.81458455
v -20.15848629 52.51175244 0.858091
v -19.91099006 49.67305842 -3.93193703
v -19.90907866 60.81938958 -4.05234787
v -46.57262558 57.97036296 -10.22667938
v -46.82010979 60.80905697 -5.43665296
v -19.66159446 57.98069256 -8.84237476
v -19.66254415 52.40752548 -8.78217095
v -20.15752458 58.08491952 0.79788581
v -47.27121217 52.90205501 -9.34776631
v -47.27043078 57.48354218 -9.3972577
v -47.0685557 58.07458691 -0.58641904
v -47.06951741 52.50141983 -0.52621385
v -46.57357527 52.39719287 -10.16647558
v -46.82202119 49.66272582 -5.31624212
v -47.47388066 59.8171246 -5.4595618
v -48.75193396 57.48297416 -9.47346619
v -48.95538384 59.81655658 -5.53576982
v -47.67812395 57.56922287 -1.47237151
v -47.47545546 50.65415328 -5.36057626
v -47.67890534 52.98773871 -1.4228792
v -49.15962713 57.56865485 -1.54858
v -49.16040852 52.98716768 -1.49908769
v -48.75271535 52.90149 -9.4239748
v -48.95695864 50.65358826 -5.43678475
v -48.7015283 58.03772173 -10.45743993
v -48.95519149 60.94719166 -5.54798383
v -49.20982842 58.14454535 -0.57682073
v -50.74171321 60.94650642 -5.63988255
v -50.99635014 58.14386012 -0.66871922
v -49.21081417 52.43242311 -0.51511442
v -48.70251405 52.32559949 -10.39573453
v -48.95715098 49.52294717 -5.42457074
v -50.48805002 58.0370335 -10.54933818
v -50.5978413 53.57303465 -8.38154465
v -50.59728832 56.83473629 -8.41677928
v -50.74366068 49.52226194 -5.51646946
v -50.99732387 52.43173787 -0.6070129
v -50.48902375 52.32491426 -10.48763279
v -10.10060416 56.71080306 -1.01608962
v -9.81754868 56.96381319 -6.52078099
v -9.8458951 53.78926967 -5.94589831
v -9.97275675 58.11793855 -3.51197491
v -10.10109703 53.84290388 -0.98510856
v -9.84540222 56.65717185 -5.97687891
v -49.59138711 53.57341935 -8.32977212
v -49.59083412 56.83512399 -8.36500675
v -50.74212194 58.49608582 -5.61341086
v -50.88753258 56.89573671 -2.77480713
v -50.74325195 51.97268254 -5.54294068
v -50.88808557 53.63403207 -2.7395718
v -49.73573987 58.1215266 -5.55758839
v -49.73566774 58.49647352 -5.56163879
v -49.88107839 56.89612141 -2.72303482
v -49.88163137 53.63442277 -2.68779973
v -49.73679775 51.97306723 -5.49116815
v -49.86442877 56.70514366 -3.04529326
v -49.86492165 53.81838594 -3.01410857
v -49.73672562 52.34801416 -5.49521855
v -49.60803672 53.76440311 -8.00751415
v -49.60754384 56.65115782 -8.03869745
v -50.50992893 58.12122906 -5.59741306
v -50.63861783 56.70484612 -3.08511793
v -50.38173291 56.65086029 -8.07852304
v -50.51092671 52.34771963 -5.53504322
v -50.63911071 53.81809141 -3.05393324
v -50.38222579 53.76410256 -8.04733882
v -9.82416044 56.89099068 -6.39161606
v -4.52960693 53.62103643 -5.96050851
v -9.82473747 53.54653986 -6.3554875
v -4.52905394 56.82322622 -5.99510039
v 0.12168241 57.57594558 -2.98681439
v 0.22480183 56.39321852 -4.98255726
v -9.9726726 58.5944932 -3.51712287
v -4.8140088 56.88311164 -0.45606589
v -4.67125488 58.45426382 -3.24287931
v -9.97382665 51.90557953 -3.44486482
v -4.81454976 53.68092185 -0.42147355
v -10.12233882 53.60908204 -0.57037117
v -10.12177381 56.95353888 -0.60650042
v -4.67234882 52.04987824 -3.17369462
v 4.93254357 54.6309291 -3.77134861
v 0.22440512 54.07118328 -4.95747358
v 0.0181783 56.43664341 -0.9659869
v 0.12088899 52.93188111 -2.93664586
v 0.01776957 54.11460517 -0.94090252
v 4.93274793 55.85760901 -3.78459992
v 6.8389906 55.91131473 -2.62325089
v 6.86807032 55.57778138 -3.18605816
v 4.87827905 56.48241754 -2.73029277
v 4.8778583 54.02906072 -2.70378969
v 4.82337739 54.65386925 -1.64948231
v 4.82359378 55.88054916 -1.66273385
v 6.80968247 54.9352026 -2.04629538
v 6.80980268 55.59002534 -2.05336927
v 6.83876219 54.60166924 -2.60910311
v 6.86795011 54.92295863 -3.1789845
v 51.08062397 -110.83702306 12.19431907
v 16.00183271 -139.24612283 12.19432278
v 53.08992595 -113.12481239 12.19432222
v 56.81562893 -110.50076439 -8.94460967
v 60.04997592 -104.52180952 -8.94461342
v 62.14160032 -106.74966024 -8.94460936
v 60.04997592 -104.5218066 8.94465263
v 62.14160032 -106.74965732 8.94465484
v 14.35169358 -136.69746949 12.19431959
v 14.35169358 -136.69747347 -12.19428098
v 56.81562893 -110.50076148 8.94465452
v 16.00183271 -139.2461268 -12.19427595
v 51.08062397 -110.83702704 -12.19428058
v 53.08992595 -113.12481637 -12.19427559
v 54.77244468 -108.23766407 8.94465231
v 54.77244468 -108.23766698 -8.94461374
v 9.27657838 -140.27080236 6.55340792
v 10.90218187 -142.83785055 -6.5533645
v 10.90218187 -142.83784841 6.55341157
v 9.27657838 -140.2708045 -6.55336907
v 10.00657684 60.4459139 5.9554206
v 10.00657684 49.72056882 7.70632773
v 10.00657684 49.72056854 5.95542235
v -52.13904267 47.13525089 11.48252743
v -54.2640745 60.4459178 11.48252526
v -54.2640745 47.06464931 11.48252744
v 15.44774314 16.35065918 7.70633224
v 21.017406 -5.90566883 5.95543049
v 15.44774314 16.35065889 5.95542687
v -54.2640745 60.44591738 8.87374107
v -52.13904267 60.4459178 11.48252526
v -52.13904267 60.44591738 8.87374107
v -52.13904267 43.66289855 11.482528
v -52.11144157 29.33633163 11.48252941
v -49.99327395 29.54255244 11.48252937
v 10.00657684 47.64816632 5.95542269
v 11.95143219 35.57343306 7.70632957
v 11.95143219 35.57343278 5.9554242
v -46.13575652 4.15796042 11.48253258
v -40.2713534 -22.49630599 11.482536
v -38.2188105 -21.92030144 11.48253591
v -28.11510286 -52.36869654 11.48254272
v -21.00630632 -74.19873401 11.48254627
v -19.08787397 -73.52596935 11.48254616
v -30.11636254 -53.08394476 11.48254283
v 21.017406 -5.90566855 7.70633587
v 30.25410748 -32.94144584 5.95543582
v 37.01596692 -53.85148662 7.70634461
v 51.239745 -80.81547222 5.95544362
v 37.01596692 -53.8514869 5.95543923
v 30.25410748 -32.94144556 7.7063412
v -0.55421983 -109.55210567 11.48255203
v 14.68647706 -137.2825503 11.48255655
v 16.43867773 -136.10988847 11.48255636
v -2.32528205 -110.53473349 11.48255219
v 67.68085509 -101.81603429 5.95544704
v 65.50389089 -103.27295345 7.70635266
v 65.50389089 -103.27295373 5.95544728
v 51.239745 -80.81547193 7.706349
v 16.43867773 -136.10988889 8.87377217
v 52.37758089 -112.0577465 11.48255337
v 23.72737426 -58.51152751 7.70634536
v 35.7716877 -89.39756043 11.48254967
v 38.97197811 -87.62195474 7.70635011
v 55.54377265 -109.93876204 7.70635374
v 7.58923307 -9.06528461 7.70633546
v 12.93237701 -37.69834212 11.48254125
v 16.5486253 -36.40589984 7.70634176
v 0.86124989 13.46272636 7.70633272
v 3.88032397 -10.10610733 11.48253491
v -4.71305322 45.64961174 7.70632839
v -6.54810526 33.77233603 11.48252868
v -2.72061724 34.14497424 7.70632981
v -8.55295933 60.44591437 8.87374107
v -4.71305322 60.44591418 7.70632598
v -4.71305322 60.4459139 5.9554206
v -4.71305322 48.71091694 7.7063279
v -8.55295933 60.4459148 11.48252526
v -8.55295933 48.58334063 11.48252719
v 7.36640472 49.11223877 7.70632783
v 7.36640472 60.44591418 7.70632598
v 7.87393547 60.4459139 5.9554206
v 7.36640472 46.15563381 7.70632831
v 9.31978323 35.31722133 7.70632962
v 12.83144548 15.83266982 7.70633233
v 18.6088739 -6.47239259 7.70633596
v 27.7958309 -33.56285487 7.7063413
v 34.63246334 -54.68733335 7.70634474
v 49.03935112 -82.03631547 7.7063492
v 52.37758089 -112.05774693 8.87376917
v -40.2713534 -22.49630682 6.41404163
v -50.81497152 2.74559139 6.4140366
v -42.84475876 -23.49173741 6.4140418
v -30.11636254 -53.08394559 6.41404708
v -32.6897679 -54.0793882 6.41404724
v 14.68647706 -137.28255113 6.4140608
v 10.42489691 -140.16580867 -0.00075239
v 14.68647706 -137.28255217 -0.00075286
v -52.11144157 29.33633081 6.41403365
v -57.98761362 42.60458328 6.41403241
v -57.82156226 26.24974464 6.41403415
v -2.32528205 -110.53473432 6.41405644
v 10.42489691 -140.16580763 6.41406127
v -54.2640745 43.57387834 -0.00078233
v -54.2640745 43.57387939 6.41403225
v -54.2640745 60.44591698 6.41402951
v -54.2640745 47.06464743 -0.00078289
v -54.2640745 47.06464848 6.41403169
v -54.2640745 47.06464888 8.87374325
v -52.11144157 29.33633121 8.87374521
v -30.11636254 -53.08394519 8.87375864
v -40.2713534 -22.49630642 8.87375181
v -48.24156616 3.741034 6.41403644
v -48.24156616 3.7410344 8.87374754
v -21.00630632 -74.19873443 8.87376208
v -21.00630632 -74.19873483 6.41405052
v -2.32528205 -110.53473392 8.873768
v 14.68647706 -137.28255073 8.87377236
v 52.37758089 -112.05774837 -0.00075697
v 55.54377265 -109.93876259 4.3045941
v 52.37758089 -112.05774733 6.41405807
v -8.63989797 41.84314929 8.75688905
v -50.94408117 37.95260311 8.75688968
v 7.87393547 60.44591293 -0.00078507
v 7.30386949 43.30943267 4.30338432
v 7.87393547 60.44591363 4.30456634
v 16.43867773 -136.10988929 6.41406061
v 16.43867773 -136.10989034 -0.00075305
v 51.239745 -80.81547249 4.30458936
v 67.68085509 -101.81603526 -0.00075864
v 51.239745 -80.81547319 -0.00076206
v 65.50389089 -103.272954 4.30459301
v 65.50389089 -103.2729547 -0.0007584
v 30.25410748 -32.94144611 4.30458156
v 37.01596692 -53.85148787 -0.00076645
v 30.25410748 -32.94144681 -0.00076986
v 37.01596692 -53.85148717 4.30458496
v 21.017406 -5.9056691 4.30457669
v 21.017406 -5.9056698 -0.00077426
v 10.00657684 47.64816535 -0.00078299
v 11.95143219 35.57343251 4.30457039
v 11.95143219 35.57343181 -0.00078102
v -54.2640745 60.44591593 -0.00078507
v -52.13904267 60.44591698 6.41402951
v -52.13904267 60.44591593 -0.00078507
v 15.44774314 16.35065862 4.30457306
v 15.44774314 16.35065792 -0.00077789
v 10.00657684 60.44591293 -0.00078507
v 10.00657684 49.72056827 4.30456809
v 10.00657684 49.72056757 -0.00078333
v -4.89869944 -111.53017797 -0.00075706
v -4.89869944 -111.53017693 6.4140566
v -23.57971168 -75.19417849 -0.00076298
v -23.57971168 -75.19417745 6.41405068
v -32.6897679 -54.07938924 -0.00076642
v -50.81497152 2.74559035 -0.00077567
v -42.84475876 -23.49173845 -0.0007714
v -57.82156226 26.2497436 -0.0007795
v -2.94392645 12.70935895 11.48253211
v -48.24156616 3.74103483 11.48253265
v 7.30386949 43.30943293 5.91244646
v 20.26078017 -59.7271772 11.48254484
v -8.55295933 45.48875423 11.4825277
v -16.33483309 63.08896557 8.61066787
v -16.33483309 63.87692537 10.08260142
v 55.54377265 -109.9387633 -0.00075732
v 10.00657684 60.44591363 4.30456634
v 67.68085509 -101.816034 7.70635242
v 10.00657684 60.44591418 7.70632598
v 55.54377265 -109.93876232 5.95544836
v -4.91293275 42.18590249 5.91244664
v -54.2640745 43.57388021 11.48252801
v -50.94408117 37.95260271 6.3594459
v 67.68085509 -101.81603455 4.30459278
v 10.00657684 47.64816605 4.30456843
v -50.94408117 37.95260168 -0.00078141
v -52.13904267 63.08896557 8.61066787
v -26.49645975 64.72027576 5.80342911
v -52.13904267 63.87693138 10.08260142
v -52.13904267 64.72027876 5.80342911
v -26.49645975 66.28914743 6.37449755
v -52.13904267 66.28914743 6.37449755
v 14.72019704 48.41364562 4.3045683
v -54.2640745 43.57387979 8.87374382
v 10.00657684 47.6481666 7.70632807
v 14.72019704 49.41012216 4.83543492
v 14.72019704 49.41012207 4.30456814
v 14.72019704 49.41012137 -0.00078328
v 14.72019704 48.41364571 4.83543509
v 14.72019704 48.41364492 -0.00078311
v 14.72019704 48.41364599 6.58633954
v 14.72019704 49.41012244 6.58633938
v 10.00657684 49.72056631 -7.70789483
v 10.00657684 60.44591196 -5.9569912
v 10.00657684 49.7205666 -5.95698945
v -52.13904267 47.13524714 -11.48409276
v -54.2640745 60.44591406 -11.48409493
v -52.13904267 60.44591406 -11.48409493
v 21.017406 -5.90567077 -5.95697946
v 15.44774314 16.35065667 -7.70788847
v 15.44774314 16.35065695 -5.95698309
v -54.2640745 60.44591449 -8.87531074
v -52.13904267 60.44591449 -8.87531074
v -52.11144157 29.33632789 -11.48408894
v -52.13904267 43.66289481 -11.4840922
v -49.99327395 29.5425487 -11.48408897
v 11.95143219 35.57343055 -7.70789206
v 10.00657684 47.64816438 -5.95698911
v 11.95143219 35.57343084 -5.95698668
v -46.13575652 4.15795668 -11.48408391
v -40.2713534 -22.49630973 -11.48407865
v -48.24156616 3.74103109 -11.48408384
v -28.11510286 -52.36870028 -11.48407563
v -21.00630632 -74.19873775 -11.48407207
v -30.11636254 -53.0839485 -11.48407551
v -38.2188105 -21.92030518 -11.48407874
v 30.25410748 -32.94144778 -5.95697598
v 21.017406 -5.90567106 -7.70788484
v 51.239745 -80.81547416 -5.95696818
v 37.01596692 -53.85148913 -7.70787796
v 37.01596692 -53.85148884 -5.95697258
v 30.25410748 -32.94144807 -7.70788136
v -0.55421983 -109.55210941 -11.48406631
v 14.68647706 -137.28255404 -11.48406179
v -2.32528205 -110.53473723 -11.48406615
v -19.08787397 -73.52597309 -11.48407218
v 65.50389089 -103.27295596 -7.7078699
v 67.68085509 -101.81603623 -5.95696476
v 65.50389089 -103.27295567 -5.95696452
v 51.239745 -80.81547444 -7.70787356
v 16.43867773 -136.10989221 -11.48406198
v 52.37758089 -112.05774982 -8.87528263
v 16.43867773 -136.10989179 -8.87527779
v 23.72737426 -58.51153002 -7.7078772
v 35.7716877 -89.39756417 -11.48407052
v 20.26078017 -59.72718094 -11.48407535
v 38.97197811 -87.62195725 -7.70787245
v 52.37758089 -112.05775024 -11.48406683
v 7.58923307 -9.06528712 -7.70788341
v 12.93237701 -37.69834586 -11.48407894
v 3.88032397 -10.10611107 -11.48408159
v 16.5486253 -36.40590235 -7.7078808
v 0.86124989 13.46272385 -7.707888
v -2.94392645 12.7093552 -11.48408623
v -6.54810526 33.77233229 -11.48408966
v -4.71305322 45.64960923 -7.70789417
v -2.72061724 34.14497173 -7.70789183
v -4.71305322 60.44591167 -7.70789658
v -8.55295933 60.44591148 -8.87531074
v -4.71305322 60.44591196 -5.9569912
v -4.71305322 48.71091443 -7.70789467
v -8.55295933 60.44591106 -11.48409493
v 7.36640472 49.11223626 -7.70789473
v 7.36640472 60.44591167 -7.70789658
v 7.87393547 60.44591196 -5.9569912
v 7.36640472 46.1556313 -7.70789425
v 9.31978323 35.31721882 -7.70789202
v 12.83144548 15.83266731 -7.70788839
v 27.7958309 -33.56285738 -7.70788126
v 18.6088739 -6.4723951 -7.70788475
v 49.03935112 -82.03631798 -7.70787336
v 55.54377265 -109.93876455 -7.70786882
v 34.63246334 -54.68733586 -7.70787782
v 55.54377265 -109.93876427 -5.95696344
v -40.2713534 -22.49630891 -6.4155852
v -50.81497152 2.7455893 -6.41558839
v -48.24156616 3.74103191 -6.41558855
v -30.11636254 -53.08394768 -6.41558068
v -42.84475876 -23.4917395 -6.41558504
v 14.68647706 -137.28255322 -6.41556696
v -52.11144157 29.33632872 -6.41559411
v -57.98761362 42.60458119 -6.41559719
v -54.2640745 43.5738773 -6.41559735
v 10.42489691 -140.16580972 -6.41556649
v -2.32528205 -110.53473641 -6.41557132
v -54.2640745 60.44591489 -6.4156001
v -54.2640745 47.06464639 -6.41559792
v -54.2640745 47.06464599 -8.87530856
v -52.11144157 29.33632832 -8.87530475
v -54.2640745 43.5738769 -8.87530799
v -30.11636254 -53.08394808 -8.87529132
v -40.2713534 -22.49630931 -8.87529445
v -48.24156616 3.74103151 -8.87529873
v -21.00630632 -74.19873733 -8.87528788
v -2.32528205 -110.53473681 -8.87528196
v -21.00630632 -74.19873692 -6.41557724
v 14.68647706 -137.28255362 -8.8752776
v 55.54377265 -109.938764 -4.30610917
v -8.63989797 41.84314643 -8.75845266
v 7.30386949 43.30943127 -4.30494933
v 7.87393547 60.44591223 -4.30613693
v 16.43867773 -136.10989138 -6.41556715
v 51.239745 -80.81547389 -4.30611392
v 65.50389089 -103.27295541 -4.30611026
v 30.25410748 -32.94144751 -4.30612172
v 37.01596692 -53.85148857 -4.30611831
v 21.017406 -5.9056705 -4.30612566
v 11.95143219 35.57343111 -4.30613288
v -52.13904267 60.44591489 -6.4156001
v 15.44774314 16.35065722 -4.30612929
v 10.00657684 49.72056687 -4.30613519
v -4.89869944 -111.53017902 -6.41557116
v -23.57971168 -75.19417954 -6.41557708
v -32.6897679 -54.07939029 -6.41558052
v -57.82156226 26.24974255 -6.4155936
v 7.30386949 43.309431 -5.91401147
v -8.55295933 45.48875049 -11.48409249
v -16.33483309 63.08896277 -8.6122384
v -8.55295933 48.58333689 -11.484093
v 10.00657684 60.44591223 -4.30613693
v 10.00657684 47.64816409 -7.70789449
v 10.00657684 60.44591167 -7.70789658
v -4.91293275 42.18590056 -5.91401128
v -54.2640745 43.57387647 -11.48409218
v -54.2640745 47.06464556 -11.48409275
v 52.37758089 -112.05774942 -6.41557246
v -50.94408117 37.95260025 -8.75845202
v 67.68085509 -101.81603596 -4.3061105
v 10.00657684 47.64816465 -4.30613485
v -50.94408117 37.95260064 -6.36100916
v -26.49645975 64.72027386 -5.8050011
v -52.13904267 63.08896277 -8.6122384
v -16.33483309 63.87692208 -10.0841722
v -26.49645975 66.28914535 -6.37607004
v -52.13904267 64.72027687 -5.8050011
v -52.13904267 63.87692809 -10.0841722
v 14.72019704 48.41364422 -4.30613497
v 14.72019704 49.41012058 -4.83700192
v 14.72019704 48.41364413 -4.83700176
v 14.72019704 49.41012067 -4.30613514
v 14.72019704 48.41364385 -6.58790621
v 14.72019704 49.4101203 -6.58790638
v 20.07211659 104.09863232 9.42618825
v 20.07211659 108.90194446 7.30561772
v 20.07211659 109.52201573 7.81409394
v 16.1392852 104.0986327 9.42618825
v 16.1392852 112.41589184 1.371E-05
v 20.07211659 112.41589184 1.371E-05
v 16.1392852 109.52201573 7.81409394
v 16.1392852 111.79581841 1.381E-05
v 16.1392852 108.90194446 7.30561772
v 16.1392852 103.4785603 8.9177125
v 20.07211659 111.79581841 1.381E-05
v -57.19570504 93.28881818 15.35217303
v -57.19570504 96.51033764 10.9890093
v -57.19570504 91.98927962 15.04701422
v -53.26288567 97.13040966 11.49748597
v -53.26288567 93.28881667 15.35217303
v -53.26288567 108.90194897 7.30561772
v -53.26288567 109.52202023 7.81409394
v -57.19570504 97.13041191 11.49748597
v -57.19570504 112.41589635 1.371E-05
v -53.26288567 112.41589635 1.371E-05
v -57.19570504 109.52202023 7.81409394
v -57.19570504 111.79582292 1.381E-05
v -57.19570504 108.90194897 7.30561772
v -53.26288567 96.51033614 10.9890093
v -53.26288567 91.98927811 15.04701422
v -53.26288567 111.79582292 1.381E-05
v -129.98224374 93.28882269 15.35217303
v -129.98224374 96.51034215 10.9890093
v -129.98224374 91.98928412 15.04701422
v -126.04937628 97.13041417 11.49748597
v -126.04937628 93.28882118 15.35217303
v -126.04940032 108.90195348 7.30561772
v -126.04940032 109.52202474 7.81409394
v -129.98224374 97.13041567 11.49748597
v -129.98224374 112.41590086 1.371E-05
v -126.04940032 112.41590086 1.371E-05
v -129.98224374 109.52202474 7.81409394
v -129.98224374 111.79582742 1.381E-05
v -129.98224374 108.90195348 7.30561772
v -126.04937628 96.51034065 10.9890093
v -126.04937628 91.98928112 15.04701422
v -126.04940032 111.79582742 1.381E-05
v 20.07211659 108.90194208 -7.30558895
v 20.07211659 97.04989871 -11.48510101
v 20.07211659 109.52201318 -7.81406537
v 16.1392852 97.04989871 -11.48510101
v 16.1392852 109.52201318 -7.81406537
v 16.1392852 108.90194208 -7.30558895
v -57.19570504 93.28881318 -15.35213917
v -57.19570504 96.51033406 -10.98897649
v -57.19570504 97.13040816 -11.49745337
v -53.26288567 97.13040591 -11.49745337
v -53.26288567 93.28881167 -15.35213917
v -53.26288567 108.90194659 -7.30558895
v -53.26288567 109.52201769 -7.81406537
v -57.19570504 109.52201769 -7.81406537
v -53.26288567 96.51033256 -10.98897649
v -57.19570504 108.90194659 -7.30558895
v -53.26288567 91.98927321 -15.04697994
v -129.98224374 93.28881768 -15.35213917
v -129.98224374 96.51033857 -10.98897649
v -129.98224374 97.13041192 -11.49745337
v -126.04937628 97.13041042 -11.49745337
v -126.04937628 93.28881618 -15.35213917
v -126.04940032 108.9019511 -7.30558895
v -126.04940032 109.5220222 -7.81406537
v -129.98224374 109.5220222 -7.81406537
v -126.04937628 96.51033707 -10.98897649
v -129.98224374 108.9019511 -7.30558895
v -129.98224374 91.98927922 -15.04697994
v 16.1392852 96.42982686 -10.97662413
v 20.07211659 91.93630249 -15.04966908
v 20.07211659 96.42982686 -10.97662413
v 20.07211659 93.31120601 -15.3301772
v 16.1392852 91.93630399 -15.04966908
v 16.1392852 93.31120601 -15.3301772
v -143.69385683 71.73172837 19.47776954
v -139.27693637 69.42597651 -14.84359387
v -143.69385683 71.73172278 -14.84359424
v -139.27693637 69.4259821 19.47776992
v -139.06531195 64.44794299 -14.84359213
v -139.06531195 64.44794859 19.47777073
v -143.27060799 61.77565575 -14.8435917
v -143.27060799 61.77566134 19.47777116
v -147.68752844 64.08140503 -14.84359207
v -147.68752844 64.08141062 19.47777079
v -147.89915286 69.05943554 -14.84359381
v -147.89915286 69.05944113 19.47776998
v -143.79587028 74.13152021 15.07605289
v -137.24967445 70.71423543 18.78330502
v -137.24967445 70.71423182 15.07605345
v -136.93603657 63.33641236 18.78330623
v -136.93603657 63.33640875 15.07605465
v -143.16859453 59.37588009 15.0760553
v -149.71479037 62.79317209 18.78330631
v -149.71479037 62.79316848 15.07605474
v -143.79587028 74.13152682 18.78330447
v -150.02842824 70.17099155 15.07605354
v -150.02842824 70.17099516 18.78330511
v -143.16859453 59.3758837 18.78330687
v 241.1339111 89.87757855 1.403E-05
v 241.1339111 93.65435584 -9.3868884
v 241.1339111 94.47573207 -7.96422478
v 241.1339111 104.49341897 -9.38689293
v 224.30895225 93.6543626 -9.3868884
v 224.30895225 104.49342574 -9.38689201
v 241.13392312 108.27020233 1.15E-05
v 241.13392312 109.91295207 1.077E-05
v 241.1339111 103.67204693 7.96425214
v 241.1339111 93.6543604 9.38691475
v 241.1339111 94.47573467 7.96425179
v 241.1339111 103.67204359 -7.96422813
v 241.1339111 88.23482956 1.43E-05
v 241.13392312 104.49342166 9.38691483
v 224.30895225 89.06278125 1.376E-05
v 224.30895225 94.06833631 -8.66986524
v 224.30895225 88.23483557 1.389E-05
v 224.30895225 104.49342842 9.38691575
v 224.30895225 93.65436717 9.38691567
v 224.30895225 109.91295808 1.036E-05
v 224.30895225 94.06834064 8.66989146
v 224.30895225 109.08501015 1.049E-05
v 224.30895225 104.07945189 -8.6698678
v 224.30895225 104.07945471 8.66989167
v 320.95660112 67.34815599 5.69008836
v 320.95660112 61.23988225 -5.69004414
v 320.95660112 61.2398841 5.6900912
v 320.95660112 67.34815715 -5.69004421
v 331.34437404 61.23988525 -5.69004275
v 331.34437404 67.34815599 5.69008882
v 331.34437404 61.2398811 5.69009074
v 331.34437404 54.56417705 -5.69004166
v 320.95660112 54.5641759 5.6900886
v 320.95660112 54.56417405 -5.69004305
v 331.34437404 67.34815414 -5.69004375
v 331.34437404 58.3881086 5.69009121
v 331.34437404 54.5641759 5.69008998
v 320.95660112 58.38810975 -5.69004275
v 320.95660112 58.38811129 3.76547154
v 320.95660112 58.38811307 -3.76542308
v 331.34437404 58.38810975 -5.69004136
v 331.34437404 61.23988679 3.76547038
v 331.34437404 61.23988557 -3.76542331
v 320.95660112 61.23988557 -3.76542447
v 331.34437404 58.38811129 3.76547269
v 331.34437404 58.38811006 -3.76542377
v 320.95660112 61.23988379 3.76547015
v 320.95660112 58.38811161 5.69008982
v 238.65528232 76.85145646 -7.99584801
v 208.99130648 81.46788057 1.681E-05
v 238.65529434 81.46787456 1.647E-05
v 238.65529434 76.85145906 7.99588168
v 208.99130648 76.85146808 7.99588168
v 238.65528232 67.61862846 7.99588226
v 208.99130648 67.61863748 7.99588411
v 238.65528232 63.00221487 1.671E-05
v 208.99130648 67.61863487 -7.99584466
v 208.99130648 65.17015101 1.808E-05
v 208.99130648 68.70260025 -6.11836488
v 208.99130648 63.00222388 1.843E-05
v 238.65528232 67.61862586 -7.99584558
v 238.65528232 65.12785979 1.821E-05
v 238.65528232 68.68145062 6.15502051
v 238.65529434 79.34223114 1.497E-05
v 238.65528232 75.78863429 -6.15498626
v 238.65528232 75.7886363 6.15501935
v 238.65528232 68.68144862 -6.1549851
v 208.99130648 76.85146247 -7.99584616
v 208.99130648 79.29995494 1.67E-05
v 208.99130648 68.70260525 6.1184012
v 208.99130648 75.76750071 -6.11836603
v 208.99130648 75.7675027 6.11840098
v 282.24048809 103.3221675 7.35827169
v 282.24048809 94.45828789 7.99444097
v 282.24048809 103.68945916 7.99444131
v 316.92614408 94.45828453 -7.99441673
v 320.08175702 93.34896542 1.179E-05
v 316.92614408 89.84270151 1.211E-05
v 282.24048809 107.57045944 1.015E-05
v 282.24048809 103.68945843 -7.99442008
v 282.24048809 103.32216548 -7.35824942
v 282.24048809 94.45828453 -7.99441673
v 282.24048809 94.82557694 -7.35824803
v 282.24048809 90.57728613 1.199E-05
v 282.24048809 94.82557934 7.35827262
v 282.24048809 108.30504406 1.003E-05
v 282.24048809 89.84270151 1.211E-05
v 316.92614408 94.45828789 7.99444097
v 316.92614408 103.68945916 7.99444131
v 316.92614408 103.68945843 -7.99442008
v 320.08175702 96.21141972 4.95792798
v 303.49446091 76.5564488 -7.48488613
v 337.11499835 80.87785458 1.732E-05
v 337.11499835 76.55643979 -7.48488659
v 303.49446091 76.55645124 7.48492128
v 337.11499835 76.55644523 7.48492035
v 303.49446091 67.9136301 7.48492176
v 337.11499835 67.91362409 7.48492084
v 337.11499835 63.5922093 1.829E-05
v 303.49446091 67.91362767 -7.48488333
v 303.49446091 65.62160803 1.806E-05
v 303.49446091 68.92832281 -5.72738131
v 303.49446091 63.59221832 1.839E-05
v 337.11499835 67.91361865 -7.48488426
v 337.11499835 65.58201861 1.889E-05
v 337.11499835 68.90852546 5.76169679
v 337.11499835 78.88804527 1.672E-05
v 337.11499835 75.56153842 -5.76166115
v 337.11499835 75.5615403 5.76169571
v 337.11499835 68.90852358 -5.76165961
v 303.49446091 78.84847088 1.683E-05
v 303.49446091 80.87786209 1.742E-05
v 303.49446091 68.92832768 5.72741663
v 303.49446091 75.54175423 -5.72738192
v 303.49446091 75.5417561 5.7274174
v 300.57957615 94.11875237 4.43042759
v 301.38282089 90.66973886 -4.43039575
v 301.38282089 90.6697388 4.43042862
v 316.77412167 94.60056569 -4.43039593
v 317.02700348 89.83753009 -4.43039562
v 317.02700348 89.83753304 4.43042875
v 316.77412167 94.60056713 4.43042798
v 323.78455926 80.19748568 -4.43039451
v 330.25673944 78.04491286 -4.43039462
v 330.08950999 77.35379756 -4.43039405
v 300.57957615 94.11875168 -4.43039632
v 306.5807826 87.71124948 4.43042771
v 319.10836163 85.04728254 4.43042907
v 319.10836163 85.04727959 -4.4303953
v 306.5807826 87.71124954 -4.43039573
v 303.53636745 77.35380201 4.43042848
v 307.01015032 82.11514715 -4.43039482
v 303.53636745 77.35380056 -4.43039405
v 307.01015032 82.1151486 4.43042862
v 323.78455926 80.19748712 4.43042986
v 330.25673944 78.0449143 4.43043021
v 330.08950999 77.353799 4.43043032
v 313.84333263 62.11744804 5.69008783
v 313.84333263 68.22572108 -5.69004297
v 313.84333263 68.22571693 5.69009145
v 313.84333263 62.11744619 -5.69004382
v 303.45555971 68.22571808 -5.69004343
v 303.45555971 62.11744919 -5.69004243
v 303.45555971 68.22571993 5.69009099
v 303.45555971 62.11744504 5.69008829
v 303.45555971 74.90142628 -5.69004036
v 313.84333263 74.90142813 5.69008944
v 313.84333263 74.90142928 -5.69004313
v 303.45555971 71.07749243 5.69009053
v 303.45555971 74.90142513 5.69009175
v 313.84333263 71.07749358 -5.69004251
v 313.84333263 71.07749212 3.76547086
v 313.84333263 71.07749089 -3.76542284
v 303.45555971 68.22571661 3.76547086
v 303.45555971 68.22571839 -3.76542283
v 313.84333263 68.22571839 -3.76542422
v 303.45555971 71.07749212 3.76547224
v 303.45555971 71.07749389 -3.7654233
v 313.84333263 68.22571661 3.76546855
v 303.45555971 71.07749058 -5.69004112
v 313.84333263 71.07749243 5.69008914
v 392.46949837 67.34815299 5.6900879
v 392.46949837 61.23987924 -5.6900446
v 392.46949837 61.2398841 5.69009074
v 392.46949837 67.34815113 -5.69004375
v 402.85727129 61.23987924 -5.69004321
v 402.85727129 67.34815113 -5.69004328
v 402.85727129 61.2398811 5.69009028
v 402.85727129 67.34815299 5.69008836
v 402.85727129 54.56417705 -5.69004028
v 392.46949837 54.5641759 5.69008814
v 392.46949837 54.56417405 -5.69004166
v 402.85727129 58.3881086 5.69009075
v 402.85727129 54.5641729 5.69008952
v 392.46949837 58.38810975 -5.69004136
v 392.46949837 58.38810829 3.76547108
v 392.46949837 58.38811006 -3.76542169
v 402.85727129 61.23988078 3.76546992
v 402.85727129 61.23987956 -3.76542377
v 392.46949837 58.3881086 5.69008936
v 392.46949837 61.23988256 -3.76542493
v 402.85727129 58.38810829 3.76547223
v 402.85727129 58.38810706 -3.76542239
v 392.46949837 61.23988379 3.76546969
v 402.85727129 58.38810975 -5.69003998
v -451.46839682 -15.57828892 10.6815534
v -460.58483639 70.22323873 10.43905543
v -458.38386548 -13.89316761 10.43906913
v -460.71736011 77.86583104 1.371E-05
v -458.26860447 -21.96570807 2.997E-05
v -458.26860447 -21.96570737 4.34097513
v -451.34770214 -24.0340103 4.29400175
v -453.7738095 72.53084835 10.68153904
v -460.71736011 77.86583185 4.94846171
v -451.34770214 -24.034011 3.031E-05
v -453.91263242 80.53621821 4.93032385
v -451.46839682 -15.5782924 -10.68149515
v -460.58483639 70.22323532 -10.43902514
v -453.7738095 72.53084487 -10.6815095
v -458.38386548 -13.89317101 -10.43901143
v -458.26860447 -21.96570878 -4.3409148
v -451.34770214 -24.0340117 -4.29394075
v -460.71736011 77.86583024 -4.94843391
v -453.91263242 80.5362166 -4.93029692
v -453.91263242 80.53621741 1.327E-05
v 59.50702416 71.1010037 -9.9903894
v 49.40867805 65.33303774 2.366E-05
v 49.40867204 71.10100069 -9.99038293
v 59.50703017 71.10100395 9.9904231
v 49.40867805 71.10100395 9.99042956
v 49.40867805 82.63693161 9.99042768
v 59.50702416 88.40489606 1.261E-05
v 49.40867204 88.40489306 1.898E-05
v 59.50702416 82.63693136 -9.99039035
v 59.50702416 85.12813763 1.384E-05
v 59.50702416 80.9985511 -7.15263412
v 49.40867204 82.63692985 -9.99038481
v 49.40867204 85.09671224 2.067E-05
v 49.40867805 80.98283998 7.12545731
v 49.40867204 72.75509232 -7.12541487
v -21.1139578 80.98283766 -7.12539589
v 49.40867204 80.98283916 -7.12541483
v 49.40867805 68.64122006 2.243E-05
v 49.40867805 72.75509464 7.12545911
v -21.1139578 80.98283848 7.12547624
v -21.1139578 85.09671074 3.91E-05
v -21.1139578 68.64122006 4.108E-05
v -21.1139578 72.75509164 7.12547804
v -21.1139578 72.75509232 -7.12539594
v 56.88265414 72.73938338 -7.15263416
v 59.50702416 72.73938338 -7.1526337
v 59.50703017 68.60979918 1.676E-05
v 59.50703017 65.33303774 1.776E-05
v 59.50703017 80.99855343 7.15266414
v 59.50703017 82.63693311 9.99042029
v 59.50703017 72.7393827 7.1526664
v 56.88264813 80.99855261 -7.15263412
v 56.88265414 78.648958 1.536E-05
v 56.88265414 77.7589637 -1.54150096
v 56.88265414 80.99855343 7.1526646
v 56.88265414 85.12813763 1.384E-05
v 56.88265414 72.73938571 7.1526664
v 56.88265414 68.60979617 1.676E-05
v 56.88265414 77.75896421 1.54153203
v 28.4141387 78.648955 2.324E-05
v 56.88265414 75.97897311 1.54153232
v 56.88265414 75.08897881 1.588E-05
v 56.88265414 75.9789726 -1.54150125
v 28.4141387 77.7589582 1.54153988
v 28.4141387 75.9789701 1.54154028
v 28.4141387 75.9789696 -1.54149329
v 28.4141387 77.7589607 -1.541493
v 28.4141387 75.0889728 2.382E-05
v 41.39322883 104.06116198 -7.09267232
v 57.77310801 108.15612392 2.094E-05
v 57.77310801 104.06115297 -7.09267324
v 41.39322883 104.0611643 7.09271559
v 57.77310801 104.06115528 7.09271467
v 41.39322883 95.87122621 7.09271785
v 57.77310801 95.8712187 7.09271646
v 57.773102 91.77624925 2.268E-05
v 41.39322883 95.8712224 -7.09267098
v 41.39322883 91.77625676 2.332E-05
v 57.773102 95.87121488 -7.09267098
v 82.12279122 94.34306689 2.229E-05
v 82.12279122 97.15462265 4.86977979
v 82.12279122 102.77772948 -4.8697361
v 237.58618469 97.15458049 -4.86972826
v 82.12279122 97.15461956 -4.86973565
v 82.12279122 105.58928524 2.138E-05
v 82.12279122 102.77773407 4.86977887
v 237.58618469 97.15458358 4.86978533
v 237.58618469 94.34302482 2.826E-05
v 237.58618469 105.58924917 2.551E-05
v 237.58618469 102.777692 4.86978395
v 237.58618469 102.77769342 -4.86973056
v 47.53492317 88.47775929 9.97456335
v 47.53492317 91.34243557 11.99747146
v 47.53492317 88.51822117 15.55533088
v 47.53492317 102.10427239 6.16248641
v 47.53492317 103.10466503 7.56970402
v 47.53492317 101.22962841 7.81134427
v 5.79495756 103.10467104 7.56970402
v -50.38376452 101.22964494 7.81134612
v 5.79495756 101.22963743 7.81134519
v 5.79496958 80.5654764 11.99747321
v 15.63989292 88.51822718 15.55533273
v 5.79496958 91.34244308 11.99747238
v -50.38376452 104.14519658 5.97185403
v 5.79495756 104.14518757 5.97185311
v 47.53492317 80.79028435 15.55533214
v 47.53492317 80.79028344 9.97456368
v -50.38376452 91.3424536 11.99747146
v -50.3837525 105.37320088 1.768E-05
v -50.38376452 102.10429042 6.16248641
v 35.75985866 91.34243707 11.99747053
v 38.53715869 88.51822417 15.55533088
v 15.63989292 80.79029336 15.55533398
v 38.53715869 80.79028735 15.55533214
v 35.75985866 103.10466804 7.56970541
v 35.75985866 104.14518156 5.97185265
v 35.75985866 101.22962991 7.81134612
v -50.38376452 80.61294054 7.16771769
v -50.38376452 91.34245131 7.16771594
v -50.3837525 80.79029985 1.96E-05
v -50.3837525 91.34245164 1.812E-05
v 35.75985265 108.03401973 1.662E-05
v -50.38376452 103.10468306 7.5697031
v 44.45099974 80.79028494 9.97456368
v 44.45099974 88.47775929 9.97456335
v -50.38376452 108.03403476 1.632E-05
v 5.79495756 108.03402274 1.624E-05
v 47.53492317 105.37318285 1.671E-05
v 47.53492317 104.14517855 5.97185219
v 44.45099373 105.37318285 1.753E-05
v 44.45099373 91.34243478 7.16771641
v 44.45099373 102.10427239 6.16248641
v 47.53492317 91.34243328 7.16771548
v 44.45099373 88.32653167 1.892E-05
v 44.45099373 80.79028482 1.957E-05
v 44.45099373 91.34243361 1.797E-05
v 47.53491716 88.47775454 -9.97452516
v 47.53491716 91.34243213 -9.08549953
v 47.53492317 91.34243094 -7.16767868
v 47.53491716 102.10427038 -6.16245496
v 47.53491716 103.10466256 -7.56966967
v 47.53491716 104.14517961 -5.9718191
v -50.38376452 101.22964239 -7.81131115
v 5.79495756 103.10466858 -7.56966921
v 5.79496958 101.22963338 -7.81131115
v 15.63989292 88.51822442 -10.61339138
v 5.79496958 80.56547297 -9.08549778
v 5.79496958 91.34243814 -9.08549953
v -50.38376452 104.14519464 -5.97181864
v 5.79496958 104.14518562 -5.9718191
v 47.53492317 80.79028159 -10.61338919
v 47.53492317 80.79028169 -9.97452483
v -50.3837525 80.56548198 -9.08549778
v -50.38376452 91.34244866 -9.08549953
v -50.38376452 102.10428541 -6.16245311
v 35.75985265 91.34243363 -9.08549953
v 38.53715869 88.51821991 -10.61339045
v 15.63989292 80.7902876 -10.61339012
v 35.75985265 103.10466557 -7.56967059
v 35.75985265 104.14517961 -5.97181864
v 35.75985265 101.22962737 -7.81131115
v -50.3837525 80.6129382 -7.16767694
v -50.38376452 91.34244897 -7.16767822
v -50.38376452 103.1046836 -7.56966967
v 44.45099373 80.79028169 -9.9745239
v 47.53492317 108.03401672 1.628E-05
v 44.45099373 91.34243244 -7.16767868
v 47.53491716 101.22962586 -7.81131115
v 44.45099373 102.10427038 -6.16245404
v 45.13704202 101.22962586 -7.81131023
v 45.13704202 91.34243213 -9.08549861
v 45.13704202 108.03401672 1.599E-05
v 45.13704202 103.10466256 -7.56966875
v 45.13704202 104.14517961 -5.97181864
v 45.70261201 88.5182184 -10.61339045
v 38.53715869 80.79028309 -10.61339012
v 45.13704202 101.22962841 7.81134519
v 45.13704803 91.34243557 11.99747238
v 45.13704202 104.14517855 5.97185311
v 45.13704202 103.10466503 7.56970402
v 43.08165006 88.5182253 22.5075077
v 45.70261201 88.51822117 15.55533088
v 47.53491716 88.5182169 -10.61339138
v 45.70261201 80.79028309 -10.61338919
v 45.70261201 88.51822428 43.91534826
v 45.70261802 83.03216263 43.91534546
v 45.70261201 80.79029014 41.88019388
v 45.70261802 80.79028698 22.50750711
v 45.70261201 80.79028585 15.55533029
v 45.70261201 88.5182238 22.50750585
v 43.08165006 80.79028849 22.50750895
v 43.08165006 80.79029014 41.88019388
v 45.70261201 92.67822835 26.04147764
v 45.70261201 92.67823219 40.38137696
v 43.08165006 83.03216413 43.91534546
v 43.08165006 92.67822835 26.04147949
v 43.08165006 88.51822579 43.91534457
v 43.08165006 92.67823219 40.38137696
v 382.46532778 60.57511541 -2.06300142
v 325.7362668 61.64590537 1.58E-05
v 382.46532778 61.76620035 1.566E-05
v 382.46532778 60.57511608 2.06303347
v 325.7362668 60.45482111 2.06303348
v 382.46532778 58.19294988 2.06303362
v 325.7362668 58.07265491 2.0630341
v 382.46532778 57.00186494 1.621E-05
v 325.7362668 56.88156997 1.652E-05
v 279.40863502 57.55238683 -2.06299469
v 325.7362668 58.07265423 -2.06300078
v 382.46532778 58.19294921 -2.0630008
v 325.7362668 60.45482044 -2.0630014
v 407.17917473 58.19295889 2.06303939
v 407.17917473 60.57512442 -2.06299541
v 410.43100682 57.47565714 -3.30540366
v 407.17917473 58.19295822 -2.0629948
v 407.17917473 60.5751281 2.06303947
v 407.17917473 61.76620936 2.162E-05
v 407.17917473 57.00187696 2.216E-05
v 415.20034613 55.56727521 2.251E-05
v 410.43100682 55.5672692 2.232E-05
v 410.43100682 57.47566123 3.30544895
v 410.43100682 61.29243819 3.30544856
v 410.43100682 63.20082614 2.131E-05
v 410.43100682 61.29243712 -3.30540474
v 415.20034613 61.29244313 -3.30540474
v 418.23536056 58.42337513 -1.66392081
v 415.20034613 57.47566315 -3.30540366
v 415.20034613 57.47566423 3.30544895
v 415.20034613 61.2924442 3.30544879
v 415.20034613 63.20083215 2.138E-05
v 418.23536056 58.42337568 1.66396557
v 418.23536056 57.46269863 2.225E-05
v 418.23536056 61.30541173 2.197E-05
v 418.23536056 60.34473223 1.66396549
v 418.23536056 60.34473168 -1.66392136
v 279.40863502 56.36130556 2.241E-05
v 222.82690811 56.0349464 2.06307553
v 222.82690811 54.84386146 5.815E-05
v 279.40863502 61.12563797 2.169E-05
v 279.40863502 59.9345567 2.06303957
v 279.40863502 57.5523875 2.06303996
v 279.40863502 59.93455603 -2.06299531
v 222.82690811 58.4171126 2.06307537
v 222.82690811 56.03494573 -2.06295912
v 222.82690811 59.60819687 5.754E-05
v 222.82690811 58.41711193 -2.06295974
v 12.06699374 60.40819466 -7.25237899
v 13.25385283 46.61359718 -12.08730553
v 13.25385283 46.61359797 -7.25237674
v 12.06699374 60.40819387 -12.08730778
v 45.36211235 53.44940014 -12.08730572
v 44.17525327 67.24399998 7.25240951
v 45.36211235 53.44940408 12.08734056
v 45.36211235 53.44940329 7.25241176
v 12.06699374 60.40819781 12.08733758
v 13.25385283 46.61360112 12.08733982
v 13.25385283 46.61360033 7.25241103
v 12.06699374 60.40819702 7.25240878
v 44.17525327 67.24400077 12.08733831
v 44.17525327 67.24399762 -7.25237825
v 44.17525327 67.24399683 -12.08730797
v 44.45886774 63.94763912 -2.41744846
v 12.3506022 57.11183615 -2.41744919
v 44.45886774 63.9476399 2.41748103
v 45.36211235 53.44940093 -7.25237601
v 13.25385283 46.61359875 -2.41744748
v 45.36211235 53.44940172 -2.41744721
v 13.25385283 46.61359954 2.41748223
v 45.36211235 53.4494025 2.41748227
v 12.3506022 57.11183694 2.41748052
v 30.31602962 110.69503543 1.399E-05
v 31.80180039 111.31471478 -2.32313266
v 31.80180039 109.75132646 -2.3231324
v 75.59820382 111.31471178 -2.32313266
v 75.59820382 109.7513242 -2.3231324
v 77.0839806 110.69503242 1.399E-05
v 75.59820382 111.31471253 2.32316064
v 75.59820382 109.75132496 2.32316089
v 31.80180039 109.75132721 2.32316089
v 30.31602962 112.25842375 1.374E-05
v 77.0839806 112.25842075 1.374E-05
v 31.80180039 111.31471554 2.32316064
v -42.26449864 110.69503918 1.399E-05
v -40.77872787 111.31471629 -2.32313266
v -40.77872787 109.75133021 -2.3231324
v 3.01766955 109.75132721 -2.3231324
v 4.50344031 110.69503618 1.399E-05
v 3.01766955 111.31471554 2.32316064
v 3.01766955 109.75132796 2.32316089
v -40.77872787 109.75133097 2.32316089
v -42.26449864 112.25842525 1.374E-05
v 4.50344031 112.25842375 1.374E-05
v 3.01766955 111.31471478 -2.32313266
v -40.77872787 111.31471704 2.32316064
v -114.4548008 110.69504369 1.399E-05
v -112.96903004 111.31472079 -2.32313266
v -112.96903004 109.75133472 -2.3231324
v -69.17260857 111.31471929 -2.32313266
v -69.17260857 109.75133172 -2.3231324
v -67.68686185 110.69504069 1.399E-05
v -69.17260857 111.31472005 2.32316064
v -69.17260857 109.75133247 2.32316089
v -112.96903004 109.75133548 2.32316089
v -67.68686185 112.25842676 1.374E-05
v -112.96903004 111.31472155 2.32316064
v -168.65171381 110.6950467 1.399E-05
v -167.16596708 111.3147238 -2.32313266
v -167.16596708 109.75133773 -2.3231324
v -141.36293477 109.75133622 -2.3231324
v -139.87713996 110.69504519 1.399E-05
v -141.36293477 111.31472305 2.32316064
v -141.36293477 109.75133698 2.32316089
v -167.16596708 109.75133848 2.32316089
v -168.65171381 112.25843427 1.374E-05
v -139.87713996 112.25843127 1.374E-05
v -141.36293477 111.3147223 -2.32313266
v -167.16596708 111.31472456 2.32316064
v 47.52691693 108.89754017 7.58371213
v -179.71268415 111.75227846 1.285E-05
v -186.49009926 108.89755295 7.58371213
v -196.39297768 96.96357834 11.04734394
v -199.9627513 93.00417488 1.59E-05
v -199.9627513 93.00417737 15.28999026
v -208.99946506 82.5774587 1.76E-05
v -208.99946506 82.57746119 15.28999196
v -194.54769544 99.10689026 1.491E-05
v -208.99946506 78.67600311 1.824E-05
v -208.99946506 78.6760056 15.28999259
v -186.49009926 108.91148299 1.331E-05
v 47.52691693 108.8975377 -7.58368567
v 47.52691693 111.75226494 1.285E-05
v 47.52691693 96.96356046 -11.04731405
v -186.49009926 108.89755047 -7.58368567
v 47.52691693 93.00415811 -15.28995908
v -196.39297768 96.96357474 -11.04731405
v -199.9627513 93.00417239 -15.28995908
v -208.99946506 82.57745621 -15.28995738
v -208.99946506 78.67600062 -15.28995674
v -5.96615013 83.63987295 -15.28995755
v -8.81394355 78.6759886 -15.28995674
v -8.81394355 78.67598892 -13.28891596
v 47.52691693 87.58431282 -13.28891741
v 47.52691693 87.58431249 -15.2899582
v -208.99946506 78.67600094 -13.28891596
v 42.29081739 83.89238842 -13.28891681
v 42.29081739 83.8923881 -15.28995759
v 47.52691693 93.00415844 -13.28891829
v -5.96615013 83.63987327 -13.28891677
v 47.52691693 96.96356077 -9.14716982
v -40.62105542 93.00416836 15.28999026
v -111.73503511 88.83777953 15.28999094
v -122.40098282 78.6760026 15.28999259
v -25.13811564 103.13910619 9.25500096
v -40.1927576 96.96356932 11.04734394
v -40.62105542 93.00416799 13.03861228
v -40.1927576 96.96356896 8.79596596
v -45.39808841 88.83777615 13.03861296
v -45.39808841 88.83777652 15.28999094
v 47.52691693 103.13910808 7.00361976
v 47.52691693 103.13910845 9.25499912
v -117.80511206 83.05465562 13.0386139
v -117.80511206 83.05465598 15.28999188
v -40.79498078 91.39646284 13.03861254
v -40.79498078 91.3964632 15.28999052
v -34.92365335 101.33254266 9.77932387
v -34.92365335 101.33254229 7.52794497
v -111.73503511 88.83777916 13.03861296
v -25.13811564 103.13910582 7.0036216
v -188.82566156 87.60717624 15.96898122
v -191.95367341 85.38343799 13.81084367
v -191.95367341 85.38343834 15.96898159
v -188.82566156 87.60717589 13.81084515
v -127.86251334 85.38343498 13.81084367
v -130.99050114 87.60717138 13.81084515
v -127.86251334 85.38343533 15.96898159
v -130.99050114 83.15969558 13.81084588
v -188.82566156 83.15969894 15.96898195
v -188.82566156 83.15969858 13.81084588
v -130.99050114 87.60717173 15.96898122
v -130.99050114 83.15969593 15.96898195
v -191.95367341 85.38343314 -15.96895808
v -188.82566156 87.60717139 -13.81082053
v -188.82566156 87.60717104 -15.96895844
v -16.28091719 85.38342297 -13.81081832
v -191.95367341 85.38343349 -13.81081832
v -16.28091719 85.38342262 -15.96895808
v -19.40889297 87.60716087 -13.81082053
v -19.40889297 87.60716052 -15.96895844
v -188.82566156 83.15969373 -15.96895772
v -19.40889297 83.15968507 -13.8108198
v -188.82566156 83.15969408 -13.8108198
v -19.40889297 83.15968472 -15.96895772
v 103.4150281 118.1525413 12.74627894
v 106.98086171 116.09379974 -11.1529031
v 103.4150281 118.1525359 -11.15290344
v 106.98086171 116.09380514 12.74627928
v 106.98086171 111.97632817 -11.15290243
v 106.98086171 111.97633357 12.74627995
v 103.4150281 109.91759314 -11.1529021
v 103.4150281 109.91759891 12.74628028
v 99.84919449 111.97632967 -11.15290243
v 99.84919449 111.97633507 12.74627995
v 99.84919449 116.09379974 -11.1529031
v 99.84919449 116.09380514 12.74627928
v 77.97160944 107.03243464 11.96031398
v 79.18100862 104.94330967 10.3898177
v 79.18100862 104.94330993 11.96031432
v 93.05613655 115.76489296 10.38981686
v 103.05391177 118.76337291 10.3898173
v 94.26553573 113.6757675 10.3898172
v 108.43017162 120.89973189 10.38981695
v 109.04590684 119.83610399 10.38981712
v 94.26553573 113.67576775 11.96031475
v 79.18100862 104.94331062 16.21217993
v 82.03273904 100.01720953 11.96031513
v 89.09826161 98.13281122 11.96031636
v 77.97160944 107.03243438 10.38981736
v 93.05613655 115.76489322 11.96031441
v 109.04590684 119.83610425 11.96031467
v 103.05391177 118.76337317 11.96031392
v 111.81671833 115.04977948 11.96031545
v 108.49620207 109.36231133 10.38981883
v 108.49620207 109.36231158 11.96031637
v 101.8445156 120.85249863 11.96031358
v 101.8445156 120.85249837 10.38981696
v 108.43017162 120.89973214 11.96031449
v 111.81671833 115.04977922 10.38981883
v 89.09826161 98.13281097 10.38981974
v 82.03273904 100.01721078 10.38981851
v 93.05613655 115.76489391 16.21217816
v 94.26553573 113.67576844 16.21217851
v 77.97160944 107.03243533 16.21217959
v 90.83920726 123.46185492 8.76003772
v 92.91993729 121.93709144 -8.76001529
v 90.83920726 123.46185206 -8.76001554
v 92.91993729 121.9370958 8.76003796
v 92.63982105 119.3727472 -8.76001487
v 92.63982105 119.37275156 8.76003838
v 90.27897477 118.33316357 -8.7600147
v 88.19824474 119.85792705 8.7600383
v 88.19824474 119.85792269 -8.76001495
v 88.47836098 122.42226693 -8.76001537
v -234.70332096 76.69307239 -3.94352222
v -228.77663506 68.41353143 -3.94352041
v -233.27378622 67.69876105 -3.94352075
v -230.2061698 77.40784277 -3.94352187
v -226.52805948 68.77091876 1.687E-05
v -230.2061698 77.40784405 3.94355213
v -228.77663506 68.41353271 3.9435536
v -234.70332096 76.69307368 3.94355132
v -233.27378622 67.69876234 3.94355279
v -236.95189654 76.33568635 1.519E-05
v -235.5223618 67.34137501 1.665E-05
v -231.07822494 73.73762675 -8.49672596
v -238.530256 74.93159384 -6.27234354
v -231.07822494 76.76637504 -8.49672646
v -210.39279139 75.04445022 -8.49672618
v -210.39279139 78.0732029 8.74E-06
v -210.39279139 75.04445299 8.49674381
v -210.39279139 75.0444516 9.23E-06
v -231.07822494 76.76637781 8.49674353
v -231.07822494 73.73762952 8.49674403
v -231.0782009 73.73762813 9.44E-06
v -231.0782009 76.76637642 8.95E-06
v -210.39279139 78.07320428 8.49674332
v -243.27245102 73.75545284 9.01E-06
v -238.530256 71.90284255 -6.27234304
v -243.27245102 70.72670155 9.94E-06
v -238.530256 74.93159589 6.27236214
v -238.530256 71.90284459 6.27236263
v -210.39279139 78.07320151 -8.49672667
v 5.20835015 57.35737271 14.92082668
v 8.06045925 55.71069689 -14.92080301
v 5.20835015 57.35736485 -14.92080328
v 8.06045925 52.41736884 14.92082748
v 8.06045925 52.41735797 -14.92080247
v 5.20835015 50.77069302 -14.9208022
v 2.35624105 52.41736884 14.92082748
v 2.35624105 52.41735797 -14.92080247
v 5.20835015 50.77069788 14.92082775
v 2.35624105 55.71069689 -14.92080301
v 2.35624105 55.71070175 14.92082695
v 56.14162005 76.0565102 14.92082548
v 58.99373516 74.40983899 13.4223783
v 56.14162005 76.05650995 13.42237804
v 58.99373516 71.11650633 14.92082721
v 58.99373516 71.11650308 13.42237976
v 56.14162005 69.46983837 14.92082748
v 56.14162005 69.46983812 13.42238003
v 53.28950495 71.11650308 13.42237976
v 53.28950495 71.11650633 14.92082721
v 53.28950495 74.40983899 13.4223783
v 58.99373516 74.40983462 -13.42235954
v 56.14162005 76.05650534 -14.9208054
v 56.14162005 76.05649957 -13.42235981
v 58.99373516 71.11649846 -14.92080367
v 58.99373516 74.40983437 -14.92080513
v 58.99373516 71.1164987 -13.42235808
v 56.14162005 69.4698305 -14.9208034
v 53.28950495 71.1164987 -13.42235808
v 56.14162005 69.46982774 -13.42235781
v 53.28950495 71.11649846 -14.92080367
v 53.28950495 74.40983437 -14.92080513
v 53.28950495 74.40983462 -13.42235954
v -62.58514333 52.38342161 -14.92079877
v -59.73303423 50.73676152 14.92083145
v -59.73303423 50.73675665 -14.92079851
v -59.73303423 47.44342074 -14.92079705
v -59.73303423 47.4434256 14.92083291
v -62.58514333 45.79674978 -14.92079678
v -62.58514333 45.79676065 14.92083318
v -65.43725243 47.44342074 -14.92079705
v -65.43725243 47.4434256 14.92083291
v -65.43725243 50.73676152 14.92083145
v -65.43725243 50.73675665 -14.92079851
v -78.19379071 59.40731298 14.92083188
v -75.34166959 57.76063715 -14.9207978
v -78.19379071 59.40730511 -14.92079807
v -75.34166959 57.76064502 14.92083215
v -75.34166959 54.46730424 -14.92079727
v -75.34166959 54.46730911 14.92083269
v -78.19379071 52.82063328 -14.920797
v -78.19379071 52.82063814 14.92083296
v -81.04588778 54.46730424 -14.92079727
v -81.04588778 54.46730911 14.92083269
v -81.04588778 57.76063715 -14.9207978
v -120.07691295 48.74142237 14.92083178
v -117.22481588 47.09474655 -14.92079699
v -120.07691295 48.74141751 -14.92079818
v -117.22481588 47.09475141 14.92083297
v -117.22481588 43.80141063 -14.92079645
v -117.22481588 43.80141549 14.9208335
v -120.07691295 42.15474568 -14.92079618
v -120.07691295 42.15475054 14.92083377
v -122.92903407 43.80141063 -14.92079645
v -122.92903407 43.80141549 14.9208335
v -122.92903407 47.09474655 -14.92079699
v -122.92903407 47.09475141 14.92083297
v 39.23516224 76.0565132 14.92082548
v 42.08727735 74.409842 13.4223783
v 39.23516224 76.05650995 13.42237804
v 42.08727735 71.11650933 14.92082721
v 42.08727735 71.11650608 13.42237976
v 39.23516224 69.46983837 14.92082748
v 39.23516224 69.46983812 13.42238003
v 36.38305314 71.11650608 13.42237976
v 36.38305314 71.11650933 14.92082721
v 36.38305314 74.409842 13.4223783
v 42.08727735 74.40983462 -13.42235954
v 39.23516224 76.05650534 -14.9208054
v 39.23516224 76.05650257 -13.42235981
v 42.08727735 71.11649846 -14.92080367
v 42.08727735 74.40983738 -14.92080513
v 42.08727735 71.1164987 -13.42235808
v 39.23516224 69.46983351 -14.9208034
v 36.38305314 71.1164987 -13.42235808
v 39.23516224 69.46983075 -13.42235781
v 36.38305314 71.11649846 -14.92080367
v 36.38305314 74.40983738 -14.92080513
v 36.38305314 74.40983462 -13.42235954
v -196.14298101 76.68087677 14.92083276
v -193.29088393 75.03419794 -14.92079785
v -196.14298101 76.6808659 -14.92079811
v -193.29088393 71.74086989 14.92083449
v -193.29088393 71.74086203 -14.92079639
v -196.14298101 70.09419407 -14.92079612
v -198.99510212 71.74086989 14.92083449
v -198.99510212 71.74086203 -14.92079639
v -196.14298101 70.09420194 14.92083476
v -198.99510212 75.03419794 -14.92079785
v -167.4231285 62.00875636 -14.92079849
v -164.57100738 60.36209326 14.92083081
v -164.57100738 60.3620854 -14.92079823
v -164.57100738 57.06875735 14.92083227
v -164.57100738 57.06874948 -14.92079677
v -167.4231285 55.42208152 -14.9207965
v -170.27522557 57.06875735 14.92083227
v -170.27522557 57.06875249 -14.92079677
v -167.4231285 55.42208939 14.92083253
v -170.27522557 60.3620854 -14.92079823
v -170.27522557 60.36209326 14.92083081
v -58.48121159 58.58274295 -18.0021202
v -62.4593636 60.87953629 -18.00212057
v -62.4593636 60.87954144 -4.82767627
v -58.48121159 53.98915325 -18.00211945
v -58.48121159 58.58274509 -4.82767682
v -58.48121159 53.9891614 -4.82767561
v -62.45937562 51.69236806 -4.82767478
v -66.43752763 53.98915325 -18.00211576
v -62.45937562 51.69236591 -18.00211908
v -66.43752763 53.9891614 -4.82767515
v -66.43752763 58.58274509 -4.82767636
v -66.43752763 58.58274295 -18.00211835
v -166.12477109 56.03939989 -19.00516402
v -169.13732958 57.77870763 -19.005168
v -169.13732958 57.77871309 -3.9242874
v -166.12477109 52.56077841 -19.0051653
v -166.12477109 56.03940235 -3.92428665
v -169.13732958 50.82146466 -19.00516687
v -166.12477109 52.56078087 -3.92428609
v -172.14991211 52.56077841 -19.0051653
v -169.13732958 50.82146712 -3.92428534
v -172.14991211 52.56078087 -3.92428609
v -172.14991211 56.0394029 -19.00516402
v -172.14991211 56.03940536 -3.92428619
v 47.53841538 95.76408648 12.2919175
v 47.53841538 82.2271122 10.28237744
v 47.53841538 82.22711253 12.2919197
v 51.82153184 82.2271107 10.28237744
v 67.0868906 90.79556606 10.28237605
v 67.0868906 82.24193156 10.28237744
v 67.0868906 80.03070557 14.29203553
v 51.82153184 80.03070565 14.80866748
v 51.82153184 80.03070557 14.29203553
v 49.8819118 86.84735705 14.80866637
v 49.8819118 95.76408648 12.2919175
v 49.8819118 80.03070565 14.80866748
v 49.8819118 80.03070557 14.29203553
v 49.8819118 82.2271122 10.28237744
v 51.82153184 95.76408616 10.28237524
v 51.82153184 80.03070491 10.2823778
v 49.8819118 80.03070524 12.29192006
v 49.8819118 80.03070491 10.2823778
v 67.0868906 90.79556639 12.29191831
v 47.53841538 95.76408616 10.28237524
v 49.8819118 95.76408616 10.28237524
v 67.0868906 80.03070491 10.2823778
v 51.82153184 80.03070524 12.29192006
v 67.0868906 82.24193189 12.2919197
v 47.53841538 82.22711286 14.29203517
v 47.53841538 80.03070524 12.29192006
v 47.53841538 80.03070557 14.29203553
v 67.0868906 80.03070524 12.29192006
v 67.0868906 80.03070565 14.80866748
v 51.82153184 82.22711144 14.80866712
v 67.0868906 82.24193221 14.29203517
v 47.53841538 80.03070491 10.2823778
v 49.8819118 84.42912069 14.80866676
v 47.53841538 86.84735705 14.80866637
v 47.53841538 82.22711294 14.80866712
v 51.82153184 95.76408648 12.2919175
v 47.53841538 80.03070565 14.80866748
v 47.67991307 82.22711294 14.80866712
v 49.8819118 84.44056013 12.29191934
v 51.82153184 82.23855087 12.2919197
v 51.82153184 82.23283203 14.29203517
v 49.8819118 84.43483978 14.29203481
v 67.0868906 82.2419323 14.80866712
v 47.53841538 82.22710883 -10.39466264
v 47.53841538 95.76408246 -12.40420618
v 47.53841538 82.22710851 -12.40420397
v 51.82153184 82.22710733 -10.39466264
v 67.0868906 90.79556269 -10.39466404
v 51.82153184 95.76408279 -10.39466484
v 51.82153184 80.03070057 -16.4044364
v 67.0868906 80.03070089 -14.40432001
v 51.82153184 80.03070089 -14.40432001
v 49.8819118 86.84735196 -16.40443752
v 49.8819118 95.76408246 -12.40420618
v 49.8819118 80.03070057 -16.4044364
v 49.8819118 80.03070089 -14.40432001
v 49.8819118 82.22710883 -10.39466264
v 49.8819118 95.76408279 -10.39466484
v 49.8819118 80.03070122 -12.40420362
v 51.82153184 80.03070154 -10.39466228
v 49.8819118 80.03070154 -10.39466228
v 67.0868906 90.79556237 -12.40420537
v 47.53841538 95.76408279 -10.39466484
v 51.82153184 80.03070122 -12.40420362
v 67.0868906 80.03070154 -10.39466228
v 67.0868906 82.24192787 -12.40420398
v 67.0868906 82.24192819 -10.39466264
v 46.06164863 80.03070122 -12.40420362
v -7.71050084 80.0307054 -14.40432001
v 46.06164863 80.03070089 -14.40432001
v 46.06164863 94.91345243 -12.40420604
v -7.71050084 82.22711119 -14.40432037
v -7.71050084 94.91345619 -12.40420604
v 67.0868906 80.03070122 -12.40420362
v 67.0868906 80.03070057 -16.4044364
v 51.82153184 82.22710635 -16.40443676
v 67.0868906 82.24192721 -16.40443676
v 67.0868906 82.24192754 -14.40432037
v 47.53841538 80.03070154 -10.39466228
v 47.53841538 80.03070122 -12.40420362
v 47.53841538 86.84735196 -16.40443752
v 49.8819118 84.4291156 -16.40443712
v 51.82153184 95.76408246 -12.40420618
v 47.53841538 80.03070057 -16.4044364
v 47.53841538 80.03070089 -14.40432001
v 47.67991307 82.22710785 -16.40443676
v 49.8819118 84.4405561 -12.40420434
v 51.82153184 82.23854685 -12.40420398
v 51.82153184 82.23282735 -14.40432037
v 49.8819118 84.4348351 -14.40432073
v 47.53841538 82.22710785 -16.40443676
v 47.53841538 82.22710818 -14.40432037
v -7.71050084 82.22711151 -12.40420397
v -7.71050084 80.03070573 -12.40420362
v 46.06164863 82.22710851 -12.40420397
v 46.06164863 82.22710818 -14.40432037
v 32.21033506 126.6462304 -1.20133075
v 32.21033506 124.84609466 -9.22554285
v 32.21033506 124.84609597 -1.20133045
v 34.72690332 126.64622909 -9.22554314
v 36.42330073 124.59395217 -9.2255428
v 34.72690332 126.64623079 1.2013565
v 36.42330073 124.59395518 9.22557015
v 36.42330073 124.59395387 1.20135684
v 34.72690332 126.6462321 9.22556982
v 32.21033506 124.84609767 9.22557011
v 40.83139148 119.0868248 1.54176009
v 32.21033506 119.08682605 9.22557105
v 32.21033506 119.0868248 1.54176009
v 32.21033506 126.64623079 1.2013565
v 40.83139148 123.67646522 9.2255703
v 40.83139148 119.08682605 9.22557105
v 40.83139148 123.67646397 1.54175934
v 32.21033506 123.67646222 -9.22554266
v 40.83139148 119.08682305 -9.22554191
v 32.21033506 119.08682305 -9.22554191
v 32.21033506 123.67646347 -1.54173262
v 32.21033506 119.0868243 -1.54173187
v 32.21033506 123.67646522 9.2255703
v 40.83139148 123.67646222 -9.22554266
v 32.21033506 123.67646397 1.54175934
v 32.21033506 124.84609636 1.2013568
v 40.83139148 123.67646347 -1.54173262
v 36.42330073 124.59395348 -1.20133041
v 40.83139148 119.0868243 -1.54173187
v 32.21033506 126.64622909 -9.22554314
v 34.72690332 126.6462304 -1.20133075
v 32.21033506 126.6462321 9.22556982
v 66.83469401 119.95445244 -11.5093283
v 66.834688 122.88558066 -14.18650521
v 66.834688 122.88558109 -11.50932878
v 61.75782369 122.88558484 11.50935484
v 64.29625885 124.3511496 14.18653103
v 64.29625885 124.35114917 11.5093546
v 64.29625885 124.35114498 -14.18650545
v 64.29625885 118.48888768 -14.18650449
v 61.75782369 122.88558528 14.18653127
v 61.75782369 119.95445663 14.18653174
v 64.29625885 118.48889187 11.50935555
v 61.75782369 119.95445619 11.50935532
v 66.83469401 119.95445619 11.50935532
v 64.29625885 118.4888923 14.18653198
v 64.29625885 124.35114542 -11.50932902
v 61.75782369 122.88558066 -14.18650521
v 61.75782369 122.88558109 -11.50932878
v 66.834688 122.88558528 14.18653127
v 66.834688 122.88558484 11.50935484
v 61.75782369 119.95445244 -11.5093283
v 64.29625885 118.48888812 -11.50932806
v 66.83469401 119.95445201 -14.18650473
v 66.83469401 119.95445663 14.18653174
v 61.75782369 119.95445201 -14.18650473
v 64.29625885 116.78450228 -3.61440151
v 68.31073347 119.10225963 -11.50932816
v 68.31073347 119.10225942 -3.6144012
v 68.31073347 123.73777669 -3.61440149
v 68.31073347 123.73777541 -11.50932892
v 64.29625885 126.05553383 -3.61440164
v 60.28178424 123.73777541 -11.50932892
v 60.28178424 123.73777519 -3.61440149
v 60.28178424 119.10225963 -11.50932816
v 60.28178424 119.10226092 -3.6144012
v 64.29625885 126.05553404 -11.5093293
v 60.28178424 119.1022621 3.61442895
v 64.29625885 116.78450399 11.50935583
v 60.28178424 119.10226188 11.50935545
v 60.28178424 123.73777765 11.5093547
v 64.29625885 126.055535 3.61442851
v 64.29625885 126.05553629 11.50935432
v 68.31073347 123.73777787 3.61442866
v 68.31073347 123.73777765 11.5093547
v 68.31073347 119.10226059 3.61442895
v 68.31073347 119.10226188 11.50935545
v 64.29625885 116.78450346 3.61442863
v 64.29625885 116.78450099 -11.50932779
v 97.36453097 122.10238479 5.58447411
v 97.3120937 119.0471681 -5.58444684
v 97.36453097 122.10238597 -5.58444687
v 87.47098415 122.32461626 -5.58444691
v 37.13583814 120.39885237 -5.58444706
v 37.18827541 123.45407174 -5.58444709
v 37.18827541 123.45407055 5.58447389
v 94.09897347 119.11934029 5.58447367
v 94.15141074 122.17455816 5.5844741
v 87.47098715 122.32461507 5.58447408
v 94.09897347 119.11934148 -5.58444685
v 87.41854988 119.26939689 -5.58444687
v 37.13583814 120.39885118 5.58447347
v 89.75006699 123.86892546 5.58447382
v 89.75006699 123.86892665 -5.5844467
v 89.64535774 119.21937892 -5.58444687
v 94.15141074 122.17455935 -5.58444689
v 91.8721656 119.16935826 5.58447367
v 91.8721656 119.16935945 -5.58444686
v 91.97687786 123.8189075 5.58447383
v 89.64535774 119.21937773 5.58447366
v 87.41854687 119.2693957 5.58447365
v 91.97687485 123.81890868 -5.58444669
v 79.18170586 123.71467312 5.77294266
v 70.58234202 118.93725285 8.28393948
v 79.18170586 123.71467353 8.28393962
v 87.44438684 112.20334798 5.77294454
v 79.18170586 112.20334798 5.77294454
v 87.44438684 123.71467353 8.28393962
v 90.33833936 126.03113195 5.77294228
v 87.44438684 123.71467312 5.77294266
v 79.18170586 112.20334839 8.2839415
v 87.44438684 112.20334839 8.2839415
v 70.58234202 107.42592654 5.77294485
v 61.02750066 115.68860602 5.77294351
v 70.58234202 118.93725244 5.77294298
v 70.58234202 107.42592695 8.28394136
v 51.47265328 113.77763785 8.28394032
v 61.02750066 115.68860643 8.28394001
v 61.02750066 104.17728053 8.28394188
v 61.02750066 104.17728012 5.77294538
v 51.47265328 102.26631155 5.77294569
v 51.47265328 102.26631195 8.2839422
v 51.47265328 113.77763744 5.77294382
v 94.69014299 109.94734359 8.28394094
v 100.71500151 120.795138 8.2839401
v 94.69014299 121.45866874 8.28393907
v 94.69014299 121.45866833 5.77294303
v 94.69014299 109.94734318 5.7729449
v 100.71500151 120.79513759 5.77294314
v 100.71500151 109.28381286 8.28394198
v 100.71500151 109.28381245 5.77294501
v 93.47357306 125.12045552 8.28393847
v 93.47357606 125.12045511 5.77294243
v 90.33833936 126.03113236 8.28393925
v 110.49330235 114.33080869 1.44E-05
v 110.49330235 99.21577074 10.33249327
v 110.49330235 99.21576905 1.687E-05
v 47.49458542 114.33081413 10.33249081
v 43.38915101 99.21577524 10.33249327
v 47.49458542 99.21577374 10.33249327
v 110.49330235 84.10072716 1.933E-05
v 105.99088582 84.10073185 10.33249574
v 105.99088582 84.10073017 1.933E-05
v 43.38915101 114.33081245 1.44E-05
v 47.49458542 114.33081245 1.44E-05
v 97.64165389 121.25807259 1.327E-05
v 105.99088582 121.25807427 10.33248968
v 105.99088582 121.25807259 1.327E-05
v 97.64165389 84.10073017 1.933E-05
v 90.51316933 84.10073185 10.33249574
v 90.51316933 84.10073017 1.933E-05
v 97.64165389 102.67940156 10.33249271
v 105.99088582 102.67940156 10.33249271
v 110.49330235 114.33081037 10.33249081
v 97.64165389 84.10073185 10.33249574
v 47.49458542 84.10073317 1.933E-05
v 79.40349436 84.10073185 10.33249574
v 47.49458542 84.10073486 10.33249574
v 79.40350037 114.33081094 1.44E-05
v 90.95906045 115.32610873 10.33248973
v 90.95906045 115.32610704 1.424E-05
v 90.7361179 99.71342142 10.33249319
v 79.40350037 114.33081263 10.33249081
v 79.40350037 99.21577224 10.33249327
v 97.64165389 121.25807427 10.33248968
v 79.40350037 84.10073017 1.933E-05
v 110.49330235 84.10072884 10.33249574
v 47.49458542 99.21577206 1.687E-05
v 43.38915101 114.33081413 10.33249081
v 43.38915101 99.21577356 1.687E-05
v 70.58234202 118.93725015 -8.28391213
v 79.18170586 123.71467124 -5.77291687
v 79.18170586 123.71467083 -8.28391384
v 87.44438684 112.2033461 -5.772915
v 79.18170586 112.2033461 -5.772915
v 90.33833936 126.03113007 -5.77291725
v 87.44438684 123.71467083 -8.28391384
v 87.44438684 123.71467124 -5.77291687
v 79.18170586 112.20334569 -8.28391196
v 87.44438684 112.20334569 -8.28391196
v 61.02750066 115.68860414 -5.7729151
v 70.58234202 107.42592466 -5.77291376
v 70.58234202 118.93725056 -5.77291563
v 51.47265328 113.77763515 -8.28391129
v 61.02750066 115.68860373 -8.28391161
v 70.58234202 107.42592425 -8.28391026
v 61.02750066 104.17727824 -5.77291323
v 51.47265328 102.26630966 -5.77291292
v 51.47265328 102.26630925 -8.28390942
v 61.02750066 104.17727783 -8.28390973
v 51.47265328 113.77763556 -5.77291479
v 100.71500151 120.7951353 -8.28391336
v 94.69014299 109.94734089 -8.28391067
v 94.69014299 121.45866604 -8.28391255
v 94.69014299 121.45866645 -5.7729165
v 100.71500151 109.28381016 -8.28391149
v 100.71500151 120.79513571 -5.7729164
v 100.71500151 109.28381057 -5.77291452
v 94.69014299 109.9473413 -5.77291463
v 93.47357606 125.12045323 -5.7729171
v 90.33833936 126.03112966 -8.28391421
v 93.47357306 125.12045282 -8.28391314
v 110.49330235 99.21576737 -10.3324595
v 43.38915101 99.21577188 -10.3324595
v 47.49458542 114.33081076 -10.33246197
v 47.49458542 99.21577037 -10.3324595
v 105.99088582 84.10072848 -10.33245704
v 105.99088582 121.2580709 -10.33246309
v 90.51316933 84.10072848 -10.33245704
v 97.64165389 102.67939819 -10.33246007
v 105.99088582 102.67939819 -10.33246007
v 110.49330235 114.33080701 -10.33246197
v 97.64165389 84.10072848 -10.33245704
v 79.40349436 84.10072848 -10.33245704
v 90.95906045 115.32610536 -10.3324612
v 90.7361179 99.71341805 -10.33245958
v 79.40350037 114.33080926 -10.33246197
v 97.64165389 121.2580709 -10.33246309
v 79.40350037 99.21576887 -10.3324595
v 110.49330235 84.10072548 -10.33245704
v 47.49458542 84.10073149 -10.33245704
v 43.38915101 114.33081076 -10.33246197
v -202.89067926 96.45868533 5.20799409
v -208.14585072 92.72494136 -5.20796713
v -208.14585072 92.72494305 5.2079947
v -202.89067926 96.45868363 -5.20796773
v -194.78619968 92.7249406 -5.20796713
v -194.78619968 96.45868288 -5.20796773
v -194.78619968 92.7249423 5.2079947
v -194.78619968 88.99119908 -5.20796652
v -208.14585072 88.99120078 5.20799531
v -208.14585072 88.99119908 -5.20796652
v -194.78619968 96.45868457 5.20799409
v -194.78619968 88.99120078 5.20799531
v -124.65309268 40.87472999 4.12241587
v -131.02298292 34.71990229 4.12241688
v -124.65309268 34.71990229 4.12241688
v -124.65309268 40.87472865 -4.1223908
v -113.1364879 34.85366888 -4.12238981
v -124.65309268 34.71990095 -4.12238979
v -107.06917586 41.10404253 -4.12239083
v -113.1364879 34.85367023 4.12241685
v -115.5092684 28.47589396 4.12241743
v -119.49423654 20.05954966 4.12241973
v -115.13937046 21.53396623 4.12241949
v -107.06917586 41.10404387 4.12241584
v -120.63179593 29.47150487 4.12241773
v -115.5092684 28.47589262 -4.12238924
v -120.63179593 29.47150353 -4.12238848
v -133.5550227 40.31736459 4.12241596
v -131.02298292 34.71990095 -4.12238979
v -133.5550227 40.31736325 -4.1223907
v -115.13934642 21.53396489 -4.12238857
v -110.56999483 13.85968385 4.1224212
v -110.56999483 13.85968251 -4.12238778
v -119.49423654 20.05954832 -4.1223874
v -112.54828164 11.13126743 -4.12238641
v -103.90639817 8.47118323 4.122423
v -112.54828164 11.13126877 4.12242164
v -103.90639817 8.47118189 -4.12238598
v -102.80456633 10.25090686 4.12242225
v -102.80454228 10.25090551 -4.12238765
v -188.9825406 5.8906966 1.779E-05
v -205.58046362 -43.41886221 5.94680354
v -188.9825406 5.89069757 5.94679827
v -188.71797402 36.47593912 12.33894289
v -143.55616391 16.65888217 12.33894612
v -135.65741827 38.53984823 12.33894256
v -188.3561304 17.75863832 1.585E-05
v -188.3561304 17.75863929 5.94679311
v -146.29499552 8.00775314 5.47940128
v -152.56982066 -7.42549714 1.996E-05
v -146.29499552 8.00775225 1.744E-05
v -135.65741827 38.53984622 1.247E-05
v -135.64328113 21.94105366 12.33894526
v -135.64328113 15.03594631 5.47940152
v -135.64328113 15.03594542 1.63E-05
v -208.36550543 -53.61048319 2.748E-05
v -205.51850542 -64.14705581 5.94680691
v -208.36550543 -53.61048222 5.9468052
v -205.58046362 -43.41886318 2.582E-05
v -152.56982066 -7.42549625 5.47940518
v -165.56236272 -51.52729779 2.714E-05
v -162.73904484 -60.11652672 5.47941284
v -167.50338325 -71.05370175 3.032E-05
v -162.73904484 -60.11652761 2.854E-05
v -165.56236272 -51.5272969 5.47941144
v -174.8652299 -69.71618869 12.33895835
v -197.30768468 -65.63881219 12.33895768
v -170.21891742 -59.04994044 12.33895661
v -181.37091367 3.1071114 12.33894925
v -173.20034053 -49.97969905 12.33895513
v -159.88182665 -4.75148282 12.33894961
v -200.24486911 -54.76842884 12.33895591
v -153.97069642 9.78718937 12.33894539
v -196.18125709 36.18563274 1.285E-05
v -196.18125709 36.18563371 5.94679195
v -180.69136895 15.98174173 12.33894438
v -167.50338325 -71.05370086 5.47941462
v -196.19169165 27.45443641 1.427E-05
v -196.19169165 27.45443738 5.94679291
v -188.72537919 25.92309459 12.33894461
v -197.58602778 -45.03868237 12.33895433
v -205.58046362 -43.41886415 -5.94675192
v -188.9825406 5.89069563 -5.94676272
v -135.65741827 38.53984421 -12.33891672
v -143.55616391 16.65887815 -12.33891315
v -188.71797402 36.4759351 -12.33891638
v -188.3561304 17.75863735 -5.94676142
v -146.29499552 8.00775136 -5.47936642
v -135.64328113 21.94104964 -12.33891401
v -135.64328113 15.03594453 -5.47936895
v -205.51850542 -64.14705775 -5.94674854
v -208.36550543 -53.61048416 -5.94675026
v -152.56982066 -7.42549804 -5.47936529
v -162.73904484 -60.1165285 -5.47935578
v -165.56236272 -51.52729869 -5.47935718
v -174.8652299 -69.71619271 -12.33889723
v -167.50338325 -71.05370264 -5.479354
v -170.21891742 -59.04994446 -12.33889897
v -197.30768468 -65.63881621 -12.3388979
v -200.24486911 -54.76843286 -12.33889967
v -173.20034053 -49.97970307 -12.33890045
v -181.37091367 3.10710738 -12.33891187
v -159.88182665 -4.75148684 -12.33890967
v -197.58602778 -45.03868639 -12.33890125
v -153.97069642 9.78718535 -12.33891019
v -180.69136895 15.98173771 -12.3389112
v -196.18125709 36.18563177 -5.94676627
v -188.72537919 25.92309057 -12.33891466
v -196.19169165 27.45443544 -5.94676439
v -77.21005692 52.72209129 5.27088957
v -77.21005692 35.75500792 -5.27086189
v -77.21005692 35.75500964 5.27089233
v -57.73526076 52.72208356 -5.27086466
v -57.73526076 35.75500191 -5.27086189
v -57.73526076 35.75500363 5.27089233
v -57.73526076 52.72208528 5.27088957
v -77.21005692 52.72208957 -5.27086466
v -64.1876297 20.78622203 -9.26214981
v -61.61950173 19.30351372 9.26217983
v -61.61950173 19.30351071 -9.26214957
v -61.61950173 16.33808806 -9.26214909
v -61.61950173 16.33809107 9.26218031
v -64.1876297 14.85537072 -9.26214885
v -64.1876297 14.85537975 9.26218056
v -66.75575767 16.33808806 -9.26214909
v -66.75575767 16.33809107 9.26218031
v -66.75575767 19.30351071 -9.26214957
v -66.75575767 19.30351372 9.26217983
v -66.91619505 11.72551002 5.71197998
v -65.35746651 30.3935313 -5.71194891
v -66.91619505 11.72550816 -5.71195003
v -58.23988234 30.60217442 -5.71194895
v -60.58680485 8.92040868 -5.71194957
v -60.58680485 8.92041054 5.71197998
v -58.23988234 30.60217628 5.7119806
v -62.36778471 -9.90422303 -5.71194881
v -64.91839753 -9.90422117 5.71198074
v -64.91839753 -9.90422303 -5.71194881
v -64.65922854 7.1827317 5.71198026
v -60.72128806 4.25390214 5.71197982
v -60.72128806 4.25390028 -5.71194973
v -64.65922854 7.18272984 -5.71194929
v -62.36778471 -9.90422117 5.71198074
v -73.29337024 36.57688066 1.295E-05
v -57.74511829 36.57688148 5.06098779
v -57.74511829 36.57688066 1.295E-05
v -73.29337024 16.19872706 8.5200304
v -59.85775608 11.40068671 8.52003118
v -57.74511829 16.19872706 8.5200304
v -57.74511829 31.45634374 6.55387031
v -57.74511829 33.68813178 8.52002755
v -57.74511829 31.45634406 8.52002792
v -73.29337024 33.68813178 8.52002755
v -77.24645767 31.45634406 8.52002792
v -73.29337024 31.45634406 8.52002792
v -77.24645767 16.19872674 6.55387279
v -77.24645767 11.72266742 8.52003113
v -77.24645767 16.19872706 8.5200304
v -77.24645767 36.57688148 5.06098779
v -73.29337024 36.57688148 5.06098779
v -68.76150133 8.85446738 6.55387399
v -75.52648632 8.8544677 8.5200316
v -75.52648632 8.85446738 6.55387399
v -77.24645767 11.7226671 6.55387352
v -77.24645767 8.8544677 8.5200316
v -59.85775608 11.40068639 6.55387357
v -73.72161998 11.65739732 8.52003114
v -57.74511829 16.19872674 6.55387279
v -57.74511829 31.45634267 1.378E-05
v -75.52648632 8.85446631 1.746E-05
v -77.24645767 8.85446738 6.55387399
v -77.24645767 8.85446631 1.746E-05
v -77.24645767 16.19872568 1.627E-05
v -73.45075418 31.45634267 1.378E-05
v -77.24645767 33.68813178 8.52002755
v -77.24645767 31.45634374 6.55387031
v -77.24645767 11.72266603 1.699E-05
v -73.45075418 31.45634374 6.55387031
v -77.24645767 36.57688066 1.295E-05
v -77.24645767 31.45634267 1.378E-05
v -68.76150133 8.8544677 8.5200316
v -57.74511829 36.57687983 -5.06096223
v -59.85775608 11.40068393 -8.5199965
v -73.29337024 16.19872429 -8.51999728
v -57.74511829 16.19872429 -8.51999728
v -57.74511829 31.4563416 -6.55384308
v -57.74511829 33.688129 -8.52000013
v -77.24645767 31.45634128 -8.51999977
v -73.29337024 33.688129 -8.52000013
v -73.29337024 31.45634128 -8.51999977
v -77.24645767 11.72266464 -8.51999655
v -77.24645767 16.19872461 -6.5538406
v -77.24645767 16.19872429 -8.51999728
v -77.24645767 36.57687983 -5.06096223
v -73.29337024 36.57687983 -5.06096223
v -75.52648632 8.85446492 -8.51999609
v -68.76150133 8.85446525 -6.5538394
v -75.52648632 8.85446525 -6.5538394
v -77.24645767 8.85446492 -8.51999609
v -77.24645767 11.72266496 -6.55383987
v -59.85775608 11.40068425 -6.55383982
v -73.72161998 11.65739455 -8.51999654
v -57.74511829 16.19872461 -6.5538406
v -77.24645767 8.85446525 -6.5538394
v -77.24645767 31.4563416 -6.55384308
v -77.24645767 33.688129 -8.52000013
v -73.45075418 31.4563416 -6.55384308
v -68.76150133 8.85446492 -8.51999609
v -57.74511829 31.45634128 -8.51999977
v 206.87676932 76.05036551 22.542247
v 128.1149017 84.74119317 17.21392906
v 122.6935241 76.05036851 22.542247
v 206.87676932 66.55276696 22.54224854
v 122.6935241 66.55277297 22.54224854
v 128.1149017 59.4298865 17.21393318
v 118.80065929 66.55277219 17.75384097
v 118.80065929 76.05036773 17.75383942
v 210.76964164 76.05036473 17.75383942
v 201.45540825 84.74118866 17.21392906
v 210.76964164 66.55276618 17.75384097
v 201.45540825 59.4298835 17.21393318
v 118.80065929 66.55277164 14.37283032
v 118.80065929 76.05036718 14.37282878
v 210.76964164 76.05036418 14.37282878
v 201.45540825 84.74118811 13.83292026
v 201.45540825 59.42988295 13.83292439
v 128.1149017 59.42988595 13.83292439
v 210.76964164 66.55276563 14.37283032
v 128.1149017 84.74119262 13.83292026
v -211.34166317 35.5666818 2.094E-05
v -230.52524134 34.21279947 11.31130146
v -230.52524134 34.21279762 2.116E-05
v -231.07817685 78.34965401 8.4967442
v -231.58749879 78.3137106 11.70028411
v -212.40392063 79.66758876 11.70028389
v -212.40392063 77.2256397 8.49674438
v -212.40392063 77.18788438 13.63261794
v -259.91434826 35.3859303 12.3289899
v -280.48101054 58.45974804 11.92440997
v -279.40211549 30.76172508 11.92441541
v -260.97660572 70.71877044 1.521E-05
v -280.48682889 66.4534977 5.9959586
v -260.97660572 70.71877148 6.40053316
v -280.48682889 66.45349672 1.591E-05
v -295.43599524 67.54412562 5.99595935
v -295.47547346 59.55367583 11.92440979
v -294.5521351 25.72268605 11.9244153
v -316.3629624 19.00969954 11.92441732
v -430.93621186 74.71037031 11.92440548
v -428.05935073 -15.31939622 11.92442014
v -306.17955299 22.13187501 11.92441681
v -309.64608698 75.95891818 1.436E-05
v -309.64608698 75.95891916 5.99595982
v -319.64085685 78.14613062 1.4E-05
v -431.1354783 82.96150979 5.99595637
v -319.64085685 78.14613159 5.99596085
v -309.21668319 67.69082051 11.92440939
v -431.1354783 82.96150881 1.366E-05
v -454.11483208 82.57883913 5.99595644
v -453.97172954 74.32676498 11.92440554
v -451.59524645 -16.497648 11.92442034
v -451.51027931 -23.60035094 4.29400122
v -451.47084918 -25.2139449 5.34002496
v -316.0542533 10.33577201 5.34002148
v -427.88609857 -24.03324163 3.11E-05
v -316.0542533 10.33577114 2.505E-05
v -305.81424722 13.47531236 5.34002005
v -305.81424722 13.47531149 2.454E-05
v -427.88609857 -24.03324076 5.34002477
v -451.47084918 -25.21394577 3.129E-05
v -294.58690094 16.94256162 5.34001856
v -294.58690094 16.94256075 2.398E-05
v -279.39706651 21.9948422 5.34001727
v -279.39706651 21.99484133 2.315E-05
v -238.53023196 76.51952136 6.27236234
v -231.58749879 72.91537594 8.34471873
v -238.53023196 71.12118725 6.27236322
v -242.59720996 75.49003617 1.444E-05
v -242.59720996 70.09169906 1.532E-05
v -231.58749879 78.31371305 8.34471785
v -231.07817685 72.9513199 8.49674508
v -212.40392063 74.26925413 8.49674486
v -230.52524134 37.19168644 13.63262446
v -231.58749879 75.83400622 13.63261816
v -260.97660572 62.72375657 12.32898545
v -319.28021537 69.89308071 11.92440903
v -259.91434826 26.6178573 5.74459269
v -259.91434826 26.61785637 2.24E-05
v -211.34166317 35.56668364 11.31130124
v -211.34166317 38.5455586 13.63262424
v -453.93638667 72.96449869 10.68153712
v -451.630974 -15.14462956 10.68155148
v -454.11483208 82.57883815 1.373E-05
v -454.07525769 80.96986705 4.93032378
v -451.51027931 -23.60035164 3.103E-05
v 126.1913242 100.30652722 15.4932782
v 123.55799825 90.82954535 15.49327974
v 126.1913242 90.82954385 15.49327974
v 222.19028574 99.38206745 12.93648278
v 222.19028574 109.31723792 10.48969588
v 222.19028574 98.74125605 15.49327845
v 126.1913242 112.31166816 10.48969539
v 123.55799825 100.30652722 15.4932782
v 222.19028574 90.82953141 12.93648417
v 218.5693972 90.82953333 15.49327974
v 218.5693972 90.82953291 12.93648417
v 123.55799825 112.98436041 8.7586219
v 126.1913242 112.98436041 8.7586219
v 218.5693972 110.16386154 8.75862236
v 168.08526418 112.31166215 10.48969539
v 218.5693972 109.49116629 10.48969585
v 130.73169974 90.82954343 12.93648417
v 126.1913242 90.82954343 12.93648417
v 168.08526118 100.30652422 15.4932782
v 218.56940922 98.83217376 15.49327844
v 205.1958314 93.81676878 15.49327925
v 222.19028574 90.82953182 15.49327974
v 123.55799825 90.82954282 1.194E-05
v 222.19028574 90.8295293 1.194E-05
v 123.55799825 112.31166816 10.48969539
v 160.38541833 93.81676836 12.93648461
v 133.53516131 93.81677287 12.93648184
v 126.1913242 97.40332082 12.9364831
v 218.5693972 113.56744112 8.23E-06
v 168.08526418 112.9843544 8.7586219
v 123.55799825 116.387943 7.77E-06
v 126.1913242 116.387943 7.77E-06
v 218.5693972 90.8295308 1.194E-05
v 222.19028574 102.62434044 1.002E-05
v 222.19028574 109.98993017 8.75862238
v 205.1958314 93.81676836 12.93648461
v 178.34557438 93.81677287 12.93648461
v 168.08525817 97.40331481 12.9364831
v 222.19028574 113.39351275 8.26E-06
v 175.54211281 90.82953742 12.93648417
v 168.08525817 90.82954084 15.49327974
v 168.08525817 90.82954042 12.93648417
v 168.08526118 116.38793398 7.77E-06
v 126.1913242 90.82954132 1.194E-05
v 123.55799825 90.82954493 12.93648417
v 160.38541232 93.81677028 15.49327925
v 168.08526118 97.4033127 1.087E-05
v 126.1913242 97.40331872 1.087E-05
v 218.5693972 97.4033088 12.9364831
v 218.5693972 97.40330669 1.087E-05
v 163.18887689 90.87349252 15.49328435
v 163.18887689 90.8734921 12.93648971
v 207.99928395 90.82953441 12.93648417
v 207.99928395 90.82953483 15.49327974
v 175.54211281 90.87349661 12.93648509
v 175.54211281 90.82953784 15.49327974
v 163.18887689 90.82954084 15.49327974
v 178.34557438 93.81677328 15.49327925
v 175.54211281 90.87349703 15.49327973
v 163.18887689 90.82954042 12.9364851
v 130.73169824 90.87349661 12.93648509
v 133.53516131 93.81677328 15.49327741
v 130.73169824 90.87349703 15.49327789
v 207.99928395 90.87349102 15.49327973
v 207.99928395 90.8734906 12.93648232
v 117.60349187 59.82679656 17.64343192
v 103.38685899 88.09975117 17.64342731
v 104.20128362 57.78516608 17.64343225
v 67.02574985 50.34030591 1.853E-05
v 71.01205836 42.6792553 13.74363397
v 67.02574985 50.34030832 14.81545428
v 222.26187307 50.3402835 10.03626941
v 222.26187307 60.34531151 15.49292363
v 222.26187307 59.82678454 17.64343192
v 71.96265521 48.03368194 17.64343384
v 69.13012293 50.83566187 17.64343338
v 207.99927193 88.09973809 11.17986988
v 219.98701875 88.09973163 17.64342731
v 219.98701875 88.09973058 11.17986988
v 86.65879249 41.32693166 2E-05
v 71.01205836 42.67925306 1.978E-05
v 222.26187307 50.34028186 1.853E-05
v 219.98701875 50.3402835 10.03626941
v 219.98701875 50.34028186 1.853E-05
v 175.54210981 87.93021361 17.64342734
v 163.18887389 87.93021511 17.64342734
v 160.38540932 84.98693735 17.64342782
v 75.45537176 88.09975139 9.81331436
v 89.17023363 88.09975267 17.64342731
v 89.17023363 88.09975139 9.81331436
v 87.18254309 46.71825417 17.64343405
v 104.45511512 48.33733482 10.03626973
v 86.65879249 41.3269339 13.74363419
v 103.38685899 88.09974989 9.81331436
v 75.45537176 88.09975267 17.64342731
v 117.60349187 88.09974515 17.64342731
v 117.60349187 88.0997433 6.28358431
v 117.60349187 50.34029388 1.853E-05
v 104.45511512 48.33733318 1.886E-05
v 67.02574985 88.09975369 14.709599
v 67.02574985 88.0997513 1.238E-05
v 219.98701875 59.82678454 17.64343192
v 117.60349187 50.34029552 10.03626941
v 69.13012293 88.09975417 17.64342731
v 222.26187307 86.66733545 15.49291934
v 222.26187307 88.09973163 17.64342731
v 222.26187307 51.51340789 8.41068018
v 222.26187307 88.09973115 14.709599
v 222.26187307 86.66733503 12.91668841
v 222.26187307 88.09972876 1.238E-05
v 222.26187307 86.66733293 1.262E-05
v 75.45537176 58.78154649 1.716E-05
v 75.45537176 88.09974979 1.238E-05
v 219.98701875 88.09972876 1.238E-05
v 219.98701875 58.78153028 11.17987466
v 103.38685899 58.78154809 9.81331914
v 160.38540932 84.9869363 11.17987131
v 163.18887389 87.93021406 11.17986991
v 175.54210981 87.93021856 11.17987083
v 103.38685899 58.78154649 1.716E-05
v 117.60349187 58.7815415 6.28358909
v 117.60349187 58.78154048 1.716E-05
v 89.17023363 58.78154649 1.716E-05
v 89.17023363 58.78154809 9.81331914
v 219.98701875 58.78152846 1.716E-05
v 75.45537176 58.78154809 9.81331914
v 175.5421038 88.09974065 17.64342731
v 163.18886788 88.0997411 11.17986988
v 205.1958314 84.9869393 11.17987131
v 207.99928395 87.93021811 17.64342734
v 207.99928395 87.93021706 11.17986991
v 178.34557438 84.98693585 17.64342782
v 178.34557438 84.9869408 11.17987131
v 175.5421038 88.09973959 11.17986988
v 163.18886788 88.09974215 17.64342731
v 130.73169523 88.0997426 11.17986988
v 130.73169523 88.09974365 17.64342731
v 130.73169523 87.93022157 11.17987083
v 130.73169824 87.93021661 17.64342734
v 133.53516262 84.9869378 11.17987131
v 133.53516262 84.98693885 17.64342782
v 206.87676932 76.05035816 -22.54221676
v 122.6935241 76.05036117 -22.54221676
v 201.45540825 84.74118305 -17.21390165
v 128.1149017 59.42988089 -17.21389753
v 122.6935241 66.55276563 -22.54221521
v 206.87676932 66.55275962 -22.54221521
v 118.80065929 66.55276641 -17.75380764
v 118.80065929 76.05036195 -17.75380918
v 128.1149017 84.74118756 -17.21390165
v 210.76964164 76.05035894 -17.75380918
v 210.76964164 66.5527604 -17.75380764
v 201.45540825 59.42987789 -17.21389753
v 118.80065929 66.55276696 -14.37279884
v 118.80065929 76.0503625 -14.37280039
v 210.76964164 76.05035949 -14.37280039
v 201.45540825 59.42987844 -13.83289058
v 210.76964164 66.55276095 -14.37279884
v 128.1149017 84.74118811 -13.8328947
v -230.52524134 34.21279578 -11.31125944
v -212.40392063 79.66758495 -11.70025668
v -231.58749879 78.31370678 -11.70025646
v -231.07817685 78.34965124 -8.49671656
v -212.40392063 77.22563694 -8.49671637
v -212.40392063 77.22563832 1.415E-05
v -211.34166317 38.54555416 -13.63258363
v -259.91434826 35.38592628 -12.32894826
v -280.48101054 58.45974415 -11.92437585
v -260.97660572 62.72375256 -12.32895272
v -280.48682889 66.45349575 -5.99592708
v -260.97660572 70.7187694 -6.40050303
v -295.43599524 67.54412366 -5.99592818
v -279.40211549 30.76172119 -11.92437226
v -295.47547346 59.55367194 -11.92437603
v -316.3629624 19.00969566 -11.92437034
v -430.93621186 74.71036642 -11.92437665
v -319.28021537 69.89307682 -11.92437863
v -306.17955299 22.13187113 -11.92437085
v -294.5521351 25.72268217 -11.92437051
v -295.43599524 67.54412464 1.573E-05
v -431.1354783 82.96150784 -5.99592931
v -319.64085685 78.14612964 -5.99593314
v -309.64608698 75.95891721 -5.9959314
v -309.21668319 67.69081663 -11.92437828
v -454.11483208 82.57883717 -5.99592925
v -428.05935073 -15.31940011 -11.92436198
v -453.97172954 74.3267611 -11.92437659
v -451.51027931 -23.60035234 -4.29393943
v -451.59524645 -16.49765189 -11.92436179
v -451.47084918 -25.21394664 -5.33996265
v -316.0542533 10.33577027 -5.33997168
v -305.81424722 13.47531062 -5.33997127
v -427.88609857 -24.0332425 -5.33996285
v -294.58690094 16.94255988 -5.33997091
v -279.39706651 21.99484046 -5.33997127
v -238.53023196 76.51951931 -6.2723341
v -231.58749879 72.91537322 -8.34468932
v -231.58749879 78.31371034 -8.3446902
v -238.53023196 71.1211852 -6.27233322
v -231.07817685 72.95131713 -8.49671568
v -212.40392063 74.26925136 -8.49671589
v -212.40392063 79.66758547 -8.49671677
v -231.58749879 75.83400177 -13.6325897
v -230.52524134 37.191682 -13.63258341
v -259.91434826 26.61785543 -5.7445482
v -211.34166317 35.56667996 -11.31125966
v -212.40392063 77.18787994 -13.63258992
v -453.93638667 72.96449521 -10.68150773
v -454.07525769 80.96986544 -4.93029606
v 123.55799825 90.8295403 -15.49325524
v 126.1913242 100.30652217 -15.49325679
v 126.1913242 90.8295388 -15.49325524
v 222.19028574 99.38206324 -12.93646199
v 222.19028574 109.3172345 -10.48967833
v 222.19028574 109.98992731 -8.75860505
v 123.55799825 100.30652217 -15.49325679
v 126.1913242 112.31166475 -10.48967882
v 218.5693972 90.82952828 -15.49325524
v 222.19028574 90.82952719 -12.9364606
v 218.5693972 90.8295287 -12.9364606
v 123.55799825 112.98435756 -8.75860554
v 126.1913242 112.98435756 -8.75860554
v 218.5693972 110.16385869 -8.75860508
v 168.08526418 112.31165874 -10.48967882
v 168.08526418 112.98435155 -8.75860554
v 130.73169974 90.82953921 -12.9364606
v 126.1913242 90.82953921 -12.9364606
v 168.08526118 100.30651917 -15.49325679
v 218.5693972 109.49116287 -10.48967836
v 218.56940922 98.83216872 -15.49325655
v 205.1958314 93.81676373 -15.49325573
v 178.34557438 93.81676824 -15.49325573
v 222.19028574 98.741251 -15.49325653
v 123.55799825 90.82954072 -12.9364606
v 123.55799825 112.31166475 -10.48967882
v 160.38541833 93.81676414 -12.93646201
v 168.08525817 97.4033106 -12.93646167
v 126.1913242 97.40331661 -12.93646167
v 205.1958314 93.81676414 -12.93646201
v 218.5693972 97.40330459 -12.93646167
v 222.19028574 90.82952678 -15.49325524
v 168.08525817 90.82953579 -15.49325524
v 175.54211281 90.8295332 -12.9364606
v 168.08525817 90.82953621 -12.9364606
v 160.38541232 93.81676523 -15.49325573
v 133.53516131 93.81676824 -15.49325388
v 163.18887689 90.87348747 -15.49325894
v 163.18887689 90.87348789 -12.93646615
v 133.53516131 93.81676865 -12.93645924
v 207.99928395 90.8295302 -12.9364606
v 207.99928395 90.82952978 -15.49325524
v 175.54211281 90.87349239 -12.93646153
v 175.54211281 90.82953279 -15.49325524
v 175.54211281 90.87349198 -15.49325525
v 163.18887689 90.82953579 -15.49325524
v 178.34557438 93.81676865 -12.93646201
v 163.18887689 90.82953621 -12.93646152
v 130.73169824 90.87349239 -12.93646153
v 130.73169824 90.87349198 -15.4932534
v 207.99928395 90.87348597 -15.49325525
v 207.99928395 90.87348638 -12.93645876
v 117.60349187 59.82679081 -17.64339639
v 103.38685899 88.09974542 -17.643401
v 117.60349187 88.09973941 -17.643401
v 71.01205836 42.67925082 -13.74359471
v 222.26187307 60.34530646 -15.49289012
v 222.26187307 50.34028023 -10.03623264
v 222.26187307 59.82677879 -17.64339639
v 75.45537176 88.09974692 -17.643401
v 67.02574985 88.0997489 -14.70957454
v 75.45537176 88.09974819 -9.8132899
v 219.98701875 88.09972588 -17.643401
v 207.99927193 88.09973445 -11.17984542
v 219.98701875 88.09972693 -11.17984542
v 219.98701875 50.34028023 -10.03623264
v 160.38540932 84.9869316 -17.64340049
v 163.18887389 87.93020936 -17.64340097
v 175.54210981 87.93020786 -17.64340097
v 89.17023363 88.09974692 -17.643401
v 89.17023363 88.09974819 -9.8132899
v 104.20128362 57.78516033 -17.64339606
v 104.45511512 48.33733155 -10.03623231
v 103.38685899 88.09974669 -9.8132899
v 87.18254309 46.71824842 -17.64339426
v 117.60349187 88.09974126 -6.28355985
v 67.02574985 52.91732082 -17.64339527
v 71.96265521 48.03367619 -17.64339447
v 219.98701875 59.82677879 -17.64339639
v 117.60349187 50.34029225 -10.03623264
v 67.02574985 50.34030349 -14.81541751
v 86.65879249 41.32692942 -13.74359448
v 67.02574985 88.09974842 -17.643401
v 222.26187307 86.6673304 -15.49289441
v 222.26187307 88.09972588 -17.643401
v 222.26187307 51.51340515 -8.4106438
v 222.26187307 88.09972636 -14.70957454
v 222.26187307 86.66733082 -12.91666348
v 219.98701875 58.78152664 -11.17984064
v 103.38685899 58.78154489 -9.81328512
v 160.38540932 84.98693265 -11.17984583
v 178.34557438 84.98693716 -11.17984583
v 175.54210981 87.93021492 -11.17984631
v 117.60349187 58.78153945 -6.28355507
v 89.17023363 58.78154489 -9.81328512
v 75.45537176 58.78154489 -9.81328512
v 175.5421038 88.0997349 -17.643401
v 163.18886788 88.09973745 -11.17984542
v 163.18887389 87.93021041 -11.17984539
v 205.1958314 84.98693566 -11.17984583
v 207.99928395 87.93021236 -17.64340097
v 205.1958314 84.98692859 -17.64340049
v 178.34557438 84.9869301 -17.64340049
v 163.18886788 88.0997364 -17.643401
v 175.5421038 88.09973595 -11.17984542
v 130.73169523 88.09973896 -11.17984542
v 130.73169523 88.0997379 -17.643401
v 130.73169523 87.93021793 -11.17984631
v 130.73169824 87.93021086 -17.64340097
v 133.53516262 84.98693416 -11.17984583
v 133.53516262 84.9869331 -17.64340049
v 207.99928395 87.93021342 -11.17984539
v 397.32894996 82.51325937 5.32830843
v 398.96686335 81.5676106 -5.32827829
v 397.32894996 82.51325764 -5.32827845
v 398.96686335 81.56761233 5.32830858
v 398.96686335 79.67631652 -5.32827798
v 398.96686335 79.67631825 5.32830889
v 397.32894996 78.73066948 -5.32827783
v 397.32894996 78.73067122 5.32830904
v 395.69106062 79.67631652 -5.32827798
v 395.69106062 79.67631825 5.32830889
v 395.69106062 81.5676106 -5.32827829
v 395.69106062 81.56761233 5.32830858
v 411.41380294 82.51325937 5.32830843
v 413.05171632 81.56760909 -5.32827829
v 411.41380294 82.51325613 -5.32827845
v 413.05171632 81.56761233 5.32830858
v 413.05171632 79.67631652 -5.32827798
v 413.05171632 79.67631825 5.32830889
v 411.41380294 78.73066948 -5.32827783
v 411.41380294 78.73067122 5.32830904
v 409.77588955 79.67631652 -5.32827798
v 409.77588955 79.67631825 5.32830889
v 409.77588955 81.56760909 -5.32827829
v 409.77588955 81.56761233 5.32830858
v 408.32070118 114.22849488 5.69723716
v 413.56430808 111.20109714 -5.69721102
v 408.32070118 114.22849302 -5.69721151
v 413.56430808 105.14631024 5.6972391
v 413.56430808 105.14630838 -5.69720957
v 408.32070118 102.1189155 -5.69720908
v 408.32070118 102.11891736 5.69723959
v 403.07711833 105.14630988 -5.69720957
v 403.07711833 105.14631174 5.6972391
v 403.07711833 111.20109714 -5.69721102
v 403.07711833 111.201099 5.69723765
v 410.00157899 122.16066794 -0.69142019
v 410.6003881 117.39580965 -0.34570251
v 410.00157899 117.3958096 -0.69141941
v 410.6003881 122.16066799 -0.34570329
v 410.6003881 117.39580977 0.34573123
v 410.6003881 122.1606681 0.34573045
v 410.00157899 117.39580982 0.69144807
v 410.00157899 122.16066816 0.69144729
v 409.40276988 117.39580977 0.34573114
v 409.40276988 122.1606681 0.34573036
v 409.40276988 117.39580965 -0.34570248
v 409.40276988 122.16066799 -0.34570326
v 411.53033822 117.39580957 -0.88262112
v 408.47281976 117.39580957 -0.882621
v 408.47281976 109.63200724 0.88265092
v 408.47281976 117.39580985 0.88264966
v 410.00157899 117.39580942 -1.76525662
v 410.00157899 117.39581 1.76528539
v 411.53033822 117.39580985 0.88264995
v 410.00157899 109.63200739 1.76528665
v 408.47281976 109.63200695 -0.88261974
v 411.53033822 109.63200724 0.88265121
v 410.00157899 109.63200681 -1.76525535
v 411.53033822 109.63200695 -0.88261985
v 392.28920167 76.3114561 -7.06053517
v 415.64102597 80.38786152 1.356E-05
v 415.64102597 76.31145009 -7.06053564
v 392.28920167 76.3114584 7.0605644
v 415.64102597 76.31145239 7.06056348
v 415.64102597 68.15863182 7.06056481
v 392.28920167 64.0822249 1.641E-05
v 415.64102597 64.08221889 1.552E-05
v 392.28920167 68.15863253 -7.06053292
v 392.28920167 65.66932991 1.639E-05
v 392.28920167 68.95218526 -5.68606108
v 415.64102597 68.15862652 -7.06053385
v 415.64102597 66.26473998 1.54E-05
v 415.64102597 69.24989056 5.1704479
v 415.64102597 78.20534194 1.391E-05
v 415.64102597 75.22019136 -5.17041919
v 415.64102597 75.22019304 5.17044739
v 415.64102597 69.24988887 -5.17041776
v 392.28920167 78.80076402 1.448E-05
v 392.28920167 80.38786753 1.422E-05
v 392.28920167 68.15863783 7.06056527
v 392.28920167 75.51790567 5.68609256
v 392.28920167 68.95218711 5.68609317
v 392.28920167 75.51790382 -5.68606261
v 415.82440015 73.67872637 1.879E-05
v 392.24200573 73.67872992 3.35257356
v 392.24200573 73.67872637 1.878E-05
v 415.82440015 85.51308485 1.733E-05
v 415.82440015 73.67872691 3.35257425
v 415.82440015 85.5130869 3.35257394
v 415.82440015 115.46627939 4.74946659
v 415.82440015 85.51308562 4.74947147
v 402.43262796 115.4662824 4.74946613
v 409.66803371 99.33085804 4.7494683
v 392.24200573 73.67873014 4.74947109
v 415.82442419 116.31361228 3.01234341
v 403.38965024 118.75896619 4.98461631
v 415.82442419 118.75896319 4.98461584
v 402.21496881 85.5075092 4.74947101
v 392.24200573 85.51308562 4.74947193
v 415.82440015 73.67872714 4.74947248
v 415.82442419 118.24204392 6.10647852
v 404.71952771 122.07532628 6.3101969
v 403.38965024 118.24204091 6.10647898
v 392.24200573 85.51308485 1.777E-05
v 402.43262796 115.98730939 1.268E-05
v 415.82442419 115.98730638 1.375E-05
v 392.24200573 85.51308539 3.3525744
v 402.43262796 116.31361528 3.01234249
v 415.82442419 121.79067176 5.10679605
v 405.71244583 124.55422211 3.72345577
v 415.82442419 124.55422211 3.72345693
v 404.71952771 121.79067176 5.10679652
v 415.82442419 122.07532327 6.31019828
v 406.07188518 125.19688532 4.29133816
v 415.82442419 125.19687931 4.29133769
v 412.85317117 96.14571079 1.438E-05
v 412.85317117 96.14571306 4.74946928
v 399.02983135 96.14571306 4.7494702
v 399.02983135 88.69265941 1.778E-05
v 399.02983135 96.14571379 1.611E-05
v 402.21496881 99.33086027 1.541E-05
v 402.21496881 99.33086104 4.74946876
v 409.66803371 85.50750843 1.769E-05
v 409.66803371 85.5075107 4.74947055
v 412.85317117 88.69266019 4.74947188
v 409.67358759 85.51308485 1.769E-05
v 409.67358759 85.51308562 4.74947147
v 409.66803371 99.33085726 1.497E-05
v 402.20939089 85.51308562 4.74947009
v 399.02983135 88.69266019 4.74947188
v 412.85317117 88.69265941 1.791E-05
v 392.24200573 73.67872882 -3.35253631
v 415.82440015 73.67872582 -3.3525377
v 415.82440015 85.5130843 -3.35253847
v 415.82440015 115.46627785 -4.74943996
v 415.82442419 116.3136113 -3.01231613
v 402.21496881 99.33085949 -4.7494378
v 399.02983135 96.14571151 -4.74943774
v 402.43262796 115.46627785 -4.7494395
v 392.24200573 73.6787286 -4.74943592
v 403.38965024 118.75896156 -4.98459075
v 402.43262796 116.3136143 -3.01231706
v 409.66803371 85.50750765 -4.74943647
v 409.67358759 85.51308407 -4.74943601
v 415.82440015 85.51308407 -4.74943601
v 415.82442419 73.67872559 -4.74943592
v 404.71952771 122.07532422 -6.31017427
v 415.82442419 118.24204193 -6.10645094
v 403.38965024 118.24204493 -6.10645233
v 392.24200573 85.5130858 -3.35253801
v 392.24200573 85.51308407 -4.74943554
v 415.82442419 121.7906731 -5.10677056
v 405.71244583 124.5542209 -3.72343349
v 404.71952771 121.7906701 -5.1067701
v 415.82442419 118.75895856 -4.98458936
v 415.82442419 122.07532121 -6.31017658
v 415.82442419 124.5542209 -3.72343234
v 406.07188518 125.19688392 -4.2913147
v 409.66803371 99.33085649 -4.74943733
v 412.85317117 96.14571151 -4.74943774
v 399.02983135 88.69265864 -4.74943606
v 402.21496881 85.50750765 -4.749436
v 412.85317117 88.69265714 -4.74943606
v 402.20939089 85.51308485 1.627E-05
v 402.20939089 85.51308407 -4.74943739
v -27.79535813 56.5182708 12.53298759
v -10.1683206 59.95241918 12.53298703
v -24.37837628 59.95241918 12.53298703
v -6.75132674 56.51826779 12.53298759
v -8.66507075 61.04228403 14.27979895
v -25.88162614 48.56010375 14.27979913
v -10.1683206 49.64996803 12.53298871
v -24.37837628 49.64996803 12.53298871
v -8.66507075 48.56010375 14.27979913
v -6.75132674 53.08411641 12.53298815
v -4.52514699 52.72083051 14.27979938
v -27.79535813 53.08411641 12.53298815
v -209.71240518 35.1866762 14.27980039
v -212.07528007 35.10715446 12.48631333
v -209.71240518 35.18667591 12.48631332
v -213.17131761 80.78306501 12.48630404
v -208.26421326 80.7830653 14.27979019
v -208.26421326 80.78306501 12.48630404
v 67.63072593 80.78304848 12.48631697
v 67.63074997 47.86951739 14.27980109
v 67.63074997 47.8695171 12.48631494
v -213.17131761 80.7830653 14.27979019
v -212.07528007 35.10715475 14.2798004
v -138.32849737 41.07594526 12.4863142
v -210.67096619 38.04712183 12.486311
v -213.17129357 80.78306297 1.203E-05
v -208.26421326 80.78306297 1.203E-05
v 67.63074997 80.78304644 1.203E-05
v 67.48940255 49.69311276 12.48632296
v -138.36747069 37.58762882 14.27980092
v -138.36749473 80.78306079 14.27979388
v 67.63072593 80.78304877 14.27980404
v -138.36747069 37.58762853 12.48631477
v -212.07528007 35.10715243 1.947E-05
v -209.71240518 35.18667387 1.946E-05
v -56.88030002 41.5896009 12.46857055
v 16.41816925 45.40337252 12.46856993
v -138.36747069 37.58762649 1.907E-05
v 67.63074997 47.86951507 1.739E-05
v -138.36749473 80.7830605 12.48630773
v -56.88030002 44.43126943 12.46857009
v -210.67096619 38.0471198 1.899E-05
v -138.32849737 41.07594923 1.85E-05
v 16.41816925 47.63035567 1.743E-05
v 16.41816925 47.6303577 12.46856957
v -56.88030002 44.43127341 1.795E-05
v -30.02154989 52.72083051 14.27979845
v -25.88162614 61.04228403 14.2797971
v -30.02154989 56.88155727 14.2797987
v -121.31239853 2.73628666 5.30879556
v -127.40940338 4.73186451 -5.30873022
v -127.40940338 4.73186624 5.30879477
v -86.61650033 0.54667423 -5.30872953
v -122.12379377 -0.14057446 5.30879603
v -122.12379377 -0.14057619 -5.30872942
v -121.31239853 2.73628493 -5.30872989
v -86.61650033 3.42353709 5.30879545
v -86.61650033 3.42353536 -5.30873
v -86.61650033 0.54667596 5.30879592
v -79.28528416 3.20540737 -5.30872997
v -79.28528416 3.2054091 5.30879502
v -80.9653926 5.40132929 -5.30873032
v -78.52836983 11.39754259 5.30879369
v -78.52836983 42.46122037 -5.30873636
v -78.52836983 11.39754086 -5.308747
v -75.57666358 10.49047517 5.30879384
v -80.9653926 5.40133102 5.30879466
v -75.57666358 42.01780739 5.3087887
v -75.57666358 42.01780567 -5.30875199
v -75.57666358 10.49047344 -5.30873115
v -129.66627372 2.33580459 -5.30872982
v -132.39034307 10.41437208 -5.30874545
v -134.02157256 17.07661806 5.30877706
v -132.39034307 10.41437381 5.30879246
v -129.66627372 2.33580632 5.30879516
v -135.35003152 9.31508276 -5.30873096
v -135.35003152 9.31508449 5.30879264
v -137.2458276 17.03532889 -5.30873222
v -134.02157256 17.07661633 -5.30873223
v -137.2458276 17.03533062 5.30879092
v -134.02157256 38.76563871 5.30878738
v -137.2458276 38.72434353 -5.30873575
v -137.2458276 38.72434526 5.30878739
v -27.79535813 56.51826672 -12.53295652
v -10.1683206 59.9524151 -12.53295708
v -6.75132674 56.51826371 -12.53295652
v -8.66507075 61.04227937 -14.27976936
v -4.52514699 56.88155261 -14.27976776
v -10.1683206 49.64996394 -12.53295541
v -25.88162614 48.5600991 -14.27976548
v -24.37837628 49.64996394 -12.53295541
v -24.37837628 59.9524151 -12.53295708
v -6.75132674 53.08411232 -12.53295596
v -8.66507075 48.5600991 -14.27976548
v -4.52514699 52.72082586 -14.27976708
v -27.79535813 53.08411232 -12.53295596
v -212.07528007 35.10715039 -12.48627529
v -209.71240518 35.18667155 -14.27976237
v -209.71240518 35.18667184 -12.4862753
v -208.26421326 80.78306065 -14.27976703
v -213.17131761 80.78306094 -12.48628088
v -208.26421326 80.78306094 -12.48628088
v 67.63074997 47.86951274 -14.27976721
v 67.63072593 80.78304441 -12.48629381
v 67.63074997 47.86951303 -12.48628106
v -213.17131761 80.78306065 -14.27976703
v -138.32849737 41.07594119 -12.48627811
v -138.36749473 80.78305643 -12.48628458
v 67.48940255 49.69310869 -12.48628967
v 67.63072593 80.78304412 -14.27978089
v -138.36747069 37.58762446 -12.48627754
v -56.88030002 41.58959684 -12.46853463
v -212.07528007 35.1071501 -14.27976236
v -138.36747069 37.58762416 -14.27976369
v -138.36749473 80.78305614 -14.27977073
v -56.88030002 44.43126536 -12.46853509
v 16.41816925 47.63035364 -12.46853561
v 16.41816925 45.40336846 -12.46853525
v 16.41814521 45.40336448 1.78E-05
v -56.88031205 41.58959286 1.842E-05
v -25.88162614 61.04227937 -14.27976751
v -30.02154989 56.88155261 -14.27976776
v -30.02154989 52.72082586 -14.27976615
v -78.52836983 42.4612221 5.30878863
v -134.02157256 38.76563698 -5.30873576
v 55.76517647 90.51185397 10.58672061
v 59.43039986 88.39573795 13.41057777
v 59.43039986 88.39573599 10.58672096
v 59.43039986 84.163502 13.41057845
v 59.43039986 84.16350154 10.58672165
v 55.76517647 82.04738356 10.58672199
v 55.76517647 82.04738553 13.4105788
v 52.09995307 84.16350154 10.58672165
v 55.76517647 90.51185593 13.41057742
v 52.09995307 84.1635035 13.41057845
v 52.09995307 88.39573599 10.58672096
v 52.09995307 88.39573795 13.41057777
v 55.76515844 90.51185052 -10.58669971
v 59.43038183 88.39573358 -13.41055617
v 55.76515844 90.51185156 -13.41055559
v 59.43038183 88.39573254 -10.58670028
v 59.43038183 84.16349763 -13.41055548
v 55.76515844 82.04738012 -10.58670017
v 59.43038183 84.16349809 -10.58669959
v 52.09993504 84.16349809 -10.58669959
v 55.76515844 82.04738116 -13.41055698
v 52.09993504 84.16349913 -13.41055548
v 52.09993504 88.39573254 -10.58670028
v 52.09993504 88.39573358 -13.41055617
v 241.06857488 108.27020233 7.81E-06
v 281.90617344 103.67204017 7.96425121
v 281.90617344 108.27019632 7.75E-06
v 241.06856286 103.67204693 7.96425214
v 281.90617344 94.47572865 7.96425179
v 241.06856286 94.47573467 7.96425179
v 281.90617344 89.87757254 1.12E-05
v 281.90617344 90.57729515 1.063E-05
v 281.90617344 94.82558986 7.35827308
v 230.56062421 94.06834064 8.66989053
v 107.97883783 89.06281882 1.035E-05
v 230.5606182 89.06278125 1.108E-05
v 230.56062421 109.08501015 8.28E-06
v 107.97883783 104.07949153 8.66989629
v 230.56062421 104.07945396 8.66989075
v 107.97883783 94.06837746 8.66989792
v 282.31982922 94.82558986 7.35827308
v 281.90617344 107.57047146 8.32E-06
v 281.90617344 103.32217726 7.35827216
v 282.31982922 107.57047071 8.3E-06
v 282.31982922 103.32217726 7.35827216
v 117.77777938 79.45861315 1.273E-05
v 416.65601535 75.84680178 6.25579862
v 416.65601535 79.45857108 1.386E-05
v 117.77777938 75.84683784 6.25579354
v 416.65599131 68.62324611 6.25580256
v 117.77776735 68.62328518 6.25579194
v 416.65599131 65.01146576 1.529E-05
v 93.26143172 78.23800873 10.39743053
v 93.2614197 66.23209761 10.39743341
v 93.26143172 84.2409626 1.106E-05
v 44.61556045 78.23799972 10.39742406
v 117.77776735 65.01150783 1.416E-05
v 93.2614197 60.22913434 1.636E-05
v 44.54083553 67.97082783 7.3856602
v 44.61556045 66.2320946 10.39742602
v 44.61556045 60.22913133 1.549E-05
v 494.16895298 63.78856957 1.745E-05
v 502.11056687 68.01179368 7.31485863
v 494.16895298 68.01179368 7.31485817
v 494.16895298 76.45824553 7.31485402
v 502.11056687 80.68146426 1.332E-05
v 494.16895298 80.68146426 1.378E-05
v 502.11056687 76.45823952 7.31485448
v 494.16895298 77.68771476 9.44435814
v 494.16895298 83.14040502 1.338E-05
v 494.16895298 66.78232215 9.44436362
v 449.98549108 71.25121104 9.44435919
v 479.96504023 66.78232816 9.44436269
v 479.96506427 77.68771476 9.4443563
v 432.52666876 61.32963181 1.681E-05
v 494.16895298 61.32962881 1.878E-05
v 479.96506427 63.10295455 3.07150291
v 479.96506427 81.36708328 3.07150086
v 491.42158619 81.36708478 3.07150063
v 431.14002632 66.3371314 10.21546628
v 432.52666876 77.68771476 9.44435907
v 431.14002632 78.13291176 10.21545974
v 432.52666876 83.14040652 1.233E-05
v 431.14002632 84.03079577 1.227E-05
v 432.52666876 66.78232515 9.44436362
v 417.77792291 78.13291477 10.21545789
v 417.77789887 60.43924407 1.781E-05
v 417.77789887 66.33713441 10.21546535
v 417.77792291 84.03079878 1.258E-05
v 416.70693793 68.80406171 1.559E-05
v 117.63405172 70.51756305 3.07282111
v 416.70696197 70.51752698 3.07282873
v 416.73754437 74.12632502 3.07282722
v 117.6665335 75.90044618 1.239E-05
v 416.73944375 75.90041011 1.443E-05
v 117.66463412 74.12636108 3.0728196
v 93.20887423 76.64475129 7.38565971
v 117.6340397 68.80410078 1.355E-05
v 93.14831051 67.97081881 7.38566205
v 93.21263692 80.90885622 1.3E-05
v 44.60514993 80.90885923 1.212E-05
v 44.60139926 76.6447573 7.38565879
v 93.14831051 63.85242715 1.485E-05
v 44.54083553 63.85243316 1.583E-05
v 502.11056687 75.25742327 5.2349809
v 502.11056687 66.19020139 1.475E-05
v 502.11056687 69.21260926 5.2349828
v 502.11056687 78.27983243 1.278E-05
v 493.05255122 69.21260926 5.23498234
v 493.05255122 75.25742928 5.23497951
v 493.05255122 78.27983243 1.331E-05
v 493.05255122 77.05595185 8.3501139
v 493.05255122 81.87688107 1.272E-05
v 493.05255122 66.19020139 1.528E-05
v 493.05255122 67.4140877 8.35011824
v 493.05255122 62.59315426 1.494E-05
v 479.96506427 64.36648301 3.07150271
v 491.42158619 64.36648301 3.07150109
v 491.42158619 80.10356083 3.07150037
v 479.96506427 80.10356233 3.07150014
v 491.42158619 67.41409371 8.35011731
v 491.42158619 77.05595185 8.3501139
v 432.62430643 77.05595486 8.3501139
v 432.62428239 70.13053172 3.64510077
v 432.62430643 74.33951231 3.64509916
v 432.62428239 67.41409071 8.35011824
v 432.62428239 68.02604384 1.479E-05
v 432.62430643 76.443999 1.342E-05
v 432.62430643 81.87688257 1.254E-05
v 417.5426885 68.80648102 1.462E-05
v 417.5426885 70.5207517 2.96922364
v 417.54271254 75.66356483 1.35E-05
v 417.54271254 73.94929812 2.96922123
v 491.42158619 63.10295455 3.07150407
v 491.42158619 66.78232215 9.44436454
v 491.42158619 77.68771476 9.44435814
v 479.96506427 77.05595486 8.35011482
v 449.98549108 73.25401228 8.35011821
v 448.25102195 74.25541148 8.35011435
v 448.25102195 70.24981784 9.4443612
v 449.98549108 71.25121386 8.35011577
v 448.25102195 70.24981766 8.35011778
v 446.51652877 71.25121386 8.35011854
v 449.98549108 73.25401246 9.44435979
v 448.25102195 74.25541166 9.44436055
v 446.51652877 71.25121404 9.44436012
v 446.51652877 73.25401246 9.44435979
v 446.51652877 73.25401228 8.35011913
v 281.90617344 103.67203795 -7.96423275
v 281.90617344 94.47572606 -7.96423032
v 241.06856286 103.67204434 -7.96423459
v 241.06856286 89.87757855 1.127E-05
v 241.06856286 94.47573207 -7.96423217
v 230.5606182 94.06833782 -8.66986986
v 107.97883783 104.0794887 -8.66987795
v 230.56062421 104.07945189 -8.66987241
v 282.31982922 94.82558746 -7.35825127
v 281.90617344 94.82558746 -7.35825173
v 281.90617344 103.32217599 -7.35825357
v 282.31982922 103.32217599 -7.35825357
v 416.65601535 75.84679373 -6.25577062
v 416.65599131 68.62323806 -6.25577083
v 117.77777938 75.8468328 -6.25576739
v 117.77776735 68.62327713 -6.2557639
v 93.26143172 78.23800234 -10.39740377
v 44.61556045 84.24095659 1.204E-05
v 93.2614197 66.23208821 -10.39740274
v 44.54083553 67.97082241 -7.38563287
v 44.61556045 78.23799332 -10.39739823
v 44.61556045 66.2320852 -10.3973972
v 494.16895298 68.01178529 -7.31482623
v 502.11056687 63.78856957 1.607E-05
v 494.16895298 76.45824315 -7.31482438
v 502.11056687 76.45823714 -7.31482622
v 494.16895298 77.68771168 -9.44432844
v 494.16895298 66.78231907 -9.44433036
v 449.98546704 73.25400637 -9.44432956
v 479.96506427 77.68771168 -9.44432936
v 449.98546704 71.25120796 -9.44432924
v 479.96506427 63.10295355 -3.07147169
v 491.42158619 63.10295355 -3.07147238
v 491.42158619 81.36708378 -3.0714749
v 479.96506427 81.36708228 -3.07147328
v 431.14002632 78.13290543 -10.21543018
v 432.52666876 66.78231907 -9.44433313
v 431.14002632 66.33712206 -10.2154338
v 431.14002632 60.43924407 1.888E-05
v 417.77792291 78.13291144 -10.2154311
v 417.77789887 66.33712507 -10.21543287
v 117.6340397 70.51755904 -3.07279369
v 416.70696197 70.51752298 -3.072799
v 416.73754437 74.12632402 -3.07279867
v 117.66463412 74.12635707 -3.0727952
v 93.20887423 76.64474888 -7.38563198
v 93.14831051 67.9708164 -7.38563195
v 44.60139926 76.64474888 -7.38563152
v 502.11056687 69.21260755 -5.23495219
v 502.11056687 68.01178829 -7.31482854
v 493.05255122 75.25742457 -5.23495179
v 502.11056687 75.25742157 -5.23495225
v 493.05255122 69.21260454 -5.2349508
v 493.05255122 77.05594913 -8.35008491
v 493.05255122 67.41408197 -8.35008703
v 491.42158619 64.36647901 -3.07146982
v 479.96506427 64.36648201 -3.07147189
v 479.96506427 80.10356284 -3.07147307
v 491.42158619 80.10355983 -3.07147469
v 491.42158619 67.41408798 -8.35008611
v 432.62430643 77.05595214 -8.35008583
v 432.62428239 70.13053053 -3.64507091
v 432.62428239 67.41408798 -8.35008703
v 432.62428239 62.59315727 1.475E-05
v 432.62430643 74.33951112 -3.64506975
v 417.54271254 73.94929415 -2.96919354
v 491.42158619 77.05594913 -8.35008491
v 491.42158619 77.68771168 -9.44432936
v 491.42158619 66.78231606 -9.44433405
v 479.96506427 77.05595214 -8.35008583
v 479.96506427 67.41408197 -8.35008796
v 479.96504023 66.78232508 -9.4443322
v 449.98546704 71.25120814 -8.35008673
v 448.25099791 70.24981194 -8.35008842
v 448.25099791 70.24981476 -9.44433092
v 446.51652877 71.25121114 -8.35008858
v 448.25102195 74.25540876 -8.35008538
v 449.98546704 73.25400956 -8.35008891
v 432.52666876 77.68771168 -9.44433306
v 446.51652877 73.25400938 -9.44432679
v 446.51652877 71.25121097 -9.44432832
v 448.25102195 74.25540858 -9.44433157
v 446.51652877 73.25400956 -8.35008891
v -154.72107113 61.29692147 -19.44764214
v -152.16443559 63.87714339 -16.79160622
v -154.72107113 61.2969219 -16.79160765
v -115.94271137 63.87713738 -16.79160991
v -113.38609989 61.2969189 -16.79160949
v -115.94271137 56.13647592 -16.79160865
v -154.72107113 58.71670342 -16.79160723
v -113.38609989 58.71670042 -16.79160907
v -152.60828908 56.58444931 -19.44764137
v -154.72107113 58.71670299 -19.44764172
v -93.09049574 61.29691589 -16.7916058
v -90.53388425 63.87713694 -19.44764625
v -90.53388425 63.87713738 -16.79160991
v -72.29908168 61.2969189 -16.79160765
v -74.85566913 63.87713738 -16.79160807
v -90.53388425 56.13647592 -16.7916105
v -72.29908168 58.71669741 -16.79160723
v -74.85569317 56.13647592 -16.7916068
v -93.09049574 58.71669741 -16.79160538
v -91.66956831 57.28264821 -19.44764333
v -93.09049574 58.71669698 -19.44764172
v -69.38836835 53.2558667 -19.44764083
v -69.38836835 57.09158682 -16.65138164
v -69.38836835 53.25586716 -16.65138102
v -55.31647442 53.64466272 -16.65138108
v -55.31647442 57.0915778 -16.65138164
v -85.24466823 49.52078705 -19.44764022
v -78.85482249 53.25586115 -16.65138102
v -85.24466823 49.52078751 -16.65138041
v -78.85482249 53.25586069 -19.44764083
v -77.50785061 53.25586069 -19.44764083
v -60.92138397 63.22040025 -16.65138449
v -57.20866409 61.31441559 -19.44764214
v -57.20866409 61.31441604 -16.65138418
v -67.49617867 61.31441905 -16.65138233
v -55.40211475 57.2826422 -19.44764148
v -45.47711698 67.79950974 -19.44764504
v -45.477129 57.2826431 -13.91865756
v -45.477129 57.2826422 -19.44764333
v -119.96694134 67.79952266 -13.91865651
v -148.79989102 57.28265512 -13.91865572
v -119.96694134 57.28265512 -13.91865479
v -148.79989102 67.79952476 -19.44764504
v -119.96694134 67.79952176 -19.4476432
v -170.88326711 59.21155744 -17.92344615
v -175.42258928 56.53211813 -13.91865467
v -170.88326711 59.21155809 -13.91865603
v -170.88326711 53.23404879 -13.91865506
v -165.03856704 61.48448534 -17.92344467
v -170.88326711 49.71875608 -13.91865448
v -170.88326711 49.71875543 -17.9234446
v -162.54852996 49.71874942 -17.9234446
v -175.42258928 53.38715247 -17.92344335
v -175.42258928 53.38715312 -13.91865416
v -175.42258928 50.58218588 -13.9186537
v -175.42258928 50.58218523 -17.92344289
v -148.79989102 49.71875608 -13.91865448
v -123.92950162 49.71874406 -13.91865633
v -165.03856704 61.48448509 -19.44764217
v -90.10121064 56.13647549 -19.44764499
v -59.67682225 49.71873204 -13.91865541
v -74.12777441 57.28264911 -13.91865664
v -84.66444417 49.71874406 -13.91865448
v -74.12775037 67.79951575 -19.4476432
v -45.47711698 67.79951064 -13.91865928
v -90.32702029 46.8788006 -13.91865587
v -85.24466823 49.427742 -16.65138039
v -123.92950162 49.71874316 -19.44764025
v -148.79989102 49.71875518 -19.4476421
v -148.79989102 56.13648451 -19.44764314
v -118.26690145 46.87881262 -13.9186531
v -104.02146685 67.79951965 -13.91865743
v -104.02146685 57.28264911 -13.91865572
v -74.12775037 67.79951665 -13.91865835
v -90.07324891 57.28264911 -13.91865756
v -90.07322486 67.79951665 -13.91865928
v -90.07322486 67.79951575 -19.44764689
v -99.2472709 67.79951921 -16.61771365
v -118.26690145 46.87881172 -19.44763979
v -99.2472709 46.87880617 -16.61771024
v -96.41734126 46.8787997 -19.44763979
v -111.02247967 52.16960255 -19.44764065
v -115.94271137 56.13647549 -19.4476413
v -111.02247967 46.87880571 -19.44763979
v -45.835811 57.0915778 -16.65138349
v -45.835811 57.09157735 -19.4476433
v -55.31647442 52.04140097 -16.65138082
v -59.67682225 49.71873159 -16.65138229
v -96.41734126 57.28264821 -19.44764148
v -93.09049574 61.29691546 -19.44764214
v -63.78344677 63.22039979 -19.4476406
v -60.92138397 63.22039979 -19.44764245
v -85.24466823 49.42774155 -19.4476402
v -52.72546975 53.42158793 -16.6513792
v -69.38836835 49.71874361 -16.65138044
v -108.19255003 67.79952222 -16.6177118
v -84.66444417 49.71874361 -16.65137859
v -63.78344677 63.22040025 -16.65138264
v -67.49617867 61.31441859 -19.44764214
v -74.85569317 56.13647549 -19.4476413
v -73.72000911 57.28264821 -19.44764148
v -69.38836835 57.09158636 -19.44764145
v -69.3027761 57.2826452 -19.44764148
v -111.02247967 57.28264821 -19.44764148
v -108.19255003 46.87880617 -16.61770839
v -85.05915425 49.52078751 -16.65138041
v -163.57599754 54.57370476 -19.44764104
v -90.53388425 56.13647549 -19.44764499
v -90.32702029 46.8787997 -19.44764348
v -96.41734126 67.79951875 -19.4476432
v -104.02146685 67.79951921 -16.61771549
v -113.38609989 61.29691846 -19.44764214
v -115.94271137 63.87713694 -19.44764256
v -111.02247967 67.79952176 -19.4476432
v -113.38609989 58.71669998 -19.44764172
v -114.80702731 57.28265122 -19.44764148
v -120.56738536 56.1364785 -19.44764314
v -152.16443559 56.13648494 -16.79160496
v -74.85566913 63.87713694 -19.44764256
v -74.12775037 63.14249222 -19.44764244
v -75.08986971 56.13647549 -19.4476413
v -148.79989102 63.87714295 -19.4476444
v -119.96694134 63.87713995 -19.44764256
v -90.07322486 63.87713694 -19.44764625
v -72.29908168 61.29691846 -19.44764214
v -72.29908168 58.71669698 -19.44764172
v -162.54852996 49.71874917 -19.44764025
v -152.16443559 56.13648451 -19.4476413
v -152.16443559 63.87714295 -19.44764256
v -55.31647442 57.09157735 -19.44764145
v -148.79989102 67.79952566 -13.91865743
v -175.42258928 56.53211748 -17.92344386
v -142.88741439 54.24694516 15.04102335
v -156.53214051 71.54257122 15.21947015
v -147.59638232 79.34379938 15.04101926
v -124.52129024 73.68599274 15.04102018
v -121.87627351 54.7239416 15.04102143
v -41.48045204 64.44435948 15.04101615
v -35.56243356 62.99331282 17.13176773
v -35.56243356 62.99331248 15.04101638
v -124.52129024 73.68599308 17.13176968
v -142.88741439 54.2469455 17.13177285
v -121.87627351 54.72394194 17.13177277
v -37.24224146 56.14228477 17.13176884
v -37.24224146 56.14228443 15.0410175
v -43.44432522 56.35849501 15.04101747
v -43.44432522 56.35849535 17.1317725
v -37.54308859 54.91532837 17.13176904
v -43.79602279 54.91039024 15.0410177
v -43.79602279 54.91039058 17.13177274
v -112.14655108 54.85642359 17.13177275
v -121.01282568 58.34738803 17.13177218
v -111.23879243 58.72188115 17.13177212
v -116.19160208 78.57981947 15.04101754
v -111.23879243 58.72188081 15.04102077
v -121.01282568 58.34738769 15.04102084
v -106.16997644 80.30565008 17.1317686
v -106.16997644 80.30564974 15.04101726
v -116.19160208 78.57981981 17.13176888
v -156.53214051 71.54257151 16.95332226
v -155.41095423 59.19961659 15.21947216
v -155.41095423 59.19961387 16.95332427
v -147.59638232 79.34379972 17.13176876
v -112.14655108 54.85642325 15.0410214
v -68.95598325 54.89052525 17.13177274
v -68.55413248 56.57903363 17.13177247
v -68.55413248 56.57903329 15.04101743
v -65.29279147 70.28292865 15.0410152
v -68.95598325 54.89052491 15.04101771
v -43.79602279 54.91039137 21.94043941
v -65.29279147 70.28292899 17.13177023
v -41.48045204 64.44435982 17.13177118
v -37.54308859 54.91532802 15.0410177
v -65.497167 54.89326134 24.63853984
v -68.95598325 54.89052603 21.94044311
v -68.55413248 56.57903441 21.94044283
v -43.44432522 56.35849614 21.94043918
v -65.10221649 56.54871692 24.63853957
v -47.20805183 54.90769601 24.63853984
v -46.84955015 56.38840577 24.6385396
v -146.3005494 76.32172924 16.73735495
v -153.16136886 70.06000161 18.01423141
v -146.3005494 76.32172945 18.01422669
v -141.96162367 56.93568094 16.7373581
v -124.89412141 71.07306736 16.7373558
v -107.82736446 77.32922951 18.01422284
v -55.30584752 63.94521692 16.73735327
v -107.82736446 77.3292293 16.73735109
v -141.96162367 56.93568115 18.01422985
v -124.89412141 71.07306756 18.01422755
v -152.28657284 60.87347416 16.73736116
v -152.28657284 60.87347437 18.01422921
v -153.16136886 70.0600014 16.73735966
v -56.08180372 56.51137743 18.01422623
v -56.08180372 56.51137722 16.73735448
v -55.30584752 63.94521713 18.01422502
v -114.65933261 76.54897566 18.01422296
v -114.65933261 76.54897545 16.73735122
v -9.31614883 60.63889825 0.37167987
v -14.96246002 58.669643 3.396774
v -15.03088573 60.41484072 0.37168152
v -9.24772312 58.89370053 3.39677235
v -15.03088573 60.4148417 6.42186562
v -9.31614883 60.63889924 6.4218642
v -15.16772513 63.90523813 6.42186505
v -9.45300025 64.12929567 6.42186363
v -15.23615084 65.65043586 3.39677286
v -9.27221068 59.5182324 3.39677248
v -9.52141394 65.87449339 3.39677121
v -15.16772513 63.90523715 0.37168164
v -9.45300025 64.12929468 0.37167999
v -19.21766884 59.20968336 8.2235607
v -19.10850266 56.42507655 3.39677575
v -19.43603726 64.77889685 -1.43001066
v -46.47112905 66.5078219 3.39678057
v -19.54521545 67.56350366 3.39677324
v -19.21769288 59.20968179 -1.43001068
v -19.43602523 64.77889842 8.22355979
v -46.14360648 58.15400003 -1.43000404
v -46.99649953 63.20208529 -0.5711328
v -46.36196287 63.72321208 -1.43000403
v -46.14359446 58.1539986 8.22356826
v -46.03442828 55.36939178 3.39678308
v -46.36195085 63.72321366 8.22356735
v -48.56857181 65.43308625 3.39678144
v -47.08625118 65.49120062 3.39678097
v -46.99649953 63.20208658 7.36469635
v -46.72725663 56.33472985 3.39678315
v -46.81700827 58.62384819 7.3646971
v -46.81700827 58.62384689 -0.57113206
v -48.29931688 58.56573081 7.36469711
v -48.29931688 58.56572952 -0.57113205
v -48.47882016 63.14396791 -0.57113187
v -48.47882016 63.14396921 7.36469636
v -48.20956524 56.27661247 3.39678362
v -48.50097557 63.70888258 -1.55034887
v -48.61285858 66.56291891 3.39678126
v -50.28847102 63.63880253 8.34391313
v -48.50096355 63.70888419 8.3439122
v -48.27717349 58.00081314 8.34391313
v -48.27717349 58.00081153 -1.55034886
v -48.16526644 55.14677982 3.39678381
v -50.28848304 63.63880092 -1.55034794
v -50.11267032 59.15507198 0.5719017
v -50.24046964 62.41445951 0.57190163
v -49.95277391 55.07669516 3.39678405
v -50.40036605 66.49283424 3.3967815
v -50.06466894 57.93073149 8.34391406
v -50.06466894 57.93072987 -1.55034793
v -9.44075046 63.81703115 5.88059123
v -9.3283866 60.95116277 0.9129525
v -9.49693841 65.24996153 3.39677131
v -9.3283866 60.95116358 5.8805917
v -9.44075046 63.81703034 0.91295249
v -49.23345044 62.45394073 0.57190162
v -50.30436329 64.04415373 3.39678213
v -50.24046964 62.41446043 6.22166333
v -50.04877667 57.52537867 3.39678342
v -50.11267032 59.1550729 6.22166478
v -49.28265396 63.70895551 3.39678195
v -49.29734409 64.08363797 3.39678189
v -49.23345044 62.45394166 6.22166332
v -49.04176949 57.5648599 3.39678341
v -49.10566314 59.19455413 6.22166431
v -49.10566314 59.1945532 0.57190169
v -49.11300821 59.3818953 5.89693277
v -49.05645962 57.93953935 3.39678335
v -49.11300821 59.38189448 0.89663318
v -49.22610537 62.26660257 0.89663294
v -49.22610537 62.26660338 5.8969323
v -50.00073923 62.23623436 5.8969323
v -50.05728781 63.67858649 3.39678196
v -50.00073923 62.23623355 0.89663272
v -49.83108146 57.90917033 3.39678336
v -49.88763004 59.35152328 5.89693277
v -49.88763004 59.35152246 0.89663296
v -9.45009108 64.0551378 0.50022019
v -4.01747198 60.99210455 0.62342968
v -9.31905801 60.71305518 0.50022027
v -4.14292713 64.1920253 0.62342939
v 0.62458493 65.10047864 3.39676903
v 0.67007384 63.94028565 1.38571096
v -9.45009108 64.05513874 6.29332346
v -4.20564268 65.79198463 3.39677007
v -9.51560761 65.72617958 3.39677123
v -9.31905801 60.71305612 6.293324
v -3.95472036 59.39214312 3.39677134
v -4.01745996 60.99210846 6.17011174
v -4.14291511 64.19202921 6.17011122
v -9.25354147 59.04201434 3.39677255
v 5.49899112 62.35378788 2.33437032
v 0.76105166 61.61989734 1.38571111
v 0.67007384 63.94028631 5.40782689
v 0.80654057 60.45970501 3.39676978
v 0.76105166 61.61989799 5.40782727
v 5.45092963 63.57959925 2.33437012
v 7.41120841 63.69797398 3.39676741
v 7.42403523 63.37079392 2.82964107
v 5.42691091 64.19250361 3.39676802
v 5.52303388 61.74088387 3.39676842
v 5.49899112 62.35378822 4.45916609
v 5.45092963 63.5795996 4.45916543
v 7.42403523 63.37079411 3.96389386
v 7.44968886 62.71643419 3.96389396
v 7.44968886 62.716434 2.82964117
v 7.46251567 62.38925413 3.39676785
v 115.00133286 115.14202361 1.244E-05
v 229.84605519 51.51341854 2.281E-05
v -57.98761362 42.60458224 -0.00078217
v 7.30386949 43.30943197 -0.00078228
v 67.68085509 -101.81603651 -7.70787014
v -52.13904267 66.28914535 -6.37607004
v 20.07211659 103.47855993 8.9177125
v -57.19570504 91.98927471 -15.04697994
v -126.04937628 91.98927622 -15.04697994
v 320.08175702 104.79878053 1.05E-05
v 320.08175702 101.93632679 -4.95790663
v 316.92614408 108.30504406 1.003E-05
v 320.08175702 101.93632709 4.95792844
v 320.08175702 96.21141735 -4.95790432
v 41.39322883 108.15613294 2.158E-05
v -50.38376452 80.56548542 11.99747229
v 44.45099373 88.47775604 -9.97452516
v -114.4548008 112.25842976 1.374E-05
v 47.52691693 108.89753801 -5.68354189
v -122.40098282 78.67600223 13.03861462
v 90.27897477 118.33316643 8.76003855
v 88.47836098 122.42227129 8.76003789
v -227.95759422 77.7652301 1.542E-05
v 8.06045925 55.71070175 14.92082695
v 58.99373516 74.40984525 14.92082575
v 53.28950495 74.40984525 14.92082575
v -62.58514333 52.38343248 14.92083118
v -81.04588778 57.76064502 14.92083215
v 42.08727735 74.40984525 14.92082575
v 36.38305314 74.40984525 14.92082575
v -193.29088393 75.03420581 14.92083303
v -198.99510212 75.03420581 14.92083303
v -167.4231285 62.00876122 14.92083054
v 60.28178424 123.73777787 3.61442866
v 97.3120937 119.04716692 5.58447369
v -205.51850542 -64.14705678 2.92E-05
v -64.1876297 20.78623106 9.26217959
v -65.35746651 30.39353316 5.71198064
v -212.40392063 79.66758824 8.49674398
v -454.07525769 80.96986624 1.399E-05
v 130.73169974 90.82954385 15.49327974
v 207.99927193 88.09973914 17.64342731
v 205.1958314 84.98693434 17.64342782
v 222.26187307 51.51340652 1.834E-05
v 201.45540825 84.7411836 -13.8328947
v 128.1149017 59.42988144 -13.83289058
v -451.630974 -15.14463304 -10.68149337
v 130.73169974 90.8295388 -15.49325524
v 207.99927193 88.09973339 -17.643401
v 413.56430808 111.201099 5.69723765
v 402.21496881 85.50750993 1.72E-05
v 415.82442419 125.19688392 -4.29131331
v -4.52514699 56.88155727 14.2797987
v 67.4894266 49.69311073 1.71E-05
v -210.67096619 38.04711777 -12.48627392
v 107.97883783 109.08504696 8.47E-06
v 282.31982922 90.57729515 1.084E-05
v 479.96506427 67.41409071 8.35011639
v 107.97883783 94.06837388 -8.6698754
v 417.5426885 70.52074773 -2.96919299
vn 0 0 -1
vn 0 -0.43099 0.90236
vn 0 -0.43044 0.90262
vn -1 0 0
vn -1 -0 0
vn -1 0 0
vn 0 -1 0
vn 0 -0.94703 0.32114
vn 0 0.93588 0.35233
vn 1 0 0
vn 0 -0.93588 0.35233
vn 0 -0.43566 0.90011
vn -0 0.43566 0.90011
vn 0 1 0
vn 0 -0.83752 -0.54641
vn 0 0 1
vn 0 0.43099 0.90236
vn 0 0.43044 0.90262
vn 0 1 -0
vn -0 0.94703 0.32114
vn 0 -0.93588 0.35233
vn 0 0.93588 0.35233
vn 0 -0.43566 0.90011
vn 0 0.83752 -0.54641
vn -0.03639 0.57753 -0.81556
vn 0.02009 -0.57806 -0.81575
vn 0.04882 -0.99881 -0.00024
vn 0.03639 -0.57753 0.81556
vn 0.99724 0.07362 -0.00999
vn -0.02009 0.57806 0.81575
vn -0.04882 0.99881 0.00024
vn 0.39211 -0.51157 -0.76455
vn -0.02009 0.57806 0.81575
vn 0.35114 0.56109 0.74958
vn 0.33612 0.5606 -0.75681
vn 0.37594 -0.92664 -0.00353
vn 0.27867 0.96038 -0.00302
vn 0.40736 -0.51105 0.75689
vn -0.77133 0.63638 0.00755
vn 0.04882 -0.99881 -0.00024
vn -0.03639 0.57753 -0.81556
vn -0.04882 0.99881 0.00024
vn 0.03639 -0.57753 0.81556
vn 0.02009 -0.57806 -0.81575
vn -0.02009 0.57807 0.81574
vn -0.74748 -0.41736 0.5168
vn -0.7576 -0.41774 -0.50153
vn -0.79377 0.30831 0.52428
vn -0.68658 -0.72702 0.00704
vn -0.80413 0.30793 -0.50848
vn 0.04882 -0.99881 -0.00024
vn -0.0364 0.57753 -0.81556
vn -0.04882 0.99881 0.00024
vn 0.03639 -0.57753 0.81556
vn 0.02009 -0.57807 -0.81574
vn 0.99724 0.07362 -0.00998
vn 0.0364 -0.57753 0.81556
vn 0.99723 0.07367 -0.00998
vn 0.99724 0.07362 -0.00999
vn 0.99723 0.07364 -0.00998
vn 0.99723 0.07364 -0.00998
vn 0.99724 0.07363 -0.00998
vn -0.99724 -0.07364 0.00999
vn 0.02009 -0.57806 -0.81575
vn -0.02008 0.57806 0.81575
vn 0.04882 -0.99881 -0.00024
vn -0.0364 0.57753 -0.81556
vn -0.04882 0.99881 0.00024
vn 0.99724 0.07359 -0.00998
vn 0.99724 0.07356 -0.00998
vn 0.99724 0.07363 -0.00999
vn 0.99724 0.07363 -0.00998
vn 0.99724 0.07363 -0.00998
vn 0.04882 -0.99881 -0.00024
vn -0.99724 -0.07364 0.00999
vn -0.99724 -0.07364 0.00998
vn -0.99723 -0.07364 0.00999
vn -0.99724 -0.07364 0.00999
vn -0.99724 -0.07363 0.00998
vn -0.99724 -0.07363 0.00999
vn -0.03639 0.57754 -0.81555
vn -0.02008 0.57805 0.81575
vn 0.02008 -0.57806 -0.81574
vn -0.04881 0.99881 0.00024
vn 0.0364 -0.57752 0.81557
vn -0.99723 -0.07364 0.00999
vn -0.99723 -0.07364 0.01
vn -0.99723 -0.07364 0.00998
vn -0.99724 -0.07364 0.00996
vn -0.99723 -0.07364 0.00999
vn 0.0364 -0.57753 0.81556
vn -0.99724 -0.07363 0.00998
vn 0.02009 -0.57807 -0.81574
vn -0.02009 0.57806 0.81575
vn 0.04882 -0.99881 -0.00024
vn -0.0364 0.57753 -0.81556
vn -0.04882 0.99881 0.00024
vn -0.02994 0.99955 6E-05
vn 0.12753 0.58137 0.80358
vn 0.05822 -0.57596 0.8154
vn 0.04191 -0.57649 -0.81603
vn 0.00173 0.57935 0.81508
vn 0.0677 -0.99771 -0.00043
vn -0.01456 0.57882 -0.81533
vn 0.11113 0.9938 -0.00135
vn 0.17697 -0.98422 -0.00153
vn 0.11146 0.58084 -0.80635
vn 0.07933 0.99685 -0.00104
vn 0.18406 -0.56144 0.80679
vn 0.16788 -0.56197 -0.80994
vn 0.21048 0.57754 0.78876
vn 0.22039 -0.55547 0.8018
vn 0.2043 -0.556 -0.80569
vn 0.16385 0.58021 0.79781
vn 0.20876 -0.97796 -0.00185
vn 0.14789 0.57968 -0.80131
vn 0.99723 0.07364 -0.00998
vn 0.24982 -0.96829 -0.00226
vn 0.1947 0.57703 -0.79318
vn 0.15222 0.98835 -0.00176
vn 0.26701 -0.54659 0.79369
vn 0.25107 -0.54712 -0.79852
vn 0.0241 0.56837 -0.82242
vn -0.02428 -0.58758 -0.8088
vn -0.04182 -0.99909 0.00879
vn -0.0241 -0.56837 0.82242
vn 0.99801 -0.06309 0.00038
vn 0.02428 0.58759 0.8088
vn 0.04182 0.99909 -0.00879
vn 0.34701 -0.56648 -0.74745
vn 0.02428 0.58759 0.8088
vn 0.3953 0.52428 0.75424
vn 0.39643 0.5059 -0.7661
vn 0.28567 -0.95829 0.00837
vn 0.36901 0.92939 -0.00823
vn 0.34858 -0.54857 0.75998
vn -0.69289 0.72101 -0.00622
vn -0.04182 -0.99909 0.00879
vn 0.0241 0.56837 -0.82242
vn 0.04182 0.99909 -0.00879
vn -0.0241 -0.56837 0.82242
vn -0.02428 -0.58759 -0.8088
vn 0.02428 0.58758 0.8088
vn -0.79658 -0.30965 0.51921
vn -0.7956 -0.32287 -0.51262
vn -0.75552 0.4164 0.50578
vn -0.76556 -0.64334 0.00578
vn -0.75711 0.40362 -0.51368
vn -0.04182 -0.99909 0.00879
vn 0.0241 0.56837 -0.82242
vn 0.04182 0.99909 -0.00879
vn -0.0241 -0.56837 0.82242
vn -0.02427 -0.58759 -0.8088
vn 0.99801 -0.06309 0.00038
vn -0.0241 -0.56837 0.82242
vn 0.99801 -0.06313 0.00038
vn 0.99801 -0.06309 0.00038
vn 0.99801 -0.06309 0.00038
vn 0.99801 -0.06309 0.00038
vn 0.99801 -0.0631 0.00038
vn -0.99801 0.06309 -0.00039
vn -0.02429 -0.58758 -0.8088
vn 0.02428 0.58758 0.8088
vn -0.04182 -0.99909 0.00879
vn 0.0241 0.56838 -0.82241
vn 0.04182 0.99909 -0.00879
vn 0.99801 -0.06313 0.00038
vn 0.99801 -0.06308 0.00038
vn 0.99801 -0.0631 0.00038
vn 0.99801 -0.06309 0.00037
vn 0.99801 -0.06309 0.00039
vn -0.04182 -0.99909 0.00879
vn -0.99801 0.0631 -0.00038
vn -0.99801 0.06309 -0.00039
vn -0.99801 0.0631 -0.00039
vn -0.99801 0.06308 -0.00039
vn -0.99801 0.0631 -0.00038
vn -0.99801 0.0631 -0.00036
vn 0.0241 0.56837 -0.82242
vn 0.02427 0.58759 0.8088
vn -0.02428 -0.58759 -0.8088
vn 0.04182 0.99909 -0.00879
vn -0.0241 -0.56838 0.82241
vn -0.99801 0.06304 -0.00038
vn -0.998 0.06314 -0.00038
vn -0.99802 0.06294 -0.00038
vn -0.998 0.06314 -0.00038
vn -0.99801 0.06312 -0.00036
vn -0.0241 -0.56837 0.82242
vn -0.99801 0.06309 -0.00038
vn -0.02428 -0.58758 -0.8088
vn 0.02428 0.58759 0.80879
vn -0.04182 -0.99909 0.00879
vn 0.02409 0.56836 -0.82242
vn 0.04182 0.99909 -0.00879
vn 0.0607 0.99812 -0.00878
vn 0.17177 0.57286 0.80145
vn -0.00223 -0.56947 0.82201
vn -0.00249 -0.58866 -0.80838
vn 0.04607 0.58623 0.80884
vn -0.02294 -0.9997 0.00879
vn 0.04598 0.56701 -0.82243
vn 0.20177 0.97939 -0.00864
vn 0.08634 -0.99623 0.00874
vn 0.17219 0.55371 -0.81471
vn 0.16998 0.98541 -0.00869
vn 0.12399 -0.57043 0.81193
vn 0.1232 -0.58938 -0.79841
vn 0.25471 0.55873 0.78927
vn 0.16045 -0.56899 0.80654
vn 0.15952 -0.58783 -0.7931
vn 0.20808 0.56721 0.79685
vn 0.11814 -0.99296 0.00871
vn 0.20864 0.54812 -0.80996
vn 0.99801 -0.06312 0.00037
vn 0.15923 -0.9872 0.00865
vn 0.25544 0.53975 -0.80213
vn 0.24285 0.97003 -0.00857
vn 0.20728 -0.56598 0.79794
vn 0.20616 -0.58463 -0.78467
vn -0 -1 0
vn 0 1 -0
vn 0.72904 0 0.68447
vn -0.5757 0 0.81766
vn 0.57582 0 -0.81758
vn 0 1 -0
vn -0.5757 0 0.81766
vn -0.84485 0 -0.535
vn 0.37453 -0.86336 0.33813
vn -0 -1 0
vn -0.57571 0 0.81765
vn 0.57583 0 -0.81757
vn 0.37453 0.86336 0.33813
vn -0.50109 -0.80512 -0.31731
vn -0.49931 0.80385 -0.32328
vn 0.57583 0 -0.81757
vn 0.97009 0 0.24276
vn 0 -1 0
vn 0.98728 0 0.15902
vn 0 -1 -0
vn 0 -1 0
vn -0 -1 0
vn 0.9463 0 0.3233
vn 0.88448 0 0.46657
vn 0.95149 0 0.30769
vn 0 -1 0
vn 0.55618 0 -0.83106
vn 0.7874 0 0.61645
vn 0.55619 0 -0.83106
vn 0.56967 -0.76582 0.29833
vn 0.50435 -0.77806 0.37451
vn 0.59377 -0.78075 0.19458
vn 0.59432 -0.78073 0.193
vn 0.5975 -0.78176 0.17844
vn 0.61606 -0.78044 0.10669
vn 0.62474 -0.78083 0
vn 0 -1 0
vn -0 -1 -0
vn -0 -1 0
vn 0 -1 0
vn 0.5562 0 -0.83105
vn -0 -1 0
vn -0 -1 0
vn 0.56037 0 -0.82824
vn 0 -1 -0
vn 0 -1 0
vn -0.25192 0 0.96775
vn -0.98876 0 -0.14949
vn -0.94906 0 -0.31509
vn -0.95683 0 -0.29066
vn -0.91818 0 -0.39615
vn -0.88935 0 -0.45723
vn -0.8438 0 -0.53666
vn 0.55619 0 -0.83106
vn -0.00039 0.99999 0.00421
vn -0.99945 0 0.03325
vn 0.55619 0 -0.83106
vn 0.7874 0 0.61645
vn 0.55618 0 -0.83106
vn 0.95149 0 0.30769
vn 0.88448 0 0.46657
vn 0.9463 0 0.3233
vn 0.98728 0 0.15902
vn 0.97009 0 0.24276
vn -0.8817 0 -0.47182
vn -0.88935 0 -0.45723
vn -0.91818 0 -0.39615
vn -0.95683 0 -0.29066
vn -0.94906 0 -0.31509
vn -0.99995 0 -0.01015
vn 0 -1 -0
vn -0.95833 0 -0.28568
vn 0.98386 0 0.17895
vn -0.98876 0 -0.1495
vn 0 -1 0
vn 0 -1 -0
vn 0.61188 -0.78382 0.10597
vn 0.98386 0 0.17895
vn 0 -1 0
vn -0 -1 0
vn -0.99945 0 0.03325
vn 0.55619 0 -0.83106
vn 0.55618 0 -0.83106
vn -0 -1 0
vn -0 -1 0
vn -0 -1 0
vn -0 -1 0
vn -0 -1 -0
vn 0 -1 -0
vn 0.40943 0.50148 0.76216
vn 0 -1 0
vn 0.55618 0 -0.83106
vn 0 -1 0
vn -0 -1 -0
vn 0 -1 0
vn 0.55619 0 -0.83106
vn 0.55619 0 -0.83106
vn -0.52796 0.84924 0.00681
vn 0.55619 0 -0.83105
vn -0.98876 0 -0.1495
vn -0.8438 0 -0.53666
vn -0.88935 0 -0.45723
vn -0.95683 0 -0.29066
vn -0.94906 0 -0.31509
vn -0.98876 0 -0.1495
vn 0.55619 0 -0.83105
vn -0.00018 1 0.00192
vn 0.99859 0 0.05305
vn 0.55619 0 -0.83106
vn 0.7874 0 0.61645
vn 0.55619 0 -0.83106
vn 0.95149 0 0.30769
vn 0.88448 0 0.46657
vn 0.98728 0 0.15902
vn 0.97009 0 0.24276
vn 0.99859 0 0.05305
vn 0 0.58122 -0.81375
vn 0 -0.94907 0.31506
vn -0 0.99674 -0.08072
vn 0 0.95884 0.28396
vn 0 -0.62449 0.78103
vn 0.3321 0.90442 0.26784
vn 0.1603 0 -0.98707
vn 0.06572 0 0.99784
vn 0.62474 -0.78083 0
vn 0.06572 0 0.99784
vn 0.1603 0 -0.98707
vn 0.1603 0 -0.98707
vn 0.1898 -0.98182 0
vn 0.06572 0 0.99784
vn 0.97009 0 0.24276
vn 0 1 0
vn 0.98728 0 0.15902
vn 0 1 0
vn -0 1 0
vn 0.9463 0 0.3233
vn 0.88448 0 0.46657
vn 0.95149 0 0.30769
vn 0.7874 0 0.61645
vn 0.55619 0 -0.83106
vn 0.57203 0.76377 0.29904
vn 0.52102 0.76338 0.38181
vn 0.5928 0.78152 0.19448
vn 0.59432 0.78073 0.193
vn 0.5965 0.78253 0.17842
vn 0.61606 0.78044 0.10669
vn 0 0 1
vn 0.62474 0.78083 0
vn 0 1 0
vn 0 1 -0
vn -0 1 0
vn 0 1 0
vn 0.55619 0 -0.83106
vn -0 1 -0
vn -0 1 0
vn 0.56037 0 -0.82824
vn 0 1 -0
vn -0.25192 0 0.96775
vn -0.98876 0 -0.1495
vn -0.94906 0 -0.31509
vn -0.95683 0 -0.29066
vn -0.91818 0 -0.39615
vn -0.88935 0 -0.45723
vn -0.8438 0 -0.53666
vn 0.55619 0 -0.83106
vn 0 -0.99999 0.00511
vn -0.99945 0 0.03325
vn 0.7874 0 0.61645
vn 0.55618 0 -0.83106
vn 0.95149 0 0.30769
vn 0.88448 0 0.46657
vn 0.9463 0 0.3233
vn 0.98728 0 0.15902
vn 0.97009 0 0.24276
vn -0.8817 0 -0.47182
vn -0.91818 0 -0.39615
vn -0.95683 0 -0.29066
vn -0.94906 0 -0.31509
vn -0.99995 0 -0.01015
vn -0.95833 0 -0.28568
vn 0.98386 0 0.17895
vn -0.98876 0 -0.1495
vn 0 1 -0
vn 0 1 -0
vn 0.61188 0.78382 0.10597
vn 0.98386 0 0.17895
vn 0 1 0
vn -0 1 -0
vn -0.99945 0 0.03325
vn 0.55619 0 -0.83106
vn -0 1 0
vn -0 1 -0
vn -0 1 0
vn -0 1 -0
vn -0 1 0
vn 0 1 -0
vn 0.3216 0 0.94688
vn 0 1 -0
vn 0.55618 0 -0.83106
vn 0 1 -0
vn -0 1 0
vn 0 1 0
vn 0 1 0
vn 0.55619 0 -0.83106
vn 0.55619 0 -0.83106
vn -0.5259 -0.85051 0.00739
vn 0.55619 0 -0.83105
vn -0.98876 0 -0.1495
vn -0.88935 0 -0.45723
vn -0.95683 0 -0.29066
vn -0.94906 0 -0.31509
vn -0.98876 0 -0.1495
vn 0.55618 0 -0.83106
vn 0 -1 0.00204
vn 0.55619 0 -0.83106
vn 0.55619 0 -0.83106
vn 0.95149 0 0.30769
vn 0.9463 0 0.3233
vn 0 -0.58122 -0.81375
vn 0 0.94907 0.31506
vn -0 -0.99674 -0.08072
vn 0 -0.95884 0.28396
vn 0 0.62449 0.78103
vn -1 -1E-05 0
vn 0.2495 -0.53228 0.80897
vn 0.06572 0 0.99784
vn 0.62474 0.78083 0
vn 0.1898 0.98182 0
vn 0.06572 0 0.99784
vn 1 2E-05 0
vn 0 -0.97198 0.23506
vn 0 -0.41429 0.91015
vn -0 -0.83186 -0.55499
vn 1 -1E-05 0
vn 0 -0.77464 0.6324
vn 0 -0.97198 0.23506
vn 0 -0.41429 0.91015
vn 1 1E-05 0
vn -0 -0.98223 -0.18766
vn 1 0 0
vn 0 -0.77464 0.6324
vn 1 7E-05 0
vn 0 -0.97198 0.23506
vn 0 -0.41429 0.91015
vn 1 2E-05 0
vn -0 -0.98223 -0.18766
vn 1 -3E-05 0
vn 0 0.9725 0.23289
vn 0 0.41429 0.91015
vn -1 -0 0
vn -1 1E-05 0
vn 1 2E-05 0
vn -1 -1E-05 0
vn 0 0.77464 0.6324
vn 0 0.97198 0.23506
vn 0 0.41429 0.91015
vn -1 -1E-05 0
vn -0 0.98223 -0.18766
vn 0 0.77464 0.6324
vn 1 -9E-05 0
vn 0 0.97198 0.23506
vn 0 0.41429 0.91015
vn -1 -2E-05 0
vn -1 3E-05 0
vn -0 0.98224 -0.18765
vn 1 4E-05 0
vn 0 -0.80481 -0.59353
vn 0 0.9865 -0.16375
vn 0 0.76693 0.64173
vn 1 -2E-05 0
vn 0.46277 0 0.88648
vn 0.9991 0 0.04247
vn 0.53633 0 -0.84401
vn -0.46277 0 -0.88648
vn -0.9991 0 -0.04247
vn -0.53633 0 0.84401
vn -0 1 -0
vn 0.46276 0 0.88648
vn 0.9991 0 0.04247
vn 0.53633 0 -0.84401
vn -0.46277 0 -0.88648
vn -0.9991 0 -0.04247
vn -0.53633 0 0.84401
vn 0 1 0
vn -0 1 0
vn 0 1 -0
vn 0.46277 0 0.88648
vn 0.9991 -1E-05 0.04247
vn 0.53633 0 -0.84401
vn -0.46277 -0 -0.88648
vn -0.9991 0 -0.04247
vn -0.53633 0 0.84401
vn 0.46277 0 0.88648
vn 0.9991 0 0.04247
vn 0.53633 -0 -0.84401
vn -0.46277 0 -0.88648
vn 0 -1 0
vn -0.9991 0 -0.04247
vn -0.53633 1E-05 0.84401
vn 0 1 0
vn 0 1 -0
vn 1 -0 0
vn -0 1 -0
vn 1 0 -0
vn 1 -1E-05 0
vn 1 -1E-05 -1E-05
vn -0 -0.57872 -0.81553
vn 0 -0.57872 0.81553
vn -0 0.57872 -0.81553
vn 0 -1 0
vn 0 0.57872 0.81553
vn -1 -2E-05 0
vn -1 0 0
vn -1 1E-05 0
vn -1 1E-05 0
vn 0 1 0
vn 1 0 0
vn 0 -1 0
vn 0 0 -1
vn -0 -1 -0
vn 1 0 0
vn 0 0 -1
vn 0 1 0
vn 0 -0 -1
vn -0 -1 0
vn -0 1 -0
vn -1 -0 0
vn 0 0.57872 0.81553
vn 0 -0.57872 0.81553
vn -0 -1 0
vn -0 -0.57872 -0.81553
vn -0 0.57872 -0.81553
vn -0 1 -0
vn 1 -1E-05 0
vn 1 0 0
vn 1 0 -0
vn 1 1E-05 -0
vn 1 -1E-05 0
vn -1 0 0
vn -1 -0 0
vn -1 -6E-05 0
vn 0.67148 0.42884 -0.60433
vn -1 -0 0
vn -1 4E-05 0
vn -1 0 0
vn 0 0.57872 -0.81553
vn 0 -0.57872 -0.81553
vn 0 -1 -0
vn 0 0.57872 0.81553
vn 0.67148 -0.42885 -0.60433
vn 0 0.57872 0.81553
vn 0 -0.57872 0.81553
vn 0 -1 -0
vn -0 -0.57872 -0.81553
vn -0 0.57872 -0.81553
vn -0 1 -0
vn 1 -0 0
vn 1 0 0
vn -1 -1E-05 0
vn -1 -1E-05 0
vn -1 -1E-05 0
vn -0.97394 -0 -0.22682
vn 0 1 0
vn 0.99859 0 0.05302
vn -0 1 -0
vn -0.02974 0 0.99956
vn -0 -1 0
vn 0.91717 0 0.39851
vn 0 1 0
vn -0.49465 0 -0.86909
vn -0.80785 0 0.58939
vn -0.99707 0 -0.0765
vn -0 -1 -0
vn 0.71987 0 0.69411
vn -0 -1 0
vn 0.97195 0 -0.23518
vn 0.31559 0 0.9489
vn 1 -0 0
vn 0 1 0
vn -0 -1 -0
vn -0 -0 1
vn 0 0 -1
vn 0 -1 -0
vn 0 0 1
vn -0 1 0
vn 0 -0 1
vn 0 -1 -0
vn -1 -0 0
vn 0 1 0
vn 0 -0 -1
vn -1 -0 0
vn 0 1 0
vn 0 -1 0
vn 0 0 -1
vn -0 -1 -0
vn -0 0 -1
vn 0 1 0
vn 0 -0 -1
vn -0 1 -0
vn -1 0 0
vn 0 -0 1
vn -0.0287 -0.99959 -0.00075
vn -0.99965 -0.00975 -0.02452
vn -0.15052 -0.84129 -0.51921
vn -0.19155 -0.84879 0.49281
vn -0.28634 0 -0.95813
vn -0.36531 0 0.93089
vn -0.0287 0.99959 -0.00075
vn -0.99963 -0.00795 -0.02616
vn -0.15052 0.84129 -0.51921
vn -0.19155 0.84879 0.49281
vn -0.28634 0 -0.95813
vn -0.36531 0 0.93089
vn -0 0.57872 -0.81553
vn 0 -0.57872 -0.81553
vn 0 -1 0
vn 0 -0.57872 0.81553
vn 1 -0 0
vn -0 0.57872 0.81553
vn -0 1 0
vn -1 0 -0
vn -0 1 0
vn -1 0 0
vn -1 -0 -0
vn -1 -0 0
vn -1 -0 0
vn 0 -0.57872 0.81553
vn 0 -0.57872 -0.81553
vn -0 0.57872 0.81553
vn 0 -1 0
vn -0 0.57872 -0.81553
vn -0 -1 0
vn 1 0 -0
vn 1 -0 0
vn 1 -0 -0
vn 1 0 0
vn 0 0.57872 -0.81553
vn 0 0.57872 0.81553
vn 0 -0.57872 -0.81553
vn -0 1 0
vn -0 -0.57872 0.81553
vn -0 0.57872 -0.81553
vn 1 -0 0
vn 1 0 0
vn 1 0 0
vn -0 0.57872 0.81553
vn 0 -0.57872 -0.81553
vn -0 1 0
vn 0 -0.57872 0.81553
vn 0 -1 -0
vn 0 0.57872 0.81553
vn 0 -0.57872 0.81553
vn 0 -1 0
vn -0 -0.57872 -0.81553
vn -1 -0 0
vn -0 0.57872 -0.81553
vn -0 1 -0
vn 0.08565 -0.57659 -0.81253
vn 0 1 0
vn 0.08565 -0.57659 0.81253
vn 0.08565 0.57659 -0.81253
vn 0.08565 0.57659 0.81253
vn 0.07407 -0.99725 0
vn 0.07407 0.99725 -0
vn -0 -0.57872 -0.81553
vn 0 -0.57872 0.81553
vn -0 0.57872 -0.81553
vn -0 -1 0
vn 0 0.57872 0.81553
vn 1 0 0
vn 1 2E-05 0
vn 0 -0.99455 0.10428
vn -0.28209 -0.95939 -0
vn 0 -0.62488 0.78072
vn -0 -1 0
vn -1 0 -0
vn 0 -0.69834 0.71577
vn 0 -1 0
vn 0 -0.62488 0.78072
vn 0 -0.99455 0.10428
vn -1 0 0
vn -1 0 0
vn 0 -0.62488 0.78072
vn -1 2E-05 0
vn 0 -0.62488 0.78072
vn 1 0 0
vn -0 0.54616 -0.83768
vn 0 0.99712 -0.07578
vn -1 -0 0
vn 0 -0.94548 0.32569
vn -1 0 -0
vn 0 -0.94548 0.32569
vn 1 -0 0
vn 1 0 0
vn 1 0 0
vn -0 0.78194 -0.62335
vn 1 -0 0
vn 1 -1E-05 0
vn 0 0.99455 0.10428
vn -0.12527 0.99212 0
vn 0 0.62488 0.78072
vn 1 0 0
vn 0 1 0
vn -1 -1E-05 -0
vn 0 0.91526 0.40286
vn 0 1 0
vn 0 0.62488 0.78072
vn 0 0.99455 0.10428
vn -1 0 -0
vn -1 0 -0
vn 0 0.62488 0.78072
vn 0 -1 0
vn 0 0.62488 0.78072
vn 0 -0.54615 -0.83768
vn -0 -0.99712 -0.07578
vn 0 0.99455 0.10428
vn -1 0 -0
vn 0 0.99455 0.10428
vn 1 -0 0
vn 1 0 0
vn -0 -0.78194 -0.62335
vn 0 0.99455 0.10428
vn 0 0.62488 0.78072
vn 0 0.99455 0.10428
vn 0 0.62488 0.78072
vn 0 1 0
vn 0 0.91526 0.40286
vn -0 -0.94548 0.32569
vn 0 -0.62488 0.78072
vn 0 -0.99455 0.10428
vn 0 -0.62488 0.78072
vn -0.77956 -0.62633 0
vn 0 -0.69834 0.71577
vn 0 -0.69834 0.71577
vn 0 -0.62488 0.78072
vn 0 -0.99455 0.10428
vn 0 -0.62488 0.78072
vn 0 -0.94548 0.32569
vn 0 0.91526 0.40286
vn -0 1 0
vn -0 0.62488 0.78072
vn -0 0.99455 0.10428
vn 0 0.62488 0.78072
vn -0 0.99455 0.10428
vn 1 1E-05 0
vn 1 0 0
vn 0 0 1
vn 0 -0 -1
vn -0 0 -1
vn 1 -0 0
vn -0 -1 0
vn 0 0 1
vn 0 0.82263 0.56857
vn -1 0 0
vn 0 -0.82263 0.56857
vn 0 -0.80439 -0.5941
vn -1 -1E-05 0
vn -0.00173 0.57872 0.81553
vn -0.00173 -0.57872 0.81553
vn 0 -1 0
vn 0.00173 -0.57872 -0.81553
vn 0.00916 0.57869 -0.81549
vn 0.00173 0.57872 -0.81553
vn 0 1 0
vn 0 -0.57872 -0.81553
vn -0.29683 0.95493 0
vn -0 -0.57872 0.81553
vn 0 0.57872 -0.81553
vn -0 0.57872 0.81553
vn -0 -1 -0
vn 0 1 0
vn 0 0.57872 -0.81553
vn -0.33854 -0.54454 -0.76738
vn -0.33854 -0.54455 0.76737
vn -0.33854 0.54454 -0.76737
vn -0.29684 -0.95493 -0
vn -0.33854 0.54454 0.76737
vn 0.40277 0.9153 -0
vn -0 -1 0
vn -0 0.57872 0.81553
vn 0 1 -0
vn 0 -0.57872 -0.81553
vn -0 -0.57872 0.81553
vn 0.45384 -0.51568 -0.7267
vn 0.45384 -0.51568 0.72671
vn 0.45384 0.51569 -0.7267
vn 0.40277 -0.9153 -0
vn 0.45384 0.51568 0.7267
vn 0.02187 -0.57858 -0.81533
vn -0.00916 0.57869 0.81549
vn 0 -1 0
vn -0 1 -0
vn 0.00916 -0.57869 -0.81549
vn -0.00916 -0.57869 0.81549
vn -0.02187 -0.57858 0.81533
vn 0.02187 0.57858 -0.81533
vn 0 -1 -0
vn -0.02187 0.57858 0.81533
vn -0 1 -0
vn -0.99632 0 -0.08572
vn 0 1 0
vn 0.99632 0 0.08572
vn -0 -1 0
vn 0.20823 0 -0.97808
vn -0.20823 0 0.97808
vn -0.20823 0 0.97808
vn -0.15987 -0.64077 0.75091
vn -0.20823 0 0.97808
vn -0.15987 0.64077 0.75091
vn 0.20823 0 -0.97808
vn 0.20823 0 -0.97808
vn 0.99632 0 0.08572
vn 0.99632 0 0.08572
vn 0.99632 0 0.08572
vn -0.99632 0 -0.08572
vn -0.99632 0 -0.08572
vn -0.99632 0 -0.08572
vn -0.99632 0 -0.08572
vn -0.78618 0.618 0
vn 0.78618 -0.618 0
vn -0 0.4467 -0.89468
vn 0 -0.4467 0.89468
vn 0 0.4467 0.89468
vn -0 -0.4467 -0.89468
vn 0.78618 0.618 0
vn -0.78618 -0.618 0
vn -0.78618 0.61799 0
vn 0.78618 -0.61799 0
vn -0 0.4467 -0.89468
vn 0 -0.4467 0.89468
vn 0 0.4467 0.89468
vn -0 -0.4467 -0.89468
vn 0.78618 0.61799 0
vn -0.78618 -0.61799 0
vn -0.78618 0.618 0
vn 0.78618 -0.618 0
vn -0 0.4467 -0.89468
vn 0 -0.4467 0.89468
vn 0 0.4467 0.89468
vn -0 -0.4467 -0.89468
vn 0.78618 0.618 0
vn -0.78617 -0.61801 0
vn 0.78617 -0.61801 0
vn -0 0.4467 -0.89468
vn 0 -0.4467 0.89468
vn 0 0.4467 0.89468
vn -0 -0.4467 -0.89468
vn 0.78617 0.61801 0
vn 0 -0.41991 0.90757
vn -0.74271 0 0.66962
vn -0.75568 0 0.65494
vn -0.77024 0.00606 0.63772
vn -0.38657 -0.00208 0.92226
vn 0 0.41991 0.90757
vn 0 0.97323 0.22981
vn 0 0.75377 0.65714
vn -0.74271 0 0.66962
vn -0.75568 0 0.65494
vn -0.77024 -0.00606 0.63772
vn 0.86739 0 -0.49763
vn -0 0 -1
vn 0.57625 0 -0.81727
vn 0.00523 0 -0.99999
vn 0 -0.75377 0.65714
vn 0 -0.97323 0.22981
vn 0.9942 0 -0.10754
vn -0 0 -1
vn 0 0 -1
vn 0.68979 0 -0.72401
vn 0.48585 0 -0.87404
vn 0.63829 0 -0.7698
vn 0.9942 0 -0.10755
vn 0.68979 0 -0.72401
vn 0.18155 0 -0.98338
vn -0.57942 0 0.81503
vn 0 1 0
vn 0.57942 0 0.81503
vn 0 -1 0
vn -0 0 -1
vn 0 0 1
vn 0.57942 0 -0.81503
vn -0 1 -0
vn -0.57942 0 -0.81503
vn 0 -1 0
vn 0.57942 0 0.81503
vn -0 0 -1
vn 0 0 1
vn 0 1 0
vn 0.57942 0 -0.81503
vn -0 -1 0
vn -0.57942 0 -0.81503
vn 0.5 0 0.86603
vn 1 0 0
vn 0.5 0 -0.86603
vn -0.5 -0 -0.86603
vn -1 0 0
vn -0.5 0 0.86603
vn -0.86544 0 -0.50101
vn 0 1 0
vn 0 1 0
vn 0.50101 0 -0.86544
vn -0 -1 -0
vn -0.50101 0 0.86544
vn 0.86544 0 0.50101
vn -0 -1 -0
vn 0.86359 0 -0.50419
vn -0.00717 0 0.99997
vn -0 -1 0
vn 0.86544 0 0.50101
vn 0 1 0
vn 0 1 0
vn -0.50101 0 0.86544
vn 0.50101 0 -0.86544
vn -0.2577 0 -0.96623
vn -0.86544 -0 -0.50101
vn 0 1 -0
vn -0.50101 0 0.86544
vn 0.86544 0 0.50101
vn -0.86544 0 -0.50101
vn 0.59108 0 0.80661
vn 0.99409 0 -0.10859
vn 0.403 0 -0.9152
vn -0.59108 -0 -0.80661
vn -0.99409 0 0.10859
vn -0.403 0 0.9152
vn 0 1 -0
vn 0 1 -0
vn 0.80541 0.57872 0.12801
vn 0.80541 -0.57873 0.12801
vn -0 -1 -0
vn -0.15697 0 0.9876
vn -0.80541 -0.57873 -0.12801
vn -0.80541 0.57873 -0.12801
vn 0.15697 0 -0.9876
vn -0.23599 0.97175 0
vn 0.06305 0 -0.99801
vn -0.06305 0 0.99801
vn -0.73254 0.68072 -0
vn -0.23599 -0.97175 0
vn -0.23971 -0.001 0.97084
vn 0.23971 -0.00099 -0.97084
vn 0.23907 0 -0.971
vn -0.23907 0 0.971
vn -0.73254 -0.68072 0
vn -0.06305 0 0.99801
vn 0.06305 0 -0.99801
vn 0.5 0 0.86603
vn 1 0 0
vn 0.5 -0 -0.86603
vn -0.5 -0 -0.86603
vn -0.5 0 0.86602
vn 0.5 0 0.86603
vn 1 -0 0
vn 0.5 0 -0.86603
vn -0.5 0 -0.86603
vn -0 -1 0
vn -0.5 0 0.86603
vn -0 1 -0
vn 0.5 -0 0.86603
vn 0.5 0 -0.86603
vn -0.5 0 -0.86602
vn 0 1 -0
vn -0 -1 0
vn 0.5 0 0.86603
vn -0.5 0 -0.86603
vn -0.5 0 0.86603
vn 0.5 0 0.86603
vn 0.5 0 -0.86602
vn -0.5 0 -0.86602
vn 0 -1 0
vn -0.5 -0 0.86602
vn 0.5 0 0.86603
vn 0.5 0 -0.86602
vn -0.5 0 -0.86603
vn -0.5 0 0.86603
vn 0.5 0 0.86603
vn 1 0 0
vn -0.5 0 -0.86603
vn 0 -1 -0
vn -0.5 -0 0.86603
vn -0 1 -0
vn 0.5 -0 0.86603
vn -0.5 1E-05 -0.86603
vn 0 1 -0
vn -0.5 -1E-05 0.86602
vn 0 -1 0
vn 0.5 0 0.86602
vn 1 -0 0
vn 0.5 0 -0.86602
vn -0.5 0 -0.86603
vn 0 -1 -0
vn -0.5 0 0.86603
vn 0.5 0 0.86603
vn 1 0 0
vn 0.5 0 -0.86603
vn -0.5 0 -0.86602
vn -0.5 -0 0.86602
vn 0.5 -0 0.86603
vn 0.5 0 -0.86602
vn -0.5 0 -0.86603
vn -0 -1 0
vn -1 0 0
vn -0.5 0 0.86603
vn 0.5 0 0.86603
vn 0.5 0 -0.86602
vn -0.5 0 -0.86603
vn -0.5 0 0.86603
vn 0 1 0
vn 0.5 0 0.86602
vn 1 0 0
vn 0.5 0 -0.86603
vn -0.5 -0 -0.86602
vn 0 -1 0
vn 0 -1 -0
vn -0.5 0 0.86603
vn 0 1 -0
vn -0 1 0
vn -0 1 0
vn 0.5 0 0.86602
vn 0.5 0 -0.86603
vn -0.5 0 -0.86603
vn -0 -1 0
vn 0 -1 0
vn -0.5 0 0.86603
vn -0 1 -0
vn -0 1 0
vn 0 1 0
vn 0 -0.97463 0.22381
vn 0.3095 0 0.9509
vn -0.0006 0 1
vn 0 -1 -0
vn 0.75037 -0.00897 0.66096
vn 0.7504 -0.00232 0.66098
vn -0.00097 0 1
vn 0 0.93938 0.34287
vn 0.3095 0 0.9509
vn 0 0.99187 0.12723
vn -0.0006 0 1
vn 0.7504 0.00232 0.66098
vn 0.7504 0.00233 0.66098
vn -0.06859 0.99051 0.11907
vn 0.77077 0 0.63711
vn 0.20377 0 0.97902
vn 0 1 -0
vn 0.20377 0 0.97902
vn 0.20377 0 0.97902
vn 0.05974 0 0.99821
vn 0 1 0
vn 1 0 0
vn -0.5 0 0.86603
vn -0.5 0 -0.86603
vn 0.5 0 -0.86603
vn 0.5 0 0.86602
vn -0.5 0 -0.86603
vn 0.5 0 -0.86603
vn 0.5 0 0.86603
vn 1 0 0
vn 0.5 0 -0.86603
vn 1 -0 0
vn 0.5 0 0.86603
vn -0.5 -0 0.86603
vn 0 1 -0
vn -0.5 0 -0.86603
vn -0.5 0 -0.86603
vn -1 -0 0
vn -0.5 0 0.86603
vn 0.5 -0 0.86603
vn 0 -1 -0
vn 0.5 0 -0.86603
vn 0 1 0
vn 0 -1 0
vn 0 -1 0
vn 0 1 -0
vn 0 1 0
vn 0.99985 0 -0.01716
vn 0 1 0
vn -0.99985 -0 0.01716
vn -0 -1 -0
vn 0.02246 -0 0.99975
vn -0.02246 0 -0.99975
vn -0.02246 0 -0.99975
vn -0.56095 -0 0.82785
vn -0 -1 -0
vn 0 1 0
vn 0 1 0
vn 0.02246 -0 0.99975
vn -0.02246 0 -0.99975
vn -0 -1 -0
vn 0 -1 -0
vn -0 -1 -0
vn -0.02246 0 -0.99975
vn -0.02246 0 -0.99975
vn -0 1 0
vn 0 1 0
vn 0.60315 -0 0.79763
vn 0.02245 -0 0.99975
vn -0.48564 0 0.87416
vn -0.62491 0 0.7807
vn 0.48564 0 -0.87416
vn 0 1 0
vn -0 -1 0
vn -0.19612 0 0.98058
vn -0.3219 0 0.94677
vn 0.3219 0 -0.94677
vn 0.19612 0 -0.98058
vn -0 -1 0
vn 0 -1 0
vn -0.29728 0 -0.95479
vn -0.10947 0 -0.99399
vn 0.10947 0 0.99399
vn 0.27894 0 0.96031
vn 0 1 -0
vn 0 -1 0
vn 0.949 -0 0.31529
vn -0 0 -1
vn 0.83846 0 0.54496
vn -0.08581 0 0.99631
vn -0 -1 0
vn -0.66386 0 0.74786
vn 0 -1 -0
vn 0 -1 0
vn 0 0 1
vn -0 0 -1
vn -0.48564 0 0.87416
vn -0.62491 0 0.7807
vn 0.48564 0 -0.87416
vn 0 -1 0
vn -0 1 0
vn -0.3219 0 0.94677
vn -0 1 0
vn 0 1 0
vn -0.10947 0 -0.99399
vn 0.10947 0 0.99399
vn 0.27894 0 0.96031
vn 0 1 0
vn 0.949 0 0.31529
vn -0 0 -1
vn -0.08581 0 0.99631
vn 0 1 -0
vn -0 1 0
vn 0 1 0
vn 0 1 -0
vn -0.57919 0 0.81519
vn 0 1 0
vn 0 0 1
vn 0.71754 0 -0.69652
vn -0 -1 0
vn -0.01304 0 0.99992
vn 0 -1 -0
vn 0.93724 0 -0.34869
vn -0 1 -0
vn -0.79379 0 -0.6082
vn -0.91112 0 -0.41215
vn -0.06249 0 0.99805
vn 0 1 -0
vn 0.85923 0 0.51159
vn -0 1 0
vn -0.99278 0 -0.11999
vn 0.99858 -1E-05 0.05321
vn -0.29419 0 -0.95575
vn -0.78928 0 -0.61404
vn -0 -1 0
vn -0 1 -0
vn 0.85024 0 -0.52639
vn 0 -1 0
vn -0 1 -0
vn 0.42144 -0 0.90686
vn -0.94775 0 0.31902
vn 0 -1 -0
vn -0.99861 0 0.05271
vn 0.92636 0 -0.37664
vn 1 0 0.00085
vn 0.55074 0 -0.83468
vn -0.96538 0 -0.26085
vn -0.96463 0 0.2636
vn 0.95924 0 -0.2826
vn 0.91679 0 -0.39936
vn 0.94999 0 0.31227
vn -0.17876 0 -0.98389
vn 0 -1 -0
vn 0 -1 0
vn -0.03887 0 0.99924
vn -0 -1 -0
vn 0.38693 -0.71716 -0.57963
vn 0.38486 -0.7153 -0.58329
vn 0.53993 -0.81258 -0.21952
vn 0.55962 -0.81219 -0.16486
vn 0.60414 -0.77174 0.19858
vn 0.55762 -0.79377 -0.2429
vn -0.77777 0 -0.62855
vn -0.57151 -0.8206 0.0004
vn -0.56911 -0.68161 -0.45992
vn -0.55656 -0.83029 0.02938
vn -0.51234 -0.84129 0.17246
vn -0.51941 -0.84265 0.14194
vn -0.54825 -0.82309 -0.14814
vn -1 0 0.0012
vn 0 1 0
vn -0.99861 0 0.05271
vn 0.55074 0 -0.83468
vn -0.96538 0 -0.26085
vn 0.94999 0 0.31227
vn -0.17874 0 -0.9839
vn 0 1 0
vn 0 1 -0
vn 0 1 0
vn 0 1 0
vn -0.03887 0 0.99924
vn -0 1 -0
vn 0.38693 0.71716 -0.57963
vn 0.38487 0.7153 -0.58329
vn 0.53993 0.81258 -0.21952
vn 0.5599 0.81199 -0.16488
vn 0.60414 0.77174 0.19858
vn 0.55761 0.79377 -0.2429
vn -0.77777 0 -0.62855
vn -0.57151 0.8206 0.0004
vn -0.5691 0.68161 -0.45992
vn -0.55656 0.83029 0.02938
vn -0.51193 0.84155 0.17241
vn -0.51941 0.84265 0.14194
vn -0.54825 0.82309 -0.14814
vn -1 0 0.0012
vn 0.5 0 0.86603
vn 0.5 0 -0.86602
vn -0.5 0 -0.86602
vn -0.5 0 0.86603
vn -0.99653 0 0.08321
vn 0 1 0
vn 0.99419 0 -0.10762
vn -0 -1 -0
vn -0.0293 0 0.99957
vn 0 -1 -0
vn 0.99958 0 -0.02881
vn -0 1 0
vn -0.89556 0 -0.44494
vn -0.99988 0 0.01517
vn 0 1 0
vn 0.99331 0 -0.11551
vn 0 -1 -0
vn 0 -0.71628 0.69782
vn 0.27495 0 -0.96146
vn 0 -1 -0
vn 0 -1 0
vn 0.91521 0 -0.40298
vn 0.99581 0 -0.09145
vn 0 -0.71628 0.69781
vn 1 -1E-05 0
vn 0 0.71628 0.69782
vn 0.27495 0 -0.96146
vn 0.99581 0 -0.09145
vn 0 0.71628 0.69781
vn 0 -0.89485 0.44637
vn 0 -0.85423 -0.5199
vn -0.50811 -0.50772 -0.69574
vn -0.55403 -0.5536 0.62175
vn 0.55403 -0.5536 0.62175
vn 0.50811 -0.50772 -0.69574
vn -0.70738 -0.70684 0
vn 0.70738 -0.70684 0
vn -0.68221 0 0.73115
vn 0.68221 0 0.73115
vn -0 0 -1
vn -0.60746 0 -0.79435
vn 0.60746 0 -0.79435
vn 0 0 1
vn 0.0704 0 -0.99752
vn -0.0704 0 0.99752
vn 1 -1E-05 0
vn -0.01673 -0.99986 -0.00065
vn -0.21357 0 0.97693
vn 0.07276 0 0.99735
vn -0 -1 0
vn -0 -1 -0
vn 0 -1 0
vn 0.50953 0 0.86045
vn 0.04315 0 0.99907
vn 0.21378 0 0.97688
vn -0.01665 0 0.99986
vn -0.99977 -0.00888 -0.01974
vn 0.29377 0 -0.95588
vn 0.29313 0 -0.95607
vn 0.05 0 -0.99875
vn 0.29507 0 -0.95548
vn 0.31561 0 -0.94889
vn -0.25021 -0 0.96819
vn 0.23599 0.97175 0
vn 0.78203 0.62324 0
vn 0.23598 0.97176 0
vn -0.03563 -0.99936 -0.00098
vn -0.12636 -0.84938 0.51242
vn 0.03767 -0.85559 0.51629
vn 0.29206 -0.81942 0.4932
vn 0.0218 -0.86274 0.50517
vn 0.11053 -0.85596 0.50509
vn -0.0084 -0.86337 0.5045
vn 0.10865 -0.84828 -0.51828
vn 0.17085 -0.8408 -0.51368
vn 0.15895 -0.84252 -0.51468
vn 0.15821 -0.84261 -0.51477
vn 0.15784 -0.84265 -0.51481
vn 0.02619 -0.85183 -0.52316
vn 0.23088 0 -0.97298
vn 0.00323 -0.85333 -0.52136
vn 0.03776 -0.84396 -0.53508
vn -0.25285 -0.82842 0.49979
vn -0.03776 -0.84396 0.53508
vn 0 -1 -0
vn -0.99966 -0.00022 -0.02616
vn -0.9997 0 -0.02459
vn -0.9997 0 -0.02443
vn -0.99976 0.00645 -0.02113
vn 1 1E-05 0
vn 0 -0.94703 0.32114
vn 0 -0.43099 0.90236
vn 0.05035 -0.43045 0.90121
vn 0.01042 -0.93414 0.35677
vn -1 -0 -0
vn 0 -1 0
vn -1 0 -3E-05
vn -1 -0 0
vn -1 -0 0
vn 0 1 0
vn 0.05035 -0.43044 0.90121
vn 0 -0.43099 0.90236
vn -0 1 -0
vn 0.0433 -0.43059 0.90151
vn 0.00902 -0.93321 0.35921
vn 0.0433 -0.43059 0.90151
vn -0 0 -1
vn 0 -0.43099 0.90236
vn 0 -0.43099 0.90236
vn 0 -0.94703 0.32114
vn -0 0 -1
vn -0 0 -1
vn -0.7241 0 -0.6897
vn -0 -0 -1
vn -0 0 -1
vn 0.7241 0 -0.6897
vn -0 0 -1
vn 0.7241 0 -0.6897
vn -0.7241 0 -0.6897
vn 1 0 3E-05
vn -1 0 -3E-05
vn -1 -0 0
vn 0 -1 0
vn -0.8871 0 -0.46159
vn 1 -1E-05 0
vn -0.55015 -0.62291 -0.55615
vn 0 0 1
vn -0.08611 0 -0.99629
vn 0 -1 -0
vn 0 -1 -0
vn 0.36651 0 -0.93041
vn 0 -1 0
vn 0 0 1
vn 0.1506 0 -0.9886
vn 0 -0.83752 -0.54641
vn 0.08295 -0.83463 -0.54453
vn -0.04352 -0.86285 -0.50358
vn 0.33305 -0.79813 -0.50207
vn 0 0 1
vn 1 0 0
vn -0.198 0.9802 0
vn 0 1 -0
vn 0 0 1
vn -0 0 1
vn -0 -0.83752 -0.54641
vn -0 0 -1
vn 0 0 1
vn 0 0 1
vn -0.7241 0 0.6897
vn 1 0 4E-05
vn -1 0 -4E-05
vn -0.7241 0 0.6897
vn 0 -0 1
vn 0 0 1
vn 0 0 1
vn 0.7241 -0 0.6897
vn 1 0 2E-05
vn 0.7241 0 0.6897
vn 0 0 1
vn -1 0 -7E-05
vn 0 0.89485 0.44637
vn 0 0.85423 -0.5199
vn -0.50811 0.50772 -0.69574
vn -0.55403 0.5536 0.62175
vn 0.55403 0.5536 0.62175
vn 0.50811 0.50772 -0.69574
vn -0.70738 0.70684 0
vn 0.70738 0.70684 0
vn -0.68221 0 0.73115
vn 0.68221 0 0.73115
vn -0.60746 0 -0.79435
vn 0.60746 0 -0.79435
vn 0.0704 0 -0.99752
vn -0.0704 -0 0.99752
vn 0.99962 0 0.02745
vn -0.01673 0.99986 -0.00065
vn -0.21357 0 0.97693
vn 0.07276 0 0.99735
vn 0 1 0
vn -0 1 0
vn 0 1 0
vn 0.50953 0 0.86045
vn 0.04315 0 0.99907
vn 0.21378 0 0.97688
vn 0 1 -0
vn -0.01665 0 0.99986
vn -0.99977 0.0089 -0.01974
vn 0.29377 0 -0.95588
vn 0.05 0 -0.99875
vn 0.29507 0 -0.95548
vn 0.31561 0 -0.94889
vn -0.25021 0 0.96819
vn 0.236 -0.97175 0
vn 0.78203 -0.62324 0
vn 0.236 -0.97175 0
vn -0.03563 0.99936 -0.00098
vn -0.12636 0.84939 0.51242
vn 0.03767 0.85559 0.51628
vn 0.29206 0.81942 0.4932
vn 0.02181 0.86288 0.50494
vn 0.11053 0.85596 0.50509
vn -0.0084 0.86337 0.5045
vn 0.10865 0.84828 -0.51828
vn 0.17085 0.8408 -0.51368
vn 0.15895 0.84252 -0.51468
vn 0.15821 0.84261 -0.51477
vn 0.15784 0.84265 -0.51481
vn 0.02619 0.85183 -0.52316
vn 0.23088 0 -0.97298
vn 0.00242 0.84456 -0.53546
vn 0.03776 0.84396 -0.53508
vn -0.25371 0.81693 0.51794
vn -0.03776 0.84396 0.53508
vn -0.99966 0.00028 -0.02616
vn -0.9997 0 -0.02459
vn -0.9997 0 -0.02443
vn -0.99976 -0.00651 -0.02111
vn 1 1E-05 0
vn 0 0.94703 0.32114
vn 0 0.43099 0.90236
vn 0.05035 0.43044 0.90121
vn 0.01042 0.93414 0.35677
vn -1 0 0
vn 0 1 0
vn 1 1E-05 0
vn -1 0 -3E-05
vn -1 0 0
vn 1 -0 0
vn -1 0 0
vn -0 -1 0
vn 0.05035 0.43044 0.90121
vn 0 0.43099 0.90236
vn 1 0 0
vn -0 -1 0
vn 0.0433 0.43059 0.90151
vn 0.00902 0.93321 0.35921
vn 0.0433 0.43059 0.90151
vn 0 0.43099 0.90236
vn 0 0.43099 0.90236
vn 0 0.94703 0.32114
vn -0 1 -0
vn -0 0 -1
vn -0 0 -1
vn -0.7241 0 -0.6897
vn -0 0 -1
vn -0 0 -1
vn 0.7241 0 -0.6897
vn -0 0 -1
vn -0.7241 0 -0.6897
vn 1 0 3E-05
vn -1 0 -3E-05
vn -1 0 0
vn -0.8871 0 -0.46159
vn 1 1E-05 0
vn 0 0 1
vn 0 0 1
vn 0 1 0
vn 0.36651 0 -0.93041
vn 0 0 1
vn 0 0.83752 -0.54641
vn 0.08295 0.83463 -0.54453
vn -0.52735 0.76872 -0.3619
vn -0.04352 0.86285 -0.50358
vn 0.33305 0.79813 -0.50207
vn -0.198 -0.9802 0
vn 0 -1 -0
vn 0 0 1
vn -0 0.83752 -0.54641
vn -0 0 -1
vn 0 0 1
vn 0 0 1
vn -0.7241 0 0.6897
vn 1 -0 4E-05
vn -1 0 -4E-05
vn -0.7241 0 0.6897
vn 0 0 1
vn 0 0 1
vn 0.7241 0 0.6897
vn 1 -0 2E-05
vn 0.7241 0 0.6897
vn -1 0 -7E-05
vn -0.73807 -0.67472 0.00154
vn 0 -1 0
vn 0.5 0 0.86603
vn 0.5 0 -0.86603
vn -0.50001 0 -0.86602
vn -0.5 0 0.86602
vn -0.5 0 -0.86603
vn -0.5 0 0.86603
vn 0.5 0 0.86603
vn 0.5 0 -0.86603
vn -0.5 0 -0.86602
vn 0 -1 0
vn -0.5 0 0.86602
vn 0.42514 0.90513 0
vn 0.42518 -0.90511 0
vn -0.42518 -0.90511 0
vn -0.42514 0.90513 0
vn 0 0 1
vn -0 0 1
vn 0 0 -1
vn 0.42516 -0.90512 0
vn 0.42517 0.90511 0
vn -0.42516 0.90512 0
vn -0.42517 -0.90511 0
vn 0 0.57872 0.81553
vn 0 -0.57872 0.81553
vn 0 -1 0
vn 0 -0.57872 -0.81553
vn -0 0.57872 -0.81553
vn -0 1 0
vn 1 -2E-05 0
vn 1 1E-05 0
vn 1 2E-05 0
vn 1 1E-05 0
vn -1 2E-05 0
vn -1 0 0
vn -1 -1E-05 0
vn 0 -0 -1
vn 1 -4E-05 0
vn -0 -1 0
vn -0 0 -1
vn 0 0.83607 0.54863
vn 0 -1 -0
vn 0 -0.99907 -0.0432
vn -0 -0.92919 -0.36959
vn -1 -2E-05 0
vn 0 0.13198 0.99125
vn 1 -2E-05 -0
vn -0.94671 0 0.32209
vn -0.94838 0 0.31714
vn -0.95022 -0.15357 0.27112
vn 1 -3E-05 -1E-05
vn -0 0.92614 -0.37718
vn -0 0.99946 0.03277
vn -0.90807 0.11694 0.40216
vn 0 0.81195 0.58373
vn -0.94834 0.08856 0.30466
vn 0 -0.88496 0.46566
vn -0.70711 -0 -0.70711
vn 1 1E-05 0
vn 0.70711 0 -0.70711
vn -0 0 1
vn -0.70711 0 0.70711
vn -0 0 -1
vn 0.70711 0 0.70711
vn 0 0 -1
vn 1 1E-05 -0
vn 0 1 0
vn -0 0 -1
vn 0 -0.83607 0.54863
vn 0 1 0.00014
vn 1 0 -0
vn 0 0.99907 -0.0432
vn -0 0.9292 -0.36959
vn -1 -1E-05 0
vn 0 -0.13198 0.99125
vn 1 0 -0
vn -0.94671 -3E-05 0.32209
vn -0.94867 -0.04174 0.3135
vn -0.95115 0.15877 0.26479
vn 1 3E-05 -1E-05
vn 0 -0.92614 -0.37718
vn -0 -0.99946 0.03277
vn -0.93191 0.17874 0.31558
vn 1 1E-05 0
vn -0 -0.81195 0.58373
vn -0.94833 -0.08859 0.30465
vn -0 0.88496 0.46566
vn -0.70711 0 -0.70711
vn -0.70711 0 0.70711
vn -0 0 -1
vn 0.70711 0 0.70711
vn -1 0 0
vn 0 -1 -0
vn -0.43416 -0.7905 -0.43199
vn 0 -0.60853 0.79353
vn 0 -0.60853 -0.79353
vn -0.43416 -0.7905 0.43199
vn -0.5381 -0.84288 0
vn 0 -1 0
vn 0.03364 0 -0.99943
vn 1 0 0
vn -0 -1 0
vn 0 1 0
vn -0.99999 0 0.00455
vn 0 0 1
vn 0.04985 0 -0.99876
vn 0.03363 0 -0.99943
vn 0.00377 0.99736 -0.07255
vn -0.99971 0 -0.02399
vn 0.03363 0 -0.99943
vn -0.99971 0 -0.02399
vn -0 -1 0
vn 0 0 1
vn 0.03363 0 -0.99943
vn -0.01068 0.96688 0.25501
vn -0.04183 -0 0.99912
vn 0.99842 0 -0.05623
vn 0 1 0
vn 1 -0 0
vn 0.43416 -0.7905 0.43199
vn -0 -1 -0
vn 0.43416 -0.7905 -0.43199
vn 0.5381 -0.84288 0
vn 0.31107 0 0.95039
vn 0.01935 0 -0.99981
vn -0.0198 0 0.9998
vn 0.34093 0 -0.94009
vn -0.33034 0 0.94386
vn 0.89117 0 -0.45367
vn -0.92641 0 0.37652
vn 0.14856 0 0.9889
vn 0 1 -0
vn 0 1 -0
vn -0.31194 0 -0.9501
vn 0.97131 0 0.23782
vn 0.752 0 0.65916
vn -0.7754 0 -0.63147
vn -0.97115 0 -0.23848
vn -0 1 0
vn 0 -1 0
vn -0.01281 0 0.99992
vn 0 -1 0
vn 0 1 -0
vn -0.43416 0.7905 -0.43199
vn 0 0.60853 0.79353
vn 0 0.60853 -0.79353
vn -0.43416 0.7905 0.43199
vn -0.5381 0.84288 0
vn 0 1 0
vn 0 -1 -0
vn -0.99999 -0 0.00455
vn -0 1 -0
vn 0 0 1
vn 0.04985 0 -0.99876
vn 0.03363 0 -0.99943
vn 0.01078 0.97633 -0.21602
vn 0.03363 0 -0.99943
vn -0 1 -0
vn 0 0 1
vn 0.03363 0 -0.99943
vn -0.00378 0.99624 0.08658
vn -0.04183 0 0.99912
vn 0.99842 0 -0.05623
vn 0 -1 0
vn -1 0 1E-05
vn 1 -0 -0
vn 0.43416 0.7905 0.43199
vn -0 1 -0
vn 0.43416 0.7905 -0.43199
vn 0.5381 0.84288 -0
vn 0.31107 0 0.95039
vn 0 -1 0
vn 0 -1 0
vn -0.0198 0 0.9998
vn 0 1 0
vn 0.34093 0 -0.94009
vn -0.33034 0 0.94386
vn -0.92641 0 0.37652
vn 0 -1 0
vn -0 -1 0
vn -0 -1 -0
vn 0.97131 0 0.23782
vn 0.752 0 0.65916
vn -0.97115 0 -0.23848
vn -0 -1 0
vn 0.5 -0 0.86603
vn 0.5 0 -0.86603
vn -1 -1E-05 0
vn -0.5 0 0.86603
vn 0.5 0 -0.86603
vn -0.5 -0 -0.86603
vn 0 1 0
vn -1 1E-05 0
vn -0.5 -0 0.86603
vn -0 -1 0
vn 0 -0.57872 0.81553
vn 0 -1 -0
vn -0 -0.57872 -0.81553
vn -0 -0.57872 -0.81553
vn 0 -0.57872 0.81553
vn 0 -1 -0
vn 0 -0.57872 -0.81553
vn 1 1E-05 0
vn 1 -1E-05 0
vn 0 -0.57872 0.81553
vn 0 -1 -0
vn 0 -0.57872 0.81553
vn -0 -1 0
vn -0 -0.57872 -0.81553
vn 0.13616 -0.99069 -0
vn -0 -0.57872 0.81553
vn 0.15711 -0.57153 -0.8054
vn 0.15711 -0.57153 0.8054
vn -0.99954 -0.03048 0
vn -0 -1 0
vn 0 -0.57872 -0.81553
vn -0 -0.57872 -0.81553
vn 0 -0.57872 0.81553
vn -0 -1 0
vn 1 -1E-05 0
vn -0 -1 0
vn -0 -0.57872 -0.81553
vn 0 -0.57872 0.81553
vn 0.41221 -0.91109 0
vn 0.46391 -0.51268 0.72246
vn 0.46391 -0.51268 -0.72246
vn -0 -1 0
vn -0 -0.57872 -0.81553
vn 0 -0.57872 0.81553
vn -0.95759 -0.16674 -0.23497
vn -0.94437 -0.32889 0
vn -0.95759 -0.16675 0.23497
vn 0 0.56534 0.82486
vn -0 0.57872 -0.81553
vn 0 1 -0
vn -0.1419 0.98988 0.0012
vn -0.16454 0.55763 0.81362
vn -0.16474 0.57088 -0.80434
vn -0 0.57872 -0.81553
vn 0 1 -0
vn 0 0.56534 0.82486
vn -0.99999 -0.00272 0.00471
vn -0.99968 -0.01463 -0.02062
vn 1 -2E-05 0
vn 1 1E-05 0
vn 1 -1E-05 0
vn 0 1 -0
vn 0 0.57872 0.81553
vn 0 0.57872 -0.81553
vn -1 2E-05 0
vn -0 0.57872 0.81553
vn -0 0.57872 -0.81553
vn 0 1 -0
vn 1 -2E-05 -1E-05
vn 0.04216 0.5782 0.8148
vn 0.04216 0.5782 -0.8148
vn 0.03644 0.99934 -0
vn -0 -1 0
vn -0 -1 0
vn 0 -1 0
vn 0 1 -0
vn -0.5 0 0.86602
vn -0 1 0
vn -0.5 0 -0.86603
vn 0.5 0 -0.86603
vn 0.49999 0 0.86603
vn 0 0.57872 0.81553
vn 0 1 -0
vn -0 0.57872 -0.81553
vn 1 -2E-05 0
vn -0 0.57872 -0.81553
vn 0 0.57872 0.81553
vn 0 1 -0
vn 0 0.57872 -0.81553
vn 1 -7E-05 0
vn 0 0.57872 0.81553
vn 0 1 -0
vn 0 0.57872 0.81553
vn -0 1 0
vn -0 0.57872 -0.81553
vn 0.13616 0.99069 -0
vn -0 0.57872 0.81553
vn 0.15711 0.57153 -0.8054
vn 0.15711 0.57153 0.8054
vn -0.99954 0.03048 0
vn -0 1 0
vn -0 0.57872 -0.81553
vn -0 0.57872 -0.81553
vn 0 0.57872 0.81553
vn -0 1 0
vn 1 2E-05 0
vn 1 1E-05 0
vn 0 1 0
vn 0 0.57872 -0.81553
vn -0 0.57872 0.81553
vn 0.41221 0.91109 0
vn 0.46391 0.51268 0.72246
vn 0.46391 0.51267 -0.72247
vn -0 1 0
vn -0 0.57872 -0.81553
vn 0 0.57872 0.81553
vn -0.9576 0.16674 -0.23497
vn -0.94437 0.32889 0
vn -0.9576 0.16674 0.23497
vn 0 -0.56534 0.82486
vn -0 -0.57872 -0.81553
vn 0 -1 -0
vn -0.1419 -0.98988 0.0012
vn -0.16453 -0.55763 0.81362
vn -0.16474 -0.57089 -0.80433
vn -0 -0.57872 -0.81553
vn 0 -1 -0
vn 0 -0.56534 0.82486
vn -0.99999 0.00222 0.00312
vn -0.99968 0.01463 -0.02062
vn 1 1E-05 0
vn 0 -1 0
vn -0 -0.57872 0.81553
vn -0 -0.57872 -0.81553
vn -1 -2E-05 0
vn 0 -0.57872 0.81553
vn -0 -0.57872 -0.81553
vn 0 -1 -0
vn 1 0 -0
vn 0.04216 -0.5782 0.8148
vn 0.04216 -0.5782 -0.8148
vn 0.03644 -0.99934 -0
vn -0 1 0
vn -0 1 0
vn -1 3E-05 0
vn 0 1 0
vn 1 -0 0
vn 0 -1 -0
vn -0.5 0 0.86603
vn 0 -1 -0
vn -0.50001 -2E-05 -0.86602
vn 0 1 0
vn 0.5 0 0.86602
vn 0.71035 0 -0.70385
vn -0 1 -0
vn -0 1 0
vn -0 1 0
vn 0.71034 0 0.70386
vn 0.71035 0 -0.70385
vn 0 1 0
vn 0 1 0
vn -0 1 0
vn 0.71035 0 0.70385
vn 0.50464 0 -0.86333
vn -0.4567 0 -0.88962
vn -0.91258 0 -0.40891
vn -0 1 0
vn 1 0 -0
vn -0 -1 0
vn -0.50832 0 0.86117
vn -0.36244 0 0.93201
vn 0 -1 0
vn 0 -1 0
vn 0 -1 0
vn 0 1 -0
vn 0 -1 0
vn 0 0 1
vn 0.44831 -1E-05 -0.89388
vn 0 -1 -0
vn -0 0 -1
vn 0 1 0
vn -0 -1 -0
vn 0 -1 0
vn -0 -1 0
vn 0 -1 0
vn 0 -0 1
vn -0 -1 0
vn 0 -1 -0
vn -0.4483 0 -0.89388
vn 0 -0 -1
vn 0 1 0
vn 0.47013 0 -0.8826
vn -0 1 0
vn 0 1 0
vn 0 0 -1
vn -0 1 -0
vn -0 0 -1
vn 0 -0 1
vn -0.18686 0 -0.98239
vn -0 1 -0
vn 0.4567 0 -0.88962
vn -0 1 -1E-05
vn 0 1 0
vn 0.91261 0 -0.40883
vn 0 1 0
vn 0.63111 0.7757 0
vn -0.97833 0 -0.20705
vn 0 1 0
vn -0.63111 0.7757 0
vn 0 1 0
vn -0.71035 0 0.70385
vn 0 -0 1
vn -0.71035 0 -0.70385
vn -0 0 1
vn 0 1 0
vn -0.71035 0 -0.70385
vn 0 1 0
vn -0 0 -1
vn -0 1 0
vn -0 1 0
vn 0.71035 0 -0.70385
vn -0 1 0
vn -0 1 -0
vn -0 1 0
vn 0.71035 -0 0.70385
vn 0.71036 0 0.70384
vn 0.71035 0 -0.70385
vn -0 1 -0
vn -0 1 0
vn -0 1 0
vn 0.71035 0 0.70385
vn 0.71035 0 0.70385
vn 0.50464 0 -0.86333
vn 0 -0 -1
vn -0 1 -0
vn -0.91253 0 -0.40901
vn -0.91257 -1E-05 -0.40891
vn -0 1 0
vn 1 0 -0
vn -0 -1 0
vn 0 0 1
vn -0.50832 0 0.86117
vn -0.36245 0 0.932
vn -0.36245 0 0.932
vn -0.36245 0 0.932
vn 0 0 -1
vn -0 0 -1
vn 0 -0 -1
vn 0 -1 0
vn 0 -1 0
vn -0 -1 -0
vn -0 1 0
vn 0 1 0
vn 0 1 0
vn 0 1 0
vn 0 1 0
vn 0 -1 0
vn 0 0 1
vn 0.44831 0 -0.89388
vn 0.44831 0 -0.89388
vn 0.44834 -2E-05 -0.89386
vn 0.44829 0 -0.89389
vn 0 -1 0
vn -0 0 -1
vn 0 1 -0
vn 0 -1 0
vn 0 -1 0
vn -0 -1 0
vn 0 -1 0
vn 0 0 1
vn 0 0 1
vn 0 -0 1
vn -0 -1 0
vn 0 -1 0
vn -0.4483 0 -0.89388
vn -0 -0 -1
vn -0 -0 -1
vn -0 0 -1
vn -0 1 0
vn 0 1 -0
vn 0.47014 0 -0.88259
vn 0.47014 0 -0.88259
vn 0.47014 0 -0.88259
vn 0.47014 0 -0.88259
vn 0.47015 0 -0.88258
vn 0 1 -0
vn -0 1 0
vn -0 1 0
vn -0 0 -1
vn -0 1 0
vn -0 1 0
vn -0 1 -0
vn -0 1 -0
vn -0 1 -0
vn -0 0 -1
vn 0 1 0
vn -0 0 -1
vn -0 0 -1
vn 0 0 1
vn -0.18686 0 -0.98239
vn 0 1 3E-05
vn 1E-05 1 -4E-05
vn 0.4567 0 -0.88962
vn -0 1 1E-05
vn 0 1 -1E-05
vn 0 1 -0
vn 0.91257 0 -0.40892
vn 0.91257 1E-05 -0.40891
vn 0.6311 0.7757 0
vn 0.63111 0.77569 0
vn 0.63111 0.77569 0
vn -0.97833 0 -0.20705
vn -0.97833 0 -0.20705
vn -0 1 0
vn -0 1 0
vn -0 1 0
vn -0.63111 0.77569 0
vn -0.63111 0.77569 0
vn -0 1 -0
vn -0 1 0
vn -0.71035 0 0.70385
vn -0.71035 -1E-05 0.70385
vn 0 -0 1
vn 0 0 1
vn -0.71035 0 -0.70385
vn -0.71035 0 -0.70385
vn 0 0 1
vn 0 1 0
vn -0.71035 0 -0.70385
vn 0 1 0
vn -0 0 -1
vn 0 0 -1
vn 0 1 0
vn -0 1 0
vn -0 1 0
vn -0 1 0
vn -0 1 0
vn 0 1 -0
vn -0.71035 0 0.70385
vn -0.71035 0 0.70385
vn -0 1 0
vn -0.01396 0.9999 -0.00262
vn -0 1 0
vn 0.23814 0 0.97123
vn 0.0227 0 -0.99974
vn 0.23814 0 0.97123
vn 0.97123 0 -0.23814
vn 0 1 -0
vn 0 -1 0
vn 0.00079 0 -1
vn 0.01362 0 -0.99991
vn 0 -1 0
vn -0.16971 0 0.98549
vn -0.50656 0 0.86221
vn -0 1 0
vn -0.9959 0 -0.09046
vn -0.01202 -0.99993 -0.00109
vn -0.65767 0 0.75331
vn -0.36776 -0 -0.92992
vn 0.00079 0 -1
vn 0 -1 0
vn -0 1 0
vn 0.23814 0 0.97123
vn 0.00079 0 -1
vn 0.97175 0 -0.23601
vn 0.23814 0 0.97123
vn 0 1 0
vn 0 -1 0
vn -0 1 0
vn 0 -1 -0
vn 0 -1 0
vn 0 -1 -0
vn 0.97123 0 -0.23814
vn 0.00079 -0 -1
vn -0.97283 0 0.23152
vn 0.00079 0 -1
vn 0.00878 0 0.99996
vn 0 -1 0
vn 0.00878 0 0.99996
vn -0.53149 -0.83752 0.1268
vn 0.53655 -0.83381 -0.12991
vn -0.67412 0 0.73862
vn 0.24694 0 0.96903
vn 0.23814 0 0.97123
vn -0.9955 0 -0.0948
vn -0.35635 0 -0.93435
vn -0 1 -0
vn -0 -1 -0
vn 0.9946 0 -0.10382
vn 0 -1 -0
vn 0 -1 0
vn 0 1 -0
vn -0.11347 0 0.99354
vn -0.47175 0 0.88173
vn -0 1 0
vn 0 -1 0
vn -0.00494 0 -0.99999
vn -0.01202 0.99993 -0.00109
vn 0.23814 0 0.97123
vn 0 -1 -0
vn 0.0227 0 -0.99974
vn 0.97123 0 -0.23814
vn 0 -1 0
vn 0.00079 0 -1
vn 0.01361 0 -0.99991
vn 0 -1 -0
vn -0.16971 0 0.98549
vn -0.50656 0 0.8622
vn -0 1 0
vn 0 -1 0
vn -0.9959 0 -0.09046
vn -0.01396 -0.9999 -0.00262
vn -0.65767 0 0.75331
vn -0.36776 0 -0.92992
vn 0.00079 0 -1
vn -0 1 0
vn 0.23814 0 0.97123
vn 0.00079 0 -1
vn 0 1 -0
vn 0.23814 0 0.97123
vn 0 1 -0
vn -0 1 -0
vn 0 -1 -0
vn 0 1 0
vn 0 -1 -0
vn 0 -1 -0
vn 0 1 0
vn 0.97123 0 -0.23814
vn 0.00079 0 -1
vn -0.97283 0 0.23153
vn 0.00079 0 -1
vn 0.00878 0 0.99996
vn 0.00878 0 0.99996
vn -0.53161 -0.83748 0.12652
vn 0.5364 -0.83385 -0.13027
vn -0.67412 0 0.73862
vn 0.24694 0 0.96903
vn 0.23814 0 0.97123
vn -0.9955 0 -0.0948
vn -0.35635 0 -0.93435
vn -0 1 0
vn 0 -1 0
vn -0.11347 0 0.99354
vn -0.47175 0 0.88173
vn -0 1 -0
vn 0 -1 -0
vn -0.00494 0 -0.99999
vn 0.03195 0.57872 -0.8149
vn 0.03195 -0.57872 -0.8149
vn 0 -1 -0
vn -0.03195 -0.57872 0.8149
vn 0.99923 1E-05 0.03918
vn -0.03195 0.57872 0.8149
vn -0 1 0
vn 0.40158 -0.53713 -0.74177
vn -0.03195 0.57872 0.8149
vn 0.34227 0.53714 0.77093
vn 0.40158 0.53714 -0.74177
vn 0.32713 -0.94489 0.01282
vn 0.32713 0.94489 0.01283
vn 0.34227 -0.53714 0.77093
vn -0.72931 0.68359 -0.02859
vn 0 -1 0
vn 0.03195 0.57872 -0.8149
vn -0 1 0
vn -0.03195 -0.57872 0.8149
vn 0.03195 -0.57872 -0.8149
vn -0.03195 0.57871 0.81491
vn -0.79686 -0.36406 0.48215
vn -0.75667 -0.36404 -0.54307
vn -0.79687 0.36404 0.48216
vn -0.7293 -0.6836 -0.02859
vn -0.75667 0.36405 -0.54307
vn 0 -1 0
vn 0.03195 0.57872 -0.8149
vn -0 1 0
vn -0.03195 -0.57871 0.81491
vn 0.03196 -0.57872 -0.8149
vn 0.99923 0 0.03917
vn -0.03195 -0.57872 0.8149
vn 0.99923 -1E-05 0.03918
vn 0.99923 -1E-05 0.03917
vn 0.99923 -1E-05 0.03918
vn 0.99923 -1E-05 0.03917
vn 0.99923 -2E-05 0.03918
vn -0.99923 -3E-05 -0.03918
vn 0.03195 -0.57872 -0.8149
vn -0.03195 0.57871 0.81491
vn 0 -1 0
vn 0.03195 0.57872 -0.8149
vn -0 1 0
vn 0.99923 -5E-05 0.03918
vn 0.99923 1E-05 0.03918
vn 0.99923 -1E-05 0.03916
vn 0.99923 3E-05 0.03917
vn 0.99923 0 0.03919
vn 0 -1 -0
vn -0.99923 -1E-05 -0.03918
vn -0.99923 0 -0.03918
vn -0.99923 -1E-05 -0.03918
vn -0.99923 -0 -0.03918
vn -0.99923 1E-05 -0.03918
vn -0.99923 2E-05 -0.03918
vn 0.03195 0.57872 -0.8149
vn -0.03195 0.57871 0.81491
vn 0.03195 -0.57872 -0.8149
vn -0 1 -0
vn -0.03195 -0.57872 0.8149
vn -0.99923 -8E-05 -0.03918
vn -0.99923 0 -0.03918
vn -0.99923 -1E-05 -0.03918
vn -0.99923 0 -0.03918
vn -0.99923 3E-05 -0.03918
vn -0.03194 -0.57871 0.8149
vn -0.99923 0 -0.03918
vn 0.03195 -0.57871 -0.81491
vn -0.03195 0.57871 0.81491
vn 0.03195 0.57872 -0.8149
vn 0 1 0
vn 0.01887 0.99982 0.00074
vn 0.11621 0.57235 0.81173
vn -0.01011 -0.57858 0.81556
vn 0.05378 -0.57858 -0.81385
vn -0.01011 0.57858 0.81556
vn 0.01887 -0.99982 0.00074
vn 0.05378 0.57858 -0.81385
vn 0.15984 0.98712 0.00627
vn 0.12806 -0.99175 0.00502
vn 0.17941 0.57235 -0.80014
vn 0.12806 0.99175 0.00502
vn 0.11621 -0.57235 0.81173
vn 0.1794 -0.57235 -0.80014
vn 0.19985 0.56305 0.80189
vn 0.1528 -0.5688 0.80816
vn 0.2156 -0.5688 -0.79371
vn 0.1528 0.5688 0.80816
vn 0.15984 -0.98712 0.00627
vn 0.2156 0.5688 -0.79371
vn 0.99923 0 0.03917
vn 0.20088 -0.97958 0.00788
vn 0.26202 0.56305 -0.78379
vn 0.20089 0.97958 0.00788
vn 0.19985 -0.56305 0.80189
vn 0.26202 -0.56305 -0.78379
vn 0 -0.43099 0.90236
vn 0 -0.43044 0.90262
vn -1 0 0
vn 0 -0.94703 0.32114
vn -1 -0 0
vn -0 0.93588 0.35233
vn 0 -0.93588 0.35233
vn 0 -0.43566 0.90011
vn 0 0.43566 0.90011
vn 1 -0 0
vn 0 -0.83752 -0.54641
vn 0 0.43099 0.90236
vn -1 -0 0
vn -1 -0 0
vn -1 0 0
vn -0 1 0
vn 0 0.94703 0.32114
vn 0 -0.93588 0.35233
vn -0 0.93588 0.35233
vn 0 -0.43566 0.90011
vn 1 0 0
vn 0 0.83752 -0.54641
vn -0.03639 0.57753 -0.81556
vn 0.02009 -0.57806 -0.81575
vn 0.04882 -0.99881 -0.00024
vn 0.03639 -0.57753 0.81556
vn 0.99724 0.07363 -0.00997
vn -0.02008 0.57806 0.81575
vn -0.04882 0.99881 0.00024
vn 0.39211 -0.51157 -0.76456
vn -0.02009 0.57806 0.81575
vn 0.35113 0.56109 0.74958
vn 0.33612 0.5606 -0.7568
vn 0.37595 -0.92663 -0.00353
vn 0.27866 0.96038 -0.00302
vn 0.40736 -0.51106 0.75689
vn -0.77134 0.63638 0.00755
vn 0.04882 -0.99881 -0.00024
vn -0.03639 0.57753 -0.81556
vn -0.04882 0.99881 0.00024
vn 0.03639 -0.57753 0.81556
vn 0.02009 -0.57806 -0.81575
vn -0.02008 0.57807 0.81574
vn -0.74747 -0.41738 0.5168
vn -0.75761 -0.41773 -0.50152
vn -0.79378 0.30829 0.52428
vn -0.68657 -0.72703 0.00704
vn -0.80413 0.30795 -0.50847
vn 0.04882 -0.99881 -0.00024
vn -0.03639 0.57753 -0.81556
vn -0.04882 0.99881 0.00024
vn 0.03639 -0.57753 0.81556
vn 0.02009 -0.57806 -0.81575
vn 0.99724 0.07362 -0.00999
vn 0.0364 -0.57753 0.81556
vn 0.99724 0.07362 -0.00998
vn 0.99723 0.07365 -0.00998
vn 0.99723 0.07365 -0.00999
vn 0.99724 0.07363 -0.00998
vn 0.99724 0.07364 -0.00998
vn -0.99723 -0.07364 0.00998
vn 0.02008 -0.57806 -0.81575
vn -0.02009 0.57806 0.81575
vn 0.04882 -0.99881 -0.00024
vn -0.03639 0.57752 -0.81556
vn -0.04882 0.99881 0.00024
vn 0.99723 0.07366 -0.00999
vn 0.99724 0.0736 -0.00999
vn 0.99724 0.07363 -0.00997
vn 0.99724 0.07362 -0.00999
vn 0.99724 0.07363 -0.00999
vn 0.04882 -0.99881 -0.00024
vn -0.99724 -0.07363 0.00999
vn -0.99724 -0.07362 0.00998
vn -0.99724 -0.07364 0.00998
vn -0.99724 -0.07363 0.00999
vn -0.99724 -0.07363 0.00998
vn -0.99723 -0.07364 0.01001
vn -0.0364 0.57752 -0.81557
vn -0.02008 0.57807 0.81574
vn 0.02009 -0.57806 -0.81575
vn -0.04882 0.99881 0.00024
vn 0.0364 -0.57754 0.81555
vn -0.99724 -0.07359 0.00999
vn -0.99724 -0.07362 0.00999
vn -0.99723 -0.07368 0.00999
vn -0.99723 -0.07367 0.00999
vn -0.99724 -0.07359 0.00998
vn 0.03638 -0.57754 0.81555
vn -0.99724 -0.07363 0.00998
vn -0.99724 -0.07363 0.00998
vn -0.99724 -0.07363 0.00998
vn 0.02009 -0.57807 -0.81574
vn -0.02009 0.57805 0.81576
vn 0.04882 -0.99881 -0.00024
vn -0.03639 0.57752 -0.81556
vn -0.04882 0.99881 0.00024
vn -0.02994 0.99955 6E-05
vn 0.12753 0.58137 0.80358
vn 0.05822 -0.57596 0.8154
vn 0.04191 -0.57649 -0.81603
vn 0.00173 0.57935 0.81508
vn 0.0677 -0.99771 -0.00043
vn -0.01456 0.57882 -0.81533
vn 0.11113 0.9938 -0.00135
vn 0.17697 -0.98422 -0.00153
vn 0.11146 0.58084 -0.80635
vn 0.07933 0.99685 -0.00104
vn 0.18406 -0.56144 0.80679
vn 0.16789 -0.56197 -0.80994
vn 0.21049 0.57754 0.78876
vn 0.22039 -0.55547 0.8018
vn 0.2043 -0.556 -0.80568
vn 0.16385 0.58021 0.79782
vn 0.20876 -0.97797 -0.00185
vn 0.14789 0.57968 -0.80131
vn 0.99724 0.07362 -0.00998
vn 0.99724 0.07362 -0.01
vn 0.99723 0.07365 -0.01
vn 0.24982 -0.96829 -0.00226
vn 0.1947 0.57704 -0.79317
vn 0.15222 0.98835 -0.00176
vn 0.267 -0.54659 0.79369
vn 0.25106 -0.54712 -0.79852
vn 0.0241 0.56838 -0.82242
vn -0.02428 -0.58759 -0.8088
vn -0.04182 -0.99909 0.00879
vn -0.0241 -0.56837 0.82242
vn 0.99801 -0.06309 0.00037
vn 0.02428 0.58758 0.8088
vn 0.04182 0.99909 -0.00879
vn 0.34701 -0.56648 -0.74745
vn 0.02428 0.58759 0.8088
vn 0.3953 0.52428 0.75423
vn 0.39643 0.5059 -0.76609
vn 0.28567 -0.95829 0.00837
vn 0.36901 0.92939 -0.00823
vn 0.34858 -0.54857 0.75998
vn -0.69293 0.72098 -0.00622
vn -0.04182 -0.99909 0.00879
vn 0.0241 0.56837 -0.82242
vn 0.04182 0.99909 -0.00879
vn -0.0241 -0.56837 0.82242
vn -0.02428 -0.58758 -0.8088
vn 0.02428 0.58758 0.8088
vn -0.79659 -0.30962 0.51921
vn -0.79561 -0.32286 -0.51261
vn -0.75553 0.41636 0.50578
vn -0.76554 -0.64336 0.00579
vn -0.75711 0.40363 -0.51368
vn -0.04182 -0.99909 0.00879
vn 0.0241 0.56838 -0.82242
vn 0.04182 0.99909 -0.00879
vn -0.02411 -0.56837 0.82242
vn -0.02429 -0.58758 -0.8088
vn 0.99801 -0.06309 0.00038
vn -0.02411 -0.56838 0.82242
vn 0.99801 -0.06309 0.00038
vn 0.99801 -0.0631 0.00038
vn 0.99801 -0.06309 0.00038
vn 0.99801 -0.0631 0.00038
vn 0.99801 -0.06311 0.00038
vn -0.99801 0.0631 -0.00038
vn -0.02428 -0.58758 -0.8088
vn 0.02428 0.58759 0.8088
vn -0.04182 -0.99909 0.00879
vn 0.0241 0.56836 -0.82242
vn 0.04182 0.99909 -0.00879
vn 0.99801 -0.06312 0.00038
vn 0.99801 -0.063 0.00038
vn 0.99801 -0.0631 0.00039
vn 0.99801 -0.06309 0.00038
vn 0.99801 -0.06308 0.00038
vn -0.04182 -0.99909 0.00879
vn -0.99801 0.0631 -0.00039
vn -0.99801 0.0631 -0.00038
vn -0.99801 0.0631 -0.00038
vn -0.99801 0.06311 -0.00038
vn -0.99801 0.0631 -0.00039
vn -0.99801 0.06309 -0.0004
vn 0.0241 0.56837 -0.82242
vn 0.02429 0.58759 0.8088
vn -0.02428 -0.58759 -0.8088
vn 0.04182 0.99909 -0.00879
vn -0.02411 -0.56837 0.82242
vn -0.99801 0.06308 -0.00039
vn -0.99801 0.06309 -0.00036
vn -0.998 0.06317 -0.00039
vn -0.99801 0.06306 -0.00036
vn -0.99801 0.06304 -0.0004
vn -0.0241 -0.56838 0.82241
vn -0.99801 0.0631 -0.00038
vn -0.99801 0.06311 -0.00038
vn -0.99801 0.0631 -0.00038
vn -0.02429 -0.5876 -0.80879
vn 0.02427 0.58759 0.8088
vn -0.04182 -0.99909 0.00879
vn 0.0241 0.56836 -0.82243
vn 0.04182 0.99909 -0.00879
vn 0.0607 0.99812 -0.00878
vn 0.17177 0.57287 0.80145
vn -0.00222 -0.56947 0.82201
vn -0.00249 -0.58866 -0.80837
vn 0.04607 0.58623 0.80883
vn -0.02294 -0.9997 0.00879
vn 0.04598 0.56701 -0.82243
vn 0.20178 0.97939 -0.00864
vn 0.08634 -0.99623 0.00874
vn 0.17219 0.55371 -0.81471
vn 0.16998 0.98541 -0.00869
vn 0.12399 -0.57043 0.81193
vn 0.1232 -0.58938 -0.7984
vn 0.25471 0.55873 0.78927
vn 0.16046 -0.56899 0.80654
vn 0.15952 -0.58783 -0.7931
vn 0.20808 0.56721 0.79685
vn 0.11814 -0.99296 0.00871
vn 0.20864 0.54812 -0.80996
vn 0.99801 -0.06311 0.00039
vn 0.99801 -0.06308 0.00037
vn 0.99801 -0.06312 0.00039
vn 0.15923 -0.9872 0.00865
vn 0.25544 0.53976 -0.80213
vn 0.24284 0.97003 -0.00857
vn 0.20728 -0.56597 0.79794
vn 0.20616 -0.58464 -0.78466
vn -0 -1 0
vn 0 1 -0
vn 0.72904 0 0.68447
vn -0.5757 0 0.81766
vn -0.5757 0 0.81766
vn -0.5757 0 0.81766
vn 0.57582 0 -0.81758
vn 0 1 -0
vn -0.5757 0 0.81766
vn -0.84485 0 -0.53501
vn 0.3813 -0.86166 0.33489
vn -0 -1 0
vn -0.5757 0 0.81766
vn 0.57582 0 -0.81758
vn 0.3813 0.86166 0.33488
vn -0.49931 -0.80385 -0.32328
vn -0.50109 0.80512 -0.31732
vn 0.57582 0 -0.81758
vn 0.57582 0 -0.81758
vn 0.57582 0 -0.81758
vn 0.97009 0 0.24276
vn 0 -1 0
vn 0.98728 0 0.15902
vn 0 -1 0
vn -0 -1 0
vn 0.9463 0 0.3233
vn 0.88448 0 0.46657
vn 0.95149 0 0.30769
vn 0.55618 0 -0.83106
vn 0.7874 0 0.61644
vn 0.55619 0 -0.83106
vn 0.57203 -0.76377 0.29904
vn 0.52102 -0.76338 0.38181
vn 0.5928 -0.78152 0.19448
vn 0.60879 -0.76705 0.20253
vn 0.5965 -0.78253 0.17842
vn 0.61853 -0.7786 0.10584
vn 0 0 1
vn 0.62474 -0.78083 0
vn 0 -1 -0
vn 0 -1 -0
vn -0 -1 0
vn 0.55618 0 -0.83106
vn -0 -1 0
vn -0 -1 -0
vn 0.56036 0 -0.82825
vn 0 -1 -0
vn -0.94906 0 -0.31509
vn -0.91818 0 -0.39615
vn -0.88935 0 -0.45723
vn -0.8438 0 -0.53666
vn 0.55619 0 -0.83106
vn 0 0.99999 0.00511
vn -0.99945 0 0.03325
vn 0.7874 0 0.61645
vn 0.95149 0 0.30769
vn 0.88448 0 0.46657
vn 0.9463 0 0.3233
vn 0.98728 0 0.15902
vn 0.97009 0 0.24276
vn -0.8817 0 -0.47182
vn -0.88935 0 -0.45723
vn -0.95683 0 -0.29066
vn -0.99995 0 -0.01015
vn -0.95833 0 -0.28568
vn 0.98386 0 0.17895
vn 0 -1 -0
vn 0 -1 0
vn 0.61622 -0.78048 0.10544
vn 0.98386 0 0.17895
vn 0 -1 -0
vn 0 -1 -0
vn -0.99945 0 0.03325
vn 0.55619 0 -0.83105
vn -0 -1 -0
vn -0 -1 -0
vn -0 -1 0
vn -0 -1 -0
vn -0 -1 0
vn 0 -1 0
vn 0 -1 0
vn 0.55619 0 -0.83106
vn 0 -1 -0
vn -0 -1 0
vn 0 -1 -0
vn -0.5259 0.85051 0.00739
vn 0.55618 0 -0.83106
vn 0.98386 0 0.17895
vn -0.98876 0 -0.1495
vn -0.8438 0 -0.53666
vn -0.88935 0 -0.45723
vn -0.94906 0 -0.31509
vn -0.98876 0 -0.14949
vn 0 1 0.00204
vn 0.99859 0 0.05305
vn 0.7874 0 0.61644
vn 0.55617 0 -0.83107
vn 0.88448 0 0.46657
vn 0.98728 0 0.15902
vn 0.99859 0 0.05305
vn 0 0.58122 -0.81375
vn 0 -0.94907 0.31506
vn -1 1E-05 0
vn 0 0.99674 -0.08072
vn 0 0.95884 0.28396
vn 0 -0.62449 0.78103
vn 0.2495 0.53228 0.80897
vn 0.1603 0 -0.98707
vn 0.62474 -0.78083 0
vn 0.06572 0 0.99784
vn 0.16029 0 -0.98707
vn 0.1603 0 -0.98707
vn 0.1898 -0.98182 0
vn 0 1 0
vn 0.98728 0 0.15902
vn 0 1 -0
vn 0 1 -0
vn -0 1 -0
vn 0.9463 0 0.3233
vn 0.88448 0 0.46657
vn 0 1 -0
vn 0 1 -0
vn 0.7874 0 0.61644
vn 0.56967 0.76582 0.29833
vn 0.50435 0.77806 0.37451
vn 0.59377 0.78075 0.19458
vn 0.60879 0.76705 0.20253
vn 0.5975 0.78176 0.17844
vn 0.61853 0.7786 0.10584
vn 0.62474 0.78083 0
vn 0 1 -0
vn -0 1 0
vn -0 1 0
vn 0.55618 0 -0.83106
vn -0 1 0
vn -0 1 0
vn 0 1 -0
vn 0 1 0
vn -0.25192 0 0.96775
vn -0.98876 0 -0.14949
vn -0.94906 0 -0.31509
vn 0.55619 0 -0.83106
vn -0.00039 -0.99999 0.00421
vn 0.55619 0 -0.83106
vn 0.7874 0 0.61645
vn 0.95149 0 0.30769
vn 0.88448 0 0.46657
vn 0.9463 0 0.3233
vn 0.97009 0 0.24276
vn -0.8817 0 -0.47182
vn -0.91818 0 -0.39615
vn -0.94906 0 -0.31509
vn -0.99995 0 -0.01015
vn 0 1 0
vn 0 1 -0
vn -0.95833 0 -0.28568
vn 0.98386 0 0.17895
vn -0.98876 0 -0.1495
vn 0 1 -0
vn 0 1 0
vn 0.61622 0.78048 0.10544
vn 0 1 -0
vn 0 1 0
vn -0 1 0
vn -0 1 0
vn -0 1 0
vn -0 1 -0
vn -0 1 0
vn 0 1 0
vn 0.40943 -0.50148 0.76216
vn 0 1 -0
vn 0 1 -0
vn 0 1 0
vn -0 1 0
vn 0 1 0
vn 0 1 -0
vn 0 1 -0
vn 0.55619 0 -0.83106
vn -0.52796 -0.84924 0.00681
vn 0.55618 0 -0.83106
vn 0.98386 0 0.17895
vn -0.8438 0 -0.53666
vn -0.88935 0 -0.45723
vn -0.94906 0 -0.31509
vn -0.98876 0 -0.14949
vn -0.00018 -1 0.00192
vn 0.99859 0 0.05305
vn 0.55617 0 -0.83107
vn 0.88448 0 0.46657
vn 0.9463 0 0.3233
vn 0 -0.58122 -0.81375
vn 0 0.94907 0.31506
vn 0 -0.99674 -0.08072
vn 0 -0.95884 0.28396
vn 0 0.62449 0.78103
vn 0.3321 -0.90442 0.26784
vn 0.1603 0 -0.98707
vn 0.62474 0.78083 0
vn 0.1603 0 -0.98707
vn 0.1898 0.98182 0
vn 0 -0.97198 0.23507
vn 0 -0.41429 0.91015
vn -1 0 0
vn -1 1E-05 0
vn -0 -0.83185 -0.55499
vn -1 1E-05 0
vn 0 -0.77464 0.6324
vn 0 -0.97198 0.23507
vn 0 -0.41429 0.91015
vn -1 1E-05 0
vn 0 -0.98223 -0.18766
vn 0 -0.77464 0.6324
vn 1 -9E-05 0
vn 0 -0.97198 0.23507
vn 0 -0.41428 0.91015
vn -1 2E-05 0
vn -1 -3E-05 0
vn -0 -0.98224 -0.18765
vn 1 3E-05 0
vn 1 -1E-05 0
vn 0 0.41429 0.91015
vn -1 -4E-05 0
vn 1 -1E-05 0
vn 0 0.77465 0.6324
vn 1 -1E-05 0
vn 0 0.97198 0.23507
vn 0 0.41429 0.91015
vn 1 1E-05 0
vn 0 0.98223 -0.18766
vn 0 0.77464 0.6324
vn 1 5E-05 0
vn 0 0.97198 0.23507
vn 0 0.41429 0.91015
vn -0 0.98223 -0.18766
vn 1 -2E-05 0
vn -0 -0.80481 -0.59353
vn 0 0.9865 -0.16375
vn 0 0.76693 0.64173
vn -1 -2E-05 0
vn 1 1E-05 0
vn -0 1 -0
vn 1 1E-05 -0
vn 1 2E-05 -0
vn 1 1E-05 0
vn -1 0 0
vn -0 -0.57872 -0.81553
vn 0 -0.57872 0.81553
vn -0 0.57872 -0.81553
vn 0 -1 -0
vn 0 0.57872 0.81553
vn -1 3E-05 0
vn -1 -3E-05 0
vn -1 -0 0
vn 0 1 0
vn -0 -1 0
vn -0 0 -1
vn 0 -0 1
vn -0 -1 -0
vn 0 0 -1
vn 0 1 0
vn -0 0 -1
vn -0 -1 0
vn 0 1 0
vn -0 0 1
vn 0 -0 1
vn 0 0.57872 0.81553
vn 0 -0.57872 0.81553
vn 0 -1 0
vn -0 -0.57872 -0.81553
vn -0 0.57872 -0.81553
vn -0 1 0
vn 1 -0 0
vn 1 1E-05 -1E-05
vn 1 1E-05 0
vn 1 0 0
vn 1 -1E-05 0
vn 1 1E-05 0
vn -1 0 0
vn -1 -0 0
vn -1 5E-05 0
vn 0.67148 0.42885 0.60433
vn -1 -6E-05 0
vn -1 0 0
vn -1 -0 0
vn 0 -0.57872 0.81553
vn 0.61645 -0.7874 -0
vn 0.67148 -0.42884 0.60433
vn 0.61645 0.78739 -0
vn 0 1 -0
vn 0 0.57872 0.81553
vn 0 -0.57872 0.81553
vn 0 -1 0
vn -0 -0.57872 -0.81553
vn -0 0.57872 -0.81553
vn -0 1 0
vn -1 2E-05 0
vn -1 1E-05 0
vn -0.97394 0 -0.22682
vn 0 1 0
vn 0.99859 0 0.05302
vn -0 -1 0
vn -0.02974 -0 0.99956
vn -0 -1 -0
vn 0.91717 -0 0.39851
vn 0 1 0
vn -0.49465 0 -0.86909
vn -0.80785 0 0.58939
vn -0.99707 0 -0.0765
vn -0 -1 0
vn 0.71987 0 0.69411
vn -0 0 -1
vn -0 -1 0
vn 0.97195 0 -0.23518
vn -0 1 0
vn 0 -1 -0
vn 0 -0 1
vn -0 0 -1
vn 0 -1 0
vn 0 0 1
vn -0 1 0
vn 1 -0 0
vn -0 0 1
vn 0 -1 -0
vn -0 1 0
vn -0 0 -1
vn 0 0 -1
vn -0 -1 0
vn -0 0 -1
vn -0 0 1
vn -0 -1 -0
vn 1 -0 0
vn 0 1 0
vn -0 0 -1
vn -0 -1 0
vn 0 1 -0
vn -0 0 1
vn 0 0 1
vn -0.0287 -0.99959 -0.00075
vn -0.9999 0 -0.01428
vn -0.99963 0.00795 -0.02616
vn -0.99985 0 -0.01734
vn -0.15052 -0.84129 -0.51921
vn -0.19155 -0.84879 0.49281
vn -0.28634 0 -0.95813
vn -0.36531 0 0.93089
vn -0.0287 0.99959 -0.00075
vn -0.99965 0.00975 -0.02452
vn -0.99985 0 -0.01734
vn -0.15052 0.84129 -0.51921
vn -0.19155 0.84879 0.49281
vn -0.28634 0 -0.95813
vn -0.36531 0 0.93089
vn -0 0.57872 -0.81553
vn 0 -0.57872 -0.81553
vn 0 -1 0
vn 0 -0.57872 0.81553
vn 1 -0 0
vn -0 0.57872 0.81553
vn -0 1 0
vn -1 -0 0
vn -0 1 0
vn -1 1E-05 0
vn -1 1E-05 0
vn -1 0 0
vn -1 -0 0
vn -1 -0 0
vn 0 -0.57872 0.81553
vn 0 -0.57872 -0.81553
vn -0 0.57872 0.81553
vn 0 -1 0
vn -0 0.57872 -0.81553
vn -0 -1 -0
vn 1 -0 0
vn 1 -0 0
vn 1 0 0
vn 1 -0 0
vn 1 0 -0
vn 0 0.57871 -0.81553
vn -0 0.57872 0.81553
vn 0 -0.57872 -0.81553
vn 0 1 -0
vn 0 -0.57872 0.81553
vn 0 0.57872 -0.81553
vn 1 0 0
vn 1 -0 0
vn 1 -0 0
vn 1 0 0
vn 1 -0 0
vn -0 0.57872 0.81553
vn 0 -0.57872 -0.81553
vn -0 1 0
vn 0 -0.57872 0.81553
vn 0 -1 -0
vn 0 0.57872 0.81553
vn 0 -0.57872 0.81553
vn 0 -1 0
vn -0 -0.57872 -0.81553
vn -0 0.57872 -0.81553
vn -0 1 0
vn 0.08565 -0.57659 -0.81253
vn 0 1 -0
vn 0.08565 -0.57659 0.81253
vn 0.08565 0.57659 -0.81253
vn 0.08565 0.57659 0.81253
vn 0.07407 -0.99725 0
vn 0.07407 0.99725 0
vn 1 -0 0
vn -0 -0.57872 -0.81553
vn 0 -0.57872 0.81553
vn -0 0.57872 -0.81553
vn -0 -1 0
vn 0 0.57872 0.81553
vn 1 0 0
vn 0 -0.99455 0.10428
vn -0.28209 -0.95939 0
vn 0 -0.62488 0.78072
vn 1 -0 0
vn -0 -1 0
vn -1 0 -0
vn 0 -0.69834 0.71576
vn 0 -1 0
vn 0 -0.62488 0.78072
vn -0 -0.99455 0.10428
vn -1 -0 0
vn 0 -0.62488 0.78072
vn 0 1 0
vn 0 -0.62488 0.78072
vn 0 0.54616 -0.83768
vn -0 0.99712 -0.07578
vn 0 -0.94548 0.32569
vn -1 1E-05 0
vn 0 -0.94548 0.32569
vn 1 0 0
vn 1 -0 0
vn 1 -0 0
vn 0 0.78194 -0.62335
vn 1 -2E-05 0
vn 0 0.99455 0.10428
vn -0.12527 0.99212 0
vn 0 0.62488 0.78072
vn 1 -0 0
vn -1 0 -0
vn 0 0.91526 0.40286
vn 0 1 0
vn 0 0.62488 0.78072
vn -0 0.99455 0.10428
vn -1 0 -0
vn -1 -0 -0
vn 0 0.62488 0.78072
vn 0 0.62488 0.78072
vn 1 0 0
vn 0 -0.54616 -0.83768
vn 0 -0.99712 -0.07578
vn 0 0.99455 0.10428
vn -1 -0 -0
vn 0 0.99455 0.10428
vn 1 0 0
vn 1 -0 0
vn -0 -0.78194 -0.62335
vn 0 0.99455 0.10428
vn 0 0.62488 0.78072
vn 0 0.99455 0.10428
vn 0 0.62488 0.78072
vn 0 1 0
vn 0 0.91526 0.40286
vn 0 -0.94548 0.32569
vn 0 -0.62488 0.78072
vn 0 -0.99455 0.10428
vn 0 -0.62488 0.78072
vn -0.77956 -0.62633 0
vn -0 -0.69834 0.71576
vn 0 -0.69834 0.71576
vn -0 -1 -0
vn 0 -0.62488 0.78072
vn 0 -0.99455 0.10428
vn 0 -0.62488 0.78072
vn 0 -0.94548 0.32569
vn -0 0.91526 0.40286
vn -0 0.62488 0.78072
vn -0 0.99455 0.10428
vn -0 0.62488 0.78072
vn -0 0.99455 0.10428
vn 1 -0 0
vn 1 0 0
vn 0 0 1
vn -0 0 -1
vn -0 -1 0
vn 0 0 1
vn -0 0.82263 0.56857
vn -1 -0 0
vn -0 -0.82263 0.56857
vn -0 -0.80439 -0.5941
vn -1 0 0
vn -1 0 0
vn -0.00173 0.57872 0.81553
vn -0.00173 -0.57872 0.81553
vn 0 -1 0
vn 0.00173 -0.57872 -0.81553
vn 0.00916 0.57869 -0.81549
vn 0.00173 0.57872 -0.81553
vn 0 1 -0
vn 0 -0.57872 -0.81553
vn -0.29684 0.95493 -0
vn -0 -0.57872 0.81553
vn 0 0.57872 -0.81553
vn 0 0.57872 0.81553
vn -0 -1 0
vn 0 1 -0
vn 0 0.57872 -0.81553
vn -0.33854 -0.54455 -0.76737
vn -0.33854 -0.54454 0.76738
vn -0.33854 0.54454 -0.76738
vn -0.29684 -0.95493 0
vn -0.33854 0.54455 0.76737
vn 0.40276 0.9153 0
vn 0 -1 -0
vn -0 0.57872 0.81553
vn -0 -0.57872 -0.81552
vn -0 -0.57872 0.81553
vn 0.45384 -0.51569 -0.7267
vn 0.45384 -0.51568 0.72671
vn 0.45384 0.51568 -0.7267
vn 0.40276 -0.9153 -0
vn 0.45384 0.51568 0.72671
vn 0.02187 -0.57858 -0.81533
vn -0.00916 0.57869 0.81549
vn 0 -1 0
vn -0 1 0
vn 0.00916 -0.57869 -0.81549
vn -0.00916 -0.57869 0.81549
vn -0.02187 -0.57858 0.81533
vn 0.02187 0.57858 -0.81533
vn 0 -1 0
vn -0.02187 0.57858 0.81533
vn -0 1 -0
vn -0.99632 0 -0.08572
vn 0 1 0
vn 0.99632 0 0.08572
vn -0 -1 -0
vn 0.20823 0 -0.97808
vn -0.20823 0 0.97808
vn -0.20823 0 0.97808
vn -0.15987 -0.64077 0.7509
vn -0.20823 0 0.97808
vn -0.15987 0.64077 0.7509
vn 0.20823 0 -0.97808
vn 0.20823 0 -0.97808
vn 0.20823 0 -0.97808
vn 0.99632 0 0.08572
vn 0.99632 0 0.08572
vn 0.99632 0 0.08572
vn -0.99632 0 -0.08572
vn -0.99632 0 -0.08572
vn -0.78618 0.618 0
vn 0.78618 -0.618 0
vn -0 0.4467 -0.89468
vn 0 -0.4467 0.89468
vn 0 0.4467 0.89468
vn -0 -0.4467 -0.89468
vn 0.78618 0.618 0
vn -0.78618 -0.61799 0
vn 0.78618 -0.61799 0
vn -0 0.4467 -0.89468
vn 0 -0.4467 0.89468
vn 0 0.4467 0.89468
vn -0 -0.4467 -0.89468
vn 0.78618 0.61799 0
vn -0.78618 -0.618 0
vn 0.78619 -0.61799 0
vn -0 0.4467 -0.89468
vn 0 -0.4467 0.89468
vn 0 0.4467 0.89468
vn -0 -0.4467 -0.89468
vn 0.78619 0.61799 0
vn -0.78618 0.61799 0
vn 0.78617 -0.61801 0
vn -0 0.4467 -0.89468
vn 0 -0.4467 0.89468
vn 0 0.4467 0.89468
vn -0 -0.4467 -0.89468
vn 0.78618 0.618 0
vn -0.78619 -0.61799 0
vn 0 -0.41991 0.90757
vn -0.74798 -0.0047 0.6637
vn -0.75568 0 0.65494
vn -0.77258 -0.00143 0.63492
vn 0 0.41991 0.90757
vn 0 0.97323 0.22981
vn 0 0.75377 0.65714
vn -0.74798 0.0047 0.6637
vn -0.75568 0 0.65494
vn -0.77258 0.00144 0.63492
vn -0.38657 0.00208 0.92226
vn 0 1 0
vn 0 1 0
vn 0.86739 0 -0.49763
vn 0.57625 0 -0.81727
vn 0 -1 -0
vn 0 -1 0
vn 0 -0.75377 0.65714
vn 0 -0.97323 0.22981
vn 0 -0.97323 0.22981
vn 0 -0.97323 0.22981
vn -0 -0.97323 0.22981
vn 0.9942 0 -0.10755
vn -0 0 -1
vn 0 0 -1
vn 0.68979 0 -0.72401
vn 0.48585 0 -0.87404
vn 0.63829 0 -0.7698
vn 0.9942 0 -0.10755
vn 0.68979 0 -0.72401
vn 0.18155 0 -0.98338
vn -0.57942 0 0.81503
vn 0 1 0
vn 0.57942 0 0.81503
vn -0 0 -1
vn 0 -1 -0
vn 0.57942 0 -0.81503
vn -0 1 -0
vn -0.57942 0 -0.81503
vn -0.57942 0 0.81503
vn 0 -1 0
vn 0.57942 0 0.81503
vn 0 1 -0
vn -0 0 -1
vn 0 0 1
vn 0.57942 0 -0.81503
vn -0 -1 -0
vn -0.57942 0 -0.81503
vn 0.5 0 0.86603
vn 1 -0 0
vn 0.5 -0 -0.86603
vn -0.5 -0 -0.86603
vn -1 -0 0
vn -0.5 0 0.86603
vn -0.86544 0 -0.50101
vn 0 1 -0
vn 0 1 -0
vn 0.50101 0 -0.86544
vn -0 -1 0
vn -0 -1 0
vn -0 -1 0
vn 0.86544 0 0.50101
vn -0 -1 0
vn 0.86359 0 -0.50419
vn -0.00717 0 0.99997
vn -0 -1 -0
vn 0.86544 0 0.50101
vn 0 1 -0
vn 0 1 -0
vn 0 1 0
vn 0 1 -0
vn -0.50101 0 0.86544
vn 0.50101 0 -0.86544
vn -0.2577 -0 -0.96623
vn -0.86544 0 -0.50101
vn 0 -1 -0
vn 0 1 0
vn 0 -1 -0
vn 0.86544 0 0.50101
vn -0.86544 0 -0.50101
vn 0.59108 0 0.80661
vn 0.99409 -0 -0.10859
vn 0.403 0 -0.9152
vn -0.59108 0 -0.80661
vn 0 -1 0
vn 0 -1 -0
vn -0.99409 -0 0.10859
vn 0 1 0
vn 0 1 -0
vn 0 1 0
vn 0.80542 0.57872 0.12801
vn 0.80542 -0.57872 0.12801
vn -0 -1 0
vn -0.15697 0 0.9876
vn -0.15697 0 0.9876
vn -0.80542 -0.57872 -0.12801
vn -0.80542 0.57872 -0.12801
vn 0.15697 0 -0.9876
vn 0.15697 0 -0.9876
vn 0.15697 0 -0.9876
vn 0.06305 0 -0.99801
vn -0.06305 0 0.99801
vn -0.73254 0.68072 0
vn -0.23599 -0.97175 0
vn -0.23907 0 0.971
vn 0.23907 0 -0.971
vn 0.23971 0.00099 -0.97084
vn -0.23971 0.001 0.97084
vn -0.73254 -0.68072 0
vn -0.06305 0 0.99801
vn 0.06305 0 -0.99801
vn 0.5 0 0.86602
vn -0.5 0 -0.86602
vn -0.5 0 0.86603
vn 0.5 0 0.86603
vn 0.5 -0 -0.86603
vn -0.5 -0 -0.86603
vn 0 -1 0
vn -0 -1 0
vn 0 -1 0
vn -1 -0 0
vn -0.5 0 0.86603
vn 0 1 0
vn -0 1 0
vn 0 1 -0
vn 0.5 0 -0.86602
vn -0.5 0 -0.86603
vn -0 1 -0
vn 0 1 0
vn -0 1 0
vn -0.5 -1E-05 0.86603
vn 0 -1 0
vn 0.5 0 0.86602
vn 0.5 0 -0.86603
vn -0.5 0 -0.86603
vn 0 -1 0
vn -0 -1 0
vn -0.5 -0 0.86602
vn 0 1 -0
vn -0 1 -0
vn 0.5 0 0.86603
vn 0.5 0 -0.86603
vn -0.5 0 -0.86602
vn 0 -1 -0
vn -1 0 0
vn -0.5 0 0.86603
vn 0 1 -0
vn 0 1 0
vn 0.5 0 0.86602
vn -0.5 0 -0.86603
vn -0 -1 0
vn 0 -1 0
vn -0.5 0 0.86603
vn 0 1 -0
vn 0.5 0 0.86603
vn 0.5 0 -0.86602
vn -0.5 -1E-05 -0.86602
vn 0 -1 0
vn -0 -1 0
vn -1 0 0
vn -0.5 1E-05 0.86603
vn 0 1 -0
vn 0.5 -0 -0.86603
vn -0.5 0 -0.86603
vn -0 1 -0
vn 0 1 0
vn -0.5 0 0.86602
vn -0 -1 -0
vn 0.5 -0 0.86602
vn 0.5 -0 -0.86602
vn -0.5 -0 -0.86603
vn 0 -1 0
vn -0 -1 0
vn -1 -0 0
vn -0.5 0 0.86603
vn 0 1 0
vn -0 1 0
vn 0.5 -0 -0.86603
vn -0.5 -0 -0.86602
vn 0 -1 0
vn -0 -1 0
vn -1 -0 0
vn -0.5 0 0.86602
vn 0 1 -0
vn 0 1 -0
vn -0 1 0
vn 0.3095 0 0.9509
vn -0.00022 -0.00351 0.99999
vn 0 -1 0
vn 0.75037 -0.00898 0.66096
vn 0.7504 -0.00233 0.66098
vn -0.0006 -0.01361 0.99991
vn -1 -1E-05 0
vn 0 0.93938 0.34287
vn 0.3095 0 0.9509
vn -0 0 -1
vn 0 0.99187 0.12723
vn 0 1 -0
vn -0.00022 0.00351 0.99999
vn 0.7504 0.00232 0.66098
vn 0.7504 0.00232 0.66098
vn -0.00097 0.00352 0.99999
vn -1 1E-05 0
vn 0 0.99187 0.12723
vn 0.77077 0 0.63711
vn 0.20377 0 0.97902
vn 0.20377 0 0.97902
vn 0.20377 0 0.97902
vn 0.77077 0 0.63711
vn 0.05974 0 0.99821
vn -0.5 0 0.86603
vn 0 -1 0
vn -0.5 0 -0.86603
vn 0.5 0 -0.86603
vn 0.5 0 0.86603
vn -0.5 0 0.86603
vn 0 1 -0
vn -0.5 0 -0.86603
vn -0.5 -0 0.86603
vn 0.5 0 0.86603
vn 1 0 0
vn 0 -1 0
vn -0 -1 0
vn -0 -1 -0
vn 0.5 0 -0.86603
vn -0 1 0
vn -0 1 0
vn 0 1 0
vn 0 1 0
vn 0 -1 -0
vn 0.99985 0 -0.01716
vn 0 1 0
vn -0.99985 0 0.01716
vn -0 -1 -0
vn 0.02246 -0 0.99975
vn -0.02246 0 -0.99975
vn -0.02246 0 -0.99975
vn -0.56095 -0 0.82785
vn -0 -1 -0
vn 0 1 0
vn 0 1 0
vn 0.02246 -0 0.99975
vn -0.02246 0 -0.99975
vn -0 -1 -0
vn -0 -1 -0
vn -0 -1 0
vn -0.02246 0 -0.99975
vn -0.02246 0 -0.99975
vn 0 1 0
vn 0 1 0
vn 0.60315 0 0.79763
vn 0.02246 -0 0.99975
vn -0.48564 0 0.87416
vn -0.62491 0 0.7807
vn 0.48564 0 -0.87416
vn 0 1 0
vn -0 -1 0
vn -0.19612 0 0.98058
vn -0.3219 0 0.94677
vn 0.3219 0 -0.94677
vn 0.19612 0 -0.98058
vn -0 -1 0
vn 0 -1 0
vn -0.29728 0 -0.95479
vn -0.10947 0 -0.99399
vn 0.10947 0 0.99399
vn 0.27894 0 0.96031
vn 0 -1 0
vn 0.83846 0 0.54496
vn -0.08581 0 0.99631
vn 0 -1 0
vn -0 -1 0
vn -0.66386 0 0.74786
vn 0 0 1
vn -0 0 -1
vn -0.48564 0 0.87416
vn -0.62491 0 0.7807
vn 0.48564 0 -0.87416
vn 0 -1 0
vn -0 1 0
vn 0.3219 0 -0.94677
vn -0 1 0
vn 0 1 0
vn -0.10947 0 -0.99399
vn 0.10947 0 0.99399
vn 0 -1 0
vn 0 1 -0
vn 0.949 0 0.31529
vn -0.08581 0 0.99631
vn -0 1 -0
vn 0 1 -0
vn 0 1 -0
vn -0.57919 0 0.81519
vn 0 -1 0
vn 0.71754 0 -0.69652
vn 0 -1 -0
vn 0 -1 0
vn 0.93724 0 -0.34869
vn 0 1 0
vn -0.79379 0 -0.6082
vn -0.91112 0 -0.41215
vn -0.06249 0 0.99805
vn 0.85923 -1E-05 0.5116
vn -0 1 0
vn -0.99278 0 -0.11999
vn 0.99858 0 0.05321
vn -0.29419 0 -0.95575
vn -0.78928 0 -0.61404
vn -0 -1 0
vn -0 1 0
vn 0.85024 -1E-05 -0.5264
vn -0 -1 0
vn -0 1 -0
vn 0.42144 0 0.90686
vn -0.94775 0 0.31902
vn 0 -1 0
vn 0 -1 -0
vn -0.99861 0 0.05271
vn 0.92636 0 -0.37664
vn 1 0.00041 0.0006
vn 0.55074 0 -0.83468
vn -0.96538 0 -0.26085
vn -0.96463 0 0.2636
vn 0.95924 0 -0.2826
vn 0.91679 0 -0.39936
vn -0.17875 0 -0.98389
vn -0.17876 0 -0.98389
vn -0.17875 0 -0.98389
vn 0 -1 0
vn -0 -1 -0
vn 0 -1 0
vn 0 -1 0
vn -0.03887 0 0.99924
vn -0.03887 0 0.99924
vn -0 -1 -0
vn 0.38486 -0.7153 -0.58329
vn 0.53993 -0.81258 -0.21952
vn 0.5599 -0.81199 -0.16488
vn 0.60414 -0.77174 0.19858
vn 0.55761 -0.79377 -0.2429
vn -0.77777 0 -0.62855
vn -0.57173 -0.82044 0.00068
vn -0.56911 -0.68161 -0.45992
vn -0.55655 -0.83029 0.02938
vn -0.51193 -0.84155 0.17241
vn -0.51941 -0.84265 0.14194
vn -0.54825 -0.82309 -0.14814
vn -1 0 0.0012
vn -0.94775 0 0.31902
vn 0 1 -0
vn -0.99861 0 0.05271
vn 0.92636 0 -0.37664
vn 1 -0.00041 0.0006
vn 0.55074 0 -0.83468
vn 0.94999 0 0.31227
vn -0.17876 -0 -0.98389
vn -0.17875 0 -0.98389
vn -0.17876 -0 -0.98389
vn -0 1 -0
vn 0 1 -0
vn 0 1 0
vn -0.03887 -0 0.99924
vn -0.03887 0 0.99924
vn -0 1 -0
vn 0.38486 0.7153 -0.58329
vn 0.53993 0.81258 -0.21952
vn 0.55962 0.81219 -0.16486
vn 0.60414 0.77174 0.19858
vn 0.55762 0.79377 -0.2429
vn -0.57173 0.82044 0.00068
vn -0.56911 0.68161 -0.45992
vn -0.55655 0.83029 0.02938
vn -0.51234 0.84129 0.17246
vn -0.51941 0.84265 0.14194
vn -0.54825 0.82309 -0.14814
vn -1 0 0.0012
vn -0 0 -1
vn 0 0 1
vn 0.5 0 0.86602
vn 0.5 -0 -0.86603
vn -0.5 0 -0.86603
vn -0.5 0 0.86602
vn -0.99653 0 0.08321
vn -0 1 0
vn 0.99419 0 -0.10762
vn 0 -1 -0
vn -0.0293 0 0.99957
vn 0 -1 0
vn 0.99958 0 -0.02881
vn -0.89556 0 -0.44494
vn -0.99988 0 0.01517
vn -0 1 0
vn 0.99331 0 -0.11551
vn 0 -1 -0
vn 1 1E-05 0
vn 0 -0.71628 0.69781
vn 0.27495 0 -0.96146
vn 0.91521 0 -0.40298
vn 0 1 -0
vn 0 -0.71628 0.69781
vn 0 1 -0
vn 0 0.71628 0.69781
vn 0.91521 0 -0.40298
vn 0 -1 0
vn 0 -1 -0
vn 0 1 0
vn 0 0.71628 0.69781
vn 0 -0.89485 0.44637
vn -0 -0.85423 -0.5199
vn -0.70738 -0.70684 0
vn 0.70738 -0.70684 0
vn -0.68221 0 0.73115
vn 0.68222 0 0.73115
vn -0.60746 0 -0.79435
vn 0.60746 0 -0.79435
vn 0 0 1
vn 0.0704 0 -0.99752
vn -0.0704 0 0.99752
vn -0.0704 -0 0.99752
vn 0.99965 0.00685 0.02549
vn 0.99962 0 0.02745
vn 0.99962 -0.00024 0.02748
vn -0.01673 -0.99986 -0.00065
vn -0.21357 0 0.97693
vn 0.07276 0 0.99735
vn 0 -1 0
vn -0 -1 0
vn 0 -1 -0
vn 0.50953 0 0.86045
vn 0.04315 0 0.99907
vn 0.21378 0 0.97688
vn 0 -1 -0
vn -0.99977 -0.00891 -0.01974
vn 0.29377 0 -0.95588
vn 0.29313 0 -0.95607
vn 0.05 0 -0.99875
vn 0.29507 0 -0.95548
vn 0.31561 0 -0.94889
vn -0.25021 0 0.96819
vn -0.25019 -0.00407 0.96819
vn -0.25127 0 0.96792
vn 0.236 0.97175 0
vn 0.78203 0.62324 0
vn 0.236 0.97175 0
vn -0.03598 -0.99935 -0.0014
vn -0.12636 -0.84938 0.51243
vn 0.03767 -0.85559 0.51628
vn 0.29206 -0.81942 0.4932
vn 0.02181 -0.86288 0.50494
vn 0.11053 -0.85596 0.50509
vn -0.0084 -0.86337 0.5045
vn 0.25021 0 -0.96819
vn 0.25021 0 -0.96819
vn 0.10865 -0.84828 -0.51828
vn 0.17085 -0.8408 -0.51368
vn 0.15895 -0.84252 -0.51468
vn 0.15822 -0.84256 -0.51484
vn 0.15784 -0.84265 -0.51481
vn 0.02619 -0.85183 -0.52316
vn 0.23088 0 -0.97298
vn 0.00242 -0.84456 -0.53546
vn 0.03776 -0.84396 -0.53508
vn -0.25371 -0.81693 0.51794
vn 0 -1 0
vn -0.99966 -0.00028 -0.02616
vn -0.9997 0 -0.02459
vn -0.99976 0.00651 -0.02111
vn 1 -1E-05 0
vn -0 0 -1
vn 0.05035 -0.43044 0.90121
vn 0.01794 -0.94688 0.32109
vn -1 -0 0
vn 0 -1 -0
vn 0 -1 -0
vn 1 -1E-05 0
vn -1 0 -3E-05
vn -1 -0 0
vn 1 0 0
vn -1 0 0
vn -0 1 0
vn -0 1 9E-05
vn 0 1 -5E-05
vn 0 1 0
vn 0 1 -0
vn -0 1 -0
vn -0 1 0
vn 0.05035 -0.43044 0.90121
vn 0 -0.43099 0.90236
vn -0 0 -1
vn 1 -0 0
vn 0 1 0
vn -0 1 -4E-05
vn 0 1 0
vn 0 1 0
vn -0 1 0
vn 0 1 0
vn -0 1 -0
vn 0.0433 -0.43059 0.90151
vn 0 -1 0
vn 0.01714 -0.93405 0.35674
vn 0.0433 -0.43059 0.90151
vn -0 0 -1
vn 0 -0.43099 0.90236
vn -0 0 -1
vn -0 0 -1
vn 0 -0.43099 0.90236
vn 0 -0.94703 0.32114
vn 0 -1 -9E-05
vn 0 -1 0
vn 0 -1 0
vn 0 -1 5E-05
vn -0 -1 0
vn 0 -1 -0
vn -0 -1 -0
vn -0 0 -1
vn -0.7241 0 -0.6897
vn -0 0 -1
vn -0.7241 0 -0.6897
vn 1 0 3E-05
vn -1 0 -3E-05
vn -1 -0 0
vn -0.8871 0 -0.46159
vn 1 1E-05 0
vn -0.52735 -0.76872 -0.3619
vn 0 0 1
vn -0.08611 0 -0.99629
vn 0 -1 0
vn 0 -1 -0
vn 0 -1 0
vn 0 -1 -0
vn 0 -1 -0
vn 0 -1 -1E-05
vn 0.36651 0 -0.93041
vn 0 0 1
vn 0 0 1
vn 0.1506 0 -0.9886
vn 0 -0.83752 -0.54641
vn 0.08295 -0.83463 -0.54453
vn -0.04352 -0.86285 -0.50358
vn 0.33205 -0.7931 -0.51063
vn -0 0 1
vn 1 -1E-05 0
vn -0.198 0.9802 0
vn 0.24258 0.97013 0
vn 0.29037 0.95691 0
vn 0.28282 0.92057 0.26938
vn -0 1 0
vn 0.03873 0.99536 0.08808
vn 0 1 0
vn 0 1 -0
vn 0 0.98864 0.15029
vn -0 1 0
vn 0 1 0
vn -0 -0.83752 -0.54641
vn -0 0 -1
vn -0.7241 0 0.6897
vn 1 0 4E-05
vn -1 0 -4E-05
vn -0.7241 -0 0.6897
vn 0 -0 1
vn 0.7241 -0 0.6897
vn 0.7241 -0 0.6897
vn -1 0 -7E-05
vn 0 0.89485 0.44637
vn -0 0.85423 -0.5199
vn -0.70738 0.70684 0
vn 0.70738 0.70684 0
vn -0.68221 0 0.73115
vn 0.60746 0 -0.79435
vn 0 0 1
vn 0.0704 0 -0.99752
vn -0.0704 0 0.99752
vn 0.99965 -0.00685 0.02549
vn 0.99962 0.00024 0.02748
vn 1 1E-05 0
vn -0.01673 0.99986 -0.00065
vn -0.21357 0 0.97693
vn 0.07276 0 0.99735
vn -0 1 -0
vn -0 1 0
vn 0 1 0
vn 0.50953 0 0.86045
vn 0.04315 0 0.99907
vn 0.21378 0 0.97688
vn -0.01665 0 0.99986
vn 0 1 -0
vn -0.99977 0.00891 -0.01974
vn 0.29377 0 -0.95588
vn 0.29313 0 -0.95607
vn 0.29507 0 -0.95548
vn 0.31561 0 -0.94889
vn -0.25127 0 0.96792
vn -0.25021 0 0.96819
vn -0.25019 0.00407 0.96819
vn 0.23599 -0.97175 0
vn 0.78203 -0.62324 0
vn 0.23598 -0.97176 0
vn -0.03598 0.99935 -0.0014
vn -0.12636 0.84938 0.51243
vn 0.03767 0.85559 0.51629
vn 0.29206 0.81942 0.4932
vn 0.0218 0.86274 0.50517
vn 0.11053 0.85596 0.50509
vn -0.0084 0.86337 0.5045
vn 0.25021 0 -0.96819
vn 0.10865 0.84828 -0.51828
vn 0.17085 0.8408 -0.51368
vn 0.15895 0.84252 -0.51468
vn 0.15822 0.84256 -0.51484
vn 0.15784 0.84265 -0.51481
vn 0.02619 0.85183 -0.52316
vn 0.23088 0 -0.97298
vn 0.00323 0.85333 -0.52136
vn 0.03776 0.84396 -0.53508
vn -0.25285 0.82842 0.49979
vn -0.03776 0.84396 0.53508
vn 0 1 -0
vn -0.99966 0.00022 -0.02616
vn -0.9997 0 -0.02459
vn -0.9997 0 -0.02443
vn -0.99976 -0.00645 -0.02113
vn 1 -1E-05 0
vn 0 0.94703 0.32114
vn -0 0 -1
vn 0.05035 0.43045 0.90121
vn 0.01794 0.94688 0.32108
vn -1 0 0
vn 0 1 0
vn 0 1 0
vn -1 0 -3E-05
vn -1 0 -0
vn -1 0 0
vn -0 -1 9E-05
vn -0 -1 0
vn 0 -1 0
vn 0 -1 2E-05
vn 0 -1 -0
vn -0 -1 -0
vn 0 -1 0
vn 0.05035 0.43044 0.90121
vn 0 0.43099 0.90236
vn -0 0 -1
vn -0 -1 -4E-05
vn 0 -1 0
vn 0 -1 0
vn 0 -1 0
vn -0 -1 0
vn 0 -1 0
vn -0 -1 -0
vn 0.0433 0.43059 0.90151
vn 0.01714 0.93405 0.35673
vn 0.0433 0.43059 0.90151
vn -0 0 -1
vn 0 0.43099 0.90236
vn -0 0 -1
vn -0 0 -1
vn 0 0.43099 0.90236
vn 0 0.94703 0.32114
vn 0 1 0
vn 0 1 -4E-05
vn 0 1 5E-05
vn 0 1 0
vn -0 1 0
vn 0 1 0
vn 0 1 0
vn -0 -0 -1
vn -0 -0 -1
vn -0.7241 -0 -0.6897
vn -0 0 -1
vn -0 0 -1
vn -0.7241 0 -0.6897
vn 1 0 3E-05
vn -1 0 -3E-05
vn -1 0 0
vn 0 1 0
vn -0.8871 0 -0.46159
vn 1 -1E-05 0
vn 0 0 1
vn 0 1 -0
vn 0 1 0
vn 0 1 -0
vn 0 1 2E-05
vn 0 1 -2E-05
vn 0 1 -0
vn 0 0 1
vn 0 1 0
vn 0 0.83752 -0.54641
vn 0.08295 0.83463 -0.54453
vn -0.55015 0.62291 -0.55616
vn -0.04352 0.86285 -0.50358
vn 0.33205 0.7931 -0.51063
vn 1 1E-05 0
vn -0.198 -0.9802 0
vn 0.29037 -0.95692 0
vn 0.24258 -0.97013 0
vn 0.28282 -0.92057 0.26938
vn 0.03873 -0.99536 0.08808
vn -0 -1 0
vn 0 -1 0
vn 0 -1 0
vn 0 -1 0
vn -0 -1 0
vn 0 -0.98864 0.15029
vn 0 -1 0
vn 0 -1 0
vn 0 -1 -0
vn -0 0 -1
vn -0.7241 0 0.6897
vn 1 0 4E-05
vn -1 0 -4E-05
vn -0.7241 0 0.6897
vn 0 0 1
vn 0 0 1
vn 0.7241 0 0.6897
vn 0.7241 0 0.6897
vn -1 0 -7E-05
vn -0.75011 -0.66131 0
vn 0.5 0 0.86603
vn 0.5 0 -0.86603
vn -0.5 0 -0.86602
vn -0.5 0 0.86602
vn 0.5 -0 0.86603
vn -0.5 0 -0.86603
vn -1 0 0
vn -0.5 -0 0.86603
vn 0.5 0 0.86603
vn 0 -1 0
vn -0 -1 0
vn 0 -1 0
vn -0.5 0 0.86602
vn 0 1 -0
vn 0 1 0
vn -0 1 -0
vn 0.42518 0.90511 0
vn 0.42514 -0.90513 0
vn -0.42514 -0.90513 0
vn -0.42518 0.90511 0
vn -0 0 1
vn -0 0 1
vn 0 0 1
vn -0 0 -1
vn 0 0 -1
vn 0.42517 -0.90511 0
vn 0.42516 0.90512 0
vn -0.42517 0.90511 0
vn -0.42516 -0.90512 0
vn 0 0.57872 0.81553
vn 0 -0.57872 0.81553
vn 0 -1 0
vn -0 -0.57872 -0.81553
vn -1 1E-05 0
vn -0 0.57872 -0.81553
vn -0 1 -0
vn 1 -2E-05 0
vn 1 -1E-05 0
vn -1 -0 0
vn -1 -2E-05 0
vn -0 0 -1
vn 1 -1E-05 -0
vn 0 -1 -0
vn -0 -1 0
vn 0 -1 0
vn -0 -1 0
vn 0 -1 -0
vn -0 -1 0
vn 0 -1 0
vn -0 -1 -0
vn -0 0 -1
vn 0 0.83607 0.54863
vn -0 -1 -0
vn -0 -1 -0
vn 0 -1 -0.00015
vn 0 -1 0.00017
vn 0 -1 0
vn 1 2E-05 0
vn -0 -0.99907 -0.0432
vn 0 -0.92919 -0.36959
vn 0 0.13198 0.99125
vn 1 2E-05 -0
vn -0.93233 -0.18594 0.31014
vn -0.94867 0.04171 0.3135
vn -0.95115 -0.15874 0.26479
vn 1 2E-05 0
vn 0 0.92614 -0.37718
vn -0 0.99946 0.03277
vn -0.93191 -0.17874 0.31558
vn 1 -2E-05 0
vn 0 0.81194 0.58373
vn -0.89553 -0.09065 0.43568
vn 0 -0.88496 0.46566
vn -0.70711 0 -0.70711
vn 0.70711 0 -0.70711
vn 0 -0 1
vn -0.70711 0 0.70711
vn -0 0 -1
vn 0.70711 0 0.70711
vn -1 1E-05 0
vn 0 1 0
vn -0 1 -0
vn -0 1 0
vn 0 1 0
vn 0 1 0
vn -0 1 0
vn -0 1 0
vn -0 1 0
vn 0 1 0
vn 0 -0.83607 0.54863
vn 0 1 0
vn 0 1 0
vn -0 1 0
vn -0 1 0
vn -0 1 -0.00028
vn 1 0 0
vn -0 0.99907 -0.0432
vn 0 0.92919 -0.36959
vn -1 2E-05 0
vn -1 1E-05 0
vn 0 -0.13198 0.99125
vn 1 2E-05 -0
vn -0.93233 0.18595 0.31014
vn -0.94838 1E-05 0.31714
vn -0.95022 0.15353 0.27113
vn -0 -0.92614 -0.37718
vn 0 -0.99946 0.03277
vn -0.90807 -0.11689 0.40217
vn -0 -0.81195 0.58373
vn -0.89553 0.09062 0.43568
vn 0 0.88496 0.46566
vn -0.70711 0 -0.70711
vn 1 -1E-05 0
vn 0.70711 0 -0.70711
vn -0 0 1
vn -0.70711 -0 0.70711
vn -0 0 -1
vn 0.70711 0 0.7071
vn -1 -1E-05 0
vn 0 -1 -0
vn -0.43416 -0.7905 -0.43199
vn 0 -0.60853 0.79353
vn 0 -0.60853 -0.79353
vn -0.43416 -0.7905 0.43199
vn -0.5381 -0.84288 0
vn 0.03364 0 -0.99943
vn 1 0 0
vn 0 -1 0
vn 0 1 -0
vn -0.99999 0 0.00455
vn -0 -1 0
vn -0 -1 -0
vn 0 -1 -0
vn -0 -1 0
vn 0 0 1
vn 0.04985 0 -0.99876
vn 0.03364 0 -0.99943
vn 0.0481 -0 -0.99884
vn 0.0481 0 -0.99884
vn 0.04905 0 -0.9988
vn 0.04905 -0 -0.9988
vn 0.01078 -0.97634 -0.21598
vn -0.99971 0 -0.02399
vn 0.03363 0 -0.99943
vn -0.99971 0 -0.02399
vn 1 -0 0
vn -0 -1 0
vn 0 0 1
vn 0.03363 0 -0.99943
vn -0.04036 0 0.99919
vn -0.04036 0 0.99919
vn -0.04116 -0 0.99915
vn -0.04116 -0 0.99915
vn -0.00378 -0.99624 0.08658
vn -0.04183 0 0.99912
vn 0.99842 0 -0.05623
vn 0 1 -0
vn -1 -0 1E-05
vn 1 0 -0
vn 0.43416 -0.7905 0.43199
vn -0 -1 0
vn 0 -1 0
vn -0 -1 -0
vn -0 -1 0
vn 0 -1 0
vn -0 -1 -0
vn 0.43416 -0.7905 -0.43199
vn 0.5381 -0.84288 0
vn 0.31107 0 0.95039
vn 0.01935 0 -0.99981
vn -0.0198 0 0.9998
vn 0.34093 0 -0.94009
vn 0.89117 0 -0.45367
vn -0.92641 0 0.37652
vn 0 1 -0
vn 0.14856 0 0.9889
vn -0 1 0
vn -0 1 -0
vn 0.97131 0 0.23782
vn 0.752 0 0.65916
vn -0.7754 0 -0.63147
vn 0 -1 -0
vn -0.43416 0.7905 -0.43199
vn 0 0.60853 0.79353
vn -0 0.60853 -0.79353
vn -0.43416 0.7905 0.43199
vn -0.53811 0.84288 0
vn 0 1 0
vn -0 1 0
vn 0 -1 0
vn -0.99999 -0 0.00455
vn 0 1 -0
vn -0 1 0
vn -0 1 0
vn 0 0 1
vn 0.04985 0 -0.99876
vn 0.03364 0 -0.99943
vn 0.0481 0 -0.99884
vn 0.04905 0 -0.9988
vn 0.04905 0 -0.9988
vn 0.00377 -0.99736 -0.07255
vn -0.99971 0 -0.02399
vn 0.03363 0 -0.99943
vn 1 0 0
vn -0 1 0
vn 0 0 1
vn 0.03363 0 -0.99943
vn -0.04036 0 0.99919
vn -0.04036 -0 0.99919
vn -0.04116 0 0.99915
vn -0.04116 0 0.99915
vn -0.01068 -0.96688 0.25501
vn -0.04183 0 0.99912
vn 0.99842 0 -0.05623
vn 0 -1 0
vn 1 0 0
vn 0.43416 0.7905 0.43199
vn 0 1 0
vn -0 1 0
vn -0 1 -0
vn -0 1 -0
vn -0 1 -0
vn 0 1 0
vn 0.43416 0.7905 -0.43199
vn 0.5381 0.84288 0
vn 0 -1 0
vn 0 1 0
vn 0 1 0
vn 0.34093 0 -0.94009
vn -0.33034 0 0.94386
vn -0.92641 0 0.37652
vn 0 -1 -0
vn -0 -1 0
vn -0 -1 0
vn 0 1 -0
vn 0.97131 0 0.23782
vn 0.752 0 0.65916
vn -0.97115 0 -0.23848
vn 0 1 -0
vn 0.5 0 0.86603
vn 0.5 -0 -0.86603
vn -0.5 -0 -0.86603
vn -1 1E-05 0
vn -0.5 -0 0.86603
vn 0.5 0 0.86603
vn 0.5 0 -0.86603
vn -0.5 0 -0.86603
vn -0 1 0
vn 0 1 0
vn 0 1 0
vn 0 -1 0
vn -0 -1 0
vn 0 -1 0
vn 0 -0.57872 0.81553
vn -0 -1 -0
vn -0 -0.57872 -0.81553
vn 1 2E-05 0
vn -0 -0.57872 -0.81553
vn 0 -0.57872 0.81553
vn 0 -1 0
vn 1 2E-05 0
vn 1 4E-05 0
vn 0 -0.57872 0.81553
vn 0 -0.57872 0.81553
vn -0 -1 -0
vn -0 -0.57872 -0.81553
vn 0.13616 -0.99069 -0
vn -0 -0.57872 0.81553
vn 0.15711 -0.57153 -0.8054
vn 0.15711 -0.57153 0.8054
vn -0.99997 -0.00124 0.00698
vn -0 -1 0
vn 0 -0.57872 -0.81553
vn 0 -0.57872 0.81553
vn -0 -1 0
vn 1 -1E-05 0
vn 1 1E-05 0
vn 0 -1 0
vn 0 -1 0
vn 0 -1 0
vn 0 -1 -0
vn 0 -1 0
vn 0 -0.57872 -0.81553
vn 0 -0.57872 -0.81553
vn 0 -0.57871 -0.81553
vn 0 -0.57871 -0.81553
vn -0 -0.57872 -0.81553
vn 0 -0.57872 0.81553
vn 0 -0.57872 0.81553
vn 0 -0.57872 0.81553
vn 0 -0.57873 0.81552
vn 0 -0.57871 0.81553
vn 0.41221 -0.91109 0
vn 0.46391 -0.51266 0.72247
vn 0.4639 -0.51268 -0.72246
vn -0 -1 0
vn 0 -0.57872 -0.81553
vn 0 -0.57872 0.81553
vn -0.9576 -0.16673 -0.23497
vn -0.94437 -0.32889 0
vn -0.9576 -0.16673 0.23497
vn 0 0.56534 0.82486
vn -0 0.57872 -0.81553
vn 0 1 -0
vn -0.14196 0.98987 0.00099
vn -0.16454 0.55763 0.81362
vn -0.16474 0.57089 -0.80433
vn -0 0.57872 -0.81553
vn 0 1 -0
vn 0 0.56534 0.82486
vn -0.99999 -0.00222 0.00312
vn -0.99965 -0.01498 -0.02185
vn 1 3E-05 0
vn 1 -1E-05 0
vn 0 1 -0
vn -0 0.57872 0.81553
vn -0 0.57872 -0.81553
vn 1E-05 0.57871 0.81553
vn 0 0.57872 0.81552
vn 0 0.57872 0.81553
vn -0 0.57872 0.81553
vn 0 0.57872 0.81553
vn -0 0.57871 -0.81553
vn 0 0.57872 -0.81552
vn -0 0.57872 -0.81553
vn 0 0.57872 -0.81553
vn 0 0.57872 -0.81553
vn 0 1 -0
vn 1 0 -0
vn 0.04216 0.5782 0.8148
vn 0.04216 0.5782 -0.8148
vn 0.03644 0.99934 -0
vn 0 -1 0
vn 0 -1 -0
vn -1 1E-05 0
vn -1 -3E-05 0
vn -1 -5E-05 0
vn -1 7E-05 0
vn 0 -1 0
vn 1 1E-05 0
vn 1 0 -2E-05
vn 1 0 -0
vn 1 -2E-05 0
vn -0 1 0
vn -0 1 -0
vn 0 1 0
vn -0 1 0
vn -0.5 0 0.86603
vn 0 1 -0
vn -0 1 -0
vn 0 1 0
vn -0.5 0 -0.86602
vn 0 -1 0
vn -0 -1 0
vn -0 -1 -0
vn 0.49999 0 -0.86603
vn 0.5 0 0.86603
vn 0 0.57872 0.81553
vn 0 1 0
vn -0 0.57872 -0.81553
vn -0 0.57872 -0.81553
vn 0 0.57872 0.81553
vn 0 1 -0
vn -0 0.57872 -0.81553
vn 1 0 0
vn 1 2E-05 0
vn 0 0.57872 0.81553
vn 0 1 0
vn 0 0.57872 0.81553
vn -0 1 -0
vn -0 0.57872 -0.81553
vn 0.13616 0.99069 0
vn -0 0.57872 0.81553
vn 0.15711 0.57153 -0.8054
vn 0.15711 0.57153 0.8054
vn -0.99997 0.00124 0.00698
vn -0 1 0
vn 0 0.57872 -0.81553
vn 0 0.57872 -0.81553
vn 0 0.57872 0.81553
vn -0 1 0
vn 1 -1E-05 0
vn 1 -2E-05 0
vn 0 1 0
vn 0 1 0
vn 0 1 0
vn 0 1 0
vn -0 1 0
vn 0 0.57872 -0.81553
vn 0 0.57872 -0.81553
vn 0 0.57871 -0.81553
vn 0 0.57871 -0.81553
vn -0 0.57872 -0.81553
vn 0 0.57872 0.81553
vn 0 0.57872 0.81553
vn 0 0.57871 0.81553
vn -0 0.57873 0.81552
vn 0 0.57872 0.81553
vn 0.41221 0.91109 0
vn 0.46391 0.51266 0.72247
vn 0.46391 0.51268 -0.72246
vn 0 1 0
vn 0 0.57872 -0.81553
vn 0 0.57872 0.81553
vn -0.9576 0.16673 -0.23497
vn -0.94437 0.32887 0
vn -0.95759 0.16675 0.23497
vn 0 -0.56534 0.82486
vn -0 -0.57872 -0.81553
vn 0 -1 0
vn -0.14196 -0.98987 0.00099
vn -0.16454 -0.55763 0.81362
vn -0.16474 -0.57088 -0.80434
vn 0 -0.57872 -0.81553
vn -0 -1 -0
vn 0 -0.56534 0.82486
vn -0.99999 0.00272 0.00471
vn -0.99965 0.01498 -0.02185
vn 1 -3E-05 0
vn 0 -1 0
vn 0 -0.57872 0.81553
vn 0 -0.57872 -0.81553
vn 0 -0.57873 0.81552
vn 0 -0.57871 0.81553
vn -0 -0.57872 0.81553
vn 0 -0.57872 0.81553
vn 0 -0.57872 0.81553
vn 0 -0.57872 -0.81553
vn 0 -0.57872 -0.81553
vn 0 -0.57872 -0.81552
vn 0 -0.57872 -0.81553
vn 0 -1 -0
vn 1 2E-05 -1E-05
vn 0.04216 -0.5782 0.8148
vn 0.04216 -0.5782 -0.8148
vn 0.03644 -0.99934 -0
vn 0 1 0
vn -0 1 0
vn -1 2E-05 0
vn -1 3E-05 0
vn 0 1 0
vn 1 1E-05 0
vn 1 0 -2E-05
vn 1 -6E-05 -0
vn 0 -1 -0
vn 0 -1 -0
vn 0 -1 0
vn -0 -1 0
vn -0 -1 -0
vn -0.5 0 0.86602
vn -0 -1 -0
vn 0 -1 -0
vn 0 -1 0
vn -1 -0 0
vn -0.50001 0 -0.86602
vn -0 1 0
vn 0 1 0
vn -0 1 -0
vn 0.5 0 -0.86603
vn 0.5 -2E-05 0.86603
vn 0.03195 0.57872 -0.8149
vn 0.03195 -0.57872 -0.8149
vn 0 -1 0
vn -0.03195 -0.57872 0.8149
vn 0.99923 -3E-05 0.03917
vn -0.03195 0.57872 0.8149
vn -0 1 0
vn 0.40158 -0.53714 -0.74177
vn -0.03195 0.57872 0.8149
vn 0.34227 0.53714 0.77093
vn 0.40158 0.53714 -0.74177
vn 0.32713 -0.94489 0.01283
vn 0.32713 0.94489 0.01283
vn 0.34227 -0.53713 0.77094
vn -0.72932 0.68358 -0.02859
vn 0 -1 -0
vn 0.03195 0.57872 -0.8149
vn -0 1 0
vn -0.03195 -0.57872 0.8149
vn 0.03195 -0.57872 -0.8149
vn -0.03195 0.57872 0.8149
vn -0.79687 -0.36403 0.48216
vn -0.75667 -0.36404 -0.54307
vn -0.79687 0.36405 0.48215
vn -0.72932 -0.68358 -0.02859
vn -0.75667 0.36404 -0.54307
vn 0 -1 0
vn 0.03195 0.57871 -0.8149
vn -0 1 0
vn -0.03195 -0.57872 0.8149
vn 0.03195 -0.57871 -0.8149
vn 0.99923 1E-05 0.03918
vn -0.03195 -0.57871 0.8149
vn 0.99923 0 0.03918
vn 0.99923 2E-05 0.03918
vn 0.99923 3E-05 0.03918
vn 0.99923 2E-05 0.03917
vn 0.99923 1E-05 0.03917
vn -0.99923 0 -0.03918
vn 0.03195 -0.57872 -0.8149
vn -0.03195 0.57872 0.8149
vn 0 -1 -0
vn 0.03195 0.57872 -0.8149
vn -0 1 0
vn 0.99923 6E-05 0.03918
vn 0.99923 0 0.03918
vn 0.99923 0 0.03919
vn 0.99923 -1E-05 0.03918
vn 0.99923 1E-05 0.03916
vn 0 -1 -0
vn -0.99923 0 -0.03918
vn -0.99923 -1E-05 -0.03918
vn -0.99923 0 -0.03918
vn -0.99923 3E-05 -0.03918
vn -0.99923 0 -0.03918
vn 0.03196 0.57872 -0.8149
vn -0.03195 0.57872 0.8149
vn 0.03195 -0.57872 -0.8149
vn 0 1 0
vn -0.03195 -0.57871 0.81491
vn -0.99923 0.0001 -0.03918
vn -0.99923 -3E-05 -0.03918
vn -0.99923 0 -0.03918
vn -0.99923 -2E-05 -0.03918
vn -0.99923 0 -0.03918
vn -0.03195 -0.57873 0.8149
vn -0.99923 0 -0.03918
vn -0.99923 0 -0.03918
vn 0.03194 -0.57873 -0.81489
vn -0.03195 0.57873 0.8149
vn 0 -1 0
vn 0.03195 0.57872 -0.8149
vn 0 1 0
vn 0.01887 0.99982 0.00074
vn 0.11621 0.57235 0.81173
vn -0.01011 -0.57858 0.81556
vn 0.05378 -0.57858 -0.81385
vn -0.01011 0.57858 0.81556
vn 0.01887 -0.99982 0.00074
vn 0.05378 0.57858 -0.81385
vn 0.15984 0.98712 0.00627
vn 0.12806 -0.99175 0.00502
vn 0.1794 0.57235 -0.80014
vn 0.12806 0.99175 0.00502
vn 0.11621 -0.57235 0.81173
vn 0.17941 -0.57235 -0.80014
vn 0.19985 0.56305 0.80189
vn 0.1528 -0.5688 0.80816
vn 0.2156 -0.5688 -0.79371
vn 0.1528 0.5688 0.80816
vn 0.15984 -0.98712 0.00627
vn 0.2156 0.5688 -0.79371
vn 0.99923 0 0.03917
vn 0.99923 0 0.03917
vn 0.99923 0 0.03917
vn 0.20089 -0.97958 0.00788
vn 0.26202 0.56305 -0.78379
vn 0.20088 0.97958 0.00788
vn 0.19985 -0.56305 0.80189
vn 0.26202 -0.56305 -0.78379
vn 1 0 0
vn 0.67148 0.42884 -0.60433
vn 0 0.57872 -0.81553
vn 0 -1 -0
vn 0.67148 -0.42884 -0.60433
vn 0.67148 0.42884 0.60433
vn 0 -0.57872 0.81553
vn 0.61645 -0.78739 -0
vn 0.67148 -0.42884 0.60433
vn 0.61645 0.78739 -0
vn 0 1 -0
vn 1 -0 0
vn 1 -0 0
usemtl mat0
f 1//1 2//1 3//1
f 4//2 5//2 6//2
f 7//1 8//1 1//1
f 9//3 10//3 4//3
f 11//4 2//4 8//4
f 10//5 12//5 11//5
f 5//6 11//6 13//6
f 13//4 8//4 14//4
f 15//7 14//7 7//7
f 6//8 13//8 15//8
f 16//4 17//4 18//4
f 17//9 19//9 18//9
f 20//10 21//10 22//10
f 21//11 23//11 22//11
f 24//1 25//1 26//1
f 27//12 21//12 28//12
f 17//13 28//13 29//13
f 30//1 26//1 31//1
f 29//10 20//10 19//10
f 32//4 16//4 23//4
f 23//4 26//4 25//4
f 19//10 24//10 30//10
f 22//7 25//7 33//7
f 20//10 33//10 24//10
f 18//14 30//14 31//14
f 16//4 31//4 26//4
f 34//7 35//7 36//7
f 37//10 35//10 38//10
f 39//1 40//1 41//1
f 41//15 38//15 34//15
f 36//16 37//16 42//16
f 2//1 43//1 3//1
f 44//17 45//17 46//17
f 47//1 48//1 43//1
f 49//18 9//18 45//18
f 2//4 50//4 47//4
f 12//4 49//4 50//4
f 50//4 44//4 51//4
f 47//4 51//4 52//4
f 52//19 53//19 48//19
f 51//20 46//20 53//20
f 22//21 32//21 23//21
f 20//10 29//10 28//10
f 18//22 29//22 19//22
f 31//1 24//1 26//1
f 28//23 32//23 21//23
f 26//1 33//1 25//1
f 26//4 18//4 31//4
f 24//10 22//10 33//10
f 31//14 19//14 30//14
f 30//10 20//10 24//10
f 33//7 23//7 25//7
f 25//4 16//4 26//4
f 54//14 55//14 56//14
f 57//10 54//10 37//10
f 58//1 39//1 59//1
f 57//24 59//24 55//24
f 37//16 56//16 42//16
f 608//450 609//450 610//450
f 610//451 611//451 608//451
f 612//452 610//452 613//452
f 614//4 615//4 616//4
f 611//4 616//4 617//4
f 617//453 608//453 611//453
f 610//454 618//454 613//454
f 619//4 620//4 621//4
f 622//455 619//455 623//455
f 622//10 624//10 625//10
f 625//456 626//456 622//456
f 627//457 625//457 628//457
f 629//4 630//4 631//4
f 623//458 632//458 622//458
f 626//4 631//4 620//4
f 619//459 633//459 623//459
f 625//460 634//460 628//460
f 635//4 636//4 637//4
f 638//461 635//461 639//461
f 638//462 640//462 641//462
f 641//463 642//463 638//463
f 643//464 641//464 644//464
f 645//4 646//4 647//4
f 639//465 648//465 638//465
f 642//4 647//4 636//4
f 639//466 637//466 649//466
f 641//467 650//467 644//467
f 651//10 652//10 653//10
f 654//468 653//468 652//468
f 653//469 612//469 613//469
f 655//470 615//470 612//470
f 654//471 656//471 655//471
f 618//472 653//472 613//472
f 657//473 658//473 659//473
f 657//474 660//474 661//474
f 662//10 660//10 663//10
f 659//475 663//475 660//475
f 663//476 627//476 628//476
f 664//477 630//477 627//477
f 665//10 661//10 660//10
f 659//4 666//4 664//4
f 667//478 657//478 661//478
f 634//10 663//10 628//10
f 668//4 669//4 670//4
f 668//479 671//479 672//479
f 673//480 671//480 674//480
f 670//481 674//481 671//481
f 674//482 643//482 644//482
f 675//483 646//483 643//483
f 676//10 672//10 671//10
f 670//484 677//484 675//484
f 672//485 678//485 668//485
f 650//486 674//486 644//486
f 679//487 680//487 681//487
f 682//488 683//488 684//488
f 652//489 684//489 654//489
f 679//4 684//4 683//4
f 681//490 682//490 652//490
f 709//522 710//522 711//522
f 712//523 713//523 714//523
f 715//524 712//524 716//524
f 717//10 718//10 719//10
f 711//525 712//525 720//525
f 709//10 718//10 721//10
f 715//526 722//526 717//526
f 713//4 723//4 724//4
f 718//527 725//527 721//527
f 716//528 726//528 722//528
f 721//529 713//529 710//529
f 722//530 727//530 718//530
f 712//531 728//531 716//531
f 726//532 729//532 727//532
f 714//533 730//533 728//533
f 713//534 731//534 714//534
f 727//535 723//535 725//535
f 726//4 730//4 732//4
f 733//4 734//4 735//4
f 736//536 737//536 734//536
f 737//537 738//537 739//537
f 738//538 735//538 739//538
f 740//539 741//539 742//539
f 736//16 738//16 743//16
f 744//540 741//540 745//540
f 746//4 747//4 748//4
f 749//541 745//541 740//541
f 735//542 750//542 739//542
f 746//543 740//543 742//543
f 739//4 751//4 737//4
f 741//4 746//4 742//4
f 737//544 752//544 734//544
f 750//545 747//545 753//545
f 751//10 753//10 754//10
f 752//546 754//546 748//546
f 755//547 748//547 747//547
f 746//16 754//16 749//16
f 744//10 754//10 753//10
f 744//16 747//16 756//16
f 734//4 755//4 735//4
f 757//548 758//548 759//548
f 758//549 760//549 759//549
f 761//550 762//550 760//550
f 763//551 764//551 762//551
f 765//4 766//4 767//4
f 768//552 769//552 764//552
f 765//553 757//553 769//553
f 762//554 770//554 771//554
f 760//10 772//10 759//10
f 769//555 770//555 764//555
f 757//556 772//556 773//556
f 762//557 774//557 760//557
f 757//558 775//558 769//558
f 776//559 777//559 758//559
f 761//560 778//560 763//560
f 776//4 767//4 779//4
f 763//4 766//4 768//4
f 761//4 777//4 780//4
f 781//561 782//561 783//561
f 784//562 785//562 786//562
f 787//563 788//563 789//563
f 789//564 790//564 791//564
f 792//565 782//565 793//565
f 787//4 783//4 794//4
f 792//4 790//4 795//4
f 790//566 786//566 795//566
f 795//567 796//567 782//567
f 782//568 797//568 783//568
f 794//569 798//569 788//569
f 796//570 785//570 799//570
f 800//571 801//571 802//571
f 801//572 803//572 804//572
f 804//573 805//573 806//573
f 805//574 807//574 806//574
f 808//4 809//4 810//4
f 811//575 812//575 807//575
f 808//576 802//576 812//576
f 806//10 813//10 814//10
f 804//10 815//10 801//10
f 812//10 813//10 807//10
f 802//10 815//10 816//10
f 806//577 817//577 804//577
f 802//578 818//578 812//578
f 800//579 819//579 820//579
f 803//580 821//580 805//580
f 808//581 822//581 800//581
f 805//4 809//4 811//4
f 803//4 819//4 823//4
f 824//582 825//582 826//582
f 825//583 827//583 828//583
f 827//584 829//584 828//584
f 830//7 826//7 829//7
f 831//585 832//585 833//585
f 834//586 830//586 827//586
f 829//587 835//587 836//587
f 828//588 836//588 837//588
f 838//589 828//589 837//589
f 835//590 825//590 838//590
f 839//591 840//591 841//591
f 835//592 840//592 842//592
f 840//14 837//14 831//14
f 843//593 842//593 839//593
f 831//594 836//594 843//594
f 833//1 839//1 841//1
f 836//595 842//595 843//595
f 833//596 844//596 845//596
f 831//597 844//597 832//597
f 846//598 847//598 848//598
f 849//599 850//599 847//599
f 851//4 852//4 850//4
f 853//600 848//600 852//600
f 854//601 855//601 856//601
f 849//602 853//602 851//602
f 857//603 855//603 858//603
f 859//4 860//4 861//4
f 854//4 857//4 858//4
f 848//604 862//604 852//604
f 859//605 854//605 856//605
f 852//10 863//10 850//10
f 855//10 859//10 856//10
f 850//606 864//606 847//606
f 862//607 860//607 865//607
f 863//608 865//608 866//608
f 864//609 866//609 861//609
f 867//10 861//10 860//10
f 859//610 866//610 868//610
f 868//4 865//4 857//4
f 857//1 860//1 869//1
f 847//4 867//4 848//4
f 870//611 871//611 872//611
f 873//612 874//612 871//612
f 875//10 876//10 874//10
f 877//613 872//613 876//613
f 878//614 879//614 880//614
f 873//16 877//16 875//16
f 881//615 879//615 882//615
f 883//16 884//16 885//16
f 878//10 881//10 882//10
f 872//616 886//616 876//616
f 883//617 878//617 880//617
f 874//4 886//4 887//4
f 888//4 880//4 879//4
f 874//618 889//618 871//618
f 886//545 884//545 890//545
f 891//10 886//10 890//10
f 885//619 887//619 891//619
f 892//620 885//620 884//620
f 883//621 891//621 893//621
f 893//10 890//10 881//10
f 881//16 884//16 888//16
f 871//4 892//4 872//4
f 1164//839 1165//839 1166//839
f 1166//14 1167//14 1168//14
f 1169//840 1170//840 1171//840
f 1170//7 1172//7 1171//7
f 1164//841 1171//841 1172//841
f 1173//842 1170//842 1174//842
f 1167//843 1173//843 1174//843
f 1168//844 1164//844 1166//844
f 1167//845 1169//845 1168//845
f 1175//846 1164//846 1172//846
f 1176//847 1177//847 1178//847
f 1177//14 1179//14 1178//14
f 1180//848 1181//848 1182//848
f 1181//7 1183//7 1182//7
f 1180//849 1183//849 1176//849
f 1184//850 1181//850 1185//850
f 1186//851 1184//851 1185//851
f 1179//852 1176//852 1178//852
f 1186//853 1180//853 1179//853
f 1187//854 1176//854 1183//854
f 1188//855 1189//855 1190//855
f 1190//14 1191//14 1192//14
f 1193//856 1194//856 1195//856
f 1194//7 1196//7 1195//7
f 1193//857 1196//857 1188//857
f 1197//858 1198//858 1194//858
f 1189//859 1197//859 1191//859
f 1190//860 1193//860 1188//860
f 1191//861 1193//861 1192//861
f 1198//862 1188//862 1196//862
f 1199//855 1200//855 1201//855
f 1200//14 1202//14 1201//14
f 1203//863 1204//863 1205//863
f 1204//7 1206//7 1205//7
f 1199//864 1205//864 1206//864
f 1207//865 1204//865 1208//865
f 1209//866 1207//866 1208//866
f 1202//867 1199//867 1201//867
f 1209//868 1203//868 1202//868
f 1210//854 1199//854 1206//854
f 1211//869 1212//869 1213//869
f 1214//870 1215//870 1216//870
f 1216//871 1217//871 1218//871
f 1213//872 1219//872 1214//872
f 1218//4 1220//4 1221//4
f 1213//873 1212//873 1222//873
f 1223//874 1212//874 1224//874
f 1225//875 1226//875 1223//875
f 1227//876 1228//876 1225//876
f 1215//877 1228//877 1229//877
f 1217//878 1229//878 1230//878
f 1219//879 1226//879 1228//879
f 1220//4 1230//4 1231//4
f 1232//14 1229//14 1227//14
f 1233//14 1230//14 1232//14
f 1232//880 1234//880 1233//880
f 1227//10 1235//10 1236//10
f 1233//881 1237//881 1231//881
f 1236//882 1238//882 1239//882
f 1225//10 1240//10 1227//10
f 1239//883 1241//883 1232//883
f 1223//10 1242//10 1225//10
f 1243//7 1216//7 1244//7
f 1243//884 1214//884 1216//884
f 1245//7 1218//7 1221//7
f 1211//885 1213//885 1246//885
f 1247//886 1248//886 1249//886
f 1244//887 1250//887 1251//887
f 1246//888 1252//888 1253//888
f 1245//889 1254//889 1255//889
f 1251//890 1256//890 1257//890
f 1258//891 1249//891 1259//891
f 1257//892 1248//892 1243//892
f 1255//893 1260//893 1244//893
f 1246//894 1259//894 1261//894
f 1262//895 1263//895 1264//895
f 1265//896 1266//896 1263//896
f 1267//897 1268//897 1266//897
f 1268//898 1262//898 1264//898
f 1269//899 1270//899 1271//899
f 1265//900 1272//900 1267//900
f 1268//7 1270//7 1273//7
f 1266//901 1273//901 1269//901
f 1271//902 1266//902 1269//902
f 1264//903 1271//903 1270//903
f 1274//895 1275//895 1276//895
f 1277//904 1275//904 1278//904
f 1279//905 1280//905 1277//905
f 1279//14 1276//14 1281//14
f 1282//906 1283//906 1284//906
f 1281//907 1275//907 1280//907
f 1282//908 1279//908 1285//908
f 1283//909 1279//909 1277//909
f 1284//910 1277//910 1278//910
f 1284//911 1274//911 1282//911
f 1697//1117 1698//1117 1699//1117
f 1697//14 1700//14 1701//14
f 1702//1118 1703//1118 1704//1118
f 1702//7 1705//7 1706//7
f 1700//1 1705//1 1701//1
f 1697//16 1702//16 1704//16
f 1707//14 1708//14 1709//14
f 1701//1119 1710//1119 1707//1119
f 1701//1120 1709//1120 1697//1120
f 1705//1121 1698//1121 1710//1121
f 1708//1122 1711//1122 1712//1122
f 1710//7 1712//7 1713//7
f 1709//1123 1712//1123 1698//1123
f 1710//1124 1714//1124 1707//1124
f 1711//4 1715//4 1716//4
f 1713//1125 1715//1125 1714//1125
f 1714//14 1717//14 1708//14
f 1713//7 1711//7 1716//7
f 1718//1126 1719//1126 1720//1126
f 1700//14 1721//14 1722//14
f 1706//1127 1720//1127 1702//1127
f 1700//1128 1718//1128 1706//1128
f 1723//10 1724//10 1725//10
f 1722//1129 1724//1129 1718//1129
f 1720//1130 1723//1130 1721//1130
f 1722//14 1723//14 1725//14
f 1703//1131 1726//1131 1727//1131
f 1704//1132 1727//1132 1721//1132
f 1702//1133 1726//1133 1728//1133
f 1720//1134 1727//1134 1726//1134
f 1729//10 1730//10 1731//10
f 1732//7 1733//7 1734//7
f 1735//1135 1736//1135 1737//1135
f 1738//16 1732//16 1739//16
f 1740//16 1741//16 1742//16
f 1743//1 1744//1 1745//1
f 1741//7 1746//7 1747//7
f 1748//7 1747//7 1730//7
f 1742//1136 1748//1136 1729//1136
f 1737//1 1749//1 1743//1
f 1750//1 1751//1 1752//1
f 1753//1137 1754//1137 1755//1137
f 1756//7 1757//7 1758//7
f 1746//1138 1754//1138 1756//1138
f 1755//1139 1759//1139 1740//1139
f 1760//1 1744//1 1751//1
f 1749//1140 1756//1140 1744//1140
f 1744//1141 1758//1141 1751//1141
f 1730//7 1736//7 1761//7
f 1747//7 1749//7 1736//7
f 1731//10 1761//10 1735//10
f 1758//7 1752//7 1751//7
f 1739//1142 1757//1142 1753//1142
f 1757//7 1734//7 1758//7
f 1733//1143 1762//1143 1734//1143
f 1762//4 1752//4 1734//4
f 1763//4 1764//4 1733//4
f 1765//1144 1766//1144 1767//1144
f 1768//7 1766//7 1769//7
f 1770//1145 1771//1145 1772//1145
f 1773//14 1771//14 1774//14
f 1773//1 1768//1 1769//1
f 1771//16 1766//16 1772//16
f 1775//7 1776//7 1777//7
f 1776//1146 1773//1146 1769//1146
f 1777//1147 1769//1147 1766//1147
f 1773//1148 1765//1148 1767//1148
f 1778//1122 1775//1122 1779//1122
f 1780//14 1779//14 1765//14
f 1779//1149 1777//1149 1765//1149
f 1781//1124 1780//1124 1776//1124
f 1782//4 1778//4 1783//4
f 1782//1125 1784//1125 1781//1125
f 1785//7 1781//7 1775//7
f 1784//14 1778//14 1779//14
f 1786//1150 1787//1150 1788//1150
f 1768//7 1789//7 1772//7
f 1788//1151 1774//1151 1771//1151
f 1787//1128 1768//1128 1774//1128
f 1790//10 1791//10 1792//10
f 1790//1152 1793//1152 1787//1152
f 1791//1153 1788//1153 1789//1153
f 1793//7 1791//7 1789//7
f 1794//1154 1795//1154 1770//1154
f 1794//7 1772//7 1789//7
f 1771//1155 1796//1155 1788//1155
f 1788//1156 1794//1156 1789//1156
f 1797//10 1729//10 1731//10
f 1798//14 1799//14 1800//14
f 1801//1135 1735//1135 1737//1135
f 1799//16 1738//16 1739//16
f 1802//16 1740//16 1742//16
f 1803//1 1743//1 1745//1
f 1804//14 1802//14 1805//14
f 1805//14 1806//14 1797//14
f 1806//1136 1742//1136 1729//1136
f 1807//1 1737//1 1743//1
f 1750//1157 1808//1157 1760//1157
f 1809//1158 1753//1158 1755//1158
f 1810//1159 1811//1159 1809//1159
f 1804//1160 1809//1160 1812//1160
f 1812//1139 1755//1139 1740//1139
f 1760//1 1803//1 1745//1
f 1807//14 1810//14 1804//14
f 1803//1161 1813//1161 1810//1161
f 1801//14 1797//14 1814//14
f 1807//14 1805//14 1801//14
f 1814//10 1731//10 1735//10
f 1815//1162 1813//1162 1808//1162
f 1811//1142 1739//1142 1753//1142
f 1800//14 1811//14 1813//14
f 1762//1143 1798//1143 1800//1143
f 1815//4 1762//4 1800//4
f 1764//4 1816//4 1798//4
f 2492//1549 2493//1549 2494//1549
f 2493//1550 2495//1550 2496//1550
f 2495//1551 2497//1551 2496//1551
f 2497//1552 2498//1552 2499//1552
f 2500//4 2501//4 2502//4
f 2498//1553 2503//1553 2499//1553
f 2500//1554 2494//1554 2503//1554
f 2497//1555 2504//1555 2505//1555
f 2496//1556 2506//1556 2493//1556
f 2503//10 2504//10 2499//10
f 2494//1557 2506//1557 2507//1557
f 2497//1558 2508//1558 2496//1558
f 2494//1556 2509//1556 2503//1556
f 2492//1559 2510//1559 2511//1559
f 2512//4 2513//4 2514//4
f 2500//1560 2515//1560 2492//1560
f 2512//1561 2501//1561 2498//1561
f 2495//4 2510//4 2513//4
f 2516//1562 2517//1562 2518//1562
f 2519//10 2520//10 2516//10
f 2521//1563 2522//1563 2523//1563
f 2522//1564 2524//1564 2525//1564
f 2520//1565 2526//1565 2517//1565
f 2527//1566 2528//1566 2529//1566
f 2530//1567 2531//1567 2526//1567
f 2520//10 2523//10 2532//10
f 2533//1568 2534//1568 2535//1568
f 2522//1569 2535//1569 2524//1569
f 2517//1570 2536//1570 2518//1570
f 2531//4 2517//4 2526//4
f 2537//1571 2527//1571 2538//1571
f 2538//1572 2521//1572 2519//1572
f 2524//1573 2539//1573 2531//1573
f 2539//1574 2537//1574 2536//1574
f 2540//1575 2535//1575 2528//1575
f 2527//1576 2533//1576 2522//1576
f 2541//1577 2542//1577 2543//1577
f 2529//1578 2544//1578 2541//1578
f 2528//1579 2534//1579 2544//1579
f 2529//10 2545//10 2533//10
f 2543//1580 2546//1580 2547//1580
f 2534//1581 2542//1581 2544//1581
f 2545//10 2543//10 2547//10
f 2545//1582 2546//1582 2534//1582
f 2525//1583 2548//1583 2549//1583
f 2550//1584 2551//1584 2552//1584
f 2550//1585 2553//1585 2554//1585
f 2555//1586 2530//1586 2556//1586
f 2557//1587 2558//1587 2559//1587
f 2554//1588 2560//1588 2525//1588
f 2561//1589 2551//1589 2562//1589
f 2549//4 2563//4 2557//4
f 2564//1590 2516//1590 2518//1590
f 2565//10 2519//10 2516//10
f 2566//1591 2567//1591 2568//1591
f 2569//1592 2570//1592 2571//1592
f 2572//1593 2565//1593 2564//1593
f 2568//1594 2573//1594 2574//1594
f 2575//1595 2576//1595 2577//1595
f 2578//1596 2566//1596 2565//1596
f 2579//1597 2580//1597 2581//1597
f 2581//1598 2567//1598 2571//1598
f 2564//1599 2536//1599 2582//1599
f 2564//4 2583//4 2572//4
f 2568//1600 2537//1600 2538//1600
f 2566//1601 2538//1601 2519//1601
f 2582//1602 2571//1602 2583//1602
f 2582//1603 2537//1603 2574//1603
f 2574//1604 2581//1604 2571//1604
f 2580//1605 2568//1605 2567//1605
f 2584//1606 2585//1606 2586//1606
f 2587//1607 2586//1607 2573//1607
f 2573//1608 2579//1608 2581//1608
f 2588//1609 2587//1609 2580//1609
f 2589//1610 2590//1610 2585//1610
f 2585//1611 2579//1611 2586//1611
f 2588//10 2589//10 2584//10
f 2590//1612 2588//1612 2579//1612
f 2548//1613 2591//1613 2592//1613
f 2570//10 2551//10 2593//10
f 2553//1585 2570//1585 2569//1585
f 2594//16 2555//16 2575//16
f 2558//1614 2595//1614 2576//1614
f 2560//1615 2569//1615 2591//1615
f 2593//1616 2596//1616 2597//1616
f 2595//1617 2548//1617 2592//1617
f 2954//1864 2955//1864 2956//1864
f 2956//1865 2957//1865 2958//1865
f 2959//1866 2960//1866 2961//1866
f 2960//1867 2958//1867 2961//1867
f 2962//1868 2963//1868 2960//1868
f 2963//10 2956//10 2960//10
f 2964//1869 2965//1869 2966//1869
f 2967//1870 2966//1870 2968//1870
f 2969//1871 2970//1871 2971//1871
f 2972//1872 2967//1872 2970//1872
f 2973//1873 2974//1873 2972//1873
f 2974//10 2964//10 2972//10
f 2975//10 2976//10 2977//10
f 2978//14 2976//14 2979//14
f 2980//1874 2981//1874 2982//1874
f 2981//1 2983//1 2984//1
f 2985//1875 2986//1875 2987//1875
f 2988//14 2979//14 2976//14
f 2987//1876 2986//1876 2989//1876
f 2988//1877 2985//1877 2987//1877
f 2990//1878 2991//1878 2992//1878
f 2993//1879 2994//1879 2995//1879
f 2996//16 2993//16 2997//16
f 2998//1880 2999//1880 3000//1880
f 2994//7 3000//7 3001//7
f 3002//1881 2998//1881 3000//1881
f 3003//1 3004//1 3005//1
f 2999//4 3006//4 3007//4
f 3001//1882 2999//1882 3007//1882
f 3001//1883 3008//1883 3003//1883
f 3007//4 3009//4 3008//4
f 3010//7 3001//7 3003//7
f 3011//1884 2994//1884 3010//1884
f 3012//14 2954//14 2963//14
f 3013//1885 2983//1885 2980//1885
f 3014//1886 3015//1886 3016//1886
f 3017//1887 3018//1887 2990//1887
f 3016//1888 3019//1888 3020//1888
f 3018//1889 3015//1889 2991//1889
f 3021//1890 3010//1890 3022//1890
f 3023//1891 3021//1891 3022//1891
f 3024//1892 2995//1892 3011//1892
f 3025//1893 2995//1893 3026//1893
f 3027//1894 3028//1894 3015//1894
f 3029//1895 3026//1895 3028//1895
f 3030//16 3027//16 3017//16
f 3031//1896 3025//1896 3029//1896
f 3016//1897 3028//1897 3019//1897
f 3019//1898 3026//1898 3024//1898
f 3032//1899 3011//1899 3021//1899
f 3033//1900 3034//1900 3019//1900
f 3035//1901 3032//1901 3036//1901
f 3032//14 3035//14 3037//14
f 2992//1902 2991//1902 3038//1902
f 3004//1903 3006//1903 2998//1903
f 2979//1 3039//1 3038//1
f 2978//1904 3040//1904 3041//1904
f 3042//14 3043//14 2974//14
f 2985//1905 3044//1905 3045//1905
f 2982//10 3046//10 2980//10
f 3047//1906 2979//1906 3038//1906
f 3048//1907 3014//1907 3016//1907
f 2993//1908 3025//1908 3049//1908
f 3004//1909 3008//1909 3009//1909
f 2981//1910 3048//1910 3050//1910
f 3051//1911 3052//1911 3044//1911
f 3039//1912 2989//1912 2992//1912
f 3053//1913 3054//1913 2975//1913
f 2976//1914 3055//1914 3056//1914
f 3040//1915 2978//1915 3047//1915
f 3035//1916 3057//1916 3058//1916
f 3020//14 2982//14 3059//14
f 3002//1917 3012//1917 3060//1917
f 3061//1918 3013//1918 3062//1918
f 3031//1919 3063//1919 3042//1919
f 3064//1920 3031//1920 3033//1920
f 3065//14 3066//14 3067//14
f 2961//1921 3068//1921 3069//1921
f 3070//1922 3023//1922 3071//1922
f 2968//1923 3072//1923 3073//1923
f 3074//1924 3013//1924 2971//1924
f 3072//1925 3030//1925 3017//1925
f 2958//1926 3066//1926 3065//1926
f 3075//1927 2997//1927 3076//1927
f 2966//1 2965//1 3077//1
f 3075//1928 3076//1928 2955//1928
f 2970//4 3078//4 3079//4
f 2961//4 3065//4 3068//4
f 2990//1929 2986//1929 3045//1929
f 2970//1921 3079//1921 3054//1921
f 3022//1930 3080//1930 3081//1930
f 2954//1931 3082//1931 2955//1931
f 2956//1932 2955//1932 2957//1932
f 2959//1933 3071//1933 2960//1933
f 2960//1934 2956//1934 2958//1934
f 2960//1935 3071//1935 2962//1935
f 3071//1936 3081//1936 2962//1936
f 2963//10 2954//10 2956//10
f 2964//1937 3043//1937 2965//1937
f 2967//1938 2964//1938 2966//1938
f 2969//1939 2972//1939 2970//1939
f 2972//1940 2964//1940 2967//1940
f 2972//1941 2969//1941 2973//1941
f 2969//1942 3061//1942 2973//1942
f 2974//10 3043//10 2964//10
f 2975//10 3055//10 2976//10
f 2978//14 2977//14 2976//14
f 2980//1943 2983//1943 2981//1943
f 2975//1 2977//1 2984//1
f 2977//1944 2981//1944 2984//1944
f 2985//1875 3045//1875 2986//1875
f 2988//1945 2987//1945 2979//1945
f 3083//1946 2979//1946 2989//1946
f 2979//1947 2987//1947 2989//1947
f 2988//1948 3051//1948 2985//1948
f 2990//1949 3018//1949 2991//1949
f 2993//1950 3084//1950 2994//1950
f 2996//1951 3084//1951 2993//1951
f 2998//1952 3085//1952 2999//1952
f 2994//7 3084//7 3000//7
f 3000//1953 3084//1953 3002//1953
f 3084//1954 2996//1954 3002//1954
f 2996//1955 3012//1955 3002//1955
f 3080//1956 3022//1956 3005//1956
f 3022//1957 3010//1957 3005//1957
f 3010//1958 3003//1958 3005//1958
f 2999//4 3085//4 3006//4
f 3001//1959 3000//1959 2999//1959
f 3001//1960 3007//1960 3008//1960
f 3007//4 3006//4 3009//4
f 3010//7 2994//7 3001//7
f 3011//1961 2995//1961 2994//1961
f 2996//1962 3075//1962 3082//1962
f 2996//1963 3082//1963 3012//1963
f 3082//14 2954//14 3012//14
f 3060//14 3012//14 2963//14
f 2963//14 2962//14 3060//14
f 3046//1964 3062//1964 2980//1964
f 3062//1965 3013//1965 2980//1965
f 3013//1966 3074//1966 2983//1966
f 3074//14 2984//14 2983//14
f 3014//1967 2991//1967 3015//1967
f 3017//1968 3027//1968 3018//1968
f 3019//1969 3062//1969 3020//1969
f 3062//1970 3046//1970 3020//1970
f 3020//1971 3059//1971 3016//1971
f 3059//1972 3050//1972 3016//1972
f 3018//1973 3027//1973 3015//1973
f 3021//1974 3011//1974 3010//1974
f 3023//1975 3070//1975 3021//1975
f 3024//1976 3026//1976 2995//1976
f 3025//1977 2993//1977 2995//1977
f 3027//1978 3029//1978 3028//1978
f 3029//1979 3025//1979 3026//1979
f 3030//1980 3029//1980 3027//1980
f 3029//1981 3030//1981 3063//1981
f 3031//16 3064//16 3025//16
f 3029//1982 3063//1982 3031//1982
f 3016//1983 3015//1983 3028//1983
f 3019//1984 3028//1984 3026//1984
f 3032//1985 3024//1985 3011//1985
f 3024//1 3032//1 3037//1
f 3024//1986 3037//1986 3058//1986
f 3034//1 3062//1 3019//1
f 3024//1987 3058//1987 3019//1987
f 3058//1988 3033//1988 3019//1988
f 3032//1989 3021//1989 3070//1989
f 3036//14 3069//14 3035//14
f 3069//14 3057//14 3035//14
f 3032//1990 3070//1990 3036//1990
f 3014//1991 3041//1991 3040//1991
f 3040//1992 3047//1992 3014//1992
f 3047//1993 3038//1993 2991//1993
f 2991//1994 3014//1994 3047//1994
f 3039//1995 2992//1995 3038//1995
f 2998//1996 3002//1996 3005//1996
f 3005//14 3004//14 2998//14
f 3004//1997 3009//1997 3006//1997
f 3006//1998 3085//1998 2998//1998
f 2979//1999 3083//1999 3039//1999
f 3041//2000 3048//2000 2977//2000
f 2977//2001 2978//2001 3041//2001
f 3042//14 3063//14 3043//14
f 3063//2002 3030//2002 2965//2002
f 3043//2003 3063//2003 2965//2003
f 3030//14 3077//14 2965//14
f 2974//2004 2973//2004 3042//2004
f 2985//2005 3051//2005 3044//2005
f 2982//10 3020//10 3046//10
f 3047//2006 2978//2006 2979//2006
f 3016//2007 3050//2007 3048//2007
f 3048//2008 3041//2008 3014//2008
f 3025//2009 3064//2009 3049//2009
f 3049//16 3067//16 2993//16
f 3067//16 2997//16 2993//16
f 3004//2010 3003//2010 3008//2010
f 3050//2011 3059//2011 2982//2011
f 2981//14 2977//14 3048//14
f 3050//2012 2982//2012 2981//2012
f 3051//2013 2988//2013 3052//2013
f 3039//2014 3083//2014 2989//2014
f 3054//2015 3056//2015 3055//2015
f 3055//14 2975//14 3054//14
f 2975//14 2984//14 3053//14
f 2984//2016 3074//2016 3053//2016
f 3056//2017 3052//2017 2988//2017
f 2988//2018 2976//2018 3056//2018
f 3067//2019 3049//2019 3057//2019
f 3049//2020 3058//2020 3057//2020
f 3058//2021 3037//2021 3035//2021
f 3080//2022 3005//2022 3060//2022
f 3005//2023 3002//2023 3060//2023
f 3062//2024 3034//2024 3061//2024
f 3034//2025 3042//2025 3061//2025
f 3042//2026 2973//2026 3061//2026
f 3034//2027 3033//2027 3042//2027
f 3033//2028 3031//2028 3042//2028
f 3033//2029 3058//2029 3064//2029
f 3058//2030 3049//2030 3064//2030
f 3057//14 3069//14 3068//14
f 3057//14 3068//14 3065//14
f 3076//14 2997//14 3066//14
f 2997//14 3067//14 3066//14
f 3067//14 3057//14 3065//14
f 3069//2031 3036//2031 2959//2031
f 2959//2032 2961//2032 3069//2032
f 3023//16 3081//16 3071//16
f 3071//2033 2959//2033 3070//2033
f 2959//2034 3036//2034 3070//2034
f 3073//2035 3078//2035 2967//2035
f 2967//2036 2968//2036 3073//2036
f 3013//16 3061//16 2969//16
f 2969//2037 2971//2037 3013//2037
f 2971//16 3053//16 3074//16
f 3017//14 3073//14 3072//14
f 3072//2038 3077//2038 3030//2038
f 2958//2039 2957//2039 3066//2039
f 3075//2040 2996//2040 2997//2040
f 3077//1 3072//1 2968//1
f 2968//1 2966//1 3077//1
f 3076//1 3066//1 2957//1
f 2957//2041 2955//2041 3076//2041
f 2955//2042 3082//2042 3075//2042
f 2970//4 2967//4 3078//4
f 2961//4 2958//4 3065//4
f 3056//2043 3054//2043 3079//2043
f 3078//14 3073//14 3017//14
f 3056//14 3079//14 3052//14
f 3079//14 3078//14 3052//14
f 3078//14 3017//14 3052//14
f 3017//2044 2990//2044 3045//2044
f 3044//2045 3017//2045 3045//2045
f 2990//2046 2992//2046 2986//2046
f 2992//2047 2989//2047 2986//2047
f 3044//2048 3052//2048 3017//2048
f 3054//2049 3053//2049 2971//2049
f 2971//2050 2970//2050 3054//2050
f 3060//14 2962//14 3080//14
f 2962//14 3081//14 3080//14
f 3081//2051 3023//2051 3022//2051
f 3086//2052 3087//2052 3088//2052
f 3086//2053 3089//2053 3090//2053
f 3091//2054 3092//2054 3093//2054
f 3094//7 3095//7 3096//7
f 3090//2055 3095//2055 3086//2055
f 3088//2056 3094//2056 3089//2056
f 3093//2057 3097//2057 3098//2057
f 3091//2058 3098//2058 3099//2058
f 3100//2059 3101//2059 3097//2059
f 3102//2060 3101//2060 3103//2060
f 3090//2061 3104//2061 3096//2061
f 3105//2062 3104//2062 3106//2062
f 3107//14 3108//14 3109//14
f 3107//2063 3110//2063 3111//2063
f 3089//2064 3112//2064 3107//2064
f 3089//2065 3109//2065 3090//2065
f 3094//7 3105//7 3112//7
f 3113//2066 3114//2066 3115//2066
f 3095//2067 3113//2067 3115//2067
f 3088//2068 3113//2068 3116//2068
f 3086//2069 3115//2069 3114//2069
f 3117//2070 3118//2070 3104//2070
f 3106//2071 3118//2071 3119//2071
f 3111//2072 3120//2072 3108//2072
f 3110//2073 3121//2073 3111//2073
f 3122//2074 3103//2074 3118//2074
f 3100//2075 3123//2075 3103//2075
f 3121//14 3099//14 3120//14
f 3124//2076 3091//2076 3121//2076
f 3120//2077 3102//2077 3122//2077
f 3124//2078 3100//2078 3125//2078
f 3108//2079 3122//2079 3117//2079
f 3110//2080 3119//2080 3124//2080
f 3109//14 3117//14 3090//14
f 3112//2081 3106//2081 3110//2081
f 3125//2082 3097//2082 3092//2082
f 3099//14 3126//14 3102//14
f 3098//2083 3101//2083 3126//2083
f 3123//2084 3127//2084 3128//2084
f 3118//2085 3129//2085 3119//2085
f 3103//2086 3128//2086 3118//2086
f 3119//2087 3130//2087 3100//2087
f 3131//2088 3132//2088 3133//2088
f 3130//2089 3131//2089 3133//2089
f 3129//2090 3127//2090 3131//2090
f 3123//2091 3133//2091 3132//2091
f 3134//2092 3135//2092 3136//2092
f 3137//14 3134//14 3138//14
f 3139//2093 3140//2093 3141//2093
f 3142//7 3143//7 3136//7
f 3134//2094 3143//2094 3138//2094
f 3135//2095 3144//2095 3145//2095
f 3142//2096 3144//2096 3137//2096
f 3137//2097 3146//2097 3134//2097
f 3142//2098 3135//2098 3145//2098
f 3140//2099 3147//2099 3148//2099
f 3148//14 3141//14 3140//14
f 3139//2100 3147//2100 3149//2100
f 3150//2101 3147//2101 3139//2101
f 3148//2102 3151//2102 3141//2102
f 3150//2103 3141//2103 3151//2103
f 3143//2104 3151//2104 3138//2104
f 3138//2105 3148//2105 3137//2105
f 3143//2106 3147//2106 3150//2106
f 3137//2107 3147//2107 3142//2107
f 3086//2108 3114//2108 3087//2108
f 3086//14 3088//14 3089//14
f 3091//2109 3125//2109 3092//2109
f 3094//2110 3116//2110 3095//2110
f 3090//2111 3096//2111 3095//2111
f 3088//2056 3116//2056 3094//2056
f 3093//2112 3092//2112 3097//2112
f 3091//14 3093//14 3098//14
f 3100//2113 3103//2113 3101//2113
f 3102//2114 3126//2114 3101//2114
f 3090//2115 3117//2115 3104//2115
f 3105//2116 3096//2116 3104//2116
f 3107//14 3111//14 3108//14
f 3107//2117 3112//2117 3110//2117
f 3089//2118 3094//2118 3112//2118
f 3089//2119 3107//2119 3109//2119
f 3094//2120 3096//2120 3105//2120
f 3113//2121 3087//2121 3114//2121
f 3095//2122 3116//2122 3113//2122
f 3088//2123 3087//2123 3113//2123
f 3086//2124 3095//2124 3115//2124
f 3117//2125 3122//2125 3118//2125
f 3106//7 3104//7 3118//7
f 3111//2126 3121//2126 3120//2126
f 3110//2127 3124//2127 3121//2127
f 3122//2128 3102//2128 3103//2128
f 3100//2075 3130//2075 3123//2075
f 3121//2129 3091//2129 3099//2129
f 3124//2130 3125//2130 3091//2130
f 3120//2131 3099//2131 3102//2131
f 3124//7 3119//7 3100//7
f 3108//2132 3120//2132 3122//2132
f 3110//2133 3106//2133 3119//2133
f 3109//2134 3108//2134 3117//2134
f 3112//2135 3105//2135 3106//2135
f 3125//2136 3100//2136 3097//2136
f 3099//2137 3098//2137 3126//2137
f 3098//2138 3097//2138 3101//2138
f 3123//2139 3132//2139 3127//2139
f 3118//2140 3128//2140 3129//2140
f 3103//2141 3123//2141 3128//2141
f 3119//2142 3129//2142 3130//2142
f 3131//7 3127//7 3132//7
f 3130//2143 3129//2143 3131//2143
f 3129//2144 3128//2144 3127//2144
f 3123//2145 3130//2145 3133//2145
f 3134//2146 3146//2146 3135//2146
f 3139//2147 3149//2147 3140//2147
f 3134//2148 3136//2148 3143//2148
f 3135//2149 3146//2149 3144//2149
f 3142//2150 3145//2150 3144//2150
f 3137//2151 3144//2151 3146//2151
f 3142//2152 3136//2152 3135//2152
f 3140//2099 3149//2099 3147//2099
f 3150//2153 3139//2153 3141//2153
f 3143//2154 3150//2154 3151//2154
f 3138//2155 3151//2155 3148//2155
f 3143//2156 3142//2156 3147//2156
f 3137//2157 3148//2157 3147//2157
f 1//1 8//1 2//1
f 4//2255 10//2255 5//2255
f 7//1 14//1 8//1
f 9//2256 3260//2256 10//2256
f 11//4 12//4 2//4
f 10//4 3260//4 12//4
f 5//2257 10//2257 11//2257
f 13//4 11//4 8//4
f 15//7 13//7 14//7
f 6//2258 5//2258 13//2258
f 16//2259 27//2259 17//2259
f 17//2260 29//2260 19//2260
f 21//2261 32//2261 23//2261
f 24//1 33//1 25//1
f 27//2262 32//2262 21//2262
f 17//2263 27//2263 28//2263
f 30//1 24//1 26//1
f 32//4 27//4 16//4
f 23//4 16//4 26//4
f 19//10 20//10 24//10
f 22//7 23//7 25//7
f 20//10 22//10 33//10
f 18//14 19//14 30//14
f 16//4 18//4 31//4
f 34//7 38//7 35//7
f 40//10 3261//10 38//10
f 3261//2264 37//2264 38//2264
f 39//1 3261//1 40//1
f 41//2265 40//2265 38//2265
f 36//16 35//16 37//16
f 2//1 47//1 43//1
f 44//2266 49//2266 45//2266
f 47//1 52//1 48//1
f 49//18 3260//18 9//18
f 2//2267 12//2267 50//2267
f 12//4 3260//4 49//4
f 50//2268 49//2268 44//2268
f 47//2269 50//2269 51//2269
f 52//2270 51//2270 53//2270
f 51//2271 44//2271 46//2271
f 22//2272 21//2272 32//2272
f 18//2273 17//2273 29//2273
f 31//1 30//1 24//1
f 28//2274 27//2274 32//2274
f 26//1 24//1 33//1
f 20//10 28//10 21//10
f 26//4 16//4 18//4
f 24//10 20//10 22//10
f 31//14 18//14 19//14
f 30//10 19//10 20//10
f 33//7 22//7 23//7
f 25//4 23//4 16//4
f 54//14 57//14 55//14
f 37//2275 3261//2275 57//2275
f 3261//10 58//10 57//10
f 58//1 3261//1 39//1
f 57//2276 58//2276 59//2276
f 37//16 54//16 56//16
f 608//10 3266//10 609//10
f 610//2681 614//2681 611//2681
f 612//2682 614//2682 610//2682
f 614//2683 612//2683 615//2683
f 611//2684 614//2684 616//2684
f 617//2685 3266//2685 608//2685
f 610//10 609//10 618//10
f 619//2686 626//2686 620//2686
f 622//2687 626//2687 619//2687
f 622//10 632//10 624//10
f 625//2688 629//2688 626//2688
f 627//2689 629//2689 625//2689
f 629//2690 627//2690 630//2690
f 623//10 633//10 632//10
f 626//4 629//4 631//4
f 619//2691 621//2691 633//2691
f 625//10 624//10 634//10
f 635//4 642//4 636//4
f 638//2692 642//2692 635//2692
f 638//2693 648//2693 640//2693
f 641//2694 645//2694 642//2694
f 643//2695 645//2695 641//2695
f 645//2696 643//2696 646//2696
f 639//10 649//10 648//10
f 642//2697 645//2697 647//2697
f 639//2698 635//2698 637//2698
f 641//2699 640//2699 650//2699
f 651//2700 681//2700 652//2700
f 654//468 655//468 653//468
f 653//2701 655//2701 612//2701
f 655//4 656//4 615//4
f 654//2702 679//2702 656//2702
f 618//2703 651//2703 653//2703
f 657//4 3267//4 658//4
f 657//2704 659//2704 660//2704
f 662//2705 665//2705 660//2705
f 659//2706 664//2706 663//2706
f 663//2707 664//2707 627//2707
f 664//4 666//4 630//4
f 665//2708 667//2708 661//2708
f 659//4 658//4 666//4
f 667//2709 3267//2709 657//2709
f 634//10 662//10 663//10
f 668//4 678//4 669//4
f 668//2710 670//2710 671//2710
f 673//2711 676//2711 671//2711
f 670//2712 675//2712 674//2712
f 674//2713 675//2713 643//2713
f 675//4 677//4 646//4
f 676//10 3268//10 672//10
f 670//4 669//4 677//4
f 672//2714 3268//2714 678//2714
f 650//2715 673//2715 674//2715
f 679//2716 683//2716 680//2716
f 682//2717 680//2717 683//2717
f 652//2718 682//2718 684//2718
f 679//2719 654//2719 684//2719
f 681//2720 680//2720 682//2720
f 709//10 721//10 710//10
f 712//2721 710//2721 713//2721
f 715//2722 720//2722 712//2722
f 717//2723 722//2723 718//2723
f 711//10 710//10 712//10
f 709//10 719//10 718//10
f 715//2724 716//2724 722//2724
f 713//2725 725//2725 723//2725
f 718//2726 727//2726 725//2726
f 716//2727 728//2727 726//2727
f 721//2728 725//2728 713//2728
f 722//2729 726//2729 727//2729
f 712//2730 714//2730 728//2730
f 726//2731 732//2731 729//2731
f 714//4 731//4 730//4
f 713//2732 724//2732 731//2732
f 727//4 729//4 723//4
f 726//2733 728//2733 730//2733
f 733//4 736//4 734//4
f 736//2734 743//2734 737//2734
f 737//10 743//10 738//10
f 738//2735 733//2735 735//2735
f 740//2736 745//2736 741//2736
f 736//2737 733//2737 738//2737
f 744//2738 756//2738 741//2738
f 746//4 756//4 747//4
f 749//10 744//10 745//10
f 735//2739 755//2739 750//2739
f 746//2740 749//2740 740//2740
f 739//10 750//10 751//10
f 741//4 756//4 746//4
f 737//2741 751//2741 752//2741
f 750//2742 755//2742 747//2742
f 751//10 750//10 753//10
f 752//2743 751//2743 754//2743
f 755//4 752//4 748//4
f 746//2744 748//2744 754//2744
f 744//4 749//4 754//4
f 744//2745 753//2745 747//2745
f 734//10 752//10 755//10
f 757//2746 776//2746 758//2746
f 758//2747 761//2747 760//2747
f 761//2748 763//2748 762//2748
f 763//2749 768//2749 764//2749
f 765//4 768//4 766//4
f 768//2750 765//2750 769//2750
f 765//2751 776//2751 757//2751
f 762//2752 764//2752 770//2752
f 760//2753 774//2753 772//2753
f 769//2754 775//2754 770//2754
f 757//2755 759//2755 772//2755
f 762//2756 771//2756 774//2756
f 757//2757 773//2757 775//2757
f 776//4 779//4 777//4
f 761//4 780//4 778//4
f 776//2758 765//2758 767//2758
f 763//4 778//4 766//4
f 761//2759 758//2759 777//2759
f 781//2760 793//2760 782//2760
f 798//2761 3269//2761 3270//2761
f 787//4 794//4 788//4
f 789//2762 788//2762 790//2762
f 792//4 795//4 782//4
f 787//2763 781//2763 783//2763
f 792//2764 791//2764 790//2764
f 783//2765 3271//2765 794//2765
f 797//2766 799//2766 3272//2766
f 797//2767 3269//2767 3271//2767
f 798//2768 3273//2768 784//2768
f 788//2769 784//2769 790//2769
f 800//2770 820//2770 801//2770
f 801//2771 820//2771 803//2771
f 804//2772 803//2772 805//2772
f 805//2773 811//2773 807//2773
f 808//4 811//4 809//4
f 811//2774 808//2774 812//2774
f 808//2775 800//2775 802//2775
f 806//10 807//10 813//10
f 804//10 817//10 815//10
f 812//10 818//10 813//10
f 802//10 801//10 815//10
f 806//10 814//10 817//10
f 802//10 816//10 818//10
f 800//4 822//4 819//4
f 803//4 823//4 821//4
f 808//2776 810//2776 822//2776
f 805//4 821//4 809//4
f 803//2777 820//2777 819//2777
f 824//2778 834//2778 825//2778
f 825//2779 834//2779 827//2779
f 827//2780 830//2780 829//2780
f 830//2781 824//2781 826//2781
f 833//14 841//14 831//14
f 841//14 840//14 831//14
f 834//2782 824//2782 830//2782
f 829//2783 826//2783 835//2783
f 828//2784 829//2784 836//2784
f 838//2785 825//2785 828//2785
f 835//2786 826//2786 825//2786
f 839//2787 842//2787 840//2787
f 835//2788 838//2788 840//2788
f 840//14 838//14 837//14
f 839//2789 845//2789 843//2789
f 845//7 844//7 843//7
f 831//2790 837//2790 836//2790
f 833//2791 845//2791 839//2791
f 836//2792 835//2792 842//2792
f 833//2793 832//2793 844//2793
f 831//597 843//597 844//597
f 846//10 849//10 847//10
f 849//2794 851//2794 850//2794
f 851//4 853//4 852//4
f 853//2795 846//2795 848//2795
f 854//2796 858//2796 855//2796
f 849//2797 846//2797 853//2797
f 857//2798 869//2798 855//2798
f 859//10 869//10 860//10
f 854//4 868//4 857//4
f 848//2799 867//2799 862//2799
f 859//2800 868//2800 854//2800
f 852//10 862//10 863//10
f 855//2801 869//2801 859//2801
f 850//2802 863//2802 864//2802
f 862//2803 867//2803 860//2803
f 863//4 862//4 865//4
f 864//2804 863//2804 866//2804
f 867//10 864//10 861//10
f 859//2805 861//2805 866//2805
f 868//16 866//16 865//16
f 857//2806 865//2806 860//2806
f 847//10 864//10 867//10
f 870//4 873//4 871//4
f 873//2734 875//2734 874//2734
f 875//10 877//10 876//10
f 877//2807 870//2807 872//2807
f 878//2808 882//2808 879//2808
f 873//2809 870//2809 877//2809
f 881//2810 888//2810 879//2810
f 883//16 888//16 884//16
f 878//2811 893//2811 881//2811
f 872//2739 892//2739 886//2739
f 883//2812 893//2812 878//2812
f 874//10 876//10 886//10
f 888//4 883//4 880//4
f 874//2813 887//2813 889//2813
f 886//2814 892//2814 884//2814
f 891//10 887//10 886//10
f 885//2815 889//2815 887//2815
f 892//4 889//4 885//4
f 883//2816 885//2816 891//2816
f 893//4 891//4 890//4
f 881//2817 890//2817 884//2817
f 871//10 889//10 892//10
f 1164//3034 1173//3034 1165//3034
f 1166//14 1165//14 1167//14
f 1169//3035 1174//3035 1170//3035
f 1170//7 1175//7 1172//7
f 1164//3036 1169//3036 1171//3036
f 1173//3037 1175//3037 1170//3037
f 1167//3038 1165//3038 1173//3038
f 1168//3039 1169//3039 1164//3039
f 1167//3040 1174//3040 1169//3040
f 1175//3041 1173//3041 1164//3041
f 1176//855 1184//855 1177//855
f 1177//14 1186//14 1179//14
f 1180//3042 1185//3042 1181//3042
f 1181//7 1187//7 1183//7
f 1180//3043 1182//3043 1183//3043
f 1184//3044 1187//3044 1181//3044
f 1186//3045 1177//3045 1184//3045
f 1179//3046 1180//3046 1176//3046
f 1186//3047 1185//3047 1180//3047
f 1187//3048 1184//3048 1176//3048
f 1188//847 3277//847 1189//847
f 1190//14 1189//14 1191//14
f 1193//3049 1197//3049 1194//3049
f 1194//7 1198//7 1196//7
f 1193//3050 1195//3050 1196//3050
f 1197//3051 3277//3051 1198//3051
f 1189//3052 3277//3052 1197//3052
f 1190//3053 1192//3053 1193//3053
f 1191//3054 1197//3054 1193//3054
f 1198//3048 3277//3048 1188//3048
f 1199//3055 1207//3055 1200//3055
f 1200//14 1209//14 1202//14
f 1203//3056 1208//3056 1204//3056
f 1204//7 1210//7 1206//7
f 1199//3057 1203//3057 1205//3057
f 1207//3058 1210//3058 1204//3058
f 1209//3059 1200//3059 1207//3059
f 1202//3060 1203//3060 1199//3060
f 1209//3061 1208//3061 1203//3061
f 1210//3062 1207//3062 1199//3062
f 1211//3063 1224//3063 1212//3063
f 1214//3064 1219//3064 1215//3064
f 1216//3065 1215//3065 1217//3065
f 1213//3066 1222//3066 1219//3066
f 1218//4 1217//4 1220//4
f 1223//3067 1226//3067 1212//3067
f 1225//3068 1228//3068 1226//3068
f 1227//3069 1229//3069 1228//3069
f 1215//3070 1219//3070 1228//3070
f 1217//3071 1215//3071 1229//3071
f 1219//3072 1222//3072 1226//3072
f 1220//4 1217//4 1230//4
f 1226//3073 1222//3073 1212//3073
f 1227//14 1236//14 1239//14
f 1232//3074 1230//3074 1229//3074
f 1227//3075 1239//3075 1232//3075
f 1233//14 1231//14 1230//14
f 1232//3076 1241//3076 1234//3076
f 1227//10 1240//10 1235//10
f 1233//881 1234//881 1237//881
f 1236//3077 1235//3077 1238//3077
f 1225//10 1242//10 1240//10
f 1239//883 1238//883 1241//883
f 1223//10 3278//10 1242//10
f 1218//7 1255//7 1216//7
f 1255//7 1244//7 1216//7
f 1244//3078 1251//3078 1243//3078
f 1251//3079 1257//3079 1243//3079
f 1243//3080 1247//3080 1214//3080
f 1245//7 1255//7 1218//7
f 1214//3081 1247//3081 1213//3081
f 1247//3082 1258//3082 1213//3082
f 1246//3083 1253//3083 1211//3083
f 1258//3084 1246//3084 1213//3084
f 1247//3085 1243//3085 1248//3085
f 1244//3086 1260//3086 1250//3086
f 1246//3087 1261//3087 1252//3087
f 1245//3088 3279//3088 1254//3088
f 1251//3089 1250//3089 1256//3089
f 1258//3090 1247//3090 1249//3090
f 1257//3091 1256//3091 1248//3091
f 1255//3092 1254//3092 1260//3092
f 1246//3093 1258//3093 1259//3093
f 1262//3094 1265//3094 1263//3094
f 1265//3095 1267//3095 1266//3095
f 1267//3096 1272//3096 1268//3096
f 1268//7 1272//7 1262//7
f 1269//3097 1273//3097 1270//3097
f 1265//900 1262//900 1272//900
f 1268//3098 1264//3098 1270//3098
f 1266//3099 1268//3099 1273//3099
f 1271//3100 1263//3100 1266//3100
f 1264//3101 1263//3101 1271//3101
f 1274//3102 1278//3102 1275//3102
f 1277//3103 1280//3103 1275//3103
f 1279//3104 1281//3104 1280//3104
f 1279//3105 1274//3105 1276//3105
f 1282//3106 1285//3106 1283//3106
f 1281//3107 1276//3107 1275//3107
f 1282//14 1274//14 1279//14
f 1283//3108 1285//3108 1279//3108
f 1284//3109 1283//3109 1277//3109
f 1284//3110 1278//3110 1274//3110
f 1697//3315 1709//3315 1698//3315
f 1697//14 1704//14 1700//14
f 1702//3316 1728//3316 1703//3316
f 1702//7 1699//7 1705//7
f 1700//1 1706//1 1705//1
f 1697//16 1699//16 1702//16
f 1707//14 1714//14 1708//14
f 1701//3317 1705//3317 1710//3317
f 1701//3318 1707//3318 1709//3318
f 1705//3319 1699//3319 1698//3319
f 1708//3320 1717//3320 1711//3320
f 1710//7 1698//7 1712//7
f 1709//3321 1708//3321 1712//3321
f 1710//3322 1713//3322 1714//3322
f 1711//4 1717//4 1715//4
f 1713//3323 1716//3323 1715//3323
f 1714//14 1715//14 1717//14
f 1713//7 1712//7 1711//7
f 1718//3324 1724//3324 1719//3324
f 1700//14 1704//14 1721//14
f 1706//3325 1718//3325 1720//3325
f 1700//3326 1722//3326 1718//3326
f 1723//10 1719//10 1724//10
f 1722//3327 1725//3327 1724//3327
f 1720//3328 1719//3328 1723//3328
f 1722//14 1721//14 1723//14
f 1703//3329 1728//3329 1726//3329
f 1704//14 1703//14 1727//14
f 1702//3330 1720//3330 1726//3330
f 1720//1156 1721//1156 1727//1156
f 1729//10 1748//10 1730//10
f 1732//7 1763//7 1733//7
f 1735//1 1761//1 1736//1
f 1738//16 1763//16 1732//16
f 1740//16 1759//16 1741//16
f 1743//1 1749//1 1744//1
f 1741//7 1759//7 1746//7
f 1748//7 1741//7 1747//7
f 1742//3331 1741//3331 1748//3331
f 1737//1 1736//1 1749//1
f 1750//1157 1760//1157 1751//1157
f 1753//3332 1757//3332 1754//3332
f 1756//3333 1754//3333 1757//3333
f 1746//3334 1759//3334 1754//3334
f 1755//3335 1754//3335 1759//3335
f 1760//1 1745//1 1744//1
f 1749//7 1746//7 1756//7
f 1744//7 1756//7 1758//7
f 1730//7 1747//7 1736//7
f 1747//7 1746//7 1749//7
f 1731//10 1730//10 1761//10
f 1758//7 1734//7 1752//7
f 1739//3336 1732//3336 1757//3336
f 1757//7 1732//7 1734//7
f 1733//3337 1764//3337 1762//3337
f 1762//4 1750//4 1752//4
f 1763//4 1738//4 1764//4
f 1765//3338 1777//3338 1766//3338
f 1768//7 1772//7 1766//7
f 1770//3339 1795//3339 1771//3339
f 1773//14 1767//14 1771//14
f 1773//1 1774//1 1768//1
f 1771//16 1767//16 1766//16
f 1775//7 1781//7 1776//7
f 1776//3340 1780//3340 1773//3340
f 1777//3341 1776//3341 1769//3341
f 1773//3342 1780//3342 1765//3342
f 1778//3320 1785//3320 1775//3320
f 1780//14 1784//14 1779//14
f 1779//3321 1775//3321 1777//3321
f 1781//3343 1784//3343 1780//3343
f 1782//4 1785//4 1778//4
f 1782//3323 1783//3323 1784//3323
f 1785//7 1782//7 1781//7
f 1784//14 1783//14 1778//14
f 1786//3344 1790//3344 1787//3344
f 1768//7 1793//7 1789//7
f 1788//3345 1787//3345 1774//3345
f 1787//3326 1793//3326 1768//3326
f 1790//10 1786//10 1791//10
f 1790//3346 1792//3346 1793//3346
f 1791//3347 1786//3347 1788//3347
f 1793//7 1792//7 1791//7
f 1794//3329 1796//3329 1795//3329
f 1794//3348 1770//3348 1772//3348
f 1771//3349 1795//3349 1796//3349
f 1788//3350 1796//3350 1794//3350
f 1797//10 1806//10 1729//10
f 1798//14 1816//14 1799//14
f 1801//1 1814//1 1735//1
f 1799//16 1816//16 1738//16
f 1802//16 1812//16 1740//16
f 1803//1 1807//1 1743//1
f 1804//14 1812//14 1802//14
f 1805//14 1802//14 1806//14
f 1806//3331 1802//3331 1742//3331
f 1807//1 1801//1 1737//1
f 1750//1 1815//1 1808//1
f 1809//3351 1811//3351 1753//3351
f 1810//14 1813//14 1811//14
f 1804//3352 1810//3352 1809//3352
f 1812//3335 1809//3335 1755//3335
f 1760//1 1808//1 1803//1
f 1807//3353 1803//3353 1810//3353
f 1803//3354 1808//3354 1813//3354
f 1801//14 1805//14 1797//14
f 1807//14 1804//14 1805//14
f 1814//10 1797//10 1731//10
f 1815//14 1800//14 1813//14
f 1811//3336 1799//3336 1739//3336
f 1800//14 1799//14 1811//14
f 1762//3337 1764//3337 1798//3337
f 1815//4 1750//4 1762//4
f 1764//4 1738//4 1816//4
f 2492//3809 2511//3809 2493//3809
f 2493//3810 2511//3810 2495//3810
f 2495//3811 2512//3811 2497//3811
f 2497//3812 2512//3812 2498//3812
f 2500//3813 2498//3813 2501//3813
f 2498//3814 2500//3814 2503//3814
f 2500//3815 2492//3815 2494//3815
f 2497//10 2499//10 2504//10
f 2496//3816 2508//3816 2506//3816
f 2503//1557 2509//1557 2504//1557
f 2494//3817 2493//3817 2506//3817
f 2497//10 2505//10 2508//10
f 2494//10 2507//10 2509//10
f 2492//4 2515//4 2510//4
f 2512//3818 2495//3818 2513//3818
f 2500//4 2502//4 2515//4
f 2512//4 2514//4 2501//4
f 2495//3819 2511//3819 2510//3819
f 2516//3820 2520//3820 2517//3820
f 2519//10 2521//10 2520//10
f 2521//3821 2527//3821 2522//3821
f 2531//3822 2561//3822 2562//3822
f 2531//3823 2562//3823 2550//3823
f 2557//7 2559//7 2523//7
f 2549//3824 2557//3824 2523//3824
f 2524//3825 2531//3825 2550//3825
f 2524//3826 2550//3826 2554//3826
f 2549//3827 2523//3827 2522//3827
f 2524//3828 2554//3828 2525//3828
f 2525//3829 2549//3829 2522//3829
f 2520//3830 2532//3830 2526//3830
f 2527//3831 2540//3831 2528//3831
f 2526//3832 2532//3832 2530//3832
f 2532//3833 2523//3833 2556//3833
f 2523//3834 2559//3834 2556//3834
f 2530//3835 2561//3835 2531//3835
f 2532//3836 2556//3836 2530//3836
f 2520//3837 2521//3837 2523//3837
f 2533//3838 2545//3838 2534//3838
f 2522//3839 2533//3839 2535//3839
f 2517//4 2539//4 2536//4
f 2531//4 2539//4 2517//4
f 2537//3840 2540//3840 2527//3840
f 2538//3841 2527//3841 2521//3841
f 2524//3842 2540//3842 2539//3842
f 2539//3843 2540//3843 2537//3843
f 2540//3844 2524//3844 2535//3844
f 2527//3845 2529//3845 2533//3845
f 2541//3846 2544//3846 2542//3846
f 2529//3847 2528//3847 2544//3847
f 2528//3848 2535//3848 2534//3848
f 2529//3849 2541//3849 2545//3849
f 2543//3850 2542//3850 2546//3850
f 2534//3851 2546//3851 2542//3851
f 2545//10 2541//10 2543//10
f 2545//3852 2547//3852 2546//3852
f 2525//3853 2560//3853 2548//3853
f 2550//10 2562//10 2551//10
f 2550//3854 2552//3854 2553//3854
f 2555//3855 3310//3855 2530//3855
f 2557//3856 2563//3856 2558//3856
f 2554//3857 2553//3857 2560//3857
f 2561//3858 2596//3858 2551//3858
f 2549//3859 2548//3859 2563//3859
f 2564//1 2565//1 2516//1
f 2565//10 2566//10 2519//10
f 2566//10 2577//10 2567//10
f 2577//3860 2576//3860 2595//3860
f 2577//3861 2595//3861 2592//3861
f 2593//3862 2597//3862 2583//3862
f 2570//3863 2593//3863 2583//3863
f 2567//3864 2577//3864 2592//3864
f 2567//3865 2592//3865 2591//3865
f 2570//3866 2583//3866 2571//3866
f 2567//3867 2591//3867 2571//3867
f 2591//3868 2569//3868 2571//3868
f 2572//1 2578//1 2565//1
f 2568//3869 2587//3869 2573//3869
f 2577//3870 2578//3870 2575//3870
f 2578//3871 2572//3871 2594//3871
f 2575//3872 2578//3872 2594//3872
f 2572//3873 2583//3873 2594//3873
f 2583//3874 2597//3874 2594//3874
f 2578//3875 2577//3875 2566//3875
f 2579//3876 2588//3876 2580//3876
f 2581//3877 2580//3877 2567//3877
f 2564//3878 2518//3878 2536//3878
f 2564//3879 2582//3879 2583//3879
f 2568//3880 2574//3880 2537//3880
f 2566//3881 2568//3881 2538//3881
f 2582//3882 2574//3882 2571//3882
f 2582//3883 2536//3883 2537//3883
f 2574//3884 2573//3884 2581//3884
f 2580//10 2587//10 2568//10
f 2584//3885 2589//3885 2585//3885
f 2587//3886 2584//3886 2586//3886
f 2573//3887 2586//3887 2579//3887
f 2588//10 2584//10 2587//10
f 2589//3888 3311//3888 2590//3888
f 2585//3889 2590//3889 2579//3889
f 2588//10 3311//10 2589//10
f 2590//3890 3311//3890 2588//3890
f 2548//3891 2560//3891 2591//3891
f 2570//3892 2552//3892 2551//3892
f 2553//3893 2552//3893 2570//3893
f 2594//3894 3310//3894 2555//3894
f 2558//3895 2563//3895 2595//3895
f 2560//3896 2553//3896 2569//3896
f 2593//3897 2551//3897 2596//3897
f 2595//3898 2563//3898 2548//3898
f 3273//4340 3270//4340 3272//4340
f 784//4341 3273//4341 785//4341
f 790//4342 784//4342 786//4342
f 795//567 786//567 796//567
f 782//4343 796//4343 797//4343
f 794//569 3271//569 798//569
f 796//4344 786//4344 785//4344
f 798//4345 3271//4345 3269//4345
f 783//4346 797//4346 3271//4346
f 797//4347 796//4347 799//4347
f 797//4348 3272//4348 3269//4348
f 798//4349 3270//4349 3273//4349
f 788//4350 798//4350 784//4350
f 3269//4351 3272//4351 3270//4351
f 3272//4352 799//4352 3273//4352
f 799//10 785//10 3273//10
usemtl mat1
f 60//25 61//25 62//25
f 63//26 64//26 61//26
f 64//27 65//27 66//27
f 66//28 67//28 68//28
f 60//29 69//29 63//29
f 68//30 70//30 71//30
f 70//31 62//31 71//31
f 61//32 72//32 73//32
f 74//33 75//33 76//33
f 68//34 74//34 76//34
f 61//35 77//35 62//35
f 66//36 72//36 64//36
f 62//37 74//37 71//37
f 68//38 78//38 66//38
f 79//39 80//39 81//39
f 78//40 82//40 72//40
f 77//41 83//41 84//41
f 74//42 84//42 79//42
f 76//43 85//43 78//43
f 73//44 82//44 83//44
f 81//45 86//45 87//45
f 85//46 87//46 88//46
f 82//47 89//47 83//47
f 79//48 87//48 75//48
f 82//49 88//49 90//49
f 84//50 89//50 80//50
f 88//51 91//51 90//51
f 80//52 92//52 93//52
f 81//53 93//53 94//53
f 87//54 95//54 88//54
f 89//55 91//55 92//55
f 86//56 96//56 97//56
f 97//57 98//57 99//57
f 95//58 100//58 91//58
f 92//59 101//59 93//59
f 93//60 96//60 94//60
f 86//61 99//61 95//61
f 92//62 100//62 102//62
f 103//63 104//63 105//63
f 102//64 106//64 107//64
f 96//65 108//65 97//65
f 99//66 106//66 100//66
f 101//67 107//67 109//67
f 96//68 109//68 103//68
f 110//69 111//69 65//69
f 70//70 112//70 60//70
f 65//71 113//71 67//71
f 110//72 69//72 114//72
f 70//73 113//73 115//73
f 104//74 116//74 105//74
f 98//75 117//75 118//75
f 106//76 119//76 107//76
f 103//77 117//77 108//77
f 106//78 118//78 120//78
f 109//79 119//79 104//79
f 116//80 121//80 122//80
f 118//81 122//81 123//81
f 120//82 124//82 119//82
f 117//83 116//83 122//83
f 120//84 123//84 125//84
f 119//85 126//85 104//85
f 125//86 127//86 128//86
f 126//87 129//87 130//87
f 116//88 130//88 131//88
f 123//89 121//89 127//89
f 125//90 129//90 124//90
f 168//123 169//123 170//123
f 170//124 171//124 172//124
f 171//125 173//125 172//125
f 174//126 175//126 173//126
f 176//127 177//127 169//127
f 178//128 179//128 175//128
f 179//129 176//129 168//129
f 170//130 180//130 181//130
f 182//131 183//131 184//131
f 175//132 185//132 182//132
f 170//133 186//133 168//133
f 173//134 180//134 172//134
f 168//135 185//135 179//135
f 175//136 187//136 173//136
f 183//137 188//137 189//137
f 180//138 190//138 191//138
f 181//139 192//139 186//139
f 186//140 183//140 185//140
f 187//141 184//141 190//141
f 180//142 193//142 181//142
f 194//143 195//143 196//143
f 190//144 194//144 197//144
f 191//145 198//145 193//145
f 183//146 194//146 184//146
f 191//147 197//147 199//147
f 192//148 198//148 188//148
f 199//149 200//149 201//149
f 198//150 202//150 188//150
f 188//151 195//151 189//151
f 197//152 196//152 200//152
f 199//153 203//153 198//153
f 196//154 204//154 205//154
f 206//155 207//155 208//155
f 200//156 209//156 201//156
f 203//157 210//157 202//157
f 202//158 204//158 195//158
f 196//159 206//159 200//159
f 203//160 209//160 211//160
f 212//161 213//161 214//161
f 209//162 215//162 211//162
f 205//163 212//163 207//163
f 209//164 208//164 216//164
f 211//165 217//165 210//165
f 210//166 212//166 204//166
f 171//167 218//167 174//167
f 219//168 220//168 176//168
f 174//169 221//169 178//169
f 171//170 177//170 222//170
f 219//171 221//171 223//171
f 214//172 224//172 225//172
f 208//173 226//173 227//173
f 216//174 228//174 215//174
f 212//175 226//175 207//175
f 216//176 227//176 229//176
f 217//177 228//177 213//177
f 225//178 230//178 231//178
f 226//179 232//179 227//179
f 228//180 233//180 234//180
f 214//181 231//181 226//181
f 227//182 233//182 229//182
f 213//183 234//183 224//183
f 233//184 235//184 236//184
f 224//185 237//185 238//185
f 225//186 238//186 239//186
f 232//187 230//187 235//187
f 233//188 237//188 234//188
f 3152//2158 3153//2158 3154//2158
f 3155//2159 3156//2159 3153//2159
f 3157//2160 3158//2160 3156//2160
f 3159//2161 3160//2161 3158//2161
f 3152//2162 3161//2162 3155//2162
f 3162//2163 3163//2163 3160//2163
f 3164//2164 3154//2164 3163//2164
f 3153//2165 3165//2165 3166//2165
f 3167//2166 3168//2166 3169//2166
f 3160//2167 3167//2167 3169//2167
f 3153//2168 3170//2168 3154//2168
f 3158//2169 3165//2169 3156//2169
f 3154//2170 3167//2170 3163//2170
f 3160//2171 3171//2171 3158//2171
f 3172//2172 3173//2172 3174//2172
f 3171//2173 3175//2173 3165//2173
f 3170//2174 3176//2174 3172//2174
f 3167//2175 3172//2175 3174//2175
f 3169//2176 3177//2176 3171//2176
f 3166//2177 3175//2177 3176//2177
f 3173//2178 3178//2178 3179//2178
f 3177//2179 3179//2179 3180//2179
f 3175//2180 3181//2180 3176//2180
f 3174//2181 3179//2181 3168//2181
f 3177//2182 3182//2182 3175//2182
f 3172//2183 3181//2183 3183//2183
f 3180//2184 3184//2184 3182//2184
f 3181//2185 3185//2185 3183//2185
f 3183//2186 3186//2186 3173//2186
f 3179//2187 3187//2187 3180//2187
f 3182//2188 3188//2188 3181//2188
f 3178//2189 3189//2189 3190//2189
f 3190//2190 3191//2190 3192//2190
f 3187//2191 3193//2191 3184//2191
f 3188//2192 3194//2192 3185//2192
f 3185//2193 3189//2193 3186//2193
f 3178//2194 3192//2194 3187//2194
f 3188//2195 3193//2195 3195//2195
f 3196//2196 3197//2196 3198//2196
f 3193//2197 3199//2197 3195//2197
f 3189//2198 3200//2198 3190//2198
f 3192//2199 3201//2199 3193//2199
f 3195//2200 3202//2200 3194//2200
f 3189//2201 3202//2201 3196//2201
f 3157//2202 3203//2202 3159//2202
f 3164//2203 3204//2203 3152//2203
f 3159//2204 3205//2204 3162//2204
f 3157//2205 3161//2205 3206//2205
f 3164//2206 3205//2206 3207//2206
f 3197//2207 3208//2207 3198//2207
f 3191//2208 3209//2208 3210//2208
f 3201//2209 3211//2209 3199//2209
f 3196//2210 3209//2210 3200//2210
f 3191//2211 3212//2211 3201//2211
f 3202//2212 3211//2212 3197//2212
f 3208//2213 3213//2213 3214//2213
f 3209//2214 3215//2214 3210//2214
f 3212//2215 3216//2215 3211//2215
f 3198//2216 3214//2216 3209//2216
f 3210//2217 3217//2217 3212//2217
f 3211//2218 3218//2218 3197//2218
f 3215//2219 3219//2219 3217//2219
f 3218//2220 3220//2220 3221//2220
f 3218//2221 3222//2221 3208//2221
f 3215//2222 3213//2222 3223//2222
f 3217//2223 3220//2223 3216//2223
f 60//2277 63//2277 61//2277
f 63//2278 110//2278 64//2278
f 64//2279 110//2279 65//2279
f 66//2280 65//2280 67//2280
f 60//2281 112//2281 69//2281
f 68//2282 67//2282 70//2282
f 70//2283 60//2283 62//2283
f 61//2284 64//2284 72//2284
f 74//2285 79//2285 75//2285
f 68//2286 71//2286 74//2286
f 61//2287 73//2287 77//2287
f 66//2288 78//2288 72//2288
f 62//2289 77//2289 74//2289
f 68//2290 76//2290 78//2290
f 79//2291 84//2291 80//2291
f 78//2292 85//2292 82//2292
f 77//2293 73//2293 83//2293
f 74//2294 77//2294 84//2294
f 76//2295 75//2295 85//2295
f 73//2296 72//2296 82//2296
f 81//2297 94//2297 86//2297
f 85//2298 75//2298 87//2298
f 82//2299 90//2299 89//2299
f 79//2300 81//2300 87//2300
f 82//2301 85//2301 88//2301
f 84//2302 83//2302 89//2302
f 88//2303 95//2303 91//2303
f 80//2304 89//2304 92//2304
f 81//2305 80//2305 93//2305
f 87//2306 86//2306 95//2306
f 89//2307 90//2307 91//2307
f 86//2308 94//2308 96//2308
f 97//2309 108//2309 98//2309
f 95//2310 99//2310 100//2310
f 92//2311 102//2311 101//2311
f 93//2312 101//2312 96//2312
f 86//2313 97//2313 99//2313
f 92//2314 91//2314 100//2314
f 103//2315 109//2315 104//2315
f 102//2316 100//2316 106//2316
f 96//2317 103//2317 108//2317
f 99//2318 98//2318 106//2318
f 101//2319 102//2319 107//2319
f 96//2320 101//2320 109//2320
f 110//2321 114//2321 111//2321
f 70//2322 115//2322 112//2322
f 65//2323 111//2323 113//2323
f 110//2324 63//2324 69//2324
f 70//2325 67//2325 113//2325
f 104//2326 126//2326 116//2326
f 98//2327 108//2327 117//2327
f 106//2328 120//2328 119//2328
f 103//2329 105//2329 117//2329
f 106//2330 98//2330 118//2330
f 109//2331 107//2331 119//2331
f 116//2332 131//2332 121//2332
f 118//2333 117//2333 122//2333
f 120//2334 125//2334 124//2334
f 117//2335 105//2335 116//2335
f 120//2336 118//2336 123//2336
f 119//2337 124//2337 126//2337
f 125//2338 123//2338 127//2338
f 126//2339 124//2339 129//2339
f 116//2340 126//2340 130//2340
f 123//2341 122//2341 121//2341
f 125//2342 128//2342 129//2342
f 168//2379 176//2379 169//2379
f 170//2380 169//2380 171//2380
f 171//2381 174//2381 173//2381
f 174//2382 178//2382 175//2382
f 176//2383 220//2383 177//2383
f 178//2384 219//2384 179//2384
f 179//2385 219//2385 176//2385
f 170//2386 172//2386 180//2386
f 182//2387 185//2387 183//2387
f 175//2388 179//2388 185//2388
f 170//2389 181//2389 186//2389
f 173//2390 187//2390 180//2390
f 168//2391 186//2391 185//2391
f 175//2392 182//2392 187//2392
f 183//2393 192//2393 188//2393
f 180//2394 187//2394 190//2394
f 181//2395 193//2395 192//2395
f 186//2396 192//2396 183//2396
f 187//2397 182//2397 184//2397
f 180//2398 191//2398 193//2398
f 194//2399 189//2399 195//2399
f 190//2400 184//2400 194//2400
f 191//2401 199//2401 198//2401
f 183//2402 189//2402 194//2402
f 191//2403 190//2403 197//2403
f 192//2404 193//2404 198//2404
f 199//2405 197//2405 200//2405
f 198//2406 203//2406 202//2406
f 188//2407 202//2407 195//2407
f 197//2408 194//2408 196//2408
f 199//2409 201//2409 203//2409
f 196//2410 195//2410 204//2410
f 206//2411 205//2411 207//2411
f 200//2412 206//2412 209//2412
f 203//2413 211//2413 210//2413
f 202//2414 210//2414 204//2414
f 196//2415 205//2415 206//2415
f 203//2416 201//2416 209//2416
f 212//2417 217//2417 213//2417
f 209//2418 216//2418 215//2418
f 205//2419 204//2419 212//2419
f 209//2420 206//2420 208//2420
f 211//2421 215//2421 217//2421
f 210//2422 217//2422 212//2422
f 171//2423 222//2423 218//2423
f 219//2424 223//2424 220//2424
f 174//2425 218//2425 221//2425
f 171//2426 169//2426 177//2426
f 219//2427 178//2427 221//2427
f 214//2428 213//2428 224//2428
f 208//2429 207//2429 226//2429
f 216//2430 229//2430 228//2430
f 212//2431 214//2431 226//2431
f 216//2432 208//2432 227//2432
f 217//2433 215//2433 228//2433
f 225//2434 239//2434 230//2434
f 226//2435 231//2435 232//2435
f 228//2436 229//2436 233//2436
f 214//2437 225//2437 231//2437
f 227//2438 232//2438 233//2438
f 213//2439 228//2439 234//2439
f 233//2440 232//2440 235//2440
f 224//2441 234//2441 237//2441
f 225//2442 224//2442 238//2442
f 232//2443 231//2443 230//2443
f 233//2444 236//2444 237//2444
f 3152//4240 3155//4240 3153//4240
f 3155//4241 3157//4241 3156//4241
f 3157//4242 3159//4242 3158//4242
f 3159//4243 3162//4243 3160//4243
f 3152//4244 3204//4244 3161//4244
f 3162//4245 3164//4245 3163//4245
f 3164//4246 3152//4246 3154//4246
f 3153//4247 3156//4247 3165//4247
f 3167//4248 3174//4248 3168//4248
f 3160//4249 3163//4249 3167//4249
f 3153//4250 3166//4250 3170//4250
f 3158//4251 3171//4251 3165//4251
f 3154//4252 3170//4252 3167//4252
f 3160//4253 3169//4253 3171//4253
f 3172//4254 3183//4254 3173//4254
f 3171//4255 3177//4255 3175//4255
f 3170//4256 3166//4256 3176//4256
f 3167//4257 3170//4257 3172//4257
f 3169//4258 3168//4258 3177//4258
f 3166//4259 3165//4259 3175//4259
f 3173//4260 3186//4260 3178//4260
f 3177//4261 3168//4261 3179//4261
f 3175//4262 3182//4262 3181//4262
f 3174//4263 3173//4263 3179//4263
f 3177//4264 3180//4264 3182//4264
f 3172//4265 3176//4265 3181//4265
f 3180//4266 3187//4266 3184//4266
f 3181//4267 3188//4267 3185//4267
f 3183//4268 3185//4268 3186//4268
f 3179//4269 3178//4269 3187//4269
f 3182//4270 3184//4270 3188//4270
f 3178//4271 3186//4271 3189//4271
f 3190//4272 3200//4272 3191//4272
f 3187//4273 3192//4273 3193//4273
f 3188//4274 3195//4274 3194//4274
f 3185//4275 3194//4275 3189//4275
f 3178//4276 3190//4276 3192//4276
f 3188//4277 3184//4277 3193//4277
f 3196//4278 3202//4278 3197//4278
f 3193//4279 3201//4279 3199//4279
f 3189//4280 3196//4280 3200//4280
f 3192//4281 3191//4281 3201//4281
f 3195//4282 3199//4282 3202//4282
f 3189//4283 3194//4283 3202//4283
f 3157//4284 3206//4284 3203//4284
f 3164//4285 3207//4285 3204//4285
f 3159//4286 3203//4286 3205//4286
f 3157//4287 3155//4287 3161//4287
f 3164//4288 3162//4288 3205//4288
f 3197//4289 3218//4289 3208//4289
f 3191//4290 3200//4290 3209//4290
f 3201//4291 3212//4291 3211//4291
f 3196//4292 3198//4292 3209//4292
f 3191//4293 3210//4293 3212//4293
f 3202//2209 3199//2209 3211//2209
f 3208//4294 3222//4294 3213//4294
f 3209//4295 3214//4295 3215//4295
f 3212//4296 3217//4296 3216//4296
f 3198//4297 3208//4297 3214//4297
f 3210//4298 3215//4298 3217//4298
f 3211//4299 3216//4299 3218//4299
f 3215//4300 3223//4300 3219//4300
f 3218//4301 3216//4301 3220//4301
f 3218//4302 3221//4302 3222//4302
f 3215//4303 3214//4303 3213//4303
f 3217//4304 3219//4304 3220//4304
usemtl mat2
f 121//91 132//91 127//91
f 132//92 133//92 134//92
f 129//93 135//93 136//93
f 131//94 133//94 121//94
f 127//95 135//95 128//95
f 130//96 136//96 137//96
f 131//97 137//97 134//97
f 235//189 240//189 241//189
f 241//190 240//190 242//190
f 236//191 243//191 237//191
f 230//192 242//192 240//192
f 236//193 241//193 244//193
f 237//194 245//194 238//194
f 238//195 242//195 239//195
f 3213//2224 3224//2224 3223//2224
f 3224//2225 3225//2225 3226//2225
f 3219//2226 3227//2226 3220//2226
f 3222//2227 3225//2227 3213//2227
f 3223//7 3228//7 3219//7
f 3220//2228 3229//2228 3221//2228
f 3221//2229 3226//2229 3222//2229
f 121//2343 133//2343 132//2343
f 134//2344 137//2344 135//2344
f 137//2345 136//2345 135//2345
f 135//2346 132//2346 134//2346
f 129//2347 128//2347 135//2347
f 131//2348 134//2348 133//2348
f 127//2349 132//2349 135//2349
f 130//2350 129//2350 136//2350
f 131//2351 130//2351 137//2351
f 235//2445 230//2445 240//2445
f 242//2446 245//2446 244//2446
f 245//2447 243//2447 244//2447
f 244//2448 241//2448 242//2448
f 236//2449 244//2449 243//2449
f 230//2450 239//2450 242//2450
f 236//2451 235//2451 241//2451
f 237//2452 243//2452 245//2452
f 238//2453 245//2453 242//2453
f 3213//4305 3225//4305 3224//4305
f 3226//4306 3229//4306 3224//4306
f 3229//2225 3227//2225 3228//2225
f 3224//4307 3229//4307 3228//4307
f 3219//4308 3228//4308 3227//4308
f 3222//4309 3226//4309 3225//4309
f 3223//4310 3224//4310 3228//4310
f 3220//4311 3227//4311 3229//4311
f 3221//4312 3229//4312 3226//4312
usemtl mat3
f 138//98 139//98 140//98
f 139//99 141//99 142//99
f 143//100 144//100 145//100
f 146//101 147//101 148//101
f 145//102 139//102 149//102
f 146//103 150//103 143//103
f 151//104 140//104 147//104
f 142//105 152//105 153//105
f 148//106 154//106 150//106
f 140//107 155//107 147//107
f 139//108 153//108 140//108
f 150//109 141//109 144//109
f 148//110 155//110 156//110
f 157//111 158//111 159//111
f 154//112 160//112 141//112
f 156//113 161//113 162//113
f 142//114 160//114 157//114
f 156//115 163//115 154//115
f 153//116 161//116 155//116
f 164//117 159//117 165//117
f 162//118 165//118 163//118
f 152//119 166//119 161//119
f 157//120 167//120 152//120
f 163//121 158//121 160//121
f 162//122 166//122 164//122
f 246//196 247//196 248//196
f 249//197 250//197 251//197
f 252//198 253//198 254//198
f 255//199 256//199 257//199
f 246//200 254//200 249//200
f 258//201 256//201 253//201
f 248//202 259//202 255//202
f 251//203 260//203 261//203
f 256//204 262//204 253//204
f 247//205 263//205 259//205
f 249//206 261//206 247//206
f 253//207 250//207 254//207
f 256//208 263//208 264//208
f 265//209 266//209 267//209
f 262//210 268//210 250//210
f 264//211 269//211 270//211
f 251//212 268//212 265//212
f 264//213 271//213 262//213
f 261//214 269//214 263//214
f 272//215 267//215 273//215
f 270//216 273//216 271//216
f 260//217 274//217 269//217
f 265//218 275//218 260//218
f 271//219 266//219 268//219
f 270//220 274//220 272//220
f 3230//2230 3231//2230 3232//2230
f 3233//2231 3234//2231 3235//2231
f 3236//2232 3237//2232 3238//2232
f 3239//2233 3240//2233 3241//2233
f 3230//2234 3237//2234 3233//2234
f 3236//2235 3241//2235 3242//2235
f 3232//2236 3240//2236 3243//2236
f 3235//2237 3244//2237 3245//2237
f 3241//2238 3246//2238 3242//2238
f 3231//2239 3247//2239 3240//2239
f 3231//2240 3235//2240 3245//2240
f 3242//2241 3234//2241 3237//2241
f 3241//2242 3247//2242 3248//2242
f 3249//2243 3250//2243 3251//2243
f 3246//2244 3252//2244 3234//2244
f 3248//2245 3253//2245 3254//2245
f 3235//2246 3252//2246 3249//2246
f 3248//2247 3255//2247 3246//2247
f 3245//2248 3253//2248 3247//2248
f 3256//2249 3257//2249 3258//2249
f 3255//2250 3257//2250 3256//2250
f 3244//2251 3259//2251 3253//2251
f 3249//2252 3258//2252 3244//2252
f 3255//2253 3250//2253 3252//2253
f 3254//2254 3259//2254 3257//2254
f 138//2352 149//2352 139//2352
f 139//2353 144//2353 141//2353
f 143//2354 150//2354 144//2354
f 146//2355 151//2355 147//2355
f 145//2356 144//2356 139//2356
f 146//2357 148//2357 150//2357
f 151//2358 138//2358 140//2358
f 142//2359 157//2359 152//2359
f 148//2360 156//2360 154//2360
f 140//2361 153//2361 155//2361
f 139//2362 142//2362 153//2362
f 150//2363 154//2363 141//2363
f 148//2364 147//2364 155//2364
f 157//2365 160//2365 158//2365
f 154//2366 163//2366 160//2366
f 156//2367 155//2367 161//2367
f 142//2368 141//2368 160//2368
f 156//2369 162//2369 163//2369
f 153//2370 152//2370 161//2370
f 164//2371 166//2371 167//2371
f 167//2372 159//2372 164//2372
f 159//2373 158//2373 165//2373
f 162//2374 164//2374 165//2374
f 152//2375 167//2375 166//2375
f 157//2376 159//2376 167//2376
f 163//2377 165//2377 158//2377
f 162//2378 161//2378 166//2378
f 246//2454 249//2454 247//2454
f 249//2455 254//2455 250//2455
f 252//2456 258//2456 253//2456
f 255//2457 259//2457 256//2457
f 246//2458 252//2458 254//2458
f 258//2459 257//2459 256//2459
f 248//2460 247//2460 259//2460
f 251//2461 265//2461 260//2461
f 256//2462 264//2462 262//2462
f 247//2463 261//2463 263//2463
f 249//2464 251//2464 261//2464
f 253//2465 262//2465 250//2465
f 256//2466 259//2466 263//2466
f 265//2467 268//2467 266//2467
f 262//2468 271//2468 268//2468
f 264//2469 263//2469 269//2469
f 251//2470 250//2470 268//2470
f 264//2471 270//2471 271//2471
f 261//2472 260//2472 269//2472
f 272//2473 274//2473 275//2473
f 275//2474 267//2474 272//2474
f 267//2475 266//2475 273//2475
f 270//2476 272//2476 273//2476
f 260//2477 275//2477 274//2477
f 265//2478 267//2478 275//2478
f 271//2479 273//2479 266//2479
f 270//2480 269//2480 274//2480
f 3230//4313 3233//4313 3231//4313
f 3233//4314 3237//4314 3234//4314
f 3236//4315 3242//4315 3237//4315
f 3239//4316 3243//4316 3240//4316
f 3230//4317 3238//4317 3237//4317
f 3236//4318 3239//4318 3241//4318
f 3232//4319 3231//4319 3240//4319
f 3235//4320 3249//4320 3244//4320
f 3241//4321 3248//4321 3246//4321
f 3231//4322 3245//4322 3247//4322
f 3231//4323 3233//4323 3235//4323
f 3242//4324 3246//4324 3234//4324
f 3241//4325 3240//4325 3247//4325
f 3249//4326 3252//4326 3250//4326
f 3246//4327 3255//4327 3252//4327
f 3248//4328 3247//4328 3253//4328
f 3235//4329 3234//4329 3252//4329
f 3248//4330 3254//4330 3255//4330
f 3245//4331 3244//4331 3253//4331
f 3257//4332 3259//4332 3258//4332
f 3258//4333 3251//4333 3256//4333
f 3251//4334 3250//4334 3256//4334
f 3255//4335 3254//4335 3257//4335
f 3244//4336 3258//4336 3259//4336
f 3249//4337 3251//4337 3258//4337
f 3255//4338 3256//4338 3250//4338
f 3254//4339 3253//4339 3259//4339
usemtl mat4
f 276//221 277//221 278//221
f 279//222 280//222 281//222
f 281//223 282//223 283//223
f 284//224 276//224 285//224
f 281//225 286//225 279//225
f 287//226 288//226 289//226
f 288//227 290//227 291//227
f 292//228 293//228 294//228
f 290//229 278//229 286//229
f 282//230 286//230 283//230
f 280//231 290//231 282//231
f 279//232 278//232 289//232
f 289//233 291//233 279//233
f 277//234 292//234 294//234
f 287//235 295//235 285//235
f 277//236 294//236 287//236
f 894//622 895//622 896//622
f 897//623 898//623 896//623
f 894//624 899//624 900//624
f 901//625 902//625 895//625
f 900//626 898//626 903//626
f 904//627 897//627 902//627
f 905//628 906//628 907//628
f 908//629 897//629 906//629
f 909//630 905//630 910//630
f 907//631 911//631 912//631
f 898//632 910//632 903//632
f 912//633 897//633 913//633
f 1140//820 1141//820 1142//820
f 1143//821 1144//821 1141//821
f 1145//822 1146//822 1147//822
f 1146//823 1148//823 1149//823
f 1147//824 1149//824 1150//824
f 1151//825 1152//825 1145//825
f 1143//826 1153//826 1154//826
f 1140//827 1155//827 1153//827
f 1156//828 1157//828 1155//828
f 1157//829 1151//829 1145//829
f 1144//824 1142//824 1141//824
f 1158//830 1159//830 1142//830
f 1160//824 1161//824 1159//824
f 1162//831 1150//831 1161//831
f 1154//822 1158//822 1144//822
f 1158//832 1155//832 1160//832
f 1155//833 1162//833 1160//833
f 1157//834 1147//834 1162//834
f 1148//835 1150//835 1149//835
f 1150//836 1163//836 1161//836
f 1163//837 1159//837 1161//837
f 1156//838 1142//838 1159//838
f 1347//955 1348//955 1349//955
f 1349//14 1350//14 1347//14
f 1351//10 1352//10 1353//10
f 1352//7 1354//7 1355//7
f 1356//956 1352//956 1355//956
f 1357//957 1358//957 1351//957
f 1359//958 1360//958 1361//958
f 1355//959 1362//959 1363//959
f 1357//960 1348//960 1359//960
f 1356//961 1363//961 1361//961
f 1356//962 1360//962 1347//962
f 1357//963 1362//963 1354//963
f 1363//964 1359//964 1361//964
f 1349//965 1351//965 1364//965
f 1350//966 1356//966 1347//966
f 1364//10 1353//10 1350//10
f 1595//4 1596//4 1597//4
f 1596//14 1598//14 1599//14
f 1600//1062 1601//1062 1602//1062
f 1603//7 1604//7 1601//7
f 1605//1 1606//1 1607//1
f 1608//16 1603//16 1600//16
f 1609//7 1606//7 1610//7
f 1611//10 1610//10 1605//10
f 1612//14 1613//14 1614//14
f 1615//4 1614//4 1616//4
f 1601//7 1617//7 1609//7
f 1611//1063 1601//1063 1609//1063
f 1612//1064 1599//1064 1618//1064
f 1615//4 1596//4 1612//4
f 1604//4 1619//4 1617//4
f 1620//4 1615//4 1619//4
f 1599//1065 1621//1065 1618//1065
f 1622//1066 1611//1066 1621//1066
f 1617//4 1607//4 1606//4
f 1619//4 1616//4 1607//4
f 1618//10 1623//10 1613//10
f 1621//10 1605//10 1623//10
f 1624//16 1625//16 1598//16
f 1613//1 1616//1 1614//1
f 1623//1 1607//1 1616//1
f 1598//1062 1622//1062 1599//1062
f 1625//7 1597//7 1622//7
f 1626//4 1620//4 1604//4
f 1602//1067 1597//1067 1620//1067
f 1620//1068 1600//1068 1602//1068
f 1926//4 1927//4 1928//4
f 1927//14 1929//14 1930//14
f 1929//10 1931//10 1930//10
f 1932//7 1928//7 1931//7
f 1930//1 1928//1 1927//1
f 1933//16 1932//16 1929//16
f 1960//16 1961//16 1962//16
f 1963//7 1964//7 1965//7
f 1966//10 1967//10 1968//10
f 1969//7 1970//7 1971//7
f 1972//4 1973//4 1974//4
f 1975//1261 1969//1261 1976//1261
f 1977//1 1978//1 1979//1
f 1980//4 1981//4 1973//4
f 1964//1262 1977//1262 1982//1262
f 1973//1263 1978//1263 1983//1263
f 1974//1264 1983//1264 1963//1264
f 1965//1265 1982//1265 1984//1265
f 1985//10 1961//10 1966//10
f 1986//1 1987//1 1988//1
f 1989//4 1980//4 1972//4
f 1990//1266 1979//1266 1986//1266
f 1991//4 1992//4 1970//4
f 1993//4 1987//4 1980//4
f 1994//14 1984//14 1977//14
f 1995//16 1976//16 1960//16
f 1966//1 1990//1 1985//1
f 1975//4 1996//4 1992//4
f 1983//7 1997//7 1964//7
f 1979//1 1981//1 1987//1
f 1976//1267 1967//1267 1961//1267
f 1967//7 1971//7 1968//7
f 1968//7 1963//7 1965//7
f 1992//4 1989//4 1972//4
f 1970//4 1972//4 1974//4
f 1971//7 1974//7 1963//7
f 1966//10 1965//10 1984//10
f 1998//16 1960//16 1962//16
f 1999//14 2000//14 2001//14
f 2002//1268 2003//1268 1998//1268
f 2004//14 2005//14 2006//14
f 2007//4 2008//4 2009//4
f 2005//1269 2010//1269 2011//1269
f 2012//1 2013//1 2014//1
f 2015//4 2016//4 2007//4
f 2013//1270 1999//1270 2017//1270
f 2012//14 2007//14 2018//14
f 2018//14 2009//14 2000//14
f 2017//1265 2001//1265 2019//1265
f 1985//10 1998//10 1962//10
f 2020//1 1986//1 1988//1
f 2016//4 1989//4 2008//4
f 2014//1271 1990//1271 1986//1271
f 2021//4 2022//4 2004//4
f 2020//4 1993//4 2016//4
f 2019//7 2002//7 2023//7
f 2011//16 1995//16 1960//16
f 1990//1 2002//1 1985//1
f 1996//4 2010//4 2021//4
f 2024//14 2018//14 1999//14
f 2015//1 2014//1 2020//1
f 2003//1272 2011//1272 1998//1272
f 2006//14 2003//14 2025//14
f 2000//14 2025//14 2001//14
f 1989//4 2021//4 2008//4
f 2008//4 2004//4 2009//4
f 2009//14 2006//14 2000//14
f 2001//10 2002//10 2019//10
f 2598//1618 2599//1618 2600//1618
f 2601//1619 2602//1619 2599//1619
f 2603//1620 2604//1620 2605//1620
f 2602//1621 2600//1621 2599//1621
f 2606//1622 2607//1622 2604//1622
f 2608//1623 2601//1623 2607//1623
f 2604//1624 2609//1624 2605//1624
f 2607//7 2598//7 2609//7
f 2610//1625 2611//1625 2612//1625
f 2613//16 2614//16 2615//16
f 2616//1626 2617//1626 2618//1626
f 2610//1627 2619//1627 2620//1627
f 2615//1628 2621//1628 2622//1628
f 2623//16 2615//16 2624//16
f 2625//1629 2626//1629 2616//1629
f 2606//7 2603//7 2627//7
f 2616//1630 2628//1630 2629//1630
f 2617//1631 2630//1631 2618//1631
f 2612//1632 2631//1632 2632//1632
f 2633//1633 2634//1633 2618//1633
f 2613//1634 2631//1634 2611//1634
f 2630//1635 2632//1635 2635//1635
f 2619//1636 2611//1636 2620//1636
f 2625//10 2618//10 2636//10
f 2627//1637 2614//1637 2610//1637
f 2615//1638 2628//1638 2637//1638
f 2627//1639 2612//1639 2630//1639
f 2638//1640 2621//1640 2626//1640
f 2639//1641 2621//1641 2640//1641
f 2615//1642 2639//1642 2624//1642
f 2637//1643 2626//1643 2621//1643
f 2641//4 2634//4 2642//4
f 2633//1644 2643//1644 2638//1644
f 2638//14 2634//14 2633//14
f 2603//1645 2609//1645 2644//1645
f 2645//1646 2629//1646 2628//1646
f 2598//1647 2645//1647 2646//1647
f 2609//1648 2646//1648 2644//1648
f 2647//1649 2648//1649 2649//1649
f 2650//1650 2651//1650 2652//1650
f 2653//1651 2654//1651 2655//1651
f 2656//1652 2657//1652 2658//1652
f 2654//1653 2659//1653 2655//1653
f 2660//4 2661//4 2662//4
f 2657//1654 2663//1654 2658//1654
f 2664//1655 2662//1655 2659//1655
f 2661//1656 2665//1656 2666//1656
f 2662//1657 2666//1657 2667//1657
f 2667//10 2665//10 2663//10
f 2668//1658 2669//1658 2648//1658
f 2651//1659 2668//1659 2652//1659
f 2669//1660 2670//1660 2671//1660
f 2648//1661 2671//1661 2649//1661
f 2672//1662 2673//1662 2668//1662
f 2674//1663 2675//1663 2673//1663
f 2673//1664 2676//1664 2669//1664
f 2674//1665 2670//1665 2677//1665
f 2678//1666 2679//1666 2680//1666
f 2670//1667 2680//1667 2677//1667
f 2676//10 2678//10 2670//10
f 2677//4 2679//4 2675//4
f 2681//1668 2682//1668 2683//1668
f 2683//1669 2684//1669 2685//1669
f 2686//1670 2687//1670 2688//1670
f 2689//1671 2684//1671 2682//1671
f 2690//1672 2691//1672 2686//1672
f 2683//1673 2692//1673 2690//1673
f 2693//14 2686//14 2688//14
f 2681//14 2690//14 2693//14
f 2694//1625 2695//1625 2696//1625
f 2697//16 2698//16 2699//16
f 2700//1626 2701//1626 2702//1626
f 2695//1674 2703//1674 2697//1674
f 2699//1675 2704//1675 2705//1675
f 2699//16 2623//16 2624//16
f 2706//1676 2625//1676 2701//1676
f 2700//1677 2691//1677 2692//1677
f 2707//1678 2705//1678 2701//1678
f 2708//1679 2700//1679 2702//1679
f 2631//1680 2696//1680 2632//1680
f 2709//1681 2708//1681 2702//1681
f 2631//1634 2698//1634 2694//1634
f 2632//1682 2708//1682 2635//1682
f 2694//1636 2703//1636 2710//1636
f 2702//10 2625//10 2636//10
f 2711//1683 2697//1683 2712//1683
f 2712//1684 2699//1684 2705//1684
f 2696//1685 2711//1685 2708//1685
f 2713//1686 2714//1686 2706//1686
f 2704//1687 2639//1687 2640//1687
f 2639//1688 2699//1688 2624//1688
f 2705//1689 2706//1689 2701//1689
f 2641//1690 2715//1690 2716//1690
f 2709//1691 2643//1691 2717//1691
f 2713//7 2715//7 2714//7
f 2687//1692 2693//1692 2688//1692
f 2712//1693 2707//1693 2718//1693
f 2718//1694 2681//1694 2719//1694
f 2719//1695 2693//1695 2720//1695
f 2653//1696 2649//1696 2647//1696
f 2656//1697 2647//1697 2651//1697
f 2658//1698 2654//1698 2656//1698
f 2650//14 2653//14 2655//14
f 2652//1650 2656//1650 2651//1650
f 2655//1699 2647//1699 2654//1699
f 2659//1700 2667//1700 2657//1700
f 2655//14 2657//14 2650//14
f 2650//1701 2658//1701 2656//1701
f 2664//1702 2655//1702 2654//1702
f 2721//4 2662//4 2660//4
f 2667//1654 2658//1654 2657//1654
f 2660//1703 2659//1703 2664//1703
f 2663//1704 2664//1704 2658//1704
f 2666//1656 2721//1656 2665//1656
f 2665//7 2660//7 2663//7
f 2666//10 2663//10 2667//10
f 2671//1705 2672//1705 2649//1705
f 2672//1659 2652//1659 2651//1659
f 2649//1706 2651//1706 2647//1706
f 2652//14 2648//14 2653//14
f 2676//1707 2671//1707 2669//1707
f 2669//1708 2649//1708 2648//1708
f 2674//1662 2668//1662 2672//1662
f 2677//1709 2673//1709 2674//1709
f 2670//1710 2674//1710 2671//1710
f 2680//1666 2722//1666 2679//1666
f 2679//14 2676//14 2675//14
f 2722//10 2670//10 2676//10
f 2680//4 2675//4 2677//4
f 276//2481 284//2481 277//2481
f 279//2482 291//2482 280//2482
f 281//2483 280//2483 282//2483
f 276//2484 288//2484 285//2484
f 285//2485 295//2485 292//2485
f 292//2486 284//2486 285//2486
f 281//2487 283//2487 286//2487
f 287//2488 285//2488 288//2488
f 288//2489 276//2489 290//2489
f 292//2490 295//2490 293//2490
f 290//2491 276//2491 278//2491
f 282//2492 290//2492 286//2492
f 280//2493 291//2493 290//2493
f 279//2494 286//2494 278//2494
f 289//2495 288//2495 291//2495
f 277//2496 284//2496 292//2496
f 287//2497 293//2497 295//2497
f 294//2498 293//2498 287//2498
f 287//2499 289//2499 278//2499
f 278//2500 277//2500 287//2500
f 894//2818 901//2818 895//2818
f 898//2819 899//2819 896//2819
f 896//2820 895//2820 897//2820
f 895//2821 902//2821 897//2821
f 894//2822 896//2822 899//2822
f 901//2823 904//2823 902//2823
f 900//2824 899//2824 898//2824
f 904//2825 913//2825 897//2825
f 905//2826 908//2826 906//2826
f 908//2819 909//2819 898//2819
f 898//2827 897//2827 908//2827
f 897//2828 911//2828 906//2828
f 909//2829 908//2829 905//2829
f 907//2830 906//2830 911//2830
f 898//2831 909//2831 910//2831
f 912//2832 911//2832 897//2832
f 1140//3016 1143//3016 1141//3016
f 1143//3017 1154//3017 1144//3017
f 1145//3018 1152//3018 1146//3018
f 1146//3019 1152//3019 1148//3019
f 1147//3020 1146//3020 1149//3020
f 1151//3021 1148//3021 1152//3021
f 1143//3022 1140//3022 1153//3022
f 1140//3023 1156//3023 1155//3023
f 1156//3024 1163//3024 1157//3024
f 1157//3025 1163//3025 1151//3025
f 1144//3026 1158//3026 1142//3026
f 1158//3027 1160//3027 1159//3027
f 1160//3028 1162//3028 1161//3028
f 1162//3026 1147//3026 1150//3026
f 1154//3029 1153//3029 1158//3029
f 1158//3029 1153//3029 1155//3029
f 1155//3030 1157//3030 1162//3030
f 1157//3031 1145//3031 1147//3031
f 1148//3032 1151//3032 1150//3032
f 1150//3033 1151//3033 1163//3033
f 1163//837 1156//837 1159//837
f 1156//3032 1140//3032 1142//3032
f 1347//955 1360//955 1348//955
f 1349//14 1364//14 1350//14
f 1351//10 1358//10 1352//10
f 1352//7 1358//7 1354//7
f 1356//3163 1353//3163 1352//3163
f 1357//3164 1354//3164 1358//3164
f 1359//3165 1348//3165 1360//3165
f 1355//3166 1354//3166 1362//3166
f 1357//3167 1349//3167 1348//3167
f 1356//3168 1355//3168 1363//3168
f 1356//3169 1361//3169 1360//3169
f 1357//3170 1359//3170 1362//3170
f 1363//3171 1362//3171 1359//3171
f 1349//3172 1357//3172 1351//3172
f 1350//3173 1353//3173 1356//3173
f 1364//10 1351//10 1353//10
f 1595//4 1624//4 1596//4
f 1596//14 1624//14 1598//14
f 1600//3267 1603//3267 1601//3267
f 1603//7 1626//7 1604//7
f 1605//1 1610//1 1606//1
f 1608//16 1626//16 1603//16
f 1609//7 1617//7 1606//7
f 1611//10 1609//10 1610//10
f 1612//14 1618//14 1613//14
f 1615//4 1612//4 1614//4
f 1601//7 1604//7 1617//7
f 1611//3268 1602//3268 1601//3268
f 1612//14 1596//14 1599//14
f 1615//4 1597//4 1596//4
f 1604//4 1620//4 1619//4
f 1620//4 1597//4 1615//4
f 1599//3269 1622//3269 1621//3269
f 1622//3270 1602//3270 1611//3270
f 1617//4 1619//4 1607//4
f 1619//4 1615//4 1616//4
f 1618//10 1621//10 1623//10
f 1621//10 1611//10 1605//10
f 1624//16 1595//16 1625//16
f 1613//1 1623//1 1616//1
f 1623//1 1605//1 1607//1
f 1598//3271 1625//3271 1622//3271
f 1625//7 1595//7 1597//7
f 1626//4 1608//4 1620//4
f 1602//3272 1622//3272 1597//3272
f 1620//14 1608//14 1600//14
f 1926//4 1933//4 1927//4
f 1927//14 1933//14 1929//14
f 1929//10 1932//10 1931//10
f 1932//7 1926//7 1928//7
f 1930//3439 1931//3439 1928//3439
f 1933//3440 1926//3440 1932//3440
f 1960//16 1976//16 1961//16
f 1963//7 1983//7 1964//7
f 1966//3457 1961//3457 1967//3457
f 1969//7 1991//7 1970//7
f 1972//4 1980//4 1973//4
f 1975//3458 1991//3458 1969//3458
f 1977//1 1997//1 1978//1
f 1980//4 1987//4 1981//4
f 1964//3459 1997//3459 1977//3459
f 1973//7 1981//7 1978//7
f 1974//7 1973//7 1983//7
f 1965//3460 1964//3460 1982//3460
f 1985//10 1962//10 1961//10
f 1986//1 1979//1 1987//1
f 1989//4 1993//4 1980//4
f 1990//1266 1994//1266 1979//1266
f 1991//4 1975//4 1992//4
f 1993//4 1988//4 1987//4
f 1982//14 1977//14 1984//14
f 1977//3461 1979//3461 1994//3461
f 1994//14 1966//14 1984//14
f 1995//16 1975//16 1976//16
f 1966//1 1994//1 1990//1
f 1975//4 1995//4 1996//4
f 1983//7 1978//7 1997//7
f 1979//1 1978//1 1981//1
f 1976//3462 1969//3462 1967//3462
f 1967//7 1969//7 1971//7
f 1968//7 1971//7 1963//7
f 1992//4 1996//4 1989//4
f 1970//4 1992//4 1972//4
f 1971//7 1970//7 1974//7
f 1966//10 1968//10 1965//10
f 1998//16 2011//16 1960//16
f 1999//3463 2018//3463 2000//3463
f 2002//10 2025//10 2003//10
f 2004//14 2022//14 2005//14
f 2007//4 2016//4 2008//4
f 2005//3464 2022//3464 2010//3464
f 2012//1 2024//1 2013//1
f 2015//4 2020//4 2016//4
f 2013//3459 2024//3459 1999//3459
f 2012//14 2015//14 2007//14
f 2018//14 2007//14 2009//14
f 2017//3465 1999//3465 2001//3465
f 1985//10 2002//10 1998//10
f 2020//1 2014//1 1986//1
f 2016//4 1993//4 1989//4
f 2014//1266 2023//1266 1990//1266
f 2021//4 2010//4 2022//4
f 2020//4 1988//4 1993//4
f 2014//7 2013//7 2023//7
f 2013//3466 2017//3466 2019//3466
f 2023//3467 2013//3467 2019//3467
f 2011//16 2010//16 1995//16
f 1990//1 2023//1 2002//1
f 1996//4 1995//4 2010//4
f 2024//3468 2012//3468 2018//3468
f 2015//1 2012//1 2014//1
f 2003//3469 2005//3469 2011//3469
f 2006//14 2005//14 2003//14
f 2000//14 2006//14 2025//14
f 1989//4 1996//4 2021//4
f 2008//4 2021//4 2004//4
f 2009//14 2004//14 2006//14
f 2001//10 2025//10 2002//10
f 2598//3899 2601//3899 2599//3899
f 2601//3900 3312//3900 2602//3900
f 2603//3901 2606//3901 2604//3901
f 2602//3902 2645//3902 2600//3902
f 2606//3903 2608//3903 2607//3903
f 2608//3904 3312//3904 2601//3904
f 2604//7 2607//7 2609//7
f 2607//7 2601//7 2598//7
f 2610//3905 2620//3905 2611//3905
f 2613//16 2619//16 2614//16
f 2616//3906 2629//3906 2617//3906
f 2610//3907 2614//3907 2619//3907
f 2615//3908 2637//3908 2621//3908
f 2623//16 2613//16 2615//16
f 2625//3909 3313//3909 2626//3909
f 2617//3910 3312//3910 2608//3910
f 2617//3911 2608//3911 2606//3911
f 2603//3912 2644//3912 2627//3912
f 2617//3913 2606//3913 2627//3913
f 2616//3914 2637//3914 2628//3914
f 2617//3915 2627//3915 2630//3915
f 2612//3916 2611//3916 2631//3916
f 2716//3917 2636//3917 2634//3917
f 2636//3918 2618//3918 2634//3918
f 2630//3919 2635//3919 2633//3919
f 2635//3920 2717//3920 2633//3920
f 2630//3921 2633//3921 2618//3921
f 2613//3922 2623//3922 2631//3922
f 2630//3923 2612//3923 2632//3923
f 2619//3924 2613//3924 2611//3924
f 2625//3925 2616//3925 2618//3925
f 2627//3926 2628//3926 2614//3926
f 2615//3927 2614//3927 2628//3927
f 2627//3928 2610//3928 2612//3928
f 2626//3929 3313//3929 2642//3929
f 3313//3930 2641//3930 2642//3930
f 2643//3931 2640//3931 2638//3931
f 2640//3932 2621//3932 2638//3932
f 2626//3933 2642//3933 2638//3933
f 2639//3934 2622//3934 2621//3934
f 2615//3935 2622//3935 2639//3935
f 2637//3936 2616//3936 2626//3936
f 2641//3937 2716//3937 2634//3937
f 2633//3938 2717//3938 2643//3938
f 2638//14 2642//14 2634//14
f 2603//3939 2605//3939 2609//3939
f 2628//3940 2627//3940 2646//3940
f 2627//3941 2644//3941 2646//3941
f 3312//3942 2617//3942 2629//3942
f 2602//3943 3312//3943 2629//3943
f 2628//3944 2646//3944 2645//3944
f 2645//3945 2602//3945 2629//3945
f 2598//3946 2600//3946 2645//3946
f 2609//3947 2598//3947 2646//3947
f 2647//3948 2653//3948 2648//3948
f 2650//3949 2656//3949 2651//3949
f 2653//3950 2647//3950 2654//3950
f 2656//3951 2650//3951 2657//3951
f 2654//1653 2664//1653 2659//1653
f 2660//4 2721//4 2661//4
f 2657//3952 2667//3952 2663//3952
f 2664//3953 2660//3953 2662//3953
f 2659//3954 2662//3954 2667//3954
f 2661//3955 2721//3955 2665//3955
f 2662//3956 2661//3956 2666//3956
f 2667//10 2666//10 2665//10
f 2668//3957 2673//3957 2669//3957
f 2651//1659 2672//1659 2668//1659
f 2669//3958 2676//3958 2670//3958
f 2648//3959 2669//3959 2671//3959
f 2672//3960 2674//3960 2673//3960
f 2674//1663 2677//1663 2675//1663
f 2678//1666 2722//1666 2679//1666
f 2670//3961 2678//3961 2680//3961
f 2676//10 2722//10 2678//10
f 2677//4 2680//4 2679//4
f 2681//14 2689//14 2682//14
f 2683//3962 2682//3962 2684//3962
f 2686//3963 2691//3963 2687//3963
f 2689//3964 2718//3964 2684//3964
f 2690//3965 2692//3965 2691//3965
f 2683//3966 2685//3966 2692//3966
f 2693//3967 2690//3967 2686//3967
f 2681//14 2683//14 2690//14
f 2694//1625 2710//1625 2695//1625
f 2697//16 2703//16 2698//16
f 2700//3906 2707//3906 2701//3906
f 2695//3968 2710//3968 2703//3968
f 2699//3969 3314//3969 2704//3969
f 2699//16 2698//16 2623//16
f 2706//3970 3313//3970 2625//3970
f 2711//3971 2720//3971 2687//3971
f 2711//14 2687//14 2691//14
f 2692//3972 2685//3972 2700//3972
f 2700//3973 2711//3973 2691//3973
f 2707//3974 2712//3974 2705//3974
f 2708//3975 2711//3975 2700//3975
f 2631//3976 2694//3976 2696//3976
f 2702//3918 2636//3918 2715//3918
f 2636//3977 2716//3977 2715//3977
f 2717//3978 2635//3978 2709//3978
f 2635//3979 2708//3979 2709//3979
f 2702//3980 2715//3980 2709//3980
f 2631//3981 2623//3981 2698//3981
f 2632//3982 2696//3982 2708//3982
f 2694//3924 2698//3924 2703//3924
f 2702//3983 2701//3983 2625//3983
f 2711//3984 2695//3984 2697//3984
f 2712//3985 2697//3985 2699//3985
f 2696//3986 2695//3986 2711//3986
f 2641//3987 3313//3987 2714//3987
f 3313//3988 2706//3988 2714//3988
f 2704//3989 2640//3989 2713//3989
f 2640//3990 2643//3990 2713//3990
f 2704//3991 2713//3991 2706//3991
f 2704//3992 3314//3992 2639//3992
f 2639//3993 3314//3993 2699//3993
f 2705//3994 2704//3994 2706//3994
f 2641//4 2714//4 2715//4
f 2709//3995 2713//3995 2643//3995
f 2713//7 2709//7 2715//7
f 2687//3996 2720//3996 2693//3996
f 2720//3997 2711//3997 2719//3997
f 2711//3998 2712//3998 2719//3998
f 2707//3999 2700//3999 2685//3999
f 2707//4000 2685//4000 2684//4000
f 2707//4001 2684//4001 2718//4001
f 2718//4002 2719//4002 2712//4002
f 2718//4003 2689//4003 2681//4003
f 2719//4004 2681//4004 2693//4004
f 2653//3948 2648//3948 2649//3948
f 2656//7 2654//7 2647//7
f 2658//4005 2664//4005 2654//4005
f 2650//4006 2652//4006 2653//4006
f 2652//3949 2650//3949 2656//3949
f 2655//3950 2653//3950 2647//3950
f 2655//4007 2659//4007 2657//4007
f 2650//4008 2657//4008 2658//4008
f 2664//4009 2659//4009 2655//4009
f 2721//4 2661//4 2662//4
f 2667//3952 2663//3952 2658//3952
f 2660//4010 2662//4010 2659//4010
f 2663//4011 2660//4011 2664//4011
f 2666//3955 2661//3955 2721//3955
f 2665//7 2721//7 2660//7
f 2666//10 2665//10 2663//10
f 2671//4012 2674//4012 2672//4012
f 2672//1659 2668//1659 2652//1659
f 2649//4013 2672//4013 2651//4013
f 2652//4014 2668//4014 2648//4014
f 2676//4015 2670//4015 2671//4015
f 2669//4016 2671//4016 2649//4016
f 2674//3960 2673//3960 2668//3960
f 2677//4017 2675//4017 2673//4017
f 2673//4018 2675//4018 2676//4018
f 2680//1666 2678//1666 2722//1666
f 2679//14 2722//14 2676//14
f 2722//10 2678//10 2670//10
f 2680//4 2679//4 2675//4
usemtl mat5
f 296//10 297//10 298//10
f 299//7 300//7 301//7
f 302//237 303//237 304//237
f 305//16 306//16 307//16
f 308//238 309//238 310//238
f 311//239 312//239 313//239
f 314//240 315//240 316//240
f 317//241 318//241 319//241
f 316//242 320//242 317//242
f 321//243 322//243 303//243
f 323//244 324//244 325//244
f 326//245 325//245 322//245
f 327//7 328//7 329//7
f 319//246 330//246 327//246
f 331//247 332//247 333//247
f 334//248 331//248 324//248
f 335//249 336//249 329//249
f 337//250 338//250 339//250
f 339//251 336//251 340//251
f 341//252 342//252 343//252
f 342//253 337//253 343//253
f 344//254 345//254 341//254
f 346//255 347//255 348//255
f 349//16 350//16 351//16
f 352//256 353//256 354//256
f 355//7 350//7 352//7
f 351//16 356//16 357//16
f 358//257 348//257 359//257
f 360//258 341//258 361//258
f 362//7 337//7 363//7
f 361//259 343//259 362//259
f 364//260 340//260 332//260
f 363//7 339//7 364//7
f 365//261 340//261 336//261
f 366//262 367//262 368//262
f 369//263 368//263 370//263
f 371//264 372//264 373//264
f 374//265 375//265 376//265
f 377//266 378//266 371//266
f 379//267 375//267 380//267
f 381//4 382//4 383//4
f 305//4 383//4 384//4
f 385//268 380//268 374//268
f 366//269 386//269 387//269
f 388//270 387//270 389//270
f 369//271 390//271 386//271
f 391//272 392//272 390//272
f 377//273 393//273 392//273
f 394//274 395//274 396//274
f 307//275 397//275 398//275
f 399//276 400//276 401//276
f 394//277 402//277 403//277
f 404//278 405//278 406//278
f 405//279 407//279 408//279
f 409//280 410//280 411//280
f 412//281 406//281 410//281
f 413//282 411//282 414//282
f 415//283 416//283 417//283
f 418//16 419//16 420//16
f 421//284 414//284 422//284
f 423//10 424//10 425//10
f 426//285 378//285 427//285
f 428//286 427//286 429//286
f 430//287 429//287 370//287
f 431//288 368//288 367//288
f 432//289 370//289 368//289
f 375//290 433//290 376//290
f 369//7 429//7 391//7
f 391//291 427//291 377//291
f 376//292 431//292 367//292
f 417//293 421//293 422//293
f 385//294 388//294 389//294
f 388//295 376//295 367//295
f 359//296 344//296 360//296
f 348//297 434//297 344//297
f 304//298 312//298 302//298
f 310//299 435//299 314//299
f 347//300 314//300 434//300
f 401//301 436//301 357//301
f 403//302 371//302 373//302
f 335//303 328//303 393//303
f 437//304 327//304 338//304
f 338//305 329//305 336//305
f 345//306 317//306 342//306
f 342//307 319//307 437//307
f 434//308 316//308 345//308
f 438//309 310//309 347//309
f 353//310 439//310 440//310
f 354//7 306//7 299//7
f 312//311 360//311 302//311
f 408//312 395//312 441//312
f 399//16 442//16 423//16
f 323//313 364//313 334//313
f 334//7 332//7 443//7
f 321//314 362//314 326//314
f 326//7 363//7 323//7
f 302//7 361//7 321//7
f 312//315 358//315 359//315
f 357//16 444//16 296//16
f 297//7 356//7 355//7
f 333//316 340//316 445//316
f 407//317 445//317 395//317
f 401//16 296//16 442//16
f 349//318 446//318 397//318
f 402//319 393//319 371//319
f 416//293 304//293 421//293
f 309//320 389//320 435//320
f 392//321 328//321 330//321
f 390//322 330//322 318//322
f 386//271 318//271 320//271
f 389//323 315//323 435//323
f 387//324 320//324 315//324
f 447//325 385//325 309//325
f 300//4 384//4 301//4
f 396//326 445//326 365//326
f 351//327 436//327 446//327
f 419//328 398//328 448//328
f 396//329 335//329 402//329
f 324//330 449//330 404//330
f 449//331 333//331 407//331
f 322//332 412//332 409//332
f 325//333 404//333 412//333
f 303//282 409//282 413//282
f 450//334 313//334 416//334
f 381//16 307//16 419//16
f 304//335 413//335 421//335
f 442//10 298//10 424//10
f 420//336 448//336 451//336
f 452//337 453//337 439//337
f 306//338 440//338 454//338
f 306//4 452//4 307//4
f 307//339 439//339 349//339
f 455//340 456//340 453//340
f 454//341 456//341 457//341
f 454//4 455//4 452//4
f 440//342 453//342 456//342
f 415//343 458//343 450//343
f 301//4 459//4 447//4
f 460//7 355//7 358//7
f 438//7 299//7 308//7
f 424//344 461//344 462//344
f 384//4 380//4 459//4
f 383//4 379//4 380//4
f 358//7 352//7 346//7
f 346//345 354//345 438//345
f 308//7 301//7 447//7
f 424//346 463//346 425//346
f 462//10 464//10 458//10
f 463//10 458//10 465//10
f 461//10 466//10 464//10
f 311//347 466//347 460//347
f 450//348 464//348 311//348
f 297//349 466//349 467//349
f 298//350 467//350 461//350
f 468//10 469//10 470//10
f 471//14 472//14 473//14
f 474//351 475//351 476//351
f 473//16 477//16 478//16
f 479//352 480//352 481//352
f 482//353 483//353 484//353
f 485//354 486//354 487//354
f 488//14 489//14 490//14
f 491//355 490//355 486//355
f 492//356 493//356 474//356
f 494//357 495//357 496//357
f 496//358 497//358 492//358
f 498//14 499//14 500//14
f 501//14 500//14 489//14
f 502//247 503//247 504//247
f 503//359 505//359 494//359
f 506//360 507//360 508//360
f 509//361 510//361 511//361
f 512//362 513//362 510//362
f 514//363 515//363 516//363
f 509//364 515//364 517//364
f 518//365 516//365 519//365
f 520//366 521//366 522//366
f 523//367 524//367 525//367
f 526//368 527//368 523//368
f 528//14 523//14 529//14
f 529//16 525//16 530//16
f 522//369 531//369 532//369
f 533//370 514//370 518//370
f 534//14 509//14 517//14
f 535//371 517//371 514//371
f 536//372 537//372 512//372
f 538//14 512//14 509//14
f 507//373 537//373 539//373
f 540//374 541//374 542//374
f 543//375 544//375 540//375
f 372//376 545//376 373//376
f 546//377 547//377 548//377
f 549//14 550//14 545//14
f 547//378 379//378 548//378
f 382//4 551//4 552//4
f 552//4 477//4 553//4
f 554//379 548//379 555//379
f 556//380 540//380 557//380
f 557//381 542//381 558//381
f 559//382 543//382 556//382
f 560//383 561//383 559//383
f 562//384 550//384 560//384
f 394//385 563//385 441//385
f 478//386 564//386 524//386
f 565//387 399//387 566//387
f 567//249 394//249 403//249
f 405//388 568//388 406//388
f 569//389 405//389 408//389
f 410//390 570//390 411//390
f 406//391 571//391 410//391
f 411//392 572//392 414//392
f 573//393 415//393 417//393
f 574//16 418//16 420//16
f 414//394 575//394 422//394
f 576//10 423//10 425//10
f 549//395 426//395 577//395
f 577//286 428//286 578//286
f 578//396 430//396 579//396
f 544//397 431//397 541//397
f 579//398 432//398 544//398
f 433//399 547//399 580//399
f 578//14 543//14 561//14
f 577//14 561//14 550//14
f 431//400 580//400 541//400
f 575//401 417//401 422//401
f 542//402 554//402 558//402
f 542//403 580//403 546//403
f 518//404 532//404 533//404
f 519//405 522//405 518//405
f 475//406 484//406 476//406
f 487//407 481//407 485//407
f 485//408 520//408 519//408
f 581//409 566//409 530//409
f 545//410 403//410 373//410
f 499//303 508//303 562//303
f 511//411 498//411 501//411
f 510//412 506//412 498//412
f 516//413 488//413 491//413
f 515//414 501//414 488//414
f 519//415 491//415 485//415
f 481//416 582//416 520//416
f 527//417 583//417 524//417
f 584//14 473//14 527//14
f 533//418 482//418 475//418
f 563//419 408//419 441//419
f 585//16 399//16 423//16
f 495//14 536//14 538//14
f 505//420 502//420 536//420
f 493//421 534//421 535//421
f 497//14 538//14 534//14
f 475//422 535//422 533//422
f 482//423 531//423 586//423
f 587//16 530//16 469//16
f 468//14 529//14 587//14
f 537//424 504//424 539//424
f 539//425 569//425 563//425
f 469//16 566//16 585//16
f 524//426 588//426 525//426
f 562//427 567//427 545//427
f 476//406 573//406 575//406
f 558//428 479//428 487//428
f 499//321 560//321 500//321
f 500//429 559//429 489//429
f 489//271 556//271 490//271
f 486//430 558//430 487//430
f 490//431 557//431 486//431
f 554//432 589//432 479//432
f 553//4 472//4 590//4
f 591//433 539//433 563//433
f 525//434 581//434 530//434
f 574//328 592//328 478//328
f 508//435 591//435 567//435
f 593//330 494//330 568//330
f 504//436 593//436 569//436
f 571//437 492//437 570//437
f 568//281 496//281 571//281
f 570//438 474//438 572//438
f 484//239 594//239 573//239
f 478//16 551//16 574//16
f 572//394 476//394 575//394
f 470//10 585//10 576//10
f 420//336 595//336 574//336
f 596//439 597//439 583//439
f 473//440 598//440 527//440
f 597//4 473//4 478//4
f 583//441 478//441 524//441
f 599//442 600//442 596//442
f 601//443 599//443 598//443
f 600//444 601//444 597//444
f 598//445 596//445 583//445
f 602//343 415//343 594//343
f 555//4 590//4 589//4
f 586//14 528//14 468//14
f 582//14 471//14 584//14
f 576//446 603//446 470//446
f 548//4 553//4 555//4
f 379//4 552//4 548//4
f 531//14 526//14 528//14
f 521//447 584//447 526//447
f 480//14 590//14 471//14
f 463//346 576//346 425//346
f 604//10 605//10 602//10
f 602//10 463//10 465//10
f 606//10 603//10 604//10
f 606//347 483//347 586//347
f 604//348 594//348 483//348
f 468//448 606//448 586//448
f 470//449 607//449 468//449
f 296//10 444//10 297//10
f 299//7 306//7 300//7
f 302//2501 321//2501 303//2501
f 305//16 300//16 306//16
f 308//2502 447//2502 309//2502
f 311//2503 460//2503 312//2503
f 314//2504 435//2504 315//2504
f 317//7 320//7 318//7
f 316//2505 315//2505 320//2505
f 321//2506 326//2506 322//2506
f 323//2507 334//2507 324//2507
f 326//2508 323//2508 325//2508
f 327//7 330//7 328//7
f 319//7 318//7 330//7
f 331//2509 443//2509 332//2509
f 334//2510 443//2510 331//2510
f 335//2511 365//2511 336//2511
f 337//2512 437//2512 338//2512
f 339//2513 338//2513 336//2513
f 341//2514 345//2514 342//2514
f 342//2515 437//2515 337//2515
f 344//2516 434//2516 345//2516
f 346//2517 438//2517 347//2517
f 349//2518 353//2518 350//2518
f 352//2519 350//2519 353//2519
f 355//7 356//7 350//7
f 351//16 350//16 356//16
f 358//2520 346//2520 348//2520
f 360//2521 344//2521 341//2521
f 362//7 343//7 337//7
f 361//2522 341//2522 343//2522
f 364//7 339//7 340//7
f 363//7 337//7 339//7
f 365//2523 445//2523 340//2523
f 366//2524 388//2524 367//2524
f 369//2525 366//2525 368//2525
f 371//2526 378//2526 372//2526
f 374//2527 380//2527 375//2527
f 377//7 427//7 378//7
f 379//378 3262//378 375//378
f 381//4 418//4 382//4
f 305//4 381//4 383//4
f 385//325 459//325 380//325
f 366//2528 369//2528 386//2528
f 388//381 366//381 387//381
f 369//2529 391//2529 390//2529
f 391//2530 377//2530 392//2530
f 377//2531 371//2531 393//2531
f 394//2532 441//2532 395//2532
f 307//2533 349//2533 397//2533
f 399//2534 3263//2534 400//2534
f 394//2511 396//2511 402//2511
f 404//2535 449//2535 405//2535
f 405//279 449//279 407//279
f 409//2536 412//2536 410//2536
f 412//2537 404//2537 406//2537
f 413//2538 409//2538 411//2538
f 415//2539 450//2539 416//2539
f 418//16 381//16 419//16
f 421//2540 413//2540 414//2540
f 423//10 442//10 424//10
f 426//2541 372//2541 378//2541
f 428//2542 426//2542 427//2542
f 430//396 428//396 429//396
f 431//2543 432//2543 368//2543
f 432//2528 430//2528 370//2528
f 375//2544 3262//2544 433//2544
f 369//7 370//7 429//7
f 391//7 429//7 427//7
f 376//2545 433//2545 431//2545
f 417//2546 416//2546 421//2546
f 385//402 374//402 388//402
f 388//2547 374//2547 376//2547
f 359//2548 348//2548 344//2548
f 348//2549 347//2549 434//2549
f 304//2550 313//2550 312//2550
f 310//2551 309//2551 435//2551
f 347//2552 310//2552 314//2552
f 401//2553 400//2553 436//2553
f 403//302 402//302 371//302
f 335//2554 329//2554 328//2554
f 437//2555 319//2555 327//2555
f 338//2556 327//2556 329//2556
f 345//2557 316//2557 317//2557
f 342//2558 317//2558 319//2558
f 434//2559 314//2559 316//2559
f 438//2560 308//2560 310//2560
f 353//417 349//417 439//417
f 354//7 353//7 306//7
f 312//2561 359//2561 360//2561
f 408//2562 407//2562 395//2562
f 399//16 401//16 442//16
f 323//7 363//7 364//7
f 334//2563 364//2563 332//2563
f 321//2564 361//2564 362//2564
f 326//7 362//7 363//7
f 302//7 360//7 361//7
f 312//2565 460//2565 358//2565
f 357//16 356//16 444//16
f 297//7 444//7 356//7
f 333//249 332//249 340//249
f 407//317 333//317 445//317
f 401//16 357//16 296//16
f 349//2566 351//2566 446//2566
f 402//2567 335//2567 393//2567
f 416//2568 313//2568 304//2568
f 309//2569 385//2569 389//2569
f 392//2570 393//2570 328//2570
f 390//2571 392//2571 330//2571
f 386//271 390//271 318//271
f 389//381 387//381 315//381
f 387//2572 386//2572 320//2572
f 447//2573 459//2573 385//2573
f 300//4 305//4 384//4
f 396//433 395//433 445//433
f 351//2574 357//2574 436//2574
f 419//2575 307//2575 398//2575
f 396//435 365//435 335//435
f 324//2576 331//2576 449//2576
f 449//2577 331//2577 333//2577
f 322//437 325//437 412//437
f 325//2578 324//2578 404//2578
f 303//392 322//392 409//392
f 450//2579 311//2579 313//2579
f 381//16 305//16 307//16
f 304//351 303//351 413//351
f 442//10 296//10 298//10
f 420//2580 419//2580 448//2580
f 452//2581 455//2581 453//2581
f 306//2582 353//2582 440//2582
f 306//2583 454//2583 452//2583
f 307//2584 452//2584 439//2584
f 455//2585 457//2585 456//2585
f 454//2586 440//2586 456//2586
f 454//4 457//4 455//4
f 440//2587 439//2587 453//2587
f 415//2588 465//2588 458//2588
f 301//4 384//4 459//4
f 460//7 297//7 355//7
f 438//7 354//7 299//7
f 424//446 298//446 461//446
f 384//4 383//4 380//4
f 383//4 382//4 379//4
f 358//7 355//7 352//7
f 346//2589 352//2589 354//2589
f 308//7 299//7 301//7
f 424//2590 462//2590 463//2590
f 462//10 461//10 464//10
f 463//10 462//10 458//10
f 461//10 467//10 466//10
f 311//2591 464//2591 466//2591
f 450//2592 458//2592 464//2592
f 297//2593 460//2593 466//2593
f 298//449 297//449 467//449
f 468//10 587//10 469//10
f 471//14 590//14 472//14
f 474//351 493//351 475//351
f 473//16 472//16 477//16
f 479//2594 589//2594 480//2594
f 482//2595 586//2595 483//2595
f 485//2596 491//2596 486//2596
f 488//2597 501//2597 489//2597
f 491//2598 488//2598 490//2598
f 492//2599 497//2599 493//2599
f 494//2600 505//2600 495//2600
f 496//2508 495//2508 497//2508
f 498//2601 506//2601 499//2601
f 501//2602 498//2602 500//2602
f 502//2509 3264//2509 503//2509
f 503//2603 3264//2603 505//2603
f 506//277 513//277 507//277
f 509//2604 512//2604 510//2604
f 512//2605 537//2605 513//2605
f 514//2606 517//2606 515//2606
f 509//2607 511//2607 515//2607
f 518//2608 514//2608 516//2608
f 520//2609 582//2609 521//2609
f 523//16 527//16 524//16
f 526//2610 584//2610 527//2610
f 528//14 526//14 523//14
f 529//16 523//16 525//16
f 522//2611 521//2611 531//2611
f 533//2612 535//2612 514//2612
f 534//14 538//14 509//14
f 535//2613 534//2613 517//2613
f 536//14 502//14 537//14
f 538//14 536//14 512//14
f 507//2614 513//2614 537//2614
f 540//2615 544//2615 541//2615
f 543//2616 579//2616 544//2616
f 372//2526 549//2526 545//2526
f 546//2617 580//2617 547//2617
f 549//2618 577//2618 550//2618
f 547//2619 3262//2619 379//2619
f 382//4 418//4 551//4
f 552//4 551//4 477//4
f 554//2620 546//2620 548//2620
f 556//2621 543//2621 540//2621
f 557//430 540//430 542//430
f 559//271 561//271 543//271
f 560//322 550//322 561//322
f 562//273 545//273 550//273
f 394//2622 591//2622 563//2622
f 478//2623 592//2623 564//2623
f 565//387 3263//387 399//387
f 567//2624 591//2624 394//2624
f 405//2625 593//2625 568//2625
f 569//389 593//389 405//389
f 410//2626 571//2626 570//2626
f 406//2627 568//2627 571//2627
f 411//2628 570//2628 572//2628
f 573//334 594//334 415//334
f 574//16 551//16 418//16
f 414//2629 572//2629 575//2629
f 576//10 585//10 423//10
f 549//2630 372//2630 426//2630
f 577//2530 426//2530 428//2530
f 578//2631 428//2631 430//2631
f 544//2543 432//2543 431//2543
f 579//2632 430//2632 432//2632
f 433//2633 3262//2633 547//2633
f 578//2634 579//2634 543//2634
f 577//2635 578//2635 561//2635
f 431//2636 433//2636 580//2636
f 575//2637 573//2637 417//2637
f 542//2638 546//2638 554//2638
f 542//2639 541//2639 580//2639
f 518//2640 522//2640 532//2640
f 519//2641 520//2641 522//2641
f 475//293 482//293 484//293
f 487//2642 479//2642 481//2642
f 485//2643 481//2643 520//2643
f 581//2553 565//2553 566//2553
f 545//410 567//410 403//410
f 499//2554 506//2554 508//2554
f 511//2644 510//2644 498//2644
f 510//2645 513//2645 506//2645
f 516//2646 515//2646 488//2646
f 515//2647 511//2647 501//2647
f 519//2648 516//2648 491//2648
f 481//2649 480//2649 582//2649
f 527//2650 598//2650 583//2650
f 584//14 471//14 473//14
f 533//2651 532//2651 482//2651
f 563//2562 569//2562 408//2562
f 585//16 566//16 399//16
f 495//2652 505//2652 536//2652
f 505//2653 3264//2653 502//2653
f 493//2654 497//2654 534//2654
f 497//2655 495//2655 538//2655
f 475//2656 493//2656 535//2656
f 482//2657 532//2657 531//2657
f 587//16 529//16 530//16
f 468//14 528//14 529//14
f 537//249 502//249 504//249
f 539//2658 504//2658 569//2658
f 469//16 530//16 566//16
f 524//2659 564//2659 588//2659
f 562//2660 508//2660 567//2660
f 476//2661 484//2661 573//2661
f 558//2569 554//2569 479//2569
f 499//2662 562//2662 560//2662
f 500//2663 560//2663 559//2663
f 489//271 559//271 556//271
f 486//381 557//381 558//381
f 490//2664 556//2664 557//2664
f 554//2665 555//2665 589//2665
f 553//4 477//4 472//4
f 591//326 507//326 539//326
f 525//2666 588//2666 581//2666
f 574//2667 595//2667 592//2667
f 508//2624 507//2624 591//2624
f 593//2510 503//2510 494//2510
f 504//2668 503//2668 593//2668
f 571//332 496//332 492//332
f 568//2669 494//2669 496//2669
f 570//2670 492//2670 474//2670
f 484//283 483//283 594//283
f 478//16 477//16 551//16
f 572//351 474//351 476//351
f 470//10 469//10 585//10
f 420//2580 451//2580 595//2580
f 596//2671 600//2671 597//2671
f 473//2672 601//2672 598//2672
f 597//4 601//4 473//4
f 583//2673 597//2673 478//2673
f 599//2674 3265//2674 600//2674
f 601//2675 3265//2675 599//2675
f 600//4 3265//4 601//4
f 598//2676 599//2676 596//2676
f 602//2677 465//2677 415//2677
f 555//4 553//4 590//4
f 586//14 531//14 528//14
f 582//14 480//14 471//14
f 576//344 605//344 603//344
f 548//4 552//4 553//4
f 379//4 382//4 552//4
f 531//14 521//14 526//14
f 521//2678 582//2678 584//2678
f 480//14 589//14 590//14
f 463//2590 605//2590 576//2590
f 604//10 603//10 605//10
f 602//10 605//10 463//10
f 606//10 607//10 603//10
f 606//2679 604//2679 483//2679
f 604//2592 602//2592 594//2592
f 468//2680 607//2680 606//2680
f 470//350 603//350 607//350
usemtl mat6
f 685//491 686//491 687//491
f 688//492 689//492 686//492
f 690//493 691//493 689//493
f 692//494 693//494 691//494
f 692//7 690//7 685//7
f 694//495 695//495 693//495
f 696//496 687//496 695//496
f 691//497 693//497 695//497
f 685//498 688//498 686//498
f 688//499 690//499 689//499
f 690//500 692//500 691//500
f 692//501 694//501 693//501
f 690//7 688//7 685//7
f 685//7 696//7 694//7
f 694//7 692//7 685//7
f 694//502 696//502 695//502
f 696//503 685//503 687//503
f 695//504 687//504 691//504
f 687//505 686//505 691//505
f 686//506 689//506 691//506
f 1365//967 1366//967 1367//967
f 1366//968 1368//968 1369//968
f 1368//969 1370//969 1369//969
f 1370//970 1371//970 1372//970
f 1371//7 1373//7 1368//7
f 1371//4 1374//4 1372//4
f 1375//971 1367//971 1374//971
f 1372//14 1374//14 1366//14
f 1376//972 1377//972 1378//972
f 1377//973 1379//973 1380//973
f 1380//974 1381//974 1382//974
f 1381//975 1383//975 1382//975
f 1381//976 1379//976 1376//976
f 1384//4 1385//4 1383//4
f 1385//977 1376//977 1378//977
f 1382//978 1383//978 1385//978
f 1386//979 1387//979 1388//979
f 1386//10 1389//10 1390//10
f 1391//980 1392//980 1389//980
f 1393//981 1392//981 1394//981
f 1395//982 1396//982 1387//982
f 1397//4 1395//4 1393//4
f 1397//977 1387//977 1396//977
f 1394//983 1391//983 1386//983
f 1398//984 1399//984 1400//984
f 1399//10 1401//10 1400//10
f 1402//914 1403//914 1401//914
f 1404//985 1405//985 1403//985
f 1406//7 1404//7 1402//7
f 1405//4 1407//4 1408//4
f 1407//986 1398//986 1408//986
f 1405//14 1408//14 1400//14
f 1409//987 1410//987 1411//987
f 1412//10 1413//10 1410//10
f 1414//988 1415//988 1413//988
f 1416//989 1417//989 1415//989
f 1418//990 1416//990 1414//990
f 1418//4 1419//4 1417//4
f 1419//991 1409//991 1411//991
f 1417//14 1419//14 1410//14
f 1420//992 1421//992 1422//992
f 1423//10 1424//10 1421//10
f 1425//993 1426//993 1424//993
f 1427//994 1428//994 1426//994
f 1429//990 1427//990 1425//990
f 1429//4 1430//4 1428//4
f 1431//995 1422//995 1430//995
f 1428//14 1430//14 1421//14
f 1432//996 1433//996 1434//996
f 1433//997 1435//997 1436//997
f 1436//974 1437//974 1438//974
f 1437//998 1439//998 1438//998
f 1440//999 1437//999 1435//999
f 1440//4 1441//4 1439//4
f 1441//1000 1432//1000 1434//1000
f 1438//1001 1439//1001 1441//1001
f 1442//1002 1443//1002 1444//1002
f 1442//10 1445//10 1446//10
f 1447//980 1448//980 1445//980
f 1449//1003 1448//1003 1450//1003
f 1451//1004 1452//1004 1443//1004
f 1453//4 1451//4 1449//4
f 1453//1005 1443//1005 1452//1005
f 1447//1006 1442//1006 1453//1006
f 1454//1007 1455//1007 1456//1007
f 1455//1008 1457//1008 1458//1008
f 1457//1009 1459//1009 1458//1009
f 1459//1010 1460//1010 1461//1010
f 1460//1011 1462//1011 1457//1011
f 1460//4 1463//4 1461//4
f 1463//1012 1454//1012 1456//1012
f 1461//14 1463//14 1455//14
f 1464//1013 1465//1013 1466//1013
f 1466//1014 1467//1014 1468//1014
f 1467//1015 1469//1015 1468//1015
f 1469//1016 1470//1016 1471//1016
f 1470//990 1472//990 1467//990
f 1470//4 1473//4 1471//4
f 1474//1017 1464//1017 1473//1017
f 1471//14 1473//14 1466//14
f 1475//1018 1476//1018 1477//1018
f 1478//10 1475//10 1479//10
f 1478//1019 1480//1019 1481//1019
f 1482//1020 1483//1020 1481//1020
f 1484//1021 1477//1021 1485//1021
f 1486//1022 1482//1022 1484//1022
f 1476//1023 1486//1023 1485//1023
f 1483//14 1475//14 1478//14
f 1487//1024 1488//1024 1489//1024
f 1490//10 1487//10 1491//10
f 1492//1025 1490//1025 1493//1025
f 1494//1026 1492//1026 1495//1026
f 1493//7 1489//7 1496//7
f 1497//4 1494//4 1496//4
f 1488//1027 1497//1027 1498//1027
f 1490//1028 1497//1028 1487//1028
f 1475//1029 1477//1029 1479//1029
f 1478//1030 1479//1030 1480//1030
f 1478//1031 1481//1031 1483//1031
f 1482//1032 1481//1032 1484//1032
f 1477//1033 1480//1033 1479//1033
f 1480//1034 1477//1034 1481//1034
f 1481//7 1477//7 1484//7
f 1486//4 1484//4 1485//4
f 1476//1035 1485//1035 1477//1035
f 1475//1036 1483//1036 1476//1036
f 1476//1037 1483//1037 1486//1037
f 1486//1038 1483//1038 1482//1038
f 1487//1039 1489//1039 1491//1039
f 1490//10 1491//10 1493//10
f 1492//1040 1493//1040 1495//1040
f 1494//1041 1495//1041 1496//1041
f 1489//1042 1493//1042 1491//1042
f 1493//7 1496//7 1495//7
f 1496//1043 1489//1043 1498//1043
f 1497//4 1496//4 1498//4
f 1488//1044 1498//1044 1489//1044
f 1487//1045 1497//1045 1488//1045
f 1497//1046 1492//1046 1494//1046
f 1492//1047 1497//1047 1490//1047
f 2433//1527 2434//1527 2435//1527
f 2436//10 2437//10 2434//10
f 2438//1528 2439//1528 2437//1528
f 2440//1529 2441//1529 2439//1529
f 2442//7 2440//7 2438//7
f 2442//4 2443//4 2441//4
f 2444//1530 2435//1530 2443//1530
f 2439//14 2441//14 2443//14
f 2445//1527 2446//1527 2447//1527
f 2448//10 2449//10 2446//10
f 2450//1528 2451//1528 2449//1528
f 2452//1531 2453//1531 2451//1531
f 2452//7 2450//7 2445//7
f 2454//4 2455//4 2453//4
f 2456//1532 2447//1532 2455//1532
f 2451//14 2453//14 2455//14
f 2457//1533 2458//1533 2459//1533
f 2458//10 2460//10 2461//10
f 2460//1534 2462//1534 2461//1534
f 2463//1535 2464//1535 2462//1535
f 2465//1536 2463//1536 2460//1536
f 2465//4 2466//4 2464//4
f 2467//1537 2459//1537 2466//1537
f 2464//14 2466//14 2458//14
f 1365//3174 3283//3174 1366//3174
f 1366//10 3283//10 1368//10
f 1368//1025 1373//1025 1370//1025
f 1370//3175 1373//3175 1371//3175
f 1368//7 3283//7 1371//7
f 3283//7 1365//7 1371//7
f 1365//7 1375//7 1371//7
f 1371//4 1375//4 1374//4
f 1375//3176 1365//3176 1367//3176
f 1374//14 1367//14 1366//14
f 1366//14 1369//14 1370//14
f 1370//14 1372//14 1366//14
f 1376//3177 3284//3177 1377//3177
f 1377//10 3284//10 1379//10
f 1380//3178 1379//3178 1381//3178
f 1381//3179 1384//3179 1383//3179
f 1379//3180 3284//3180 1376//3180
f 1376//3181 3285//3181 1384//3181
f 1384//3182 1381//3182 1376//3182
f 1384//3183 3285//3183 1385//3183
f 1385//3184 3285//3184 1376//3184
f 1385//3185 1378//3185 1382//3185
f 1378//3186 1377//3186 1382//3186
f 1377//3187 1380//3187 1382//3187
f 1386//972 1390//972 1387//972
f 1386//10 1391//10 1389//10
f 1391//3188 1394//3188 1392//3188
f 1393//3189 1395//3189 1392//3189
f 1387//3190 1390//3190 1389//3190
f 1389//3191 1392//3191 1387//3191
f 1392//3192 1395//3192 1387//3192
f 1397//4 1396//4 1395//4
f 1397//3193 1388//3193 1387//3193
f 1386//3182 1388//3182 1394//3182
f 1388//976 1397//976 1394//976
f 1397//3194 1393//3194 1394//3194
f 1398//3195 3286//3195 1399//3195
f 1399//10 1402//10 1401//10
f 1402//3196 1404//3196 1403//3196
f 1404//3197 1406//3197 1405//3197
f 1402//990 1399//990 1406//990
f 1399//3198 3286//3198 1406//3198
f 3286//3199 1407//3199 1406//3199
f 1405//4 1406//4 1407//4
f 1407//3200 3286//3200 1398//3200
f 1408//14 1398//14 1400//14
f 1400//3201 1401//3201 1403//3201
f 1403//3202 1405//3202 1400//3202
f 1409//3203 1412//3203 1410//3203
f 1412//10 1414//10 1413//10
f 1414//3204 1416//3204 1415//3204
f 1416//3205 1418//3205 1417//3205
f 1414//7 1412//7 1418//7
f 1412//3206 1409//3206 1418//3206
f 1409//7 3287//7 1418//7
f 1418//3207 3287//3207 1419//3207
f 1419//3208 3287//3208 1409//3208
f 1419//3209 1411//3209 1410//3209
f 1410//14 1413//14 1415//14
f 1415//3210 1417//3210 1410//3210
f 1420//3211 1423//3211 1421//3211
f 1423//10 1425//10 1424//10
f 1425//993 1427//993 1426//993
f 1427//3212 1429//3212 1428//3212
f 1425//7 1423//7 1429//7
f 1423//3213 1420//3213 1429//3213
f 1420//3214 1431//3214 1429//3214
f 1429//4 1431//4 1430//4
f 1431//3215 1420//3215 1422//3215
f 1430//3216 1422//3216 1421//3216
f 1421//14 1424//14 1426//14
f 1426//14 1428//14 1421//14
f 1432//3217 3288//3217 1433//3217
f 1433//10 3288//10 1435//10
f 1436//3218 1435//3218 1437//3218
f 1437//3219 1440//3219 1439//3219
f 1435//1006 3288//1006 1440//1006
f 3288//3220 1432//3220 1440//3220
f 1432//3221 3289//3221 1440//3221
f 1440//3222 3289//3222 1441//3222
f 1441//3223 3289//3223 1432//3223
f 1441//14 1434//14 1433//14
f 1433//14 1436//14 1441//14
f 1436//3224 1438//3224 1441//3224
f 1442//972 1446//972 1443//972
f 1442//10 1447//10 1445//10
f 1447//3225 1450//3225 1448//3225
f 1449//3226 1451//3226 1448//3226
f 1443//3227 1446//3227 1445//3227
f 1445//3228 1448//3228 1443//3228
f 1448//3192 1451//3192 1443//3192
f 1453//4 1452//4 1451//4
f 1453//3229 1444//3229 1443//3229
f 1442//1006 1444//1006 1453//1006
f 1453//3194 1449//3194 1450//3194
f 1450//3230 1447//3230 1453//3230
f 1454//3231 3290//3231 1455//3231
f 1455//10 3290//10 1457//10
f 1457//3232 1462//3232 1459//3232
f 1459//3233 1462//3233 1460//3233
f 1457//990 3290//990 1460//990
f 3290//3234 1454//3234 1460//3234
f 1454//3235 3291//3235 1460//3235
f 1460//3236 3291//3236 1463//3236
f 1463//3237 3291//3237 1454//3237
f 1463//3209 1456//3209 1455//3209
f 1455//3238 1458//3238 1459//3238
f 1459//3239 1461//3239 1455//3239
f 1464//987 3292//987 1465//987
f 1466//10 1465//10 1467//10
f 1467//3240 1472//3240 1469//3240
f 1469//3241 1472//3241 1470//3241
f 1467//7 1465//7 1470//7
f 1465//3242 3292//3242 1470//3242
f 3292//3243 1474//3243 1470//3243
f 1470//3244 1474//3244 1473//3244
f 1474//3245 3292//3245 1464//3245
f 1473//3246 1464//3246 1466//3246
f 1466//3247 1468//3247 1469//3247
f 1469//3248 1471//3248 1466//3248
f 2433//3780 2436//3780 2434//3780
f 2436//10 2438//10 2437//10
f 2438//3781 2440//3781 2439//3781
f 2440//3782 2442//3782 2441//3782
f 2438//7 2436//7 2442//7
f 2436//7 2433//7 2442//7
f 2433//7 2444//7 2442//7
f 2442//4 2444//4 2443//4
f 2444//3783 2433//3783 2435//3783
f 2443//14 2435//14 2434//14
f 2434//14 2437//14 2443//14
f 2437//14 2439//14 2443//14
f 2445//3784 2448//3784 2446//3784
f 2448//10 2450//10 2449//10
f 2450//3781 2452//3781 2451//3781
f 2452//3785 2454//3785 2453//3785
f 2450//7 2448//7 2445//7
f 2445//7 2456//7 2454//7
f 2454//7 2452//7 2445//7
f 2454//3786 2456//3786 2455//3786
f 2456//3787 2445//3787 2447//3787
f 2455//14 2447//14 2451//14
f 2447//14 2446//14 2451//14
f 2446//14 2449//14 2451//14
f 2457//3788 3309//3788 2458//3788
f 2458//10 3309//10 2460//10
f 2460//1534 2463//1534 2462//1534
f 2463//1535 2465//1535 2464//1535
f 2460//3789 3309//3789 2457//3789
f 2457//3790 2467//3790 2460//3790
f 2467//3791 2465//3791 2460//3791
f 2465//4 2467//4 2466//4
f 2467//3792 2457//3792 2459//3792
f 2466//3793 2459//3793 2458//3793
f 2458//3794 2461//3794 2462//3794
f 2462//3795 2464//3795 2458//3795
usemtl mat7
f 697//507 698//507 699//507
f 699//508 700//508 701//508
f 700//509 702//509 701//509
f 702//510 703//510 704//510
f 705//7 703//7 700//7
f 703//511 706//511 704//511
f 707//512 697//512 706//512
f 699//14 702//14 706//14
f 697//513 705//513 698//513
f 699//514 698//514 700//514
f 700//515 708//515 702//515
f 702//516 708//516 703//516
f 700//7 698//7 705//7
f 705//517 707//517 703//517
f 703//7 708//7 700//7
f 703//518 707//518 706//518
f 707//519 705//519 697//519
f 706//520 697//520 699//520
f 699//14 701//14 702//14
f 702//521 704//521 706//521
f 1298//918 1299//918 1300//918
f 1301//919 1302//919 1303//919
f 1302//920 1304//920 1305//920
f 1306//921 1307//921 1300//921
f 1300//922 1308//922 1309//922
f 1310//923 1311//923 1301//923
f 1304//924 1312//924 1305//924
f 1313//925 1314//925 1312//925
f 1315//926 1314//926 1316//926
f 1317//927 1304//927 1318//927
f 1313//928 1319//928 1317//928
f 1305//929 1314//929 1320//929
f 1303//930 1302//930 1315//930
f 1302//931 1320//931 1315//931
f 1301//932 1317//932 1318//932
f 1321//933 1316//933 1309//933
f 1309//934 1322//934 1321//934
f 1300//935 1322//935 1308//935
f 1317//7 1306//7 1313//7
f 1299//936 1301//936 1303//936
f 1323//7 1307//7 1324//7
f 1298//937 1323//937 1311//937
f 1311//938 1324//938 1306//938
f 1300//939 1325//939 1298//939
f 1499//4 1500//4 1501//4
f 1502//14 1503//14 1504//14
f 1505//1 1506//1 1507//1
f 1499//1048 1508//1048 1509//1048
f 1507//1 1510//1 1511//1
f 1512//14 1513//14 1502//14
f 1514//1 1515//1 1516//1
f 1513//1049 1517//1049 1503//1049
f 1518//16 1509//16 1519//16
f 1520//1 1521//1 1514//1
f 1503//10 1522//10 1504//10
f 1523//4 1499//4 1501//4
f 1523//4 1524//4 1525//4
f 1504//10 1526//10 1520//10
f 1516//14 1502//14 1514//14
f 1527//7 1528//7 1506//7
f 1506//7 1528//7 1510//7
f 1529//10 1527//10 1505//10
f 1502//14 1520//14 1514//14
f 1501//4 1530//4 1524//4
f 1531//7 1532//7 1533//7
f 1500//14 1516//14 1530//14
f 1519//16 1534//16 1513//16
f 1516//1 1524//1 1530//1
f 1518//14 1512//14 1500//14
f 1511//1 1535//1 1525//1
f 1536//7 1535//7 1510//7
f 1534//7 1537//7 1538//7
f 1538//7 1517//7 1534//7
f 1522//1050 1539//1050 1529//1050
f 1528//1051 1536//1051 1510//1051
f 1531//1052 1539//1052 1540//1052
f 1540//10 1508//10 1531//10
f 1537//10 1509//10 1540//10
f 1540//1053 1538//1053 1537//1053
f 1529//1054 1528//1054 1541//1054
f 1515//1 1525//1 1524//1
f 1522//10 1505//10 1526//10
f 1533//4 1525//4 1535//4
f 1532//4 1523//4 1533//4
f 1521//1 1511//1 1515//1
f 1526//1 1507//1 1521//1
f 1542//4 1543//4 1544//4
f 1545//7 1546//7 1547//7
f 1548//1 1549//1 1550//1
f 1551//1055 1543//1055 1552//1055
f 1553//1 1550//1 1554//1
f 1555//7 1547//7 1556//7
f 1557//1 1558//1 1559//1
f 1560//1056 1547//1056 1546//1056
f 1552//16 1561//16 1556//16
f 1562//1 1563//1 1558//1
f 1564//10 1546//10 1565//10
f 1566//1 1567//1 1568//1
f 1569//1057 1570//1057 1571//1057
f 1572//10 1565//10 1563//10
f 1559//7 1545//7 1555//7
f 1573//14 1574//14 1575//14
f 1548//14 1553//14 1574//14
f 1573//10 1576//10 1549//10
f 1563//7 1545//7 1558//7
f 1577//4 1544//4 1578//4
f 1579//14 1551//14 1580//14
f 1559//7 1542//7 1577//7
f 1581//16 1556//16 1547//16
f 1578//1 1559//1 1577//1
f 1555//7 1561//7 1542//7
f 1582//1 1554//1 1583//1
f 1582//14 1584//14 1553//14
f 1581//14 1585//14 1552//14
f 1586//14 1560//14 1564//14
f 1587//1058 1564//1058 1576//1058
f 1574//14 1584//14 1580//14
f 1587//1059 1580//1059 1588//1059
f 1588//10 1551//10 1552//10
f 1585//10 1588//10 1552//10
f 1586//1060 1588//1060 1585//1060
f 1575//1058 1587//1058 1576//1058
f 1583//1 1557//1 1578//1
f 1549//10 1564//10 1572//10
f 1583//4 1589//4 1582//4
f 1590//4 1579//4 1589//4
f 1554//1 1562//1 1557//1
f 1550//1 1572//1 1562//1
f 1570//4 1591//4 1571//4
f 1592//4 1570//4 1567//4
f 1593//7 1592//7 1566//7
f 1568//14 1570//14 1594//14
f 1569//7 1591//7 1593//7
f 1544//7 1569//7 1593//7
f 1583//14 1594//14 1590//14
f 1544//7 1566//7 1578//7
f 1590//1061 1569//1061 1543//1061
f 1578//1 1568//1 1583//1
f 1651//1078 1652//1078 1653//1078
f 1652//1079 1654//1079 1653//1079
f 1655//1080 1656//1080 1654//1080
f 1656//1081 1657//1081 1658//1081
f 1655//1082 1627//1082 1629//1082
f 1658//4 1659//4 1660//4
f 1659//1083 1651//1083 1660//1083
f 1655//14 1641//14 1661//14
f 1662//1084 1663//1084 1664//1084
f 1665//1085 1662//1085 1664//1085
f 1666//1086 1665//1086 1667//1086
f 1668//1087 1667//1087 1669//1087
f 1670//10 1669//10 1671//10
f 1656//1088 1658//1088 1651//1088
f 1663//1089 1670//1089 1671//1089
f 1668//1090 1670//1090 1672//1090
f 1663//1091 1638//1091 1664//1091
f 1664//7 1630//7 1665//7
f 1665//7 1632//7 1667//7
f 1659//14 1647//14 1673//14
f 1671//7 1637//7 1663//7
f 1667//1092 1645//1092 1669//1092
f 1657//14 1646//14 1659//14
f 1669//7 1639//7 1671//7
f 1657//1093 1641//1093 1643//1093
f 1673//1094 1627//1094 1652//1094
f 2747//1721 2748//1721 2749//1721
f 2750//1722 2751//1722 2748//1722
f 2752//1723 2753//1723 2751//1723
f 2751//10 2754//10 2755//10
f 2756//1724 2757//1724 2758//1724
f 2759//1725 2760//1725 2761//1725
f 2761//1726 2762//1726 2756//1726
f 2754//1727 2763//1727 2755//1727
f 2748//1728 2764//1728 2749//1728
f 2751//1729 2765//1729 2748//1729
f 2765//1730 2766//1730 2764//1730
f 2755//1731 2767//1731 2765//1731
f 2768//1732 2769//1732 2770//1732
f 2771//1733 2772//1733 2769//1733
f 2773//1734 2774//1734 2772//1734
f 2773//1735 2775//1735 2776//1735
f 2777//1736 2778//1736 2775//1736
f 2779//1737 2776//1737 2780//1737
f 2768//1738 2775//1738 2771//1738
f 2778//1739 2781//1739 2782//1739
f 2776//1740 2778//1740 2782//1740
f 2776//1741 2783//1741 2780//1741
f 2784//1742 2785//1742 2786//1742
f 2787//1743 2788//1743 2789//1743
f 2786//1744 2790//1744 2787//1744
f 2791//1745 2789//1745 2792//1745
f 2793//10 2784//10 2786//10
f 2791//10 2786//10 2787//10
f 2794//1746 2795//1746 2796//1746
f 2797//1747 2798//1747 2799//1747
f 2800//1748 2801//1748 2792//1748
f 2802//1749 2803//1749 2804//1749
f 2804//1750 2805//1750 2806//1750
f 2802//1751 2797//1751 2807//1751
f 2808//1752 2802//1752 2804//1752
f 2809//1753 2802//1753 2810//1753
f 2808//1754 2806//1754 2811//1754
f 2774//1755 2810//1755 2772//1755
f 2772//1756 2808//1756 2769//1756
f 2770//1757 2808//1757 2811//1757
f 2812//1758 2813//1758 2814//1758
f 2815//1759 2816//1759 2817//1759
f 2814//1760 2818//1760 2815//1760
f 2813//1761 2819//1761 2818//1761
f 2820//1762 2821//1762 2813//1762
f 2816//1763 2819//1763 2822//1763
f 2819//1764 2823//1764 2822//1764
f 2821//1765 2824//1765 2819//1765
f 2825//1766 2781//1766 2821//1766
f 2778//1767 2823//1767 2824//1767
f 2782//1768 2826//1768 2783//1768
f 2785//1769 2827//1769 2790//1769
f 2785//1770 2828//1770 2829//1770
f 2790//1771 2830//1771 2788//1771
f 2827//1772 2831//1772 2832//1772
f 2828//1773 2831//1773 2829//1773
f 2830//1774 2832//1774 2833//1774
f 2833//4 2834//4 2835//4
f 2831//1775 2834//1775 2832//1775
f 2836//4 2837//4 2831//4
f 2838//1776 2839//1776 2840//1776
f 2835//1777 2841//1777 2842//1777
f 2834//1778 2843//1778 2844//1778
f 2845//1779 2846//1779 2847//1779
f 2848//10 2849//10 2846//10
f 2845//10 2850//10 2851//10
f 2846//1780 2852//1780 2853//1780
f 2847//1781 2854//1781 2850//1781
f 2846//1782 2855//1782 2847//1782
f 2840//1783 2799//1783 2856//1783
f 2801//1784 2842//1784 2841//1784
f 2843//4 2857//4 2858//4
f 2857//1785 2791//1785 2858//1785
f 2859//10 2842//10 2796//10
f 2860//1786 2861//1786 2859//1786
f 2862//1787 2863//1787 2864//1787
f 2865//1788 2864//1788 2848//1788
f 2863//4 2866//4 2860//4
f 2860//1789 2867//1789 2861//1789
f 2868//7 2869//7 2803//7
f 2867//1790 2870//1790 2861//1790
f 2870//10 2868//10 2865//10
f 2868//1791 2864//1791 2865//1791
f 2871//1792 2747//1792 2749//1792
f 2872//1793 2873//1793 2871//1793
f 2872//1794 2874//1794 2875//1794
f 2872//1795 2754//1795 2753//1795
f 2757//1796 2876//1796 2758//1796
f 2877//1797 2759//1797 2878//1797
f 2876//1798 2877//1798 2878//1798
f 2879//1799 2754//1799 2880//1799
f 2764//10 2871//10 2749//10
f 2881//1800 2872//1800 2871//1800
f 2766//1801 2881//1801 2764//1801
f 2882//1802 2880//1802 2881//1802
f 2883//1803 2768//1803 2770//1803
f 2884//1804 2885//1804 2883//1804
f 2774//1805 2886//1805 2884//1805
f 2886//1806 2887//1806 2885//1806
f 2887//1807 2888//1807 2777//1807
f 2779//1808 2889//1808 2886//1808
f 2887//1809 2768//1809 2885//1809
f 2890//1810 2891//1810 2892//1810
f 2889//1811 2891//1811 2887//1811
f 2780//1812 2892//1812 2889//1812
f 2893//1813 2894//1813 2784//1813
f 2788//1814 2895//1814 2789//1814
f 2896//1815 2893//1815 2895//1815
f 2789//1816 2897//1816 2792//1816
f 2898//1817 2784//1817 2798//1817
f 2895//10 2898//10 2897//10
f 2899//1818 2900//1818 2901//1818
f 2902//1819 2903//1819 2798//1819
f 2792//1820 2904//1820 2905//1820
f 2906//1821 2907//1821 2908//1821
f 2805//1822 2906//1822 2806//1822
f 2908//1823 2797//1823 2909//1823
f 2910//1824 2908//1824 2911//1824
f 2908//1825 2809//1825 2911//1825
f 2806//1826 2910//1826 2811//1826
f 2911//1827 2774//1827 2884//1827
f 2883//1828 2911//1828 2884//1828
f 2770//1829 2910//1829 2883//1829
f 2912//1830 2812//1830 2913//1830
f 2816//1831 2914//1831 2817//1831
f 2915//1832 2913//1832 2914//1832
f 2916//1833 2912//1833 2915//1833
f 2917//1834 2820//1834 2912//1834
f 2816//1835 2916//1835 2915//1835
f 2823//1836 2916//1836 2822//1836
f 2918//1837 2917//1837 2916//1837
f 2890//1838 2825//1838 2917//1838
f 2891//1839 2823//1839 2888//1839
f 2826//1840 2892//1840 2783//1840
f 2896//1841 2919//1841 2920//1841
f 2920//10 2828//10 2894//10
f 2830//10 2896//10 2788//10
f 2921//1842 2919//1842 2922//1842
f 2923//1843 2828//1843 2919//1843
f 2830//1844 2921//1844 2922//1844
f 2833//4 2924//4 2921//4
f 2921//1845 2925//1845 2923//1845
f 2925//4 2836//4 2923//4
f 2838//1846 2926//1846 2927//1846
f 2835//1847 2928//1847 2929//1847
f 2924//1848 2930//1848 2925//1848
f 2931//1849 2932//1849 2933//1849
f 2933//10 2849//10 2934//10
f 2850//10 2931//10 2851//10
f 2932//1850 2852//1850 2849//1850
f 2854//1851 2935//1851 2850//1851
f 2936//1852 2932//1852 2935//1852
f 2902//1853 2926//1853 2903//1853
f 2928//1854 2904//1854 2929//1854
f 2930//1855 2937//1855 2938//1855
f 2938//1856 2898//1856 2939//1856
f 2940//1857 2941//1857 2942//1857
f 2940//1858 2943//1858 2941//1858
f 2944//1859 2901//1859 2945//1859
f 2933//1860 2944//1860 2946//1860
f 2943//4 2899//4 2901//4
f 2947//1861 2899//1861 2948//1861
f 2949//1862 2950//1862 2951//1862
f 2947//1790 2950//1790 2952//1790
f 2946//10 2950//10 2953//10
f 2944//1863 2951//1863 2946//1863
f 1298//3117 1310//3117 1299//3117
f 1301//3118 1318//3118 1302//3118
f 1302//3119 1318//3119 1304//3119
f 1306//3120 1324//3120 1307//3120
f 1309//3121 1316//3121 1306//3121
f 1316//3122 1313//3122 1306//3122
f 1306//3123 1300//3123 1309//3123
f 1310//937 1298//937 1311//937
f 1304//3124 1319//3124 1312//3124
f 1313//3125 1316//3125 1314//3125
f 1315//3126 1320//3126 1314//3126
f 1317//3127 1319//3127 1304//3127
f 1313//3128 1312//3128 1319//3128
f 1305//3129 1312//3129 1314//3129
f 1315//3130 1321//3130 1303//3130
f 1321//3131 1322//3131 1299//3131
f 1303//3132 1321//3132 1299//3132
f 1302//3133 1305//3133 1320//3133
f 1301//3134 1311//3134 1317//3134
f 1321//3135 1315//3135 1316//3135
f 1309//3136 1308//3136 1322//3136
f 1300//3137 1299//3137 1322//3137
f 1317//3138 1311//3138 1306//3138
f 1299//3139 1310//3139 1301//3139
f 1323//3140 1325//3140 1307//3140
f 1298//923 1325//923 1323//923
f 1311//3141 1323//3141 1324//3141
f 1300//3142 1307//3142 1325//3142
f 1499//4 1518//4 1500//4
f 1502//14 1513//14 1503//14
f 1505//1 1527//1 1506//1
f 1499//1048 1532//1048 1508//1048
f 1507//1 1506//1 1510//1
f 1512//14 1519//14 1513//14
f 1514//1 1521//1 1515//1
f 1513//3249 1534//3249 1517//3249
f 1518//16 1499//16 1509//16
f 1520//1 1526//1 1521//1
f 1503//10 1517//10 1522//10
f 1523//4 1501//4 1524//4
f 1504//10 1522//10 1526//10
f 1516//14 1512//14 1502//14
f 1527//7 1541//7 1528//7
f 1529//10 1541//10 1527//10
f 1502//14 1504//14 1520//14
f 1501//4 1500//4 1530//4
f 1533//7 1536//7 1531//7
f 1531//7 1508//7 1532//7
f 1500//14 1512//14 1516//14
f 1519//16 1509//16 1534//16
f 1516//1 1515//1 1524//1
f 1518//14 1519//14 1512//14
f 1511//1 1510//1 1535//1
f 1536//7 1533//7 1535//7
f 1534//7 1509//7 1537//7
f 1538//7 1522//7 1517//7
f 1522//3250 1538//3250 1539//3250
f 1528//3251 1531//3251 1536//3251
f 1531//3252 1528//3252 1539//3252
f 1540//10 1509//10 1508//10
f 1540//3253 1539//3253 1538//3253
f 1529//3254 1539//3254 1528//3254
f 1515//1 1511//1 1525//1
f 1522//10 1529//10 1505//10
f 1533//4 1523//4 1525//4
f 1532//3255 1499//3255 1523//3255
f 1521//1 1507//1 1511//1
f 1526//1 1505//1 1507//1
f 1542//4 1561//4 1543//4
f 1545//7 1565//7 1546//7
f 1548//1 1573//1 1549//1
f 1551//3256 1579//3256 1543//3256
f 1553//1 1548//1 1550//1
f 1555//7 1545//7 1547//7
f 1557//1 1562//1 1558//1
f 1560//3257 1581//3257 1547//3257
f 1552//16 1543//16 1561//16
f 1562//1 1572//1 1563//1
f 1564//10 1560//10 1546//10
f 1566//3258 1592//3258 1567//3258
f 1569//3259 1594//3259 1570//3259
f 1572//10 1564//10 1565//10
f 1559//7 1558//7 1545//7
f 1573//14 1548//14 1574//14
f 1573//10 1575//10 1576//10
f 1563//7 1565//7 1545//7
f 1577//4 1542//4 1544//4
f 1580//3260 1584//3260 1589//3260
f 1589//14 1579//14 1580//14
f 1559//7 1555//7 1542//7
f 1581//16 1552//16 1556//16
f 1578//1 1557//1 1559//1
f 1555//7 1556//7 1561//7
f 1582//1 1553//1 1554//1
f 1582//14 1589//14 1584//14
f 1581//14 1586//14 1585//14
f 1586//14 1581//14 1560//14
f 1587//3261 1586//3261 1564//3261
f 1574//14 1553//14 1584//14
f 1587//3262 1574//3262 1580//3262
f 1588//10 1580//10 1551//10
f 1586//3263 1587//3263 1588//3263
f 1575//3264 1574//3264 1587//3264
f 1583//1 1554//1 1557//1
f 1549//10 1576//10 1564//10
f 1583//4 1590//4 1589//4
f 1590//3265 1543//3265 1579//3265
f 1554//1 1550//1 1562//1
f 1550//1 1549//1 1572//1
f 1592//4 1591//4 1570//4
f 1593//7 1591//7 1592//7
f 1568//14 1567//14 1570//14
f 1569//7 1571//7 1591//7
f 1544//7 1543//7 1569//7
f 1583//14 1568//14 1594//14
f 1544//7 1593//7 1566//7
f 1590//3266 1594//3266 1569//3266
f 1578//1 1566//1 1568//1
f 1651//1712 1673//1712 1652//1712
f 1652//10 1655//10 1654//10
f 1655//3277 1661//3277 1656//3277
f 1656//3278 1661//3278 1657//3278
f 1655//14 1652//14 1627//14
f 1658//4 1657//4 1659//4
f 1659//1084 1673//1084 1651//1084
f 1655//3279 1629//3279 1641//3279
f 1662//3280 1672//3280 1663//3280
f 1665//4 3293//4 1662//4
f 1666//3281 3293//3281 1665//3281
f 1668//3282 1666//3282 1667//3282
f 1670//3283 1668//3283 1669//3283
f 1658//3284 1660//3284 1651//3284
f 1651//3285 1653//3285 1654//3285
f 1654//3286 1656//3286 1651//3286
f 1663//3287 1672//3287 1670//3287
f 1672//3288 1662//3288 3293//3288
f 3293//3289 1666//3289 1672//3289
f 1666//3290 1668//3290 1672//3290
f 1663//7 1637//7 1638//7
f 1664//7 1638//7 1630//7
f 1665//7 1630//7 1632//7
f 1659//3291 1646//3291 1647//3291
f 1671//7 1639//7 1637//7
f 1667//7 1632//7 1645//7
f 1657//14 1643//14 1646//14
f 1669//3292 1645//3292 1639//3292
f 1657//14 1661//14 1641//14
f 1673//14 1647//14 1627//14
f 2747//4033 2750//4033 2748//4033
f 2750//4034 2752//4034 2751//4034
f 2752//4035 2874//4035 2753//4035
f 2751//4036 2753//4036 2754//4036
f 2756//4037 2762//4037 2757//4037
f 2759//4038 3315//4038 2760//4038
f 2761//4039 2760//4039 2762//4039
f 2754//1727 3316//1727 2763//1727
f 2748//4040 2765//4040 2764//4040
f 2751//4041 2755//4041 2765//4041
f 2765//4042 2767//4042 2766//4042
f 2755//7 2763//7 2767//7
f 2768//4043 2771//4043 2769//4043
f 2771//4044 2773//4044 2772//4044
f 2773//4045 2779//4045 2774//4045
f 2773//4046 2771//4046 2775//4046
f 2777//4047 2888//4047 2778//4047
f 2779//4048 2773//4048 2776//4048
f 2768//4049 2777//4049 2775//4049
f 2778//4050 2824//4050 2781//4050
f 2776//4051 2775//4051 2778//4051
f 2776//4052 2782//4052 2783//4052
f 2784//567 2894//567 2785//567
f 2787//4053 2790//4053 2788//4053
f 2786//4054 2785//4054 2790//4054
f 2791//10 2787//10 2789//10
f 2793//4055 2798//4055 2784//4055
f 2791//4056 2793//4056 2786//4056
f 2796//4057 2803//4057 2867//4057
f 2796//4058 2867//4058 2866//4058
f 2862//4059 2807//4059 2795//4059
f 2796//4060 2866//4060 2794//4060
f 2794//4061 2862//4061 2795//4061
f 2795//4062 2807//4062 2799//4062
f 2807//4063 2797//4063 2799//4063
f 2798//4064 2793//4064 2856//4064
f 2793//4065 2857//4065 2856//4065
f 2798//4066 2856//4066 2799//4066
f 2792//4067 2805//4067 2800//4067
f 2805//4068 2803//4068 2800//4068
f 2803//4069 2796//4069 2800//4069
f 2801//4070 2858//4070 2791//4070
f 2801//4071 2791//4071 2792//4071
f 2802//4072 2807//4072 2803//4072
f 2804//4073 2803//4073 2805//4073
f 2802//4074 2909//4074 2797//4074
f 2808//4075 2810//4075 2802//4075
f 2809//4076 2909//4076 2802//4076
f 2808//4077 2804//4077 2806//4077
f 2774//4078 2809//4078 2810//4078
f 2772//4079 2810//4079 2808//4079
f 2770//4080 2769//4080 2808//4080
f 2812//4081 2820//4081 2813//4081
f 2815//4082 2818//4082 2816//4082
f 2814//4083 2813//4083 2818//4083
f 2813//4084 2821//4084 2819//4084
f 2820//4085 2825//4085 2821//4085
f 2816//4086 2818//4086 2819//4086
f 2819//4087 2824//4087 2823//4087
f 2821//4088 2781//4088 2824//4088
f 2825//4089 2826//4089 2781//4089
f 2778//4090 2888//4090 2823//4090
f 2782//4091 2781//4091 2826//4091
f 2785//4092 2829//4092 2827//4092
f 2785//4093 2894//4093 2828//4093
f 2790//10 2827//10 2830//10
f 2827//4094 2829//4094 2831//4094
f 2828//4095 2836//4095 2831//4095
f 2830//4096 2827//4096 2832//4096
f 2833//4 2832//4 2834//4
f 2831//4 2837//4 2834//4
f 2836//4 2838//4 2837//4
f 2843//4097 2837//4097 2840//4097
f 2837//4098 2838//4098 2840//4098
f 2838//4099 2934//4099 2839//4099
f 2934//4100 2848//4100 2839//4100
f 2848//4101 3317//4101 2839//4101
f 2835//4102 2834//4102 2841//4102
f 2834//4103 2844//4103 2841//4103
f 2845//4104 2851//4104 2842//4104
f 2851//4105 2835//4105 2842//4105
f 2842//4106 2859//4106 2845//4106
f 2834//4107 2837//4107 2843//4107
f 2845//4108 2848//4108 2846//4108
f 2848//10 2934//10 2849//10
f 2845//10 2847//10 2850//10
f 2846//4109 2849//4109 2852//4109
f 2847//4110 2855//4110 2854//4110
f 2846//4111 2853//4111 2855//4111
f 2840//4112 2839//4112 2799//4112
f 2801//4113 2800//4113 2842//4113
f 2858//4114 2801//4114 2841//4114
f 2858//4115 2841//4115 2844//4115
f 2840//4116 2856//4116 2857//4116
f 2858//4117 2844//4117 2843//4117
f 2843//4 2840//4 2857//4
f 2857//4118 2793//4118 2791//4118
f 2795//4119 2799//4119 2839//4119
f 2795//4120 2839//4120 3317//4120
f 2842//10 2800//10 2796//10
f 2795//4121 3317//4121 2796//4121
f 3317//4122 2859//4122 2796//4122
f 3317//4123 2848//4123 2864//4123
f 3317//4124 2864//4124 2863//4124
f 2861//4125 2845//4125 2859//4125
f 3317//14 2863//14 2859//14
f 2863//4126 2860//4126 2859//4126
f 2862//4127 2794//4127 2863//4127
f 2848//4128 2845//4128 2865//4128
f 2845//4129 2861//4129 2870//4129
f 2845//4130 2870//4130 2865//4130
f 2863//4 2794//4 2866//4
f 2860//4131 2866//4131 2867//4131
f 2803//4132 2807//4132 2868//4132
f 2807//4133 2862//4133 2868//4133
f 2869//4134 2867//4134 2803//4134
f 2867//4135 2869//4135 2870//4135
f 2870//10 2869//10 2868//10
f 2868//4136 2862//4136 2864//4136
f 2871//4137 2873//4137 2747//4137
f 2872//4138 2875//4138 2873//4138
f 2872//4139 2753//4139 2874//4139
f 2872//10 2880//10 2754//10
f 2757//4140 3318//4140 2876//4140
f 2877//4141 3315//4141 2759//4141
f 2876//4142 3318//4142 2877//4142
f 2879//4143 3316//4143 2754//4143
f 2764//4144 2881//4144 2871//4144
f 2881//4145 2880//4145 2872//4145
f 2766//4146 2882//4146 2881//4146
f 2882//4147 2879//4147 2880//4147
f 2883//4148 2885//4148 2768//4148
f 2884//4149 2886//4149 2885//4149
f 2774//4150 2779//4150 2886//4150
f 2886//4151 2889//4151 2887//4151
f 2887//4152 2891//4152 2888//4152
f 2779//4153 2780//4153 2889//4153
f 2887//4154 2777//4154 2768//4154
f 2890//4155 2918//4155 2891//4155
f 2889//4156 2892//4156 2891//4156
f 2780//4157 2783//4157 2892//4157
f 2893//4158 2920//4158 2894//4158
f 2788//4159 2896//4159 2895//4159
f 2896//4160 2920//4160 2893//4160
f 2789//4161 2895//4161 2897//4161
f 2898//10 2893//10 2784//10
f 2895//4162 2893//4162 2898//4162
f 2952//4163 2949//4163 2900//4163
f 2942//4164 2907//4164 2945//4164
f 2942//4165 2945//4165 2901//4165
f 2952//4166 2900//4166 2899//4166
f 2900//4167 2942//4167 2901//4167
f 2797//4168 2907//4168 2902//4168
f 2907//4169 2942//4169 2902//4169
f 2939//4170 2898//4170 2903//4170
f 2898//4171 2798//4171 2903//4171
f 2797//4172 2902//4172 2798//4172
f 2949//4173 2805//4173 2905//4173
f 2805//4174 2792//4174 2905//4174
f 2792//4175 2897//4175 2904//4175
f 2897//4176 2938//4176 2904//4176
f 2905//4177 2900//4177 2949//4177
f 2906//4178 2949//4178 2907//4178
f 2805//4179 2949//4179 2906//4179
f 2908//4180 2907//4180 2797//4180
f 2910//4181 2906//4181 2908//4181
f 2908//4182 2909//4182 2809//4182
f 2806//4183 2906//4183 2910//4183
f 2911//4184 2809//4184 2774//4184
f 2883//4185 2910//4185 2911//4185
f 2770//4186 2811//4186 2910//4186
f 2912//4187 2820//4187 2812//4187
f 2816//4188 2915//4188 2914//4188
f 2915//4189 2912//4189 2913//4189
f 2916//4190 2917//4190 2912//4190
f 2917//4191 2825//4191 2820//4191
f 2816//4192 2822//4192 2916//4192
f 2823//4193 2918//4193 2916//4193
f 2918//4194 2890//4194 2917//4194
f 2890//4195 2826//4195 2825//4195
f 2891//4196 2918//4196 2823//4196
f 2826//4197 2890//4197 2892//4197
f 2896//4198 2922//4198 2919//4198
f 2920//10 2919//10 2828//10
f 2830//10 2922//10 2896//10
f 2921//4199 2923//4199 2919//4199
f 2923//4200 2836//4200 2828//4200
f 2830//4201 2833//4201 2921//4201
f 2833//4 2835//4 2924//4
f 2921//4 2924//4 2925//4
f 2925//4 2838//4 2836//4
f 2838//4202 2925//4202 2926//4202
f 2925//4203 2930//4203 2926//4203
f 2933//4204 2934//4204 2927//4204
f 2934//4205 2838//4205 2927//4205
f 2927//4206 2941//4206 2933//4206
f 2835//4207 2851//4207 2928//4207
f 2851//2982 2931//2982 2928//2982
f 2931//4208 2940//4208 2928//4208
f 2929//4209 2937//4209 2924//4209
f 2929//4210 2924//4210 2835//4210
f 2924//4211 2937//4211 2930//4211
f 2931//4212 2935//4212 2932//4212
f 2933//10 2932//10 2849//10
f 2850//10 2935//10 2931//10
f 2932//4213 3319//4213 2852//4213
f 2854//4214 2936//4214 2935//4214
f 2936//4215 3319//4215 2932//4215
f 2902//4216 2927//4216 2926//4216
f 2928//4217 2905//4217 2904//4217
f 2929//4 2904//4 2938//4
f 2939//4218 2903//4218 2926//4218
f 2939//4 2926//4 2930//4
f 2937//4219 2929//4219 2938//4219
f 2939//4 2930//4 2938//4
f 2938//4220 2897//4220 2898//4220
f 2927//10 2902//10 2942//10
f 2900//4221 2905//4221 2928//4221
f 2900//10 2928//10 2940//10
f 2941//4222 2927//4222 2942//4222
f 2900//4223 2940//4223 2942//4223
f 2940//4224 2931//4224 2947//4224
f 2940//4225 2947//4225 2948//4225
f 2944//4226 2933//4226 2941//4226
f 2940//4227 2948//4227 2943//4227
f 2943//4228 2944//4228 2941//4228
f 2944//4229 2943//4229 2901//4229
f 2947//4230 2931//4230 2953//4230
f 2931//4231 2933//4231 2946//4231
f 2953//4232 2931//4232 2946//4232
f 2943//4233 2948//4233 2899//4233
f 2947//4234 2952//4234 2899//4234
f 2945//4235 2907//4235 2951//4235
f 2907//4236 2949//4236 2951//4236
f 2949//4237 2952//4237 2950//4237
f 2947//4238 2953//4238 2950//4238
f 2946//10 2951//10 2950//10
f 2944//4239 2945//4239 2951//4239
usemtl mat8
f 914//634 915//634 916//634
f 915//635 917//635 918//635
f 917//636 919//636 918//636
f 919//637 920//637 921//637
f 922//638 923//638 924//638
f 920//639 925//639 921//639
f 925//640 914//640 916//640
f 919//641 926//641 927//641
f 928//642 929//642 930//642
f 918//4 931//4 915//4
f 925//643 926//643 921//643
f 916//644 931//644 928//644
f 919//645 932//645 918//645
f 916//646 930//646 925//646
f 933//4 934//4 929//4
f 926//647 933//647 927//647
f 932//648 935//648 931//648
f 930//649 934//649 926//649
f 927//650 936//650 932//650
f 931//651 937//651 928//651
f 924//652 938//652 939//652
f 914//653 940//653 941//653
f 917//654 942//654 943//654
f 914//10 924//10 939//10
f 943//655 923//655 920//655
f 917//10 940//10 944//10
f 945//656 946//656 947//656
f 923//657 948//657 949//657
f 940//658 950//658 944//658
f 923//659 945//659 924//659
f 942//660 950//660 948//660
f 939//661 951//661 940//661
f 952//662 953//662 946//662
f 948//663 954//663 952//663
f 938//10 955//10 951//10
f 945//664 956//664 938//664
f 948//10 946//10 949//10
f 950//665 955//665 954//665
f 957//10 958//10 959//10
f 955//666 958//666 954//666
f 946//667 960//667 947//667
f 954//668 957//668 952//668
f 956//669 961//669 955//669
f 947//670 959//670 956//670
f 962//671 963//671 964//671
f 963//672 965//672 966//672
f 966//673 967//673 968//673
f 967//674 969//674 968//674
f 965//675 970//675 967//675
f 971//676 972//676 969//676
f 970//677 964//677 972//677
f 968//678 973//678 974//678
f 975//679 976//679 977//679
f 966//680 978//680 963//680
f 972//681 973//681 969//681
f 964//682 978//682 975//682
f 968//683 979//683 966//683
f 964//684 977//684 972//684
f 980//10 981//10 976//10
f 973//685 980//685 974//685
f 979//686 982//686 978//686
f 977//687 981//687 973//687
f 974//688 983//688 979//688
f 978//689 984//689 975//689
f 985//690 986//690 987//690
f 988//691 989//691 990//691
f 991//692 992//692 993//692
f 994//693 995//693 996//693
f 997//694 991//694 998//694
f 985//10 999//10 1000//10
f 1001//695 994//695 996//695
f 997//696 1002//696 1003//696
f 1004//697 995//697 1005//697
f 1005//698 1006//698 1007//698
f 998//699 1008//699 1009//699
f 1008//700 993//700 1010//700
f 1011//701 1001//701 1012//701
f 1013//702 1012//702 1014//702
f 1015//703 998//703 1009//703
f 1016//704 1003//704 992//704
f 985//14 1017//14 1018//14
f 1019//705 998//705 1020//705
f 1021//706 1022//706 988//706
f 988//707 1023//707 1021//707
f 988//708 1024//708 1025//708
f 992//709 1012//709 1001//709
f 1010//710 996//710 1004//710
f 1003//711 1014//711 1012//711
f 993//712 1001//712 996//712
f 1026//713 990//713 986//713
f 1027//714 1017//714 1028//714
f 1027//715 1024//715 1018//715
f 1029//10 1025//10 1024//10
f 1026//716 1018//716 1024//716
f 1030//717 1031//717 1032//717
f 1033//718 1034//718 1035//718
f 1036//719 1037//719 1038//719
f 1039//720 1040//720 1041//720
f 1037//721 1042//721 1043//721
f 1044//722 1030//722 1045//722
f 1041//723 1046//723 1047//723
f 1002//724 1042//724 1048//724
f 1039//725 1049//725 1050//725
f 1050//726 1051//726 1039//726
f 1052//727 1043//727 1053//727
f 1038//728 1052//728 1054//728
f 1055//729 1047//729 1046//729
f 1013//730 1056//730 1055//730
f 1015//731 1043//731 1020//731
f 1048//4 1057//4 1036//4
f 1030//732 1058//732 1045//732
f 1020//733 1042//733 1019//733
f 1021//10 1035//10 1059//10
f 1023//734 1033//734 1021//734
f 1033//735 1060//735 1032//735
f 1056//4 1036//4 1047//4
f 1041//736 1054//736 1049//736
f 1014//737 1048//737 1056//737
f 1047//738 1038//738 1041//738
f 1032//739 1061//739 1033//739
f 1058//10 1027//10 1028//10
f 1027//10 1060//10 1029//10
f 1029//740 1062//740 1023//740
f 1060//741 1030//741 1032//741
f 1049//742 1063//742 1064//742
f 1065//743 1053//743 1015//743
f 1054//744 1066//744 1063//744
f 1067//745 1052//745 1053//745
f 1068//746 1069//746 1050//746
f 1050//747 1064//747 1068//747
f 1070//748 1004//748 1071//748
f 1065//749 1009//749 1072//749
f 1073//750 1010//750 1070//750
f 1072//751 1008//751 1073//751
f 1007//752 1074//752 1005//752
f 1071//753 1005//753 1075//753
f 986//754 1075//754 987//754
f 1075//7 999//7 987//7
f 1072//755 989//755 1022//755
f 989//756 1070//756 990//756
f 1065//757 1022//757 1059//757
f 990//758 1071//758 986//758
f 1068//759 1031//759 1076//759
f 1076//760 1077//760 1068//760
f 1035//761 1066//761 1067//761
f 1063//762 1034//762 1061//762
f 1035//763 1065//763 1059//763
f 1064//764 1061//764 1031//764
f 1078//765 1079//765 1080//765
f 1075//766 1081//766 1082//766
f 1075//767 1074//767 1083//767
f 1082//768 1084//768 1007//768
f 1081//769 1085//769 1084//769
f 1078//770 1086//770 1087//770
f 1078//771 1088//771 1079//771
f 1089//772 1087//772 1086//772
f 1074//773 1086//773 1083//773
f 1090//774 1089//774 1074//774
f 1090//775 1087//775 1091//775
f 1080//776 1088//776 1085//776
f 1085//777 1088//777 1090//777
f 914//2833 941//2833 915//2833
f 915//2834 941//2834 917//2834
f 917//2835 943//2835 919//2835
f 919//2836 943//2836 920//2836
f 922//2837 920//2837 923//2837
f 920//2838 922//2838 925//2838
f 925//2839 922//2839 914//2839
f 919//2840 921//2840 926//2840
f 928//2841 937//2841 929//2841
f 918//4 932//4 931//4
f 925//4 930//4 926//4
f 916//4 915//4 931//4
f 919//2842 927//2842 932//2842
f 916//2843 928//2843 930//2843
f 929//2844 937//2844 933//2844
f 937//2845 935//2845 936//2845
f 933//2846 937//2846 936//2846
f 926//2847 934//2847 933//2847
f 932//2848 936//2848 935//2848
f 930//2849 929//2849 934//2849
f 927//2850 933//2850 936//2850
f 931//2851 935//2851 937//2851
f 924//2852 945//2852 938//2852
f 914//2853 939//2853 940//2853
f 917//10 944//10 942//10
f 914//2854 922//2854 924//2854
f 943//2855 942//2855 923//2855
f 917//2856 941//2856 940//2856
f 945//2857 949//2857 946//2857
f 923//2858 942//2858 948//2858
f 940//2859 951//2859 950//2859
f 923//2860 949//2860 945//2860
f 942//2861 944//2861 950//2861
f 939//2862 938//2862 951//2862
f 952//2863 957//2863 953//2863
f 948//2864 950//2864 954//2864
f 938//2865 956//2865 955//2865
f 945//2866 947//2866 956//2866
f 948//2867 952//2867 946//2867
f 950//10 951//10 955//10
f 958//10 961//10 959//10
f 959//2868 960//2868 957//2868
f 960//10 953//10 957//10
f 955//2869 961//2869 958//2869
f 946//2870 953//2870 960//2870
f 954//2871 958//2871 957//2871
f 956//2872 959//2872 961//2872
f 947//2873 960//2873 959//2873
f 962//2874 3274//2874 963//2874
f 963//2875 3274//2875 965//2875
f 966//2876 965//2876 967//2876
f 967//2877 971//2877 969//2877
f 965//4 3274//4 962//4
f 962//4 970//4 965//4
f 970//4 971//4 967//4
f 971//2878 970//2878 972//2878
f 970//2879 962//2879 964//2879
f 968//2880 969//2880 973//2880
f 975//2881 984//2881 976//2881
f 966//2882 979//2882 978//2882
f 972//2883 977//2883 973//2883
f 964//2884 963//2884 978//2884
f 968//2885 974//2885 979//2885
f 964//2886 975//2886 977//2886
f 976//10 984//10 980//10
f 984//10 982//10 983//10
f 980//2887 984//2887 983//2887
f 973//2888 981//2888 980//2888
f 979//2889 983//2889 982//2889
f 977//2890 976//2890 981//2890
f 974//2891 980//2891 983//2891
f 978//2892 982//2892 984//2892
f 985//2893 1026//2893 986//2893
f 988//10 1022//10 989//10
f 991//2894 1016//2894 992//2894
f 994//2895 1006//2895 995//2895
f 997//2896 1016//2896 991//2896
f 985//2897 987//2897 999//2897
f 1001//2898 3275//2898 994//2898
f 997//2899 1019//2899 1002//2899
f 1004//2900 996//2900 995//2900
f 1005//2901 995//2901 1006//2901
f 998//2902 991//2902 1008//2902
f 1008//2903 991//2903 993//2903
f 1011//4 3275//4 1001//4
f 1013//2904 1011//2904 1012//2904
f 1015//2905 1020//2905 998//2905
f 1016//4 997//4 1003//4
f 985//2906 1000//2906 1017//2906
f 1019//2907 997//2907 998//2907
f 1021//10 1059//10 1022//10
f 988//2908 1025//2908 1023//2908
f 988//2909 1026//2909 1024//2909
f 992//4 1003//4 1012//4
f 1010//2910 993//2910 996//2910
f 1003//2911 1002//2911 1014//2911
f 993//2912 992//2912 1001//2912
f 1026//2913 988//2913 990//2913
f 1027//2914 1018//2914 1017//2914
f 1027//10 1029//10 1024//10
f 1029//2915 1023//2915 1025//2915
f 1026//2916 985//2916 1018//2916
f 1030//2917 1076//2917 1031//2917
f 1033//10 1061//10 1034//10
f 1036//2918 1057//2918 1037//2918
f 1039//2919 1051//2919 1040//2919
f 1037//2920 1057//2920 1042//2920
f 1044//2921 1076//2921 1030//2921
f 1041//14 1040//14 1046//14
f 1002//2922 1019//2922 1042//2922
f 1039//2923 1041//2923 1049//2923
f 1050//2924 1069//2924 1051//2924
f 1052//2925 1037//2925 1043//2925
f 1038//2926 1037//2926 1052//2926
f 1055//2927 1056//2927 1047//2927
f 1013//2928 1014//2928 1056//2928
f 1015//2929 1053//2929 1043//2929
f 1048//4 1042//4 1057//4
f 1030//7 3276//7 1058//7
f 1020//2930 1043//2930 1042//2930
f 1021//2931 1033//2931 1035//2931
f 1023//2932 1062//2932 1033//2932
f 1033//2933 1062//2933 1060//2933
f 1056//4 1048//4 1036//4
f 1041//2934 1038//2934 1054//2934
f 1014//2935 1002//2935 1048//2935
f 1047//2936 1036//2936 1038//2936
f 1032//2937 1031//2937 1061//2937
f 1058//2938 3276//2938 1027//2938
f 1027//10 3276//10 1060//10
f 1029//10 1060//10 1062//10
f 1060//2939 3276//2939 1030//2939
f 1049//2940 1054//2940 1063//2940
f 1065//2941 1067//2941 1053//2941
f 1054//2942 1052//2942 1066//2942
f 1067//2943 1066//2943 1052//2943
f 1068//2944 1077//2944 1069//2944
f 1050//2945 1049//2945 1064//2945
f 1070//2946 1010//2946 1004//2946
f 1065//2947 1015//2947 1009//2947
f 1073//2948 1008//2948 1010//2948
f 1072//2949 1009//2949 1008//2949
f 1007//2950 1084//2950 1074//2950
f 1071//2951 1004//2951 1005//2951
f 986//2952 1071//2952 1075//2952
f 1075//2953 1082//2953 999//2953
f 1072//2954 1073//2954 989//2954
f 989//2955 1073//2955 1070//2955
f 1065//2956 1072//2956 1022//2956
f 990//2957 1070//2957 1071//2957
f 1068//2958 1064//2958 1031//2958
f 1076//14 1044//14 1077//14
f 1035//2959 1034//2959 1066//2959
f 1063//2960 1066//2960 1034//2960
f 1035//2961 1067//2961 1065//2961
f 1064//2962 1063//2962 1061//2962
f 1080//2963 1081//2963 1083//2963
f 1083//10 1078//10 1080//10
f 1075//2964 1083//2964 1081//2964
f 1075//2965 1005//2965 1074//2965
f 1082//2966 1081//2966 1084//2966
f 1081//1 1080//1 1085//1
f 1078//10 1083//10 1086//10
f 1078//2967 1090//2967 1088//2967
f 1089//2968 1091//2968 1087//2968
f 1074//2969 1089//2969 1086//2969
f 1090//2970 1091//2970 1089//2970
f 1090//2971 1078//2971 1087//2971
f 1080//2972 1079//2972 1088//2972
f 1090//2973 1074//2973 1085//2973
f 1074//2974 1084//2974 1085//2974
usemtl mat9
f 1092//778 1093//778 1094//778
f 1093//779 1095//779 1094//779
f 1096//780 1097//780 1095//780
f 1098//781 1099//781 1097//781
f 1100//782 1101//782 1102//782
f 1099//783 1102//783 1103//783
f 1103//784 1104//784 1092//784
f 1099//785 1105//785 1097//785
f 1106//786 1107//786 1108//786
f 1094//787 1109//787 1110//787
f 1103//788 1111//788 1099//788
f 1094//789 1106//789 1092//789
f 1095//790 1105//790 1109//790
f 1092//791 1108//791 1103//791
f 1107//792 1112//792 1113//792
f 1111//793 1114//793 1105//793
f 1110//794 1115//794 1116//794
f 1111//795 1107//795 1113//795
f 1109//796 1114//796 1115//796
f 1110//797 1117//797 1106//797
f 1118//798 1119//798 1120//798
f 1115//799 1121//799 1122//799
f 1116//800 1118//800 1117//800
f 1117//801 1120//801 1107//801
f 1114//802 1112//802 1121//802
f 1116//803 1122//803 1123//803
f 1124//10 1125//10 1119//10
f 1121//804 1125//804 1124//804
f 1122//805 1126//805 1123//805
f 1120//806 1125//806 1112//806
f 1121//807 1127//807 1122//807
f 1118//808 1126//808 1128//808
f 1129//809 1130//809 1131//809
f 1104//810 1132//810 1093//810
f 1098//811 1133//811 1134//811
f 1102//812 1135//812 1104//812
f 1100//813 1134//813 1129//813
f 1096//814 1132//814 1133//814
f 1136//4 1137//4 1130//4
f 1133//815 1138//815 1136//815
f 1129//816 1137//816 1101//816
f 1134//817 1136//817 1130//817
f 1135//818 1138//818 1132//818
f 1101//819 1139//819 1135//819
f 1286//912 1287//912 1288//912
f 1289//913 1290//913 1287//913
f 1291//914 1292//914 1290//914
f 1293//915 1294//915 1292//915
f 1295//7 1293//7 1291//7
f 1295//916 1296//916 1294//916
f 1297//917 1288//917 1296//917
f 1294//14 1296//14 1287//14
f 1326//940 1327//940 1328//940
f 1329//941 1330//941 1327//941
f 1331//942 1332//942 1330//942
f 1332//943 1333//943 1334//943
f 1326//7 1333//7 1331//7
f 1333//944 1335//944 1334//944
f 1335//945 1326//945 1328//945
f 1332//946 1334//946 1335//946
f 1817//1163 1818//1163 1819//1163
f 1820//1164 1821//1164 1818//1164
f 1822//10 1823//10 1821//10
f 1823//7 1817//7 1819//7
f 1824//1 1825//1 1826//1
f 1820//1165 1827//1165 1822//1165
f 1823//7 1825//7 1828//7
f 1821//10 1828//10 1824//10
f 1818//14 1824//14 1826//14
f 1819//4 1826//4 1825//4
f 1829//7 1830//7 1831//7
f 1832//14 1833//14 1834//14
f 1835//1166 1836//1166 1833//1166
f 1836//7 1829//7 1831//7
f 1837//1167 1838//1167 1839//1167
f 1832//1168 1840//1168 1835//1168
f 1836//1169 1841//1169 1837//1169
f 1833//1170 1837//1170 1842//1170
f 1843//1171 1833//1171 1842//1171
f 1831//1172 1843//1172 1841//1172
f 1844//1173 1845//1173 1830//1173
f 1831//1 1845//1 1834//1
f 1832//1174 1844//1174 1829//1174
f 1832//1175 1845//1175 1846//1175
f 1847//1176 1848//1176 1849//1176
f 1842//1177 1850//1177 1843//1177
f 1841//1178 1850//1178 1838//1178
f 1842//1179 1839//1179 1847//1179
f 1851//1180 1852//1180 1853//1180
f 1850//1181 1853//1181 1838//1181
f 1838//1182 1848//1182 1839//1182
f 1850//1183 1849//1183 1851//1183
f 1854//1184 1855//1184 1852//1184
f 1848//1185 1852//1185 1855//1185
f 1849//1186 1854//1186 1851//1186
f 1849//1187 1855//1187 1856//1187
f 2468//1538 2469//1538 2470//1538
f 2471//10 2472//10 2469//10
f 2473//1539 2474//1539 2472//1539
f 2475//1540 2476//1540 2474//1540
f 2475//16 2473//16 2468//16
f 2477//4 2478//4 2476//4
f 2479//1541 2470//1541 2478//1541
f 2472//16 2480//16 2469//16
f 2481//4 2482//4 2483//4
f 2478//16 2483//16 2476//16
f 2469//1542 2484//1542 2470//1542
f 2472//16 2485//16 2486//16
f 2478//1543 2484//1543 2481//1543
f 2476//16 2485//16 2474//16
f 2487//1544 2482//1544 2488//1544
f 2485//1545 2489//1545 2486//1545
f 2480//1546 2490//1546 2484//1546
f 2484//1547 2488//1547 2481//1547
f 2483//1548 2487//1548 2485//1548
f 2486//10 2491//10 2480//10
f 1092//2975 1104//2975 1093//2975
f 1093//2976 1096//2976 1095//2976
f 1096//2977 1098//2977 1097//2977
f 1098//2978 1100//2978 1099//2978
f 1100//2979 1129//2979 1101//2979
f 1099//2980 1100//2980 1102//2980
f 1103//2981 1102//2981 1104//2981
f 1099//2982 1111//2982 1105//2982
f 1106//2983 1117//2983 1107//2983
f 1094//2984 1095//2984 1109//2984
f 1103//2985 1108//2985 1111//2985
f 1094//2986 1110//2986 1106//2986
f 1095//2987 1097//2987 1105//2987
f 1092//2988 1106//2988 1108//2988
f 1107//2989 1120//2989 1112//2989
f 1111//2990 1113//2990 1114//2990
f 1110//2991 1109//2991 1115//2991
f 1111//2992 1108//2992 1107//2992
f 1109//2993 1105//2993 1114//2993
f 1110//2994 1116//2994 1117//2994
f 1118//2995 1128//2995 1119//2995
f 1115//2996 1114//2996 1121//2996
f 1116//2997 1123//2997 1118//2997
f 1117//14 1118//14 1120//14
f 1114//2998 1113//2998 1112//2998
f 1116//2999 1115//2999 1122//2999
f 1119//10 1128//10 1124//10
f 1128//10 1126//10 1127//10
f 1124//10 1128//10 1127//10
f 1121//3000 1112//3000 1125//3000
f 1122//3001 1127//3001 1126//3001
f 1120//3002 1119//3002 1125//3002
f 1121//3003 1124//3003 1127//3003
f 1118//3004 1123//3004 1126//3004
f 1129//3005 1134//3005 1130//3005
f 1104//3006 1135//3006 1132//3006
f 1098//3007 1096//3007 1133//3007
f 1102//3008 1101//3008 1135//3008
f 1100//3009 1098//3009 1134//3009
f 1096//3010 1093//3010 1132//3010
f 1136//4 1138//4 1139//4
f 1139//4 1137//4 1136//4
f 1137//4 1131//4 1130//4
f 1133//3011 1132//3011 1138//3011
f 1129//3012 1131//3012 1137//3012
f 1134//3013 1133//3013 1136//3013
f 1135//3014 1139//3014 1138//3014
f 1101//3015 1137//3015 1139//3015
f 1286//3111 1289//3111 1287//3111
f 1289//3112 1291//3112 1290//3112
f 1291//3113 1293//3113 1292//3113
f 1293//3114 1295//3114 1294//3114
f 1291//7 1289//7 1286//7
f 1286//7 1297//7 1291//7
f 1297//7 1295//7 1291//7
f 1295//3115 1297//3115 1296//3115
f 1297//3116 1286//3116 1288//3116
f 1296//14 1288//14 1287//14
f 1287//14 1290//14 1292//14
f 1292//14 1294//14 1287//14
f 1326//3143 1329//3143 1327//3143
f 1329//3144 1331//3144 1330//3144
f 1331//3145 3280//3145 1332//3145
f 1332//3146 3280//3146 1333//3146
f 1331//7 1329//7 1326//7
f 1326//3147 3281//3147 1333//3147
f 1333//3148 3280//3148 1331//3148
f 1333//3149 3281//3149 1335//3149
f 1335//945 3281//945 1326//945
f 1335//3150 1328//3150 1332//3150
f 1328//14 1327//14 1332//14
f 1327//3151 1330//3151 1332//3151
f 1817//3355 1820//3355 1818//3355
f 1820//14 1822//14 1821//14
f 1822//10 1827//10 1823//10
f 1823//7 1827//7 1817//7
f 1824//1 1828//1 1825//1
f 1820//16 1817//16 1827//16
f 1823//7 1819//7 1825//7
f 1821//10 1823//10 1828//10
f 1818//14 1821//14 1824//14
f 1819//4 1818//4 1826//4
f 1829//3356 1844//3356 1830//3356
f 1832//14 1835//14 1833//14
f 1835//3357 1840//3357 1836//3357
f 1836//7 1840//7 1829//7
f 1837//3358 1841//3358 1838//3358
f 1832//1168 1829//1168 1840//1168
f 1836//3359 1831//3359 1841//3359
f 1833//3360 1836//3360 1837//3360
f 1843//3361 1834//3361 1833//3361
f 1831//3362 1834//3362 1843//3362
f 1844//3363 1846//3363 1845//3363
f 1831//1 1830//1 1845//1
f 1832//3364 1846//3364 1844//3364
f 1832//14 1834//14 1845//14
f 1847//3365 1839//3365 1848//3365
f 1842//3366 1847//3366 1850//3366
f 1841//3367 1843//3367 1850//3367
f 1842//3368 1837//3368 1839//3368
f 1851//3369 1854//3369 1852//3369
f 1850//3370 1851//3370 1853//3370
f 1838//3371 1853//3371 1848//3371
f 1850//3372 1847//3372 1849//3372
f 1854//3373 1856//3373 1855//3373
f 1848//3374 1853//3374 1852//3374
f 1849//3375 1856//3375 1854//3375
f 1849//3376 1848//3376 1855//3376
f 2468//3796 2471//3796 2469//3796
f 2471//10 2473//10 2472//10
f 2473//3797 2475//3797 2474//3797
f 2475//3798 2477//3798 2476//3798
f 2473//16 2471//16 2468//16
f 2468//16 2479//16 2477//16
f 2477//16 2475//16 2468//16
f 2477//4 2479//4 2478//4
f 2479//3799 2468//3799 2470//3799
f 2472//16 2486//16 2480//16
f 2481//4 2488//4 2482//4
f 2478//16 2481//16 2483//16
f 2469//3800 2480//3800 2484//3800
f 2472//3801 2474//3801 2485//3801
f 2478//16 2470//16 2484//16
f 2476//3802 2483//3802 2485//3802
f 2488//1 2490//1 2487//1
f 2490//3803 2491//3803 2487//3803
f 2491//3804 2489//3804 2487//3804
f 2485//3805 2487//3805 2489//3805
f 2480//3806 2491//3806 2490//3806
f 2484//3807 2490//3807 2488//3807
f 2483//3808 2482//3808 2487//3808
f 2486//10 2489//10 2491//10
usemtl mat10
f 1336//947 1337//947 1338//947
f 1339//948 1340//948 1337//948
f 1340//949 1341//949 1342//949
f 1342//950 1343//950 1344//950
f 1343//951 1341//951 1336//951
f 1344//952 1345//952 1346//952
f 1345//953 1338//953 1346//953
f 1342//954 1344//954 1338//954
f 1674//1095 1675//1095 1676//1095
f 1677//1096 1678//1096 1679//1096
f 1678//1097 1680//1097 1679//1097
f 1681//1098 1674//1098 1682//1098
f 1679//1099 1683//1099 1677//1099
f 1675//1100 1681//1100 1684//1100
f 1685//1101 1686//1101 1678//1101
f 1677//1102 1687//1102 1688//1102
f 1686//1103 1683//1103 1680//1103
f 1689//1104 1677//1104 1688//1104
f 1676//1105 1684//1105 1690//1105
f 1676//1106 1682//1106 1674//1106
f 1684//1107 1691//1107 1692//1107
f 1691//1108 1682//1108 1693//1108
f 1683//1109 1694//1109 1687//1109
f 1687//1110 1691//1110 1693//1110
f 1689//1111 1695//1111 1685//1111
f 1692//1112 1694//1112 1689//1112
f 1690//1113 1692//1113 1696//1113
f 1692//1114 1688//1114 1696//1114
f 1696//1115 1682//1115 1690//1115
f 1688//1116 1693//1116 1696//1116
f 1945//1248 1946//1248 1947//1248
f 1947//1249 1948//1249 1949//1249
f 1948//1250 1950//1250 1949//1250
f 1951//1251 1945//1251 1950//1251
f 1952//1 1953//1 1954//1
f 1946//1252 1951//1252 1948//1252
f 1950//1253 1955//1253 1956//1253
f 1949//1254 1956//1254 1957//1254
f 1958//1255 1949//1255 1957//1255
f 1945//1256 1958//1256 1955//1256
f 1955//1257 1954//1257 1953//1257
f 1954//1258 1957//1258 1952//1258
f 1957//1259 1959//1259 1952//1259
f 1956//1260 1953//1260 1959//1260
f 2723//1711 2724//1711 2725//1711
f 2725//10 2726//10 2727//10
f 2726//1712 2728//1712 2727//1712
f 2729//1084 2730//1084 2728//1084
f 2731//7 2732//7 2726//7
f 2732//1713 2733//1713 2730//1713
f 2734//1714 2723//1714 2733//1714
f 2728//14 2730//14 2733//14
f 2735//984 2736//984 2737//984
f 2738//10 2739//10 2736//10
f 2740//1715 2739//1715 2741//1715
f 2742//1716 2743//1716 2740//1716
f 2739//1717 2744//1717 2737//1717
f 2745//1718 2744//1718 2742//1718
f 2735//1719 2746//1719 2745//1719
f 2740//1720 2741//1720 2738//1720
f 1336//3152 1339//3152 1337//3152
f 1339//3153 3282//3153 1340//3153
f 1340//3154 3282//3154 1341//3154
f 1342//3155 1341//3155 1343//3155
f 3282//3156 1339//3156 1341//3156
f 1339//3157 1336//3157 1341//3157
f 1336//3156 1345//3156 1343//3156
f 1344//3158 1343//3158 1345//3158
f 1345//3159 1336//3159 1338//3159
f 1346//3160 1338//3160 1344//3160
f 1338//3161 1337//3161 1342//3161
f 1337//3162 1340//3162 1342//3162
f 1674//3293 3294//3293 1675//3293
f 1677//3294 1685//3294 1678//3294
f 1678//3295 1686//3295 1680//3295
f 1681//3296 3294//3296 1674//3296
f 1679//3297 1680//3297 1683//3297
f 1675//3298 3294//3298 1681//3298
f 1685//3299 1695//3299 1686//3299
f 1677//3300 1683//3300 1687//3300
f 1686//3301 1695//3301 1683//3301
f 1689//3302 1685//3302 1677//3302
f 1676//3303 1675//3303 1684//3303
f 1676//3304 1690//3304 1682//3304
f 1684//3305 1681//3305 1691//3305
f 1691//3306 1681//3306 1682//3306
f 1683//3307 1695//3307 1694//3307
f 1687//3308 1694//3308 1691//3308
f 1689//3309 1694//3309 1695//3309
f 1692//3310 1691//3310 1694//3310
f 1690//3311 1684//3311 1692//3311
f 1692//3312 1689//3312 1688//3312
f 1696//3313 1693//3313 1682//3313
f 1688//3314 1687//3314 1693//3314
f 1945//3445 3297//3445 1946//3445
f 1947//3446 1946//3446 1948//3446
f 1948//3447 1951//3447 1950//3447
f 1951//3448 3297//3448 1945//3448
f 1952//1 1959//1 1953//1
f 1946//3449 3297//3449 1951//3449
f 1950//3450 1945//3450 1955//3450
f 1949//3451 1950//3451 1956//3451
f 1958//14 1947//14 1949//14
f 1945//3452 1947//3452 1958//3452
f 1955//3453 1958//3453 1954//3453
f 1954//3454 1958//3454 1957//3454
f 1957//3455 1956//3455 1959//3455
f 1956//3456 1955//3456 1953//3456
f 2723//4019 2731//4019 2724//4019
f 2725//10 2724//10 2726//10
f 2726//4020 2729//4020 2728//4020
f 2729//4021 2732//4021 2730//4021
f 2726//7 2724//7 2731//7
f 2731//7 2734//7 2732//7
f 2732//7 2729//7 2726//7
f 2732//4022 2734//4022 2733//4022
f 2734//4023 2731//4023 2723//4023
f 2733//14 2723//14 2728//14
f 2723//14 2725//14 2728//14
f 2725//14 2727//14 2728//14
f 2735//4024 2738//4024 2736//4024
f 2738//10 2741//10 2739//10
f 2740//4025 2743//4025 2739//4025
f 2742//4026 2744//4026 2743//4026
f 2737//4027 2736//4027 2739//4027
f 2739//4028 2743//4028 2744//4028
f 2744//4029 2746//4029 2737//4029
f 2745//1713 2746//1713 2744//1713
f 2735//986 2737//986 2746//986
f 2738//4030 2735//4030 2740//4030
f 2735//4031 2745//4031 2740//4031
f 2745//4032 2742//4032 2740//4032
usemtl mat11
f 1627//1069 1628//1069 1629//1069
f 1630//1070 1631//1070 1632//1070
f 1633//14 1628//14 1634//14
f 1631//7 1635//7 1636//7
f 1637//1071 1636//1071 1638//1071
f 1639//1072 1640//1072 1637//1072
f 1641//1070 1642//1070 1643//1070
f 1632//1073 1644//1073 1645//1073
f 1646//1074 1634//1074 1647//1074
f 1647//1075 1648//1075 1627//1075
f 1638//4 1635//4 1630//4
f 1629//1076 1633//1076 1641//1076
f 1645//1077 1649//1077 1639//1077
f 1643//4 1650//4 1646//4
f 1934//1244 1935//1244 1936//1244
f 1935//10 1937//10 1936//10
f 1938//1245 1939//1245 1937//1245
f 1940//1246 1941//1246 1939//1246
f 1942//7 1940//7 1938//7
f 1942//4 1943//4 1941//4
f 1944//1247 1934//1247 1943//1247
f 1941//14 1943//14 1936//14
f 1627//1077 1648//1077 1628//1077
f 1630//3273 1635//3273 1631//3273
f 1628//14 1648//14 1634//14
f 1634//14 1650//14 1642//14
f 1642//14 1633//14 1634//14
f 1636//7 1640//7 1631//7
f 1640//7 1649//7 1631//7
f 1649//3274 1644//3274 1631//3274
f 1637//3275 1640//3275 1636//3275
f 1639//3276 1649//3276 1640//3276
f 1641//1070 1633//1070 1642//1070
f 1632//1073 1631//1073 1644//1073
f 1646//1071 1650//1071 1634//1071
f 1647//1072 1634//1072 1648//1072
f 1638//4 1636//4 1635//4
f 1629//1073 1628//1073 1633//1073
f 1645//1069 1644//1069 1649//1069
f 1643//4 1642//4 1650//4
f 1934//3441 3296//3441 1935//3441
f 1935//10 1938//10 1937//10
f 1938//3442 1940//3442 1939//3442
f 1940//3443 1942//3443 1941//3443
f 1938//7 1935//7 1942//7
f 1935//7 3296//7 1942//7
f 3296//7 1944//7 1942//7
f 1942//4 1944//4 1943//4
f 1944//3444 3296//3444 1934//3444
f 1943//14 1934//14 1936//14
f 1936//14 1937//14 1939//14
f 1939//14 1941//14 1936//14
usemtl mat12
f 1857//1188 1858//1188 1859//1188
f 1860//1189 1861//1189 1862//1189
f 1863//1190 1859//1190 1864//1190
f 1865//1191 1866//1191 1867//1191
f 1868//1192 1862//1192 1869//1192
f 1870//1193 1867//1193 1871//1193
f 1872//1194 1873//1194 1874//1194
f 1875//1195 1874//1195 1858//1195
f 1876//1196 1877//1196 1866//1196
f 1878//1197 1879//1197 1880//1197
f 1881//1198 1880//1198 1877//1198
f 1882//1199 1883//1199 1879//1199
f 1884//7 1883//7 1882//7
f 1885//1200 1886//1200 1887//1200
f 1886//7 1888//7 1884//7
f 1889//1201 1885//1201 1887//1201
f 1890//1202 1891//1202 1860//1202
f 1861//1203 1892//1203 1889//1203
f 1861//1204 1870//1204 1869//1204
f 1861//1205 1865//1205 1870//1205
f 1876//1206 1889//1206 1887//1206
f 1887//1207 1881//1207 1876//1207
f 1881//1208 1884//1208 1878//1208
f 1893//1209 1884//1209 1882//1209
f 1894//1210 1864//1210 1895//1210
f 1860//1211 1895//1211 1896//1211
f 1896//1212 1864//1212 1892//1212
f 1859//1213 1892//1213 1864//1213
f 1897//1214 1859//1214 1858//1214
f 1888//1215 1858//1215 1874//1215
f 1873//1216 1888//1216 1874//1216
f 1891//1217 1894//1217 1895//1217
f 1898//1188 1857//1188 1899//1188
f 1900//1218 1901//1218 1902//1218
f 1899//1219 1863//1219 1903//1219
f 1866//1191 1904//1191 1867//1191
f 1905//1192 1900//1192 1868//1192
f 1867//1220 1906//1220 1871//1220
f 1907//1221 1872//1221 1908//1221
f 1908//1195 1875//1195 1898//1195
f 1877//1196 1909//1196 1866//1196
f 1879//1197 1910//1197 1880//1197
f 1880//1222 1911//1222 1877//1222
f 1912//1223 1913//1223 1879//1223
f 1914//1224 1915//1224 1916//1224
f 1917//1225 1918//1225 1919//1225
f 1917//1226 1916//1226 1920//1226
f 1921//1227 1918//1227 1922//1227
f 1902//1228 1923//1228 1890//1228
f 1901//1229 1922//1229 1924//1229
f 1901//1230 1905//1230 1906//1230
f 1901//1231 1904//1231 1921//1231
f 1909//1232 1921//1232 1904//1232
f 1919//1233 1911//1233 1917//1233
f 1914//1234 1911//1234 1910//1234
f 1913//1235 1914//1235 1910//1235
f 1903//1236 1894//1236 1925//1236
f 1925//1237 1902//1237 1924//1237
f 1903//1238 1924//1238 1922//1238
f 1922//1239 1899//1239 1903//1239
f 1920//1240 1899//1240 1918//1240
f 1916//1241 1898//1241 1920//1241
f 1916//1242 1907//1242 1908//1242
f 1925//1243 1890//1243 1923//1243
f 1857//3377 1875//3377 1858//3377
f 1896//3378 1861//3378 1860//3378
f 1861//3379 1869//3379 1862//3379
f 1863//3380 1857//3380 1859//3380
f 1865//3381 1876//3381 1866//3381
f 1870//10 1871//10 1869//10
f 1871//3382 1868//3382 1869//3382
f 1870//3383 1865//3383 1867//3383
f 1872//3384 3295//3384 1873//3384
f 1875//3385 1872//3385 1874//3385
f 1876//3386 1881//3386 1877//3386
f 1878//3387 1893//3387 1879//3387
f 1881//1198 1878//1198 1880//1198
f 1873//3388 3295//3388 1883//3388
f 3295//3389 1879//3389 1883//3389
f 1879//3390 1893//3390 1882//3390
f 1884//3391 1888//3391 1883//3391
f 1885//3392 1897//3392 1886//3392
f 1886//3393 1897//3393 1888//3393
f 1889//3394 1892//3394 1885//3394
f 1862//3395 1868//3395 1860//3395
f 1868//3396 1890//3396 1860//3396
f 1861//3397 1896//3397 1892//3397
f 1861//3398 1889//3398 1865//3398
f 1876//3399 1865//3399 1889//3399
f 1887//3400 1886//3400 1881//3400
f 1881//3401 1886//3401 1884//3401
f 1893//3402 1878//3402 1884//3402
f 1894//3403 1863//3403 1864//3403
f 1860//3404 1891//3404 1895//3404
f 1896//3405 1895//3405 1864//3405
f 1859//3406 1885//3406 1892//3406
f 1897//3407 1885//3407 1859//3407
f 1888//3408 1897//3408 1858//3408
f 1873//3409 1883//3409 1888//3409
f 1891//3410 1890//3410 1894//3410
f 1898//3411 1875//3411 1857//3411
f 1905//14 1901//14 1900//14
f 1901//3412 1924//3412 1902//3412
f 1899//3413 1857//3413 1863//3413
f 1866//3414 1909//3414 1904//3414
f 1868//3415 1871//3415 1905//3415
f 1871//10 1906//10 1905//10
f 1867//3416 1904//3416 1906//3416
f 1907//3384 3295//3384 1872//3384
f 1908//3385 1872//3385 1875//3385
f 1877//1196 1911//1196 1909//1196
f 1879//3387 1913//3387 1910//3387
f 1880//3417 1910//3417 1911//3417
f 1879//3418 3295//3418 1915//3418
f 3295//3419 1907//3419 1915//3419
f 1915//3420 1912//3420 1879//3420
f 1914//14 1912//14 1915//14
f 1917//3421 1920//3421 1918//3421
f 1917//3422 1914//3422 1916//3422
f 1921//3423 1919//3423 1918//3423
f 1890//3424 1868//3424 1902//3424
f 1868//3425 1900//3425 1902//3425
f 1901//3426 1921//3426 1922//3426
f 1901//3427 1906//3427 1904//3427
f 1909//3428 1919//3428 1921//3428
f 1919//3429 1909//3429 1911//3429
f 1914//3430 1917//3430 1911//3430
f 1913//3431 1912//3431 1914//3431
f 1903//3403 1863//3403 1894//3403
f 1925//3432 1923//3432 1902//3432
f 1903//3433 1925//3433 1924//3433
f 1922//3434 1918//3434 1899//3434
f 1920//3435 1898//3435 1899//3435
f 1916//3436 1908//3436 1898//3436
f 1916//3437 1915//3437 1907//3437
f 1925//3438 1894//3438 1890//3438
usemtl mat13
f 2026//1273 2027//1273 2028//1273
f 2029//1274 2030//1274 2031//1274
f 2026//7 2030//7 2029//7
f 2030//1275 2032//1275 2031//1275
f 2033//1276 2028//1276 2027//1276
f 2026//1277 2034//1277 2035//1277
f 2036//1278 2029//1278 2037//1278
f 2028//1279 2032//1279 2030//1279
f 2029//1280 2034//1280 2026//1280
f 2033//4 2038//4 2032//4
f 2027//1281 2039//1281 2033//1281
f 2035//1282 2040//1282 2041//1282
f 2031//1283 2042//1283 2037//1283
f 2036//10 2040//10 2034//10
f 2031//1284 2038//1284 2043//1284
f 2037//1285 2044//1285 2036//1285
f 2035//1286 2045//1286 2027//1286
f 2046//1287 2047//1287 2048//1287
f 2049//1288 2050//1288 2051//1288
f 2052//1289 2051//1289 2053//1289
f 2054//1290 2055//1290 2056//1290
f 2057//1291 2058//1291 2059//1291
f 2060//1292 2061//1292 2058//1292
f 2056//1293 2062//1293 2063//1293
f 2064//1294 2065//1294 2066//1294
f 2062//1295 2067//1295 2063//1295
f 2061//1296 2068//1296 2069//1296
f 2070//1297 2071//1297 2072//1297
f 2068//1298 2072//1298 2069//1298
f 2073//7 2064//7 2067//7
f 2074//1299 2075//1299 2071//1299
f 2066//7 2076//7 2077//7
f 2077//1300 2078//1300 2079//1300
f 2080//1301 2081//1301 2082//1301
f 2083//1302 2082//1302 2084//1302
f 2085//1303 2086//1303 2081//1303
f 2087//1304 2084//1304 2088//1304
f 2089//1305 2088//1305 2090//1305
f 2059//1306 2050//1306 2091//1306
f 2091//1307 2092//1307 2093//1307
f 2094//1308 2093//1308 2095//1308
f 2096//1309 2097//1309 2092//1309
f 2049//14 2098//14 2097//14
f 2099//1310 2100//1310 2101//1310
f 2101//1311 2058//1311 2055//1311
f 2058//1312 2062//1312 2055//1312
f 2073//1313 2061//1313 2069//1313
f 2072//1314 2065//1314 2102//1314
f 2069//1315 2102//1315 2073//1315
f 2071//1316 2076//1316 2065//1316
f 2056//1317 2103//1317 2054//1317
f 2089//1318 2063//1318 2087//1318
f 2067//1319 2087//1319 2063//1319
f 2066//1320 2080//1320 2064//1320
f 2064//1321 2083//1321 2067//1321
f 2085//1322 2077//1322 2079//1322
f 2104//1323 2089//1323 2090//1323
f 2047//1324 2054//1324 2103//1324
f 2105//1325 2099//1325 2047//1325
f 2100//1326 2059//1326 2101//1326
f 2050//1327 2053//1327 2051//1327
f 2106//1328 2100//1328 2099//1328
f 2077//1329 2107//1329 2108//1329
f 2109//1330 2110//1330 2075//1330
f 2086//1331 2078//1331 2111//1331
f 2076//1332 2110//1332 2107//1332
f 2112//7 2113//7 2114//7
f 2115//1333 2116//1333 2117//1333
f 2118//1334 2119//1334 2112//1334
f 2120//1 2121//1 2122//1
f 2123//1335 2118//1335 2124//1335
f 2125//1336 2126//1336 2127//1336
f 2128//1 2114//1 2129//1
f 2127//1337 2130//1337 2131//1337
f 2123//1338 9//1338 4//1338
f 2132//1339 2131//1339 2130//1339
f 2120//10 2117//10 2133//10
f 2134//1340 1//1340 3//1340
f 2119//1341 6//1341 15//1341
f 2135//10 2115//10 2120//10
f 2123//1342 6//1342 2136//1342
f 2137//1343 2138//1343 2139//1343
f 2140//1344 2141//1344 2125//1344
f 2142//1345 2124//1345 2143//1345
f 2135//1 2122//1 2144//1
f 2145//10 2146//10 2115//10
f 2147//1346 2148//1346 2149//1346
f 2150//1347 2125//1347 2146//1347
f 2117//7 2121//7 2133//7
f 2116//1348 2131//1348 2117//1348
f 2146//1349 2127//1349 2116//1349
f 2151//1350 2152//1350 2153//1350
f 2143//1351 2141//1351 2154//1351
f 2155//1 2156//1 2134//1
f 2129//1 2113//1 2156//1
f 2124//1352 2126//1352 2141//1352
f 2126//1353 2112//1353 2130//1353
f 2157//7 2130//7 2112//7
f 2158//1354 2139//1354 2159//1354
f 2158//1355 2160//1355 2149//1355
f 2122//4 2161//4 2144//4
f 2155//10 2139//10 2129//10
f 2162//1356 2137//1356 2163//1356
f 2157//1357 2138//1357 2137//1357
f 2164//1358 2121//1358 2165//1358
f 2166//10 2167//10 2151//10
f 2163//4 2168//4 2162//4
f 2166//1359 2169//1359 2170//1359
f 2132//1360 2148//1360 2147//1360
f 2171//1 2152//1 2168//1
f 2172//1361 2173//1361 2174//1361
f 2175//1362 2147//1362 2176//1362
f 2174//1363 2128//1363 2172//1363
f 2175//4 2164//4 2165//4
f 2156//1364 7//1364 1//1364
f 2119//1365 7//1365 2113//1365
f 2177//1366 2178//1366 2179//1366
f 2180//1367 2181//1367 2182//1367
f 2183//1368 2184//1368 2185//1368
f 2186//1369 2187//1369 2182//1369
f 2188//1370 2189//1370 2190//1370
f 2191//1371 2181//1371 2192//1371
f 2193//1 2194//1 2195//1
f 2196//1372 2197//1372 2198//1372
f 2199//16 2200//16 2201//16
f 2179//1373 2200//1373 2202//1373
f 2191//1374 2203//1374 2204//1374
f 2201//16 2178//16 2205//16
f 2202//1375 2206//1375 2186//1375
f 2205//1376 2207//1376 2208//1376
f 2209//1377 2203//1377 2210//1377
f 2211//4 2212//4 2180//4
f 2183//1378 2213//1378 2194//1378
f 2214//1379 2179//1379 2203//1379
f 2204//1380 2186//1380 2181//1380
f 2203//1381 2202//1381 2204//1381
f 2215//1382 2206//1382 2199//1382
f 2185//1383 2216//1383 2217//1383
f 2193//10 2218//10 2183//10
f 2219//10 2216//10 2220//10
f 2221//10 2220//10 2222//10
f 2199//10 2223//10 2224//10
f 2225//4 2226//4 2190//4
f 2208//1384 2227//1384 2205//1384
f 2228//1385 2229//1385 2230//1385
f 2212//1386 2199//1386 2224//1386
f 2221//1387 2190//1387 2219//1387
f 2214//1388 2213//1388 2177//1388
f 2217//7 2213//7 2185//7
f 2195//1389 2214//1389 2209//1389
f 2219//16 2189//16 2217//16
f 2231//1390 2232//1390 2233//1390
f 2234//16 2227//16 2231//16
f 2223//16 2235//16 2234//16
f 2236//1391 2232//1391 2226//1391
f 2205//14 2235//14 2201//14
f 2201//14 2237//14 2199//14
f 2228//1392 2197//1392 2229//1392
f 2230//1393 2238//1393 2196//1393
f 2197//1394 2239//1394 2229//1394
f 2240//1395 2241//1395 2242//1395
f 2243//1396 2240//1396 2244//1396
f 2245//1397 2246//1397 2238//1397
f 2247//1398 2207//1398 2248//1398
f 2244//1399 2196//1399 2243//1399
f 2249//1400 2248//1400 2250//1400
f 2251//1401 2250//1401 2252//1401
f 2252//1402 2228//1402 2251//1402
f 2241//1403 2188//1403 2242//1403
f 2253//1404 2254//1404 2255//1404
f 2256//1405 2257//1405 2258//1405
f 2257//14 2253//14 2258//14
f 2257//1406 2256//1406 2259//1406
f 2260//1407 2261//1407 2254//1407
f 2253//1408 2255//1408 2262//1408
f 2263//1409 2264//1409 2258//1409
f 2259//1410 2254//1410 2257//1410
f 2262//1411 2258//1411 2253//1411
f 2265//4 2260//4 2259//4
f 2266//1412 2261//1412 2260//1412
f 2255//1413 2267//1413 2262//1413
f 2268//1283 2256//1283 2264//1283
f 2267//10 2263//10 2262//10
f 2256//1414 2265//1414 2259//1414
f 2269//1415 2264//1415 2263//1415
f 2270//1286 2255//1286 2261//1286
f 2271//1416 2046//1416 2048//1416
f 2272//1417 2273//1417 2274//1417
f 2275//1418 2276//1418 2277//1418
f 2278//1419 2279//1419 2280//1419
f 2281//1420 2057//1420 2282//1420
f 2283//1421 2060//1421 2281//1421
f 2284//1422 2285//1422 2279//1422
f 2286//1423 2287//1423 2288//1423
f 2289//1424 2285//1424 2290//1424
f 2283//1425 2068//1425 2291//1425
f 2292//1426 2070//1426 2293//1426
f 2293//1427 2068//1427 2294//1427
f 2286//1428 2295//1428 2289//1428
f 2296//1429 2074//1429 2292//1429
f 2297//14 2298//14 2287//14
f 2299//1430 2300//1430 2301//1430
f 2081//1431 2302//1431 2082//1431
f 2082//1302 2303//1302 2084//1302
f 2086//1432 2304//1432 2081//1432
f 2084//1433 2305//1433 2088//1433
f 2088//1434 2306//1434 2090//1434
f 2282//1435 2307//1435 2273//1435
f 2307//1436 2308//1436 2309//1436
f 2094//1437 2310//1437 2307//1437
f 2309//1438 2311//1438 2274//1438
f 2274//7 2312//7 2313//7
f 2280//1439 2314//1439 2315//1439
f 2281//1440 2280//1440 2279//1440
f 2281//1441 2285//1441 2283//1441
f 2295//1442 2283//1442 2285//1442
f 2293//1443 2287//1443 2292//1443
f 2294//1444 2288//1444 2293//1444
f 2292//1445 2298//1445 2296//1445
f 2316//1446 2284//1446 2278//1446
f 2290//1447 2306//1447 2305//1447
f 2305//1448 2289//1448 2290//1448
f 2302//1449 2297//1449 2286//1449
f 2303//1450 2286//1450 2289//1450
f 2300//1451 2304//1451 2301//1451
f 2104//1452 2306//1452 2316//1452
f 2271//1453 2278//1453 2315//1453
f 2315//1454 2317//1454 2271//1454
f 2314//1455 2282//1455 2273//1455
f 2318//1456 2273//1456 2272//1456
f 2277//14 2314//14 2318//14
f 2300//1457 2319//1457 2298//1457
f 2320//1458 2109//1458 2296//1458
f 2086//1459 2299//1459 2301//1459
f 2298//1460 2320//1460 2296//1460
f 2321//14 2322//14 2323//14
f 2324//1461 2325//1461 2326//1461
f 2327//1462 2328//1462 2322//1462
f 2329//1 2330//1 2331//1
f 2328//1463 2332//1463 2333//1463
f 2334//1464 2335//1464 2336//1464
f 2323//1 2337//1 2338//1
f 2339//1465 2340//1465 2341//1465
f 2332//1466 9//1466 2142//1466
f 2342//1467 2343//1467 2339//1467
f 2330//1468 2344//1468 2324//1468
f 2134//1469 43//1469 2345//1469
f 2327//1470 46//1470 2346//1470
f 2135//1471 2324//1471 2145//1471
f 46//1472 2332//1472 2346//1472
f 2347//1473 2348//1473 2349//1473
f 2140//1474 2336//1474 2154//1474
f 2333//1475 2142//1475 2143//1475
f 2331//1 2135//1 2144//1
f 2145//1476 2326//1476 2150//1476
f 2350//1477 2351//1477 2348//1477
f 2150//1478 2334//1478 2140//1478
f 2329//14 2344//14 2352//14
f 2341//1479 2325//1479 2344//1479
f 2326//1480 2340//1480 2334//1480
f 2353//1350 2354//1350 2355//1350
f 2336//1481 2143//1481 2154//1481
f 2345//1 2155//1 2134//1
f 2321//1 2338//1 2345//1
f 2335//1482 2333//1482 2336//1482
f 2322//1483 2335//1483 2339//1483
f 2356//1484 2357//1484 2322//1484
f 2349//1485 2158//1485 2159//1485
f 2158//1486 2351//1486 2161//1486
f 2161//4 2331//4 2144//4
f 2349//10 2155//10 2338//10
f 2347//1487 2358//1487 2359//1487
f 2360//1488 2356//1488 2347//1488
f 2329//1489 2361//1489 2362//1489
f 2363//10 2364//10 2365//10
f 2366//4 2359//4 2358//4
f 2343//1490 2363//1490 2365//1490
f 2367//1491 2342//1491 2350//1491
f 2353//1 2368//1 2366//1
f 2357//1361 2369//1361 2370//1361
f 2350//1492 2371//1492 2372//1492
f 2337//1493 2370//1493 2369//1493
f 2371//4 2361//4 2372//4
f 2345//1494 48//1494 2321//1494
f 48//1495 2327//1495 2321//1495
f 2373//14 2374//14 2375//14
f 2180//1496 2376//1496 2192//1496
f 2377//1497 2378//1497 2379//1497
f 2380//1498 2381//1498 2382//1498
f 2383//1499 2384//1499 2385//1499
f 2376//1371 2191//1371 2192//1371
f 2386//1 2193//1 2195//1
f 2387//14 2388//14 2389//14
f 2390//16 2382//16 2391//16
f 2392//1500 2390//1500 2374//1500
f 2191//1501 2393//1501 2210//1501
f 2374//16 2391//16 2394//16
f 2395//14 2380//14 2390//14
f 2375//1502 2394//1502 2396//1502
f 2393//1377 2209//1377 2210//1377
f 2397//14 2380//14 2398//14
f 2399//1503 2378//1503 2386//1503
f 2392//1504 2400//1504 2393//1504
f 2401//1505 2398//1505 2376//1505
f 2398//1506 2402//1506 2376//1506
f 2395//1507 2393//1507 2402//1507
f 2381//4 2403//4 2397//4
f 2404//10 2379//10 2405//10
f 2406//10 2193//10 2378//10
f 2407//10 2404//10 2405//10
f 2221//10 2408//10 2407//10
f 2223//10 2382//10 2224//10
f 2409//4 2225//4 2385//4
f 2410//1508 2396//1508 2394//1508
f 2411//1509 2412//1509 2413//1509
f 2382//1510 2212//1510 2224//1510
f 2221//16 2385//16 2225//16
f 2400//1511 2399//1511 2386//1511
f 2399//14 2405//14 2379//14
f 2400//1512 2195//1512 2209//1512
f 2407//16 2383//16 2385//16
f 2414//1513 2231//1513 2233//1513
f 2410//16 2234//16 2231//16
f 2415//16 2223//16 2234//16
f 2236//1514 2414//1514 2233//1514
f 2415//7 2394//7 2391//7
f 2416//7 2391//7 2382//7
f 2411//1515 2388//1515 2387//1515
f 2417//1516 2413//1516 2389//1516
f 2418//1517 2388//1517 2419//1517
f 2420//1518 2421//1518 2422//1518
f 2420//1519 2423//1519 2412//1519
f 2424//1520 2425//1520 2417//1520
f 2375//16 2426//16 2427//16
f 2389//1521 2412//1521 2423//1521
f 2427//1522 2428//1522 2429//1522
f 2429//1523 2430//1523 2431//1523
f 2411//16 2431//16 2430//16
f 2384//1524 2421//1524 2432//1524
f 2187//1525 2211//1525 2182//1525
f 2206//1526 2187//1526 2186//1526
f 2026//3470 2035//3470 2027//3470
f 2031//3471 2037//3471 2029//3471
f 2026//7 2028//7 2030//7
f 2028//3472 2033//3472 2032//3472
f 2029//3473 2036//3473 2034//3473
f 2033//4 2039//4 2038//4
f 2027//3474 2045//3474 2039//3474
f 2035//3475 2034//3475 2040//3475
f 2031//1 2043//1 2042//1
f 2036//10 2044//10 2040//10
f 2031//3476 2032//3476 2038//3476
f 2037//3477 2042//3477 2044//3477
f 2035//3478 2041//3478 2045//3478
f 2046//3479 2105//3479 2047//3479
f 2051//3480 3298//3480 2049//3480
f 2049//3481 2096//3481 2050//3481
f 2105//10 2046//10 2106//10
f 2046//3482 2276//3482 2106//3482
f 2052//10 3298//10 2051//10
f 2276//3483 2052//3483 2106//3483
f 2053//3484 2106//3484 2052//3484
f 2054//3485 2101//3485 2055//3485
f 2057//3486 2060//3486 2058//3486
f 2060//3487 2291//3487 2061//3487
f 2056//3488 2055//3488 2062//3488
f 2064//3489 2102//3489 2065//3489
f 2062//3490 2073//3490 2067//3490
f 2061//3491 2291//3491 2068//3491
f 2070//3492 2074//3492 2071//3492
f 2068//3493 2070//3493 2072//3493
f 2073//3494 2102//3494 2064//3494
f 2074//1299 2109//1299 2075//1299
f 2066//7 2065//7 2076//7
f 2077//3495 2108//3495 2078//3495
f 2080//3496 2085//3496 2081//3496
f 2083//3497 2080//3497 2082//3497
f 2085//3498 2079//3498 2086//3498
f 2087//3499 2083//3499 2084//3499
f 2089//3500 2087//3500 2088//3500
f 2050//3501 2096//3501 2091//3501
f 2091//3502 2094//3502 2059//3502
f 2094//3503 2057//3503 2059//3503
f 2091//3504 2096//3504 2092//3504
f 2094//3505 2091//3505 2093//3505
f 2096//3506 2049//3506 2097//3506
f 2049//14 3298//14 2098//14
f 2101//3507 2054//3507 2099//3507
f 2101//3508 2059//3508 2058//3508
f 2058//3509 2061//3509 2062//3509
f 2073//3510 2062//3510 2061//3510
f 2072//3511 2071//3511 2065//3511
f 2069//3512 2072//3512 2102//3512
f 2071//3513 2075//3513 2076//3513
f 2104//3514 2048//3514 2103//3514
f 2048//3515 2047//3515 2103//3515
f 2056//3516 2089//3516 2103//3516
f 2089//3517 2056//3517 2063//3517
f 2067//3518 2083//3518 2087//3518
f 2066//3519 2085//3519 2080//3519
f 2064//3520 2080//3520 2083//3520
f 2085//3521 2066//3521 2077//3521
f 2104//3522 2103//3522 2089//3522
f 2047//3523 2099//3523 2054//3523
f 2105//3524 2106//3524 2099//3524
f 2100//3525 2050//3525 2059//3525
f 2050//1327 2100//1327 2053//1327
f 2106//3526 2053//3526 2100//3526
f 2077//3527 2076//3527 2107//3527
f 2109//3528 3299//3528 2110//3528
f 2086//1459 2079//1459 2078//1459
f 2076//3529 2075//3529 2110//3529
f 2112//7 2119//7 2113//7
f 2115//3530 2146//3530 2116//3530
f 2118//2258 2136//2258 2119//2258
f 2120//3531 2133//3531 2121//3531
f 2123//1335 2136//1335 2118//1335
f 2125//3532 2141//3532 2126//3532
f 2128//1 3300//1 2114//1
f 2127//3533 2126//3533 2130//3533
f 2123//3534 2142//3534 9//3534
f 2165//7 2121//7 2175//7
f 2121//7 2131//7 2175//7
f 2130//7 2152//7 2170//7
f 2152//7 2167//7 2170//7
f 2132//7 2175//7 2131//7
f 2130//3535 2170//3535 2169//3535
f 2169//3536 2132//3536 2130//3536
f 2120//3537 2115//3537 2117//3537
f 2134//3538 2156//3538 1//3538
f 2119//3539 2136//3539 6//3539
f 2135//3540 2145//3540 2115//3540
f 2123//3541 4//3541 6//3541
f 2149//3542 2153//3542 2163//3542
f 2153//3543 2171//3543 2163//3543
f 2128//3544 2129//3544 2172//3544
f 2129//3545 2139//3545 2172//3545
f 2149//3546 2163//3546 2137//3546
f 2138//3547 2172//3547 2139//3547
f 2149//3548 2137//3548 2139//3548
f 2140//3549 2154//3549 2141//3549
f 2142//3550 2123//3550 2124//3550
f 2135//3551 2120//3551 2122//3551
f 2145//3552 2150//3552 2146//3552
f 2160//3553 2122//3553 2176//3553
f 2122//3554 2164//3554 2176//3554
f 2151//3555 2153//3555 2166//3555
f 2153//3556 2149//3556 2166//3556
f 2160//3557 2176//3557 2147//3557
f 2148//3558 2166//3558 2149//3558
f 2160//3559 2147//3559 2149//3559
f 2150//3560 2140//3560 2125//3560
f 2117//3561 2131//3561 2121//3561
f 2116//3562 2127//3562 2131//3562
f 2146//3563 2125//3563 2127//3563
f 2151//3564 2167//3564 2152//3564
f 2143//3565 2124//3565 2141//3565
f 2155//3566 2129//3566 2156//3566
f 2129//3567 2114//3567 2113//3567
f 2124//3568 2118//3568 2126//3568
f 2126//3569 2118//3569 2112//3569
f 2168//3570 2152//3570 2162//3570
f 2152//3571 2130//3571 2162//3571
f 2112//3572 2114//3572 2174//3572
f 2114//3573 3300//3573 2174//3573
f 2157//3574 2162//3574 2130//3574
f 2112//3575 2174//3575 2173//3575
f 2173//3576 2157//3576 2112//3576
f 2158//3577 2149//3577 2139//3577
f 2158//1486 2161//1486 2160//1486
f 2122//4 2160//4 2161//4
f 2155//10 2159//10 2139//10
f 2162//3578 2157//3578 2137//3578
f 2157//3579 2173//3579 2138//3579
f 2164//1 2122//1 2121//1
f 2166//10 2170//10 2167//10
f 2163//4 2171//4 2168//4
f 2166//1359 2148//1359 2169//1359
f 2132//1360 2169//1360 2148//1360
f 2171//1 2153//1 2152//1
f 2172//1359 2138//1359 2173//1359
f 2175//3580 2132//3580 2147//3580
f 2174//3581 3300//3581 2128//3581
f 2175//4 2176//4 2164//4
f 2156//3582 2113//3582 7//3582
f 2119//3583 15//3583 7//3583
f 2177//7 2207//7 2178//7
f 2180//3584 2192//3584 2181//3584
f 2183//3585 2218//3585 2184//3585
f 2181//3586 2186//3586 2182//3586
f 2188//3587 3301//3587 2189//3587
f 2191//3588 2204//3588 2181//3588
f 2193//1 2183//1 2194//1
f 2177//7 2213//7 2198//7
f 2213//7 2189//7 3302//7
f 2189//3589 3301//3589 2241//3589
f 2189//3590 2241//3590 3302//3590
f 2248//7 2207//7 2250//7
f 2207//7 2177//7 2252//7
f 2250//7 2207//7 2252//7
f 2213//3591 3302//3591 2243//3591
f 2213//3592 2243//3592 2198//3592
f 2198//3593 2252//3593 2177//3593
f 2243//7 2196//7 2198//7
f 2196//7 2238//7 2197//7
f 2238//3594 2246//3594 2197//3594
f 2199//16 2206//16 2200//16
f 2179//7 2178//7 2200//7
f 2191//3595 2210//3595 2203//3595
f 2201//3596 2200//3596 2178//3596
f 2202//7 2200//7 2206//7
f 2205//3597 2178//3597 2207//3597
f 2209//3598 2214//3598 2203//3598
f 2180//4 2182//4 2211//4
f 2183//3599 2185//3599 2213//3599
f 2214//3600 2177//3600 2179//3600
f 2204//3601 2202//3601 2186//3601
f 2203//3602 2179//3602 2202//3602
f 2211//3603 2215//3603 2199//3603
f 2185//3604 2184//3604 2216//3604
f 2193//10 3303//10 2218//10
f 2219//10 2217//10 2216//10
f 2221//10 2219//10 2220//10
f 2199//10 2237//10 2223//10
f 2225//4 2236//4 2226//4
f 2208//3605 2232//3605 2227//3605
f 2232//3606 2208//3606 2251//3606
f 2208//3607 2247//3607 2249//3607
f 2208//3608 2249//3608 2251//3608
f 2190//3609 2226//3609 2240//3609
f 2226//3610 2232//3610 2228//3610
f 2240//3611 2226//3611 2244//3611
f 2242//14 2188//14 2190//14
f 2240//3612 2242//3612 2190//3612
f 2232//3613 2251//3613 2228//3613
f 2244//3614 2226//3614 2228//3614
f 2239//14 2245//14 2229//14
f 2245//3615 2230//3615 2229//3615
f 2230//14 2244//14 2228//14
f 2212//16 2211//16 2199//16
f 2221//16 2225//16 2190//16
f 2214//3616 2194//3616 2213//3616
f 2217//7 2189//7 2213//7
f 2195//3617 2194//3617 2214//3617
f 2219//16 2190//16 2189//16
f 2231//16 2227//16 2232//16
f 2234//16 2235//16 2227//16
f 2223//16 2237//16 2235//16
f 2236//1514 2233//1514 2232//1514
f 2205//14 2227//14 2235//14
f 2201//14 2235//14 2237//14
f 2228//3618 2198//3618 2197//3618
f 2230//3619 2245//3619 2238//3619
f 2197//3620 2246//3620 2239//3620
f 2240//3621 3302//3621 2241//3621
f 2243//3622 3302//3622 2240//3622
f 2245//16 2239//16 2246//16
f 2247//16 2208//16 2207//16
f 2244//3623 2230//3623 2196//3623
f 2249//10 2247//10 2248//10
f 2251//3624 2249//3624 2250//3624
f 2252//16 2198//16 2228//16
f 2241//3625 3301//3625 2188//3625
f 2254//3626 2261//3626 2255//3626
f 2258//3627 2264//3627 2256//3627
f 2257//14 2254//14 2253//14
f 2259//3628 2260//3628 2254//3628
f 2262//3629 2263//3629 2258//3629
f 2265//4 2266//4 2260//4
f 2266//3630 2270//3630 2261//3630
f 2255//1282 3304//1282 2267//1282
f 2268//1 3305//1 2256//1
f 2267//10 2269//10 2263//10
f 2256//3476 3305//3476 2265//3476
f 2269//3631 2268//3631 2264//3631
f 2270//3632 3304//3632 2255//3632
f 2271//3633 2317//3633 2046//3633
f 2274//3480 2313//3480 2272//3480
f 2273//3634 2309//3634 2274//3634
f 2276//3635 2046//3635 2277//3635
f 2046//10 2317//10 2277//10
f 2277//3636 2318//3636 2275//3636
f 2318//3637 2272//3637 2275//3637
f 2272//10 2313//10 2275//10
f 2278//3638 2284//3638 2279//3638
f 2281//3639 2060//3639 2057//3639
f 2283//3640 2291//3640 2060//3640
f 2284//3641 2290//3641 2285//3641
f 2286//3642 2297//3642 2287//3642
f 2289//3643 2295//3643 2285//3643
f 2283//3644 2294//3644 2068//3644
f 2292//3645 2074//3645 2070//3645
f 2293//3646 2070//3646 2068//3646
f 2286//14 2288//14 2295//14
f 2296//3647 2109//3647 2074//3647
f 2297//3648 2300//3648 2298//3648
f 2299//3649 3306//3649 2300//3649
f 2081//3650 2304//3650 2302//3650
f 2082//3651 2302//3651 2303//3651
f 2086//3498 2301//3498 2304//3498
f 2084//3652 2303//3652 2305//3652
f 2088//3653 2305//3653 2306//3653
f 2282//3654 2057//3654 2094//3654
f 2307//3655 2309//3655 2273//3655
f 2282//3656 2094//3656 2307//3656
f 2307//3657 2310//3657 2308//3657
f 2094//3658 2095//3658 2310//3658
f 2309//3659 2308//3659 2311//3659
f 2274//7 2311//7 2312//7
f 2315//3660 2278//3660 2280//3660
f 2281//3661 2282//3661 2280//3661
f 2281//3662 2279//3662 2285//3662
f 2295//3663 2294//3663 2283//3663
f 2293//3664 2288//3664 2287//3664
f 2294//3665 2295//3665 2288//3665
f 2292//3666 2287//3666 2298//3666
f 2271//3667 2048//3667 2316//3667
f 2048//3514 2104//3514 2316//3514
f 2316//3668 2306//3668 2284//3668
f 2290//3669 2284//3669 2306//3669
f 2305//3670 2303//3670 2289//3670
f 2302//3671 2304//3671 2297//3671
f 2303//3672 2302//3672 2286//3672
f 2300//3673 2297//3673 2304//3673
f 2104//3674 2090//3674 2306//3674
f 2271//3675 2316//3675 2278//3675
f 2315//3676 2277//3676 2317//3676
f 2314//3677 2280//3677 2282//3677
f 2318//3678 2314//3678 2273//3678
f 2277//3679 2315//3679 2314//3679
f 2300//3680 3306//3680 2319//3680
f 2320//3681 3299//3681 2109//3681
f 2086//3682 2111//3682 2299//3682
f 2298//3683 2319//3683 2320//3683
f 2321//14 2327//14 2322//14
f 2324//3684 2344//3684 2325//3684
f 2327//3685 2346//3685 2328//3685
f 2329//3686 2352//3686 2330//3686
f 2328//1463 2346//1463 2332//1463
f 2334//3687 2340//3687 2335//3687
f 2323//1 3307//1 2337//1
f 2339//3688 2335//3688 2340//3688
f 2332//3689 45//3689 9//3689
f 2341//14 2329//14 2371//14
f 2329//14 2362//14 2371//14
f 2364//14 2353//14 2365//14
f 2353//14 2339//14 2365//14
f 2341//3690 2371//3690 2342//3690
f 2343//14 2365//14 2339//14
f 2341//3691 2342//3691 2339//3691
f 2330//10 2352//10 2344//10
f 2134//3692 3//3692 43//3692
f 2327//3693 53//3693 46//3693
f 2135//10 2330//10 2324//10
f 46//3694 45//3694 2332//3694
f 2368//3695 2355//3695 2359//3695
f 2355//3696 2348//3696 2359//3696
f 2349//3697 2338//3697 2369//3697
f 2338//3698 2337//3698 2369//3698
f 2347//3699 2359//3699 2348//3699
f 2349//3700 2369//3700 2360//3700
f 2360//3701 2347//3701 2349//3701
f 2140//3702 2334//3702 2336//3702
f 2333//3703 2332//3703 2142//3703
f 2331//3704 2330//3704 2135//3704
f 2145//10 2324//10 2326//10
f 2361//3705 2331//3705 2372//3705
f 2331//3706 2351//3706 2372//3706
f 2348//3707 2355//3707 2363//3707
f 2355//3708 2354//3708 2363//3708
f 2350//3709 2372//3709 2351//3709
f 2348//3710 2363//3710 2367//3710
f 2367//3711 2350//3711 2348//3711
f 2150//3712 2326//3712 2334//3712
f 2329//14 2341//14 2344//14
f 2341//3713 2340//3713 2325//3713
f 2326//3714 2325//3714 2340//3714
f 2353//3715 2364//3715 2354//3715
f 2336//3716 2333//3716 2143//3716
f 2345//3717 2338//3717 2155//3717
f 2321//3718 2323//3718 2338//3718
f 2335//3719 2328//3719 2333//3719
f 2322//3720 2328//3720 2335//3720
f 2339//3721 2353//3721 2358//3721
f 2353//3722 2366//3722 2358//3722
f 3307//3723 2323//3723 2370//3723
f 2323//3724 2322//3724 2370//3724
f 2339//3725 2358//3725 2356//3725
f 2357//3726 2370//3726 2322//3726
f 2339//3727 2356//3727 2322//3727
f 2349//3728 2348//3728 2158//3728
f 2158//3729 2348//3729 2351//3729
f 2161//4 2351//4 2331//4
f 2349//10 2159//10 2155//10
f 2347//3730 2356//3730 2358//3730
f 2360//3731 2357//3731 2356//3731
f 2329//1 2331//1 2361//1
f 2363//10 2354//10 2364//10
f 2366//4 2368//4 2359//4
f 2343//1359 2367//1359 2363//1359
f 2367//1360 2343//1360 2342//1360
f 2353//3732 2355//3732 2368//3732
f 2357//1359 2360//1359 2369//1359
f 2350//3733 2342//3733 2371//3733
f 2337//3734 3307//3734 2370//3734
f 2371//4 2362//4 2361//4
f 2345//3735 43//3735 48//3735
f 48//3736 53//3736 2327//3736
f 2373//3737 2392//3737 2374//3737
f 2180//3738 2401//3738 2376//3738
f 2377//3739 2406//3739 2378//3739
f 2380//16 2403//16 2381//16
f 2383//3740 3308//3740 2384//3740
f 2376//3588 2402//3588 2191//3588
f 2386//1 2378//1 2193//1
f 2383//14 2399//14 2422//14
f 2399//14 2373//14 2387//14
f 2422//14 2399//14 2423//14
f 2373//14 2375//14 2431//14
f 2375//3741 2427//3741 2429//3741
f 2375//3742 2429//3742 2431//3742
f 2421//14 3308//14 2383//14
f 2422//3743 2421//3743 2383//3743
f 2373//14 2431//14 2387//14
f 2423//14 2399//14 2387//14
f 2424//3744 2417//3744 2388//3744
f 2417//3745 2389//3745 2388//3745
f 2389//14 2423//14 2387//14
f 2390//16 2380//16 2382//16
f 2392//3746 2395//3746 2390//3746
f 2191//1374 2402//1374 2393//1374
f 2374//3747 2390//3747 2391//3747
f 2395//3748 2398//3748 2380//3748
f 2375//3597 2374//3597 2394//3597
f 2393//3598 2400//3598 2209//3598
f 2397//14 2403//14 2380//14
f 2399//3749 2379//3749 2378//3749
f 2392//3750 2373//3750 2400//3750
f 2401//3751 2397//3751 2398//3751
f 2398//3752 2395//3752 2402//3752
f 2395//3753 2392//3753 2393//3753
f 2397//4 2401//4 2180//4
f 2180//4 2212//4 2397//4
f 2212//4 2381//4 2397//4
f 2404//3754 2377//3754 2379//3754
f 2406//10 3303//10 2193//10
f 2407//10 2408//10 2404//10
f 2221//10 2222//10 2408//10
f 2223//10 2416//10 2382//10
f 2409//4 2236//4 2225//4
f 2410//3755 2414//3755 2396//3755
f 2426//3756 2396//3756 2428//3756
f 2396//3757 2414//3757 2430//3757
f 2428//3758 2396//3758 2430//3758
f 2414//3759 2409//3759 2411//3759
f 2409//3760 2385//3760 2420//3760
f 2385//3761 2384//3761 2432//3761
f 2385//3762 2432//3762 2420//3762
f 2409//3763 2420//3763 2412//3763
f 2409//3764 2412//3764 2411//3764
f 2411//3765 2430//3765 2414//3765
f 2425//3766 2418//3766 2419//3766
f 2425//3767 2419//3767 2413//3767
f 2419//3768 2411//3768 2413//3768
f 2382//16 2381//16 2212//16
f 2221//1387 2407//1387 2385//1387
f 2400//1511 2373//1511 2399//1511
f 2399//14 2383//14 2405//14
f 2400//3769 2386//3769 2195//3769
f 2407//16 2405//16 2383//16
f 2414//16 2410//16 2231//16
f 2410//16 2415//16 2234//16
f 2415//16 2416//16 2223//16
f 2236//1391 2409//1391 2414//1391
f 2415//7 2410//7 2394//7
f 2416//7 2415//7 2391//7
f 2411//3770 2419//3770 2388//3770
f 2417//3771 2425//3771 2413//3771
f 2418//3772 2424//3772 2388//3772
f 2420//3773 2432//3773 2421//3773
f 2420//3774 2422//3774 2423//3774
f 2424//16 2418//16 2425//16
f 2375//3775 2396//3775 2426//3775
f 2389//3776 2413//3776 2412//3776
f 2427//10 2426//10 2428//10
f 2429//3777 2428//3777 2430//3777
f 2411//16 2387//16 2431//16
f 2384//3778 3308//3778 2421//3778
f 2187//3779 2215//3779 2211//3779
f 2206//7 2215//7 2187//7
# Vertices: 3319, normals: 4352, texture coordinates: 0, faces: 6128

