# UnrealEd OBJ exporter

v 0.000000 0.000000 44.093750
v 0.000000 0.000000 50.250000
v 0.000000 34.187500 44.093750
v 0.000000 0.000000 50.250000
v 0.000000 46.000000 50.250000
v 0.000000 34.187500 44.093750
v 0.000000 46.000000 50.250000
v 0.000000 46.000000 42.593750
v 0.000000 34.187500 44.093750
v 0.000000 34.187500 44.093750
v 0.000000 46.000000 42.593750
v 0.000000 34.218750 43.906250
v 0.000000 46.000000 42.593750
v 0.000000 8.609375 28.062500
v 0.000000 34.218750 43.906250
v 0.000000 34.218750 43.906250
v 0.000000 8.609375 28.062500
v 0.000000 0.000000 30.125000
v 0.000000 0.000000 30.125000
v 0.000000 8.609375 28.062500
v 0.000000 0.000000 25.843750
v 0.000000 8.609375 28.062500
v 0.000000 8.609375 27.875000
v 0.000000 0.000000 25.843750
v 0.000000 0.000000 25.843750
v 0.000000 8.609375 27.875000
v 0.000000 35.343750 11.656250
v 0.000000 35.343750 11.656250
v 0.000000 8.609375 27.875000
v 0.000000 46.000000 13.406250
v 0.000000 35.312500 11.468750
v 0.000000 35.343750 11.656250
v 0.000000 46.000000 13.406250
v 0.000000 46.000000 5.312500
v 0.000000 35.312500 11.468750
v 0.000000 46.000000 13.406250
v 0.000000 0.000000 5.312500
v 0.000000 35.312500 11.468750
v 0.000000 46.000000 5.312500
v 0.000000 0.000000 11.468750
v 0.000000 35.312500 11.468750
v 0.000000 0.000000 5.312500
v 0.000000 4.890625 166.218750
v 0.000000 0.000000 186.937500
v 0.000000 4.890625 186.937500
v 0.000000 0.000000 158.687500
v 0.000000 0.000000 186.937500
v 0.000000 4.890625 166.218750
v 0.000000 4.281250 158.687500
v 0.000000 0.000000 158.687500
v 0.000000 4.890625 166.218750
v 0.000000 5.046875 166.156250
v 0.000000 4.281250 158.687500
v 0.000000 4.890625 166.218750
v 0.000000 21.421875 172.968750
v 0.000000 4.281250 158.687500
v 0.000000 5.046875 166.156250
v 0.000000 18.578125 177.625000
v 0.000000 21.421875 172.968750
v 0.000000 5.046875 166.156250
v 0.000000 23.630859 174.721680
v 0.000000 21.421875 172.968750
v 0.000000 18.578125 177.625000
v 0.000000 21.077637 179.526367
v 0.000000 23.630859 174.721680
v 0.000000 18.578125 177.625000
v 0.000000 25.601562 176.167969
v 0.000000 23.630859 174.721680
v 0.000000 21.077637 179.526367
v 0.000000 23.357422 181.167969
v 0.000000 25.601562 176.167969
v 0.000000 21.077637 179.526367
v 0.000000 27.333984 177.307617
v 0.000000 25.601562 176.167969
v 0.000000 23.357422 181.167969
v 0.000000 25.417480 182.549805
v 0.000000 27.333984 177.307617
v 0.000000 23.357422 181.167969
v 0.000000 28.828125 178.140625
v 0.000000 27.333984 177.307617
v 0.000000 25.417480 182.549805
v 0.000000 27.257812 183.671875
v 0.000000 28.828125 178.140625
v 0.000000 25.417480 182.549805
v 0.000000 29.516357 178.459229
v 0.000000 28.828125 178.140625
v 0.000000 27.257812 183.671875
v 0.000000 30.206055 178.735352
v 0.000000 29.516357 178.459229
v 0.000000 27.257812 183.671875
v 0.000000 28.125366 184.136963
v 0.000000 30.206055 178.735352
v 0.000000 27.257812 183.671875
v 0.000000 28.997559 184.540039
v 0.000000 30.206055 178.735352
v 0.000000 28.125366 184.136963
v 0.000000 31.589844 179.160156
v 0.000000 30.206055 178.735352
v 0.000000 28.997559 184.540039
v 0.000000 30.755859 185.160156
v 0.000000 31.589844 179.160156
v 0.000000 28.997559 184.540039
v 0.000000 32.979492 179.415039
v 0.000000 31.589844 179.160156
v 0.000000 30.755859 185.160156
v 0.000000 32.532715 185.532227
v 0.000000 32.979492 179.415039
v 0.000000 30.755859 185.160156
v 0.000000 33.676514 179.478760
v 0.000000 32.979492 179.415039
v 0.000000 32.532715 185.532227
v 0.000000 33.428101 185.625244
v 0.000000 33.676514 179.478760
v 0.000000 32.532715 185.532227
v 0.000000 34.375000 179.500000
v 0.000000 33.676514 179.478760
v 0.000000 33.428101 185.625244
v 0.000000 34.328125 185.656250
v 0.000000 34.375000 179.500000
v 0.000000 33.428101 185.625244
v 0.000000 35.640991 185.601562
v 0.000000 34.375000 179.500000
v 0.000000 34.328125 185.656250
v 0.000000 35.150146 179.471191
v 0.000000 34.375000 179.500000
v 0.000000 35.640991 185.601562
v 0.000000 36.892090 185.437500
v 0.000000 35.150146 179.471191
v 0.000000 35.640991 185.601562
v 0.000000 35.889648 179.384766
v 0.000000 35.150146 179.471191
v 0.000000 36.892090 185.437500
v 0.000000 38.081421 185.164062
v 0.000000 35.889648 179.384766
v 0.000000 36.892090 185.437500
v 0.000000 37.261719 179.039062
v 0.000000 35.889648 179.384766
v 0.000000 38.081421 185.164062
v 0.000000 39.208984 184.781250
v 0.000000 37.261719 179.039062
v 0.000000 38.081421 185.164062
v 0.000000 40.274780 184.289062
v 0.000000 37.261719 179.039062
v 0.000000 39.208984 184.781250
v 0.000000 38.491211 178.462891
v 0.000000 37.261719 179.039062
v 0.000000 40.274780 184.289062
v 0.000000 41.278809 183.687500
v 0.000000 38.491211 178.462891
v 0.000000 40.274780 184.289062
v 0.000000 42.221069 182.976562
v 0.000000 38.491211 178.462891
v 0.000000 41.278809 183.687500
v 0.000000 39.052490 178.088379
v 0.000000 38.491211 178.462891
v 0.000000 42.221069 182.976562
v 0.000000 42.669037 182.580078
v 0.000000 39.052490 178.088379
v 0.000000 42.221069 182.976562
v 0.000000 43.101562 182.156250
v 0.000000 39.052490 178.088379
v 0.000000 42.669037 182.580078
v 0.000000 39.319763 177.879517
v 0.000000 39.052490 178.088379
v 0.000000 43.101562 182.156250
v 0.000000 43.513092 181.708618
v 0.000000 39.319763 177.879517
v 0.000000 43.101562 182.156250
v 0.000000 39.578125 177.656250
v 0.000000 39.319763 177.879517
v 0.000000 43.513092 181.708618
v 0.000000 43.898071 181.240723
v 0.000000 39.578125 177.656250
v 0.000000 43.513092 181.708618
v 0.000000 39.824097 177.420288
v 0.000000 39.578125 177.656250
v 0.000000 43.898071 181.240723
v 0.000000 40.054199 177.173340
v 0.000000 39.824097 177.420288
v 0.000000 43.898071 181.240723
v 0.000000 44.588379 180.244141
v 0.000000 40.054199 177.173340
v 0.000000 43.898071 181.240723
v 0.000000 40.466797 176.646484
v 0.000000 40.054199 177.173340
v 0.000000 44.588379 180.244141
v 0.000000 45.172485 179.166504
v 0.000000 40.466797 176.646484
v 0.000000 44.588379 180.244141
v 0.000000 40.815918 176.075684
v 0.000000 40.466797 176.646484
v 0.000000 45.172485 179.166504
v 0.000000 45.650391 178.007812
v 0.000000 40.815918 176.075684
v 0.000000 45.172485 179.166504
v 0.000000 41.101562 175.460938
v 0.000000 40.815918 176.075684
v 0.000000 45.650391 178.007812
v 0.000000 46.287598 175.447266
v 0.000000 41.101562 175.460938
v 0.000000 45.650391 178.007812
v 0.000000 41.323730 174.802246
v 0.000000 41.101562 175.460938
v 0.000000 46.287598 175.447266
v 0.000000 41.482422 174.099609
v 0.000000 41.323730 174.802246
v 0.000000 46.287598 175.447266
v 0.000000 46.446899 174.045410
v 0.000000 41.482422 174.099609
v 0.000000 46.287598 175.447266
v 0.000000 41.577637 173.353027
v 0.000000 41.482422 174.099609
v 0.000000 46.446899 174.045410
v 0.000000 46.500000 172.562500
v 0.000000 41.577637 173.353027
v 0.000000 46.446899 174.045410
v 0.000000 41.609375 172.562500
v 0.000000 41.577637 173.353027
v 0.000000 46.500000 172.562500
v 0.000000 41.570557 171.584717
v 0.000000 41.609375 172.562500
v 0.000000 46.500000 172.562500
v 0.000000 46.439209 170.941895
v 0.000000 41.570557 171.584717
v 0.000000 46.500000 172.562500
v 0.000000 41.454102 170.666992
v 0.000000 41.570557 171.584717
v 0.000000 46.439209 170.941895
v 0.000000 46.256836 169.408203
v 0.000000 41.454102 170.666992
v 0.000000 46.439209 170.941895
v 0.000000 41.260010 169.809326
v 0.000000 41.454102 170.666992
v 0.000000 46.256836 169.408203
v 0.000000 45.527344 166.601562
v 0.000000 41.260010 169.809326
v 0.000000 46.256836 169.408203
v 0.000000 40.988281 169.011719
v 0.000000 41.260010 169.809326
v 0.000000 45.527344 166.601562
v 0.000000 40.638916 168.274170
v 0.000000 40.988281 169.011719
v 0.000000 45.527344 166.601562
v 0.000000 44.980225 165.328613
v 0.000000 40.638916 168.274170
v 0.000000 45.527344 166.601562
v 0.000000 40.211914 167.596680
v 0.000000 40.638916 168.274170
v 0.000000 44.980225 165.328613
v 0.000000 44.311523 164.142578
v 0.000000 40.211914 167.596680
v 0.000000 44.980225 165.328613
v 0.000000 39.707275 166.979248
v 0.000000 40.211914 167.596680
v 0.000000 44.311523 164.142578
v 0.000000 43.521240 163.043457
v 0.000000 39.707275 166.979248
v 0.000000 44.311523 164.142578
v 0.000000 39.425842 166.693054
v 0.000000 39.707275 166.979248
v 0.000000 43.521240 163.043457
v 0.000000 43.080505 162.526489
v 0.000000 39.425842 166.693054
v 0.000000 43.521240 163.043457
v 0.000000 39.125000 166.421875
v 0.000000 39.425842 166.693054
v 0.000000 43.080505 162.526489
v 0.000000 42.609375 162.031250
v 0.000000 39.125000 166.421875
v 0.000000 43.080505 162.526489
v 0.000000 38.484619 165.927490
v 0.000000 39.125000 166.421875
v 0.000000 42.609375 162.031250
v 0.000000 42.116333 161.562622
v 0.000000 38.484619 165.927490
v 0.000000 42.609375 162.031250
v 0.000000 41.609863 161.125488
v 0.000000 38.484619 165.927490
v 0.000000 42.116333 161.562622
v 0.000000 37.805664 165.499023
v 0.000000 38.484619 165.927490
v 0.000000 41.609863 161.125488
v 0.000000 40.556641 160.345703
v 0.000000 37.805664 165.499023
v 0.000000 41.609863 161.125488
v 0.000000 39.449707 159.691895
v 0.000000 37.805664 165.499023
v 0.000000 40.556641 160.345703
v 0.000000 36.332031 164.839844
v 0.000000 37.805664 165.499023
v 0.000000 39.449707 159.691895
v 0.000000 38.289062 159.164062
v 0.000000 36.332031 164.839844
v 0.000000 39.449707 159.691895
v 0.000000 37.074707 158.762207
v 0.000000 36.332031 164.839844
v 0.000000 38.289062 159.164062
v 0.000000 34.704102 164.444336
v 0.000000 36.332031 164.839844
v 0.000000 37.074707 158.762207
v 0.000000 35.806641 158.486328
v 0.000000 34.704102 164.444336
v 0.000000 37.074707 158.762207
v 0.000000 34.484863 158.336426
v 0.000000 34.704102 164.444336
v 0.000000 35.806641 158.486328
v 0.000000 33.832275 164.345459
v 0.000000 34.704102 164.444336
v 0.000000 34.484863 158.336426
v 0.000000 32.921875 158.375000
v 0.000000 33.832275 164.345459
v 0.000000 34.484863 158.336426
v 0.000000 32.921875 164.312500
v 0.000000 33.832275 164.345459
v 0.000000 32.921875 158.375000
v 0.000000 33.109375 158.312500
v 0.000000 32.921875 158.375000
v 0.000000 34.484863 158.336426
v 0.000000 0.000000 64.625000
v 0.000000 11.718750 68.687500
v 0.000000 0.000000 58.343750
v 0.000000 11.718750 68.687500
v 0.000000 16.875000 70.468750
v 0.000000 0.000000 58.343750
v 0.000000 11.718750 85.812500
v 0.000000 16.875000 70.468750
v 0.000000 11.718750 68.687500
v 0.000000 0.000000 58.343750
v 0.000000 16.875000 70.468750
v 0.000000 46.000000 74.750000
v 0.000000 16.875000 70.468750
v 0.000000 36.406250 77.250000
v 0.000000 46.000000 74.750000
v 0.000000 36.406250 77.250000
v 0.000000 36.406250 77.437500
v 0.000000 46.000000 74.750000
v 0.000000 46.000000 74.750000
v 0.000000 36.406250 77.437500
v 0.000000 46.000000 80.031250
v 0.000000 16.875000 84.062500
v 0.000000 16.875000 70.468750
v 0.000000 11.718750 85.812500
v 0.000000 36.406250 77.437500
v 0.000000 16.875000 84.062500
v 0.000000 46.000000 80.031250
v 0.000000 46.000000 80.031250
v 0.000000 16.875000 84.062500
v 0.000000 0.000000 96.093750
v 0.000000 16.875000 84.062500
v 0.000000 11.718750 85.812500
v 0.000000 0.000000 96.093750
v 0.000000 0.000000 96.093750
v 0.000000 11.718750 85.812500
v 0.000000 0.000000 89.812500
v 0.000000 0.000000 108.468750
v 0.000000 18.453125 108.468750
v 0.000000 0.000000 102.312500
v 0.000000 18.453125 108.468750
v 0.000000 23.515625 108.468750
v 0.000000 0.000000 102.312500
v 0.000000 0.000000 102.312500
v 0.000000 23.515625 108.468750
v 0.000000 46.000000 102.312500
v 0.000000 23.515625 108.468750
v 0.000000 18.453125 108.468750
v 0.000000 18.453125 119.718750
v 0.000000 23.515625 108.468750
v 0.000000 41.109375 108.468750
v 0.000000 46.000000 102.312500
v 0.000000 23.515625 119.718750
v 0.000000 23.515625 108.468750
v 0.000000 18.453125 119.718750
v 0.000000 46.000000 102.312500
v 0.000000 41.109375 108.468750
v 0.000000 46.000000 119.718750
v 0.000000 23.554443 120.838379
v 0.000000 23.515625 119.718750
v 0.000000 18.453125 119.718750
v 0.000000 41.109375 108.468750
v 0.000000 41.109375 119.718750
v 0.000000 46.000000 119.718750
v 0.000000 18.511841 121.488525
v 0.000000 23.554443 120.838379
v 0.000000 18.453125 119.718750
v 0.000000 41.109375 119.718750
v 0.000000 41.069824 120.831299
v 0.000000 46.000000 119.718750
v 0.000000 23.670898 121.884766
v 0.000000 23.554443 120.838379
v 0.000000 18.511841 121.488525
v 0.000000 46.000000 119.718750
v 0.000000 41.069824 120.831299
v 0.000000 45.940796 121.488525
v 0.000000 18.687988 123.157227
v 0.000000 23.670898 121.884766
v 0.000000 18.511841 121.488525
v 0.000000 41.069824 120.831299
v 0.000000 40.951172 121.872070
v 0.000000 45.940796 121.488525
v 0.000000 23.864990 122.857910
v 0.000000 23.670898 121.884766
v 0.000000 18.687988 123.157227
v 0.000000 45.940796 121.488525
v 0.000000 40.951172 121.872070
v 0.000000 45.763184 123.157227
v 0.000000 24.136719 123.757812
v 0.000000 23.864990 122.857910
v 0.000000 18.687988 123.157227
v 0.000000 40.951172 121.872070
v 0.000000 40.753418 122.841064
v 0.000000 45.763184 123.157227
v 0.000000 19.392578 126.191406
v 0.000000 24.136719 123.757812
v 0.000000 18.687988 123.157227
v 0.000000 40.753418 122.841064
v 0.000000 40.476562 123.738281
v 0.000000 45.763184 123.157227
v 0.000000 24.486084 124.584473
v 0.000000 24.136719 123.757812
v 0.000000 19.392578 126.191406
v 0.000000 45.763184 123.157227
v 0.000000 40.476562 123.738281
v 0.000000 45.052734 126.191406
v 0.000000 19.921021 127.556885
v 0.000000 24.486084 124.584473
v 0.000000 19.392578 126.191406
v 0.000000 40.476562 123.738281
v 0.000000 40.120605 124.563721
v 0.000000 45.052734 126.191406
v 0.000000 24.913086 125.337891
v 0.000000 24.486084 124.584473
v 0.000000 19.921021 127.556885
v 0.000000 45.052734 126.191406
v 0.000000 40.120605 124.563721
v 0.000000 44.519897 127.556885
v 0.000000 20.566895 128.821289
v 0.000000 24.913086 125.337891
v 0.000000 19.921021 127.556885
v 0.000000 40.120605 124.563721
v 0.000000 39.685547 125.317383
v 0.000000 44.519897 127.556885
v 0.000000 25.417725 126.018066
v 0.000000 24.913086 125.337891
v 0.000000 20.566895 128.821289
v 0.000000 44.519897 127.556885
v 0.000000 39.685547 125.317383
v 0.000000 43.868652 128.821289
v 0.000000 21.330200 129.984619
v 0.000000 25.417725 126.018066
v 0.000000 20.566895 128.821289
v 0.000000 39.685547 125.317383
v 0.000000 39.171387 125.999268
v 0.000000 43.868652 128.821289
v 0.000000 25.699158 126.330688
v 0.000000 25.417725 126.018066
v 0.000000 21.330200 129.984619
v 0.000000 43.868652 128.821289
v 0.000000 39.171387 125.999268
v 0.000000 43.098999 129.984619
v 0.000000 21.755890 130.528381
v 0.000000 25.699158 126.330688
v 0.000000 21.330200 129.984619
v 0.000000 39.171387 125.999268
v 0.000000 38.884644 126.313293
v 0.000000 43.098999 129.984619
v 0.000000 26.000000 126.625000
v 0.000000 25.699158 126.330688
v 0.000000 21.755890 130.528381
v 0.000000 38.884644 126.313293
v 0.000000 38.578125 126.609375
v 0.000000 43.098999 129.984619
v 0.000000 22.210938 131.046875
v 0.000000 26.000000 126.625000
v 0.000000 21.755890 130.528381
v 0.000000 43.098999 129.984619
v 0.000000 38.578125 126.609375
v 0.000000 42.669769 130.528381
v 0.000000 26.641357 127.159668
v 0.000000 26.000000 126.625000
v 0.000000 22.210938 131.046875
v 0.000000 42.669769 130.528381
v 0.000000 38.578125 126.609375
v 0.000000 42.210938 131.046875
v 0.000000 22.690399 131.536926
v 0.000000 26.641357 127.159668
v 0.000000 22.210938 131.046875
v 0.000000 38.578125 126.609375
v 0.000000 37.925781 127.147705
v 0.000000 42.210938 131.046875
v 0.000000 23.189331 131.995361
v 0.000000 26.641357 127.159668
v 0.000000 22.690399 131.536926
v 0.000000 42.210938 131.046875
v 0.000000 37.925781 127.147705
v 0.000000 41.727875 131.536926
v 0.000000 27.323242 127.623047
v 0.000000 26.641357 127.159668
v 0.000000 23.189331 131.995361
v 0.000000 41.727875 131.536926
v 0.000000 37.925781 127.147705
v 0.000000 41.225952 131.995361
v 0.000000 24.245605 132.817383
v 0.000000 27.323242 127.623047
v 0.000000 23.189331 131.995361
v 0.000000 37.925781 127.147705
v 0.000000 37.234375 127.614258
v 0.000000 41.225952 131.995361
v 0.000000 25.379761 133.512939
v 0.000000 27.323242 127.623047
v 0.000000 24.245605 132.817383
v 0.000000 41.225952 131.995361
v 0.000000 37.234375 127.614258
v 0.000000 40.165527 132.817383
v 0.000000 28.808594 128.335938
v 0.000000 27.323242 127.623047
v 0.000000 25.379761 133.512939
v 0.000000 40.165527 132.817383
v 0.000000 37.234375 127.614258
v 0.000000 39.029663 133.512939
v 0.000000 26.591797 134.082031
v 0.000000 28.808594 128.335938
v 0.000000 25.379761 133.512939
v 0.000000 37.234375 127.614258
v 0.000000 35.734375 128.332031
v 0.000000 39.029663 133.512939
v 0.000000 27.881714 134.524658
v 0.000000 28.808594 128.335938
v 0.000000 26.591797 134.082031
v 0.000000 39.029663 133.512939
v 0.000000 35.734375 128.332031
v 0.000000 37.818359 134.082031
v 0.000000 30.456055 128.763672
v 0.000000 28.808594 128.335938
v 0.000000 27.881714 134.524658
v 0.000000 37.818359 134.082031
v 0.000000 35.734375 128.332031
v 0.000000 36.531616 134.524658
v 0.000000 29.249512 134.840820
v 0.000000 30.456055 128.763672
v 0.000000 27.881714 134.524658
v 0.000000 35.734375 128.332031
v 0.000000 34.078125 128.762695
v 0.000000 36.531616 134.524658
v 0.000000 30.695190 135.030518
v 0.000000 30.456055 128.763672
v 0.000000 29.249512 134.840820
v 0.000000 36.531616 134.524658
v 0.000000 34.078125 128.762695
v 0.000000 35.169434 134.840820
v 0.000000 31.340576 128.870605
v 0.000000 30.456055 128.763672
v 0.000000 30.695190 135.030518
v 0.000000 35.169434 134.840820
v 0.000000 34.078125 128.762695
v 0.000000 33.731812 135.030518
v 0.000000 32.218750 135.093750
v 0.000000 31.340576 128.870605
v 0.000000 30.695190 135.030518
v 0.000000 34.078125 128.762695
v 0.000000 33.191406 128.870361
v 0.000000 33.731812 135.030518
v 0.000000 32.265625 128.906250
v 0.000000 31.340576 128.870605
v 0.000000 32.218750 135.093750
v 0.000000 33.191406 128.870361
v 0.000000 32.265625 128.906250
v 0.000000 33.731812 135.030518
v 0.000000 33.731812 135.030518
v 0.000000 32.265625 128.906250
v 0.000000 32.218750 135.093750
v 0.000000 46.000000 13.406250
v 33.300003 46.000000 5.312500
v 0.000000 46.000000 5.312500
v 33.300003 46.000000 5.312500
v 0.000000 46.000000 13.406250
v 33.300003 46.000000 13.406250
v 0.000000 46.000000 5.312500
v 33.300003 0.000000 5.312500
v 0.000000 0.000000 5.312500
v 33.300003 0.000000 5.312500
v 0.000000 46.000000 5.312500
v 33.300003 46.000000 5.312500
v 0.000000 0.000000 5.312500
v 33.300003 0.000000 11.468750
v 0.000000 0.000000 11.468750
v 33.300003 0.000000 11.468750
v 0.000000 0.000000 5.312500
v 33.300003 0.000000 5.312500
v 0.000000 0.000000 11.468750
v 33.300003 35.312500 11.468750
v 0.000000 35.312500 11.468750
v 33.300003 35.312500 11.468750
v 0.000000 0.000000 11.468750
v 33.300003 0.000000 11.468750
v 0.000000 35.312500 11.468750
v 33.300003 35.343750 11.656250
v 0.000000 35.343750 11.656250
v 33.300003 35.343750 11.656250
v 0.000000 35.312500 11.468750
v 33.300003 35.312500 11.468750
v 0.000000 35.343750 11.656250
v 33.300003 0.000000 25.843750
v 0.000000 0.000000 25.843750
v 33.300003 0.000000 25.843750
v 0.000000 35.343750 11.656250
v 33.300003 35.343750 11.656250
v 0.000000 0.000000 25.843750
v 33.300003 0.000000 30.125000
v 0.000000 0.000000 30.125000
v 33.300003 0.000000 30.125000
v 0.000000 0.000000 25.843750
v 33.300003 0.000000 25.843750
v 0.000000 0.000000 30.125000
v 33.300003 34.218750 43.906250
v 0.000000 34.218750 43.906250
v 33.300003 34.218750 43.906250
v 0.000000 0.000000 30.125000
v 33.300003 0.000000 30.125000
v 0.000000 34.218750 43.906250
v 33.300003 34.187500 44.093750
v 0.000000 34.187500 44.093750
v 33.300003 34.187500 44.093750
v 0.000000 34.218750 43.906250
v 33.300003 34.218750 43.906250
v 0.000000 34.187500 44.093750
v 33.300003 0.000000 44.093750
v 0.000000 0.000000 44.093750
v 33.300003 0.000000 44.093750
v 0.000000 34.187500 44.093750
v 33.300003 34.187500 44.093750
v 0.000000 0.000000 44.093750
v 33.300003 0.000000 50.250000
v 0.000000 0.000000 50.250000
v 33.300003 0.000000 50.250000
v 0.000000 0.000000 44.093750
v 33.300003 0.000000 44.093750
v 0.000000 0.000000 50.250000
v 33.300003 46.000000 50.250000
v 0.000000 46.000000 50.250000
v 33.300003 46.000000 50.250000
v 0.000000 0.000000 50.250000
v 33.300003 0.000000 50.250000
v 0.000000 46.000000 50.250000
v 33.300003 46.000000 42.593750
v 0.000000 46.000000 42.593750
v 33.300003 46.000000 42.593750
v 0.000000 46.000000 50.250000
v 33.300003 46.000000 50.250000
v 0.000000 46.000000 42.593750
v 33.300003 8.609375 28.062500
v 0.000000 8.609375 28.062500
v 33.300003 8.609375 28.062500
v 0.000000 46.000000 42.593750
v 33.300003 46.000000 42.593750
v 0.000000 8.609375 28.062500
v 33.300003 8.609375 27.875000
v 0.000000 8.609375 27.875000
v 33.300003 8.609375 27.875000
v 0.000000 8.609375 28.062500
v 33.300003 8.609375 28.062500
v 0.000000 8.609375 27.875000
v 33.300003 46.000000 13.406250
v 0.000000 46.000000 13.406250
v 33.300003 46.000000 13.406250
v 0.000000 8.609375 27.875000
v 33.300003 8.609375 27.875000
v 0.000000 0.000000 89.812500
v 33.300003 0.000000 96.093750
v 0.000000 0.000000 96.093750
v 33.300003 0.000000 96.093750
v 0.000000 0.000000 89.812500
v 33.300003 0.000000 89.812500
v 0.000000 0.000000 96.093750
v 33.300003 46.000000 80.031250
v 0.000000 46.000000 80.031250
v 33.300003 46.000000 80.031250
v 0.000000 0.000000 96.093750
v 33.300003 0.000000 96.093750
v 0.000000 46.000000 80.031250
v 33.300003 46.000000 74.750000
v 0.000000 46.000000 74.750000
v 33.300003 46.000000 74.750000
v 0.000000 46.000000 80.031250
v 33.300003 46.000000 80.031250
v 0.000000 46.000000 74.750000
v 33.300003 0.000000 58.343750
v 0.000000 0.000000 58.343750
v 33.300003 0.000000 58.343750
v 0.000000 46.000000 74.750000
v 33.300003 46.000000 74.750000
v 0.000000 0.000000 58.343750
v 33.300003 0.000000 64.625000
v 0.000000 0.000000 64.625000
v 33.300003 0.000000 64.625000
v 0.000000 0.000000 58.343750
v 33.300003 0.000000 58.343750
v 0.000000 0.000000 64.625000
v 33.300003 11.718750 68.687500
v 0.000000 11.718750 68.687500
v 33.300003 11.718750 68.687500
v 0.000000 0.000000 64.625000
v 33.300003 0.000000 64.625000
v 0.000000 11.718750 68.687500
v 33.300003 11.718750 85.812500
v 0.000000 11.718750 85.812500
v 33.300003 11.718750 85.812500
v 0.000000 11.718750 68.687500
v 33.300003 11.718750 68.687500
v 0.000000 11.718750 85.812500
v 33.300003 0.000000 89.812500
v 0.000000 0.000000 89.812500
v 33.300003 0.000000 89.812500
v 0.000000 11.718750 85.812500
v 33.300003 11.718750 85.812500
v 0.000000 36.406250 77.250000
v 33.300003 36.406250 77.437500
v 0.000000 36.406250 77.437500
v 33.300003 36.406250 77.437500
v 0.000000 36.406250 77.250000
v 33.300003 36.406250 77.250000
v 0.000000 36.406250 77.437500
v 33.300003 16.875000 84.062500
v 0.000000 16.875000 84.062500
v 33.300003 16.875000 84.062500
v 0.000000 36.406250 77.437500
v 33.300003 36.406250 77.437500
v 0.000000 16.875000 84.062500
v 33.300003 16.875000 70.468750
v 0.000000 16.875000 70.468750
v 33.300003 16.875000 70.468750
v 0.000000 16.875000 84.062500
v 33.300003 16.875000 84.062500
v 0.000000 16.875000 70.468750
v 33.300003 36.406250 77.250000
v 0.000000 36.406250 77.250000
v 33.300003 36.406250 77.250000
v 0.000000 16.875000 70.468750
v 33.300003 16.875000 70.468750
v 0.000000 46.000000 102.312500
v 33.300003 0.000000 102.312500
v 0.000000 0.000000 102.312500
v 33.300003 0.000000 102.312500
v 0.000000 46.000000 102.312500
v 33.300003 46.000000 102.312500
v 0.000000 0.000000 102.312500
v 33.300003 0.000000 108.468750
v 0.000000 0.000000 108.468750
v 33.300003 0.000000 108.468750
v 0.000000 0.000000 102.312500
v 33.300003 0.000000 102.312500
v 0.000000 0.000000 108.468750
v 33.300003 18.453125 108.468750
v 0.000000 18.453125 108.468750
v 33.300003 18.453125 108.468750
v 0.000000 0.000000 108.468750
v 33.300003 0.000000 108.468750
v 0.000000 18.453125 108.468750
v 33.300003 18.453125 119.718750
v 0.000000 18.453125 119.718750
v 33.300003 18.453125 119.718750
v 0.000000 18.453125 108.468750
v 33.300003 18.453125 108.468750
v 0.000000 23.515625 108.468750
v 33.300003 41.109375 108.468750
v 0.000000 41.109375 108.468750
v 33.300003 41.109375 108.468750
v 0.000000 23.515625 108.468750
v 33.300003 23.515625 108.468750
v 0.000000 4.890625 186.937500
v 33.300003 4.890625 166.218750
v 0.000000 4.890625 166.218750
v 33.300003 4.890625 166.218750
v 0.000000 4.890625 186.937500
v 33.300003 4.890625 186.937500
v 0.000000 4.890625 166.218750
v 33.300003 5.046875 166.156250
v 0.000000 5.046875 166.156250
v 33.300003 5.046875 166.156250
v 0.000000 4.890625 166.218750
v 33.300003 4.890625 166.218750
v 0.000000 32.921875 158.375000
v 33.300003 32.921875 164.312500
v 0.000000 32.921875 164.312500
v 33.300003 32.921875 164.312500
v 0.000000 32.921875 158.375000
v 33.300003 32.921875 158.375000
v 0.000000 4.281250 158.687500
v 33.300003 0.000000 158.687500
v 0.000000 0.000000 158.687500
v 33.300003 0.000000 158.687500
v 0.000000 4.281250 158.687500
v 33.300003 4.281250 158.687500
v 0.000000 0.000000 158.687500
v 33.300003 0.000000 186.937500
v 0.000000 0.000000 186.937500
v 33.300003 0.000000 186.937500
v 0.000000 0.000000 158.687500
v 33.300003 0.000000 158.687500
v 0.000000 0.000000 186.937500
v 33.300003 4.890625 186.937500
v 0.000000 4.890625 186.937500
v 33.300003 4.890625 186.937500
v 0.000000 0.000000 186.937500
v 33.300003 0.000000 186.937500
v 33.300003 18.511841 121.488525
v 0.000000 18.453125 119.718750
v 33.300003 18.453125 119.718750
v 0.000000 18.453125 119.718750
v 33.300003 18.511841 121.488525
v 0.000000 18.511841 121.488525
v 33.300003 18.687988 123.157227
v 0.000000 18.511841 121.488525
v 33.300003 18.511841 121.488525
v 0.000000 18.511841 121.488525
v 33.300003 18.687988 123.157227
v 0.000000 18.687988 123.157227
v 33.300003 19.392578 126.191406
v 0.000000 18.687988 123.157227
v 33.300003 18.687988 123.157227
v 0.000000 18.687988 123.157227
v 33.300003 19.392578 126.191406
v 0.000000 19.392578 126.191406
v 33.300003 19.921021 127.556885
v 0.000000 19.392578 126.191406
v 33.300003 19.392578 126.191406
v 0.000000 19.392578 126.191406
v 33.300003 19.921021 127.556885
v 0.000000 19.921021 127.556885
v 33.300003 20.566895 128.821289
v 0.000000 19.921021 127.556885
v 33.300003 19.921021 127.556885
v 0.000000 19.921021 127.556885
v 33.300003 20.566895 128.821289
v 0.000000 20.566895 128.821289
v 33.300003 21.330200 129.984619
v 0.000000 20.566895 128.821289
v 33.300003 20.566895 128.821289
v 0.000000 20.566895 128.821289
v 33.300003 21.330200 129.984619
v 0.000000 21.330200 129.984619
v 33.300003 21.755890 130.528381
v 0.000000 21.330200 129.984619
v 33.300003 21.330200 129.984619
v 0.000000 21.330200 129.984619
v 33.300003 21.755890 130.528381
v 0.000000 21.755890 130.528381
v 33.300003 22.210938 131.046875
v 0.000000 21.755890 130.528381
v 33.300003 21.755890 130.528381
v 0.000000 21.755890 130.528381
v 33.300003 22.210938 131.046875
v 0.000000 22.210938 131.046875
v 33.300003 22.690399 131.536926
v 0.000000 22.210938 131.046875
v 33.300003 22.210938 131.046875
v 0.000000 22.210938 131.046875
v 33.300003 22.690399 131.536926
v 0.000000 22.690399 131.536926
v 33.300003 23.189331 131.995361
v 0.000000 22.690399 131.536926
v 33.300003 22.690399 131.536926
v 0.000000 22.690399 131.536926
v 33.300003 23.189331 131.995361
v 0.000000 23.189331 131.995361
v 33.300003 24.245605 132.817383
v 0.000000 23.189331 131.995361
v 33.300003 23.189331 131.995361
v 0.000000 23.189331 131.995361
v 33.300003 24.245605 132.817383
v 0.000000 24.245605 132.817383
v 33.300003 25.379761 133.512939
v 0.000000 24.245605 132.817383
v 33.300003 24.245605 132.817383
v 0.000000 24.245605 132.817383
v 33.300003 25.379761 133.512939
v 0.000000 25.379761 133.512939
v 33.300003 26.591797 134.082031
v 0.000000 25.379761 133.512939
v 33.300003 25.379761 133.512939
v 0.000000 25.379761 133.512939
v 33.300003 26.591797 134.082031
v 0.000000 26.591797 134.082031
v 33.300003 27.881714 134.524658
v 0.000000 26.591797 134.082031
v 33.300003 26.591797 134.082031
v 0.000000 26.591797 134.082031
v 33.300003 27.881714 134.524658
v 0.000000 27.881714 134.524658
v 33.300003 29.249512 134.840820
v 0.000000 27.881714 134.524658
v 33.300003 27.881714 134.524658
v 0.000000 27.881714 134.524658
v 33.300003 29.249512 134.840820
v 0.000000 29.249512 134.840820
v 33.300003 30.695190 135.030518
v 0.000000 29.249512 134.840820
v 33.300003 29.249512 134.840820
v 0.000000 29.249512 134.840820
v 33.300003 30.695190 135.030518
v 0.000000 30.695190 135.030518
v 33.300003 32.218750 135.093750
v 0.000000 30.695190 135.030518
v 33.300003 30.695190 135.030518
v 0.000000 30.695190 135.030518
v 33.300003 32.218750 135.093750
v 0.000000 32.218750 135.093750
v 33.300003 33.731812 135.030518
v 0.000000 32.218750 135.093750
v 33.300003 32.218750 135.093750
v 0.000000 32.218750 135.093750
v 33.300003 33.731812 135.030518
v 0.000000 33.731812 135.030518
v 33.300003 35.169434 134.840820
v 0.000000 33.731812 135.030518
v 33.300003 33.731812 135.030518
v 0.000000 33.731812 135.030518
v 33.300003 35.169434 134.840820
v 0.000000 35.169434 134.840820
v 33.300003 36.531616 134.524658
v 0.000000 35.169434 134.840820
v 33.300003 35.169434 134.840820
v 0.000000 35.169434 134.840820
v 33.300003 36.531616 134.524658
v 0.000000 36.531616 134.524658
v 33.300003 37.818359 134.082031
v 0.000000 36.531616 134.524658
v 33.300003 36.531616 134.524658
v 0.000000 36.531616 134.524658
v 33.300003 37.818359 134.082031
v 0.000000 37.818359 134.082031
v 33.300003 39.029663 133.512939
v 0.000000 37.818359 134.082031
v 33.300003 37.818359 134.082031
v 0.000000 37.818359 134.082031
v 33.300003 39.029663 133.512939
v 0.000000 39.029663 133.512939
v 33.300003 40.165527 132.817383
v 0.000000 39.029663 133.512939
v 33.300003 39.029663 133.512939
v 0.000000 39.029663 133.512939
v 33.300003 40.165527 132.817383
v 0.000000 40.165527 132.817383
v 33.300003 41.225952 131.995361
v 0.000000 40.165527 132.817383
v 33.300003 40.165527 132.817383
v 0.000000 40.165527 132.817383
v 33.300003 41.225952 131.995361
v 0.000000 41.225952 131.995361
v 33.300003 41.727875 131.536926
v 0.000000 41.225952 131.995361
v 33.300003 41.225952 131.995361
v 0.000000 41.225952 131.995361
v 33.300003 41.727875 131.536926
v 0.000000 41.727875 131.536926
v 33.300003 42.210938 131.046875
v 0.000000 41.727875 131.536926
v 33.300003 41.727875 131.536926
v 0.000000 41.727875 131.536926
v 33.300003 42.210938 131.046875
v 0.000000 42.210938 131.046875
v 33.300003 42.669769 130.528381
v 0.000000 42.210938 131.046875
v 33.300003 42.210938 131.046875
v 0.000000 42.210938 131.046875
v 33.300003 42.669769 130.528381
v 0.000000 42.669769 130.528381
v 33.300003 43.098999 129.984619
v 0.000000 42.669769 130.528381
v 33.300003 42.669769 130.528381
v 0.000000 42.669769 130.528381
v 33.300003 43.098999 129.984619
v 0.000000 43.098999 129.984619
v 33.300003 43.868652 128.821289
v 0.000000 43.098999 129.984619
v 33.300003 43.098999 129.984619
v 0.000000 43.098999 129.984619
v 33.300003 43.868652 128.821289
v 0.000000 43.868652 128.821289
v 33.300003 44.519897 127.556885
v 0.000000 43.868652 128.821289
v 33.300003 43.868652 128.821289
v 0.000000 43.868652 128.821289
v 33.300003 44.519897 127.556885
v 0.000000 44.519897 127.556885
v 33.300003 45.052734 126.191406
v 0.000000 44.519897 127.556885
v 33.300003 44.519897 127.556885
v 0.000000 44.519897 127.556885
v 33.300003 45.052734 126.191406
v 0.000000 45.052734 126.191406
v 33.300003 45.763184 123.157227
v 0.000000 45.052734 126.191406
v 33.300003 45.052734 126.191406
v 0.000000 45.052734 126.191406
v 33.300003 45.763184 123.157227
v 0.000000 45.763184 123.157227
v 33.300003 45.940796 121.488525
v 0.000000 45.763184 123.157227
v 33.300003 45.763184 123.157227
v 0.000000 45.763184 123.157227
v 33.300003 45.940796 121.488525
v 0.000000 45.940796 121.488525
v 33.300003 46.000000 119.718750
v 0.000000 45.940796 121.488525
v 33.300003 45.940796 121.488525
v 0.000000 45.940796 121.488525
v 33.300003 46.000000 119.718750
v 0.000000 46.000000 119.718750
v 33.300003 46.000000 102.312500
v 0.000000 46.000000 119.718750
v 33.300003 46.000000 119.718750
v 0.000000 46.000000 119.718750
v 33.300003 46.000000 102.312500
v 0.000000 46.000000 102.312500
v 33.300003 41.109375 119.718750
v 0.000000 41.109375 108.468750
v 33.300003 41.109375 108.468750
v 0.000000 41.109375 108.468750
v 33.300003 41.109375 119.718750
v 0.000000 41.109375 119.718750
v 33.300003 41.069824 120.831299
v 0.000000 41.109375 119.718750
v 33.300003 41.109375 119.718750
v 0.000000 41.109375 119.718750
v 33.300003 41.069824 120.831299
v 0.000000 41.069824 120.831299
v 33.300003 40.951172 121.872070
v 0.000000 41.069824 120.831299
v 33.300003 41.069824 120.831299
v 0.000000 41.069824 120.831299
v 33.300003 40.951172 121.872070
v 0.000000 40.951172 121.872070
v 33.300003 40.753418 122.841064
v 0.000000 40.951172 121.872070
v 33.300003 40.951172 121.872070
v 0.000000 40.951172 121.872070
v 33.300003 40.753418 122.841064
v 0.000000 40.753418 122.841064
v 33.300003 40.476562 123.738281
v 0.000000 40.753418 122.841064
v 33.300003 40.753418 122.841064
v 0.000000 40.753418 122.841064
v 33.300003 40.476562 123.738281
v 0.000000 40.476562 123.738281
v 33.300003 40.120605 124.563721
v 0.000000 40.476562 123.738281
v 33.300003 40.476562 123.738281
v 0.000000 40.476562 123.738281
v 33.300003 40.120605 124.563721
v 0.000000 40.120605 124.563721
v 33.300003 39.685547 125.317383
v 0.000000 40.120605 124.563721
v 33.300003 40.120605 124.563721
v 0.000000 40.120605 124.563721
v 33.300003 39.685547 125.317383
v 0.000000 39.685547 125.317383
v 33.300003 39.171387 125.999268
v 0.000000 39.685547 125.317383
v 33.300003 39.685547 125.317383
v 0.000000 39.685547 125.317383
v 33.300003 39.171387 125.999268
v 0.000000 39.171387 125.999268
v 33.300003 38.884644 126.313293
v 0.000000 39.171387 125.999268
v 33.300003 39.171387 125.999268
v 0.000000 39.171387 125.999268
v 33.300003 38.884644 126.313293
v 0.000000 38.884644 126.313293
v 33.300003 38.578125 126.609375
v 0.000000 38.884644 126.313293
v 33.300003 38.884644 126.313293
v 0.000000 38.884644 126.313293
v 33.300003 38.578125 126.609375
v 0.000000 38.578125 126.609375
v 33.300003 37.925781 127.147705
v 0.000000 38.578125 126.609375
v 33.300003 38.578125 126.609375
v 0.000000 38.578125 126.609375
v 33.300003 37.925781 127.147705
v 0.000000 37.925781 127.147705
v 33.300003 37.234375 127.614258
v 0.000000 37.925781 127.147705
v 33.300003 37.925781 127.147705
v 0.000000 37.925781 127.147705
v 33.300003 37.234375 127.614258
v 0.000000 37.234375 127.614258
v 33.300003 35.734375 128.332031
v 0.000000 37.234375 127.614258
v 33.300003 37.234375 127.614258
v 0.000000 37.234375 127.614258
v 33.300003 35.734375 128.332031
v 0.000000 35.734375 128.332031
v 33.300003 34.078125 128.762695
v 0.000000 35.734375 128.332031
v 33.300003 35.734375 128.332031
v 0.000000 35.734375 128.332031
v 33.300003 34.078125 128.762695
v 0.000000 34.078125 128.762695
v 33.300003 33.191406 128.870361
v 0.000000 34.078125 128.762695
v 33.300003 34.078125 128.762695
v 0.000000 34.078125 128.762695
v 33.300003 33.191406 128.870361
v 0.000000 33.191406 128.870361
v 33.300003 32.265625 128.906250
v 0.000000 33.191406 128.870361
v 33.300003 33.191406 128.870361
v 0.000000 33.191406 128.870361
v 33.300003 32.265625 128.906250
v 0.000000 32.265625 128.906250
v 33.300003 31.340576 128.870605
v 0.000000 32.265625 128.906250
v 33.300003 32.265625 128.906250
v 0.000000 32.265625 128.906250
v 33.300003 31.340576 128.870605
v 0.000000 31.340576 128.870605
v 33.300003 30.456055 128.763672
v 0.000000 31.340576 128.870605
v 33.300003 31.340576 128.870605
v 0.000000 31.340576 128.870605
v 33.300003 30.456055 128.763672
v 0.000000 30.456055 128.763672
v 33.300003 28.808594 128.335938
v 0.000000 30.456055 128.763672
v 33.300003 30.456055 128.763672
v 0.000000 30.456055 128.763672
v 33.300003 28.808594 128.335938
v 0.000000 28.808594 128.335938
v 33.300003 27.323242 127.623047
v 0.000000 28.808594 128.335938
v 33.300003 28.808594 128.335938
v 0.000000 28.808594 128.335938
v 33.300003 27.323242 127.623047
v 0.000000 27.323242 127.623047
v 33.300003 26.641357 127.159668
v 0.000000 27.323242 127.623047
v 33.300003 27.323242 127.623047
v 0.000000 27.323242 127.623047
v 33.300003 26.641357 127.159668
v 0.000000 26.641357 127.159668
v 33.300003 26.000000 126.625000
v 0.000000 26.641357 127.159668
v 33.300003 26.641357 127.159668
v 0.000000 26.641357 127.159668
v 33.300003 26.000000 126.625000
v 0.000000 26.000000 126.625000
v 33.300003 25.699158 126.330688
v 0.000000 26.000000 126.625000
v 33.300003 26.000000 126.625000
v 0.000000 26.000000 126.625000
v 33.300003 25.699158 126.330688
v 0.000000 25.699158 126.330688
v 33.300003 25.417725 126.018066
v 0.000000 25.699158 126.330688
v 33.300003 25.699158 126.330688
v 0.000000 25.699158 126.330688
v 33.300003 25.417725 126.018066
v 0.000000 25.417725 126.018066
v 33.300003 24.913086 125.337891
v 0.000000 25.417725 126.018066
v 33.300003 25.417725 126.018066
v 0.000000 25.417725 126.018066
v 33.300003 24.913086 125.337891
v 0.000000 24.913086 125.337891
v 33.300003 24.486084 124.584473
v 0.000000 24.913086 125.337891
v 33.300003 24.913086 125.337891
v 0.000000 24.913086 125.337891
v 33.300003 24.486084 124.584473
v 0.000000 24.486084 124.584473
v 33.300003 24.136719 123.757812
v 0.000000 24.486084 124.584473
v 33.300003 24.486084 124.584473
v 0.000000 24.486084 124.584473
v 33.300003 24.136719 123.757812
v 0.000000 24.136719 123.757812
v 33.300003 23.864990 122.857910
v 0.000000 24.136719 123.757812
v 33.300003 24.136719 123.757812
v 0.000000 24.136719 123.757812
v 33.300003 23.864990 122.857910
v 0.000000 23.864990 122.857910
v 33.300003 23.670898 121.884766
v 0.000000 23.864990 122.857910
v 33.300003 23.864990 122.857910
v 0.000000 23.864990 122.857910
v 33.300003 23.670898 121.884766
v 0.000000 23.670898 121.884766
v 33.300003 23.554443 120.838379
v 0.000000 23.670898 121.884766
v 33.300003 23.670898 121.884766
v 0.000000 23.670898 121.884766
v 33.300003 23.554443 120.838379
v 0.000000 23.554443 120.838379
v 33.300003 23.515625 119.718750
v 0.000000 23.554443 120.838379
v 33.300003 23.554443 120.838379
v 0.000000 23.554443 120.838379
v 33.300003 23.515625 119.718750
v 0.000000 23.515625 119.718750
v 33.300003 23.515625 108.468750
v 0.000000 23.515625 119.718750
v 33.300003 23.515625 119.718750
v 0.000000 23.515625 119.718750
v 33.300003 23.515625 108.468750
v 0.000000 23.515625 108.468750
v 33.300003 18.578125 177.625000
v 0.000000 5.046875 166.156250
v 33.300003 5.046875 166.156250
v 0.000000 5.046875 166.156250
v 33.300003 18.578125 177.625000
v 0.000000 18.578125 177.625000
v 33.300003 21.077637 179.526367
v 0.000000 18.578125 177.625000
v 33.300003 18.578125 177.625000
v 0.000000 18.578125 177.625000
v 33.300003 21.077637 179.526367
v 0.000000 21.077637 179.526367
v 33.300003 23.357422 181.167969
v 0.000000 21.077637 179.526367
v 33.300003 21.077637 179.526367
v 0.000000 21.077637 179.526367
v 33.300003 23.357422 181.167969
v 0.000000 23.357422 181.167969
v 33.300003 25.417480 182.549805
v 0.000000 23.357422 181.167969
v 33.300003 23.357422 181.167969
v 0.000000 23.357422 181.167969
v 33.300003 25.417480 182.549805
v 0.000000 25.417480 182.549805
v 33.300003 27.257812 183.671875
v 0.000000 25.417480 182.549805
v 33.300003 25.417480 182.549805
v 0.000000 25.417480 182.549805
v 33.300003 27.257812 183.671875
v 0.000000 27.257812 183.671875
v 33.300003 28.125366 184.136963
v 0.000000 27.257812 183.671875
v 33.300003 27.257812 183.671875
v 0.000000 27.257812 183.671875
v 33.300003 28.125366 184.136963
v 0.000000 28.125366 184.136963
v 33.300003 28.997559 184.540039
v 0.000000 28.125366 184.136963
v 33.300003 28.125366 184.136963
v 0.000000 28.125366 184.136963
v 33.300003 28.997559 184.540039
v 0.000000 28.997559 184.540039
v 33.300003 30.755859 185.160156
v 0.000000 28.997559 184.540039
v 33.300003 28.997559 184.540039
v 0.000000 28.997559 184.540039
v 33.300003 30.755859 185.160156
v 0.000000 30.755859 185.160156
v 33.300003 32.532715 185.532227
v 0.000000 30.755859 185.160156
v 33.300003 30.755859 185.160156
v 0.000000 30.755859 185.160156
v 33.300003 32.532715 185.532227
v 0.000000 32.532715 185.532227
v 33.300003 33.428101 185.625244
v 0.000000 32.532715 185.532227
v 33.300003 32.532715 185.532227
v 0.000000 32.532715 185.532227
v 33.300003 33.428101 185.625244
v 0.000000 33.428101 185.625244
v 33.300003 34.328125 185.656250
v 0.000000 33.428101 185.625244
v 33.300003 33.428101 185.625244
v 0.000000 33.428101 185.625244
v 33.300003 34.328125 185.656250
v 0.000000 34.328125 185.656250
v 33.300003 35.640991 185.601562
v 0.000000 34.328125 185.656250
v 33.300003 34.328125 185.656250
v 0.000000 34.328125 185.656250
v 33.300003 35.640991 185.601562
v 0.000000 35.640991 185.601562
v 33.300003 36.892090 185.437500
v 0.000000 35.640991 185.601562
v 33.300003 35.640991 185.601562
v 0.000000 35.640991 185.601562
v 33.300003 36.892090 185.437500
v 0.000000 36.892090 185.437500
v 33.300003 38.081421 185.164062
v 0.000000 36.892090 185.437500
v 33.300003 36.892090 185.437500
v 0.000000 36.892090 185.437500
v 33.300003 38.081421 185.164062
v 0.000000 38.081421 185.164062
v 33.300003 39.208984 184.781250
v 0.000000 38.081421 185.164062
v 33.300003 38.081421 185.164062
v 0.000000 38.081421 185.164062
v 33.300003 39.208984 184.781250
v 0.000000 39.208984 184.781250
v 33.300003 40.274780 184.289062
v 0.000000 39.208984 184.781250
v 33.300003 39.208984 184.781250
v 0.000000 39.208984 184.781250
v 33.300003 40.274780 184.289062
v 0.000000 40.274780 184.289062
v 33.300003 41.278809 183.687500
v 0.000000 40.274780 184.289062
v 33.300003 40.274780 184.289062
v 0.000000 40.274780 184.289062
v 33.300003 41.278809 183.687500
v 0.000000 41.278809 183.687500
v 33.300003 42.221069 182.976562
v 0.000000 41.278809 183.687500
v 33.300003 41.278809 183.687500
v 0.000000 41.278809 183.687500
v 33.300003 42.221069 182.976562
v 0.000000 42.221069 182.976562
v 33.300003 42.669037 182.580078
v 0.000000 42.221069 182.976562
v 33.300003 42.221069 182.976562
v 0.000000 42.221069 182.976562
v 33.300003 42.669037 182.580078
v 0.000000 42.669037 182.580078
v 33.300003 43.101562 182.156250
v 0.000000 42.669037 182.580078
v 33.300003 42.669037 182.580078
v 0.000000 42.669037 182.580078
v 33.300003 43.101562 182.156250
v 0.000000 43.101562 182.156250
v 33.300003 43.513092 181.708618
v 0.000000 43.101562 182.156250
v 33.300003 43.101562 182.156250
v 0.000000 43.101562 182.156250
v 33.300003 43.513092 181.708618
v 0.000000 43.513092 181.708618
v 33.300003 43.898071 181.240723
v 0.000000 43.513092 181.708618
v 33.300003 43.513092 181.708618
v 0.000000 43.513092 181.708618
v 33.300003 43.898071 181.240723
v 0.000000 43.898071 181.240723
v 33.300003 44.588379 180.244141
v 0.000000 43.898071 181.240723
v 33.300003 43.898071 181.240723
v 0.000000 43.898071 181.240723
v 33.300003 44.588379 180.244141
v 0.000000 44.588379 180.244141
v 33.300003 45.172485 179.166504
v 0.000000 44.588379 180.244141
v 33.300003 44.588379 180.244141
v 0.000000 44.588379 180.244141
v 33.300003 45.172485 179.166504
v 0.000000 45.172485 179.166504
v 33.300003 45.650391 178.007812
v 0.000000 45.172485 179.166504
v 33.300003 45.172485 179.166504
v 0.000000 45.172485 179.166504
v 33.300003 45.650391 178.007812
v 0.000000 45.650391 178.007812
v 33.300003 46.287598 175.447266
v 0.000000 45.650391 178.007812
v 33.300003 45.650391 178.007812
v 0.000000 45.650391 178.007812
v 33.300003 46.287598 175.447266
v 0.000000 46.287598 175.447266
v 33.300003 46.446899 174.045410
v 0.000000 46.287598 175.447266
v 33.300003 46.287598 175.447266
v 0.000000 46.287598 175.447266
v 33.300003 46.446899 174.045410
v 0.000000 46.446899 174.045410
v 33.300003 46.500000 172.562500
v 0.000000 46.446899 174.045410
v 33.300003 46.446899 174.045410
v 0.000000 46.446899 174.045410
v 33.300003 46.500000 172.562500
v 0.000000 46.500000 172.562500
v 33.300003 46.439209 170.941895
v 0.000000 46.500000 172.562500
v 33.300003 46.500000 172.562500
v 0.000000 46.500000 172.562500
v 33.300003 46.439209 170.941895
v 0.000000 46.439209 170.941895
v 33.300003 46.256836 169.408203
v 0.000000 46.439209 170.941895
v 33.300003 46.439209 170.941895
v 0.000000 46.439209 170.941895
v 33.300003 46.256836 169.408203
v 0.000000 46.256836 169.408203
v 33.300003 45.527344 166.601562
v 0.000000 46.256836 169.408203
v 33.300003 46.256836 169.408203
v 0.000000 46.256836 169.408203
v 33.300003 45.527344 166.601562
v 0.000000 45.527344 166.601562
v 33.300003 44.980225 165.328613
v 0.000000 45.527344 166.601562
v 33.300003 45.527344 166.601562
v 0.000000 45.527344 166.601562
v 33.300003 44.980225 165.328613
v 0.000000 44.980225 165.328613
v 33.300003 44.311523 164.142578
v 0.000000 44.980225 165.328613
v 33.300003 44.980225 165.328613
v 0.000000 44.980225 165.328613
v 33.300003 44.311523 164.142578
v 0.000000 44.311523 164.142578
v 33.300003 43.521240 163.043457
v 0.000000 44.311523 164.142578
v 33.300003 44.311523 164.142578
v 0.000000 44.311523 164.142578
v 33.300003 43.521240 163.043457
v 0.000000 43.521240 163.043457
v 33.300003 43.080505 162.526489
v 0.000000 43.521240 163.043457
v 33.300003 43.521240 163.043457
v 0.000000 43.521240 163.043457
v 33.300003 43.080505 162.526489
v 0.000000 43.080505 162.526489
v 33.300003 42.609375 162.031250
v 0.000000 43.080505 162.526489
v 33.300003 43.080505 162.526489
v 0.000000 43.080505 162.526489
v 33.300003 42.609375 162.031250
v 0.000000 42.609375 162.031250
v 33.300003 42.116333 161.562622
v 0.000000 42.609375 162.031250
v 33.300003 42.609375 162.031250
v 0.000000 42.609375 162.031250
v 33.300003 42.116333 161.562622
v 0.000000 42.116333 161.562622
v 33.300003 41.609863 161.125488
v 0.000000 42.116333 161.562622
v 33.300003 42.116333 161.562622
v 0.000000 42.116333 161.562622
v 33.300003 41.609863 161.125488
v 0.000000 41.609863 161.125488
v 33.300003 40.556641 160.345703
v 0.000000 41.609863 161.125488
v 33.300003 41.609863 161.125488
v 0.000000 41.609863 161.125488
v 33.300003 40.556641 160.345703
v 0.000000 40.556641 160.345703
v 33.300003 39.449707 159.691895
v 0.000000 40.556641 160.345703
v 33.300003 40.556641 160.345703
v 0.000000 40.556641 160.345703
v 33.300003 39.449707 159.691895
v 0.000000 39.449707 159.691895
v 33.300003 38.289062 159.164062
v 0.000000 39.449707 159.691895
v 33.300003 39.449707 159.691895
v 0.000000 39.449707 159.691895
v 33.300003 38.289062 159.164062
v 0.000000 38.289062 159.164062
v 33.300003 37.074707 158.762207
v 0.000000 38.289062 159.164062
v 33.300003 38.289062 159.164062
v 0.000000 38.289062 159.164062
v 33.300003 37.074707 158.762207
v 0.000000 37.074707 158.762207
v 33.300003 35.806641 158.486328
v 0.000000 37.074707 158.762207
v 33.300003 37.074707 158.762207
v 0.000000 37.074707 158.762207
v 33.300003 35.806641 158.486328
v 0.000000 35.806641 158.486328
v 33.300003 34.484863 158.336426
v 0.000000 35.806641 158.486328
v 33.300003 35.806641 158.486328
v 0.000000 35.806641 158.486328
v 33.300003 34.484863 158.336426
v 0.000000 34.484863 158.336426
v 33.300003 33.109375 158.312500
v 0.000000 34.484863 158.336426
v 33.300003 34.484863 158.336426
v 0.000000 34.484863 158.336426
v 33.300003 33.109375 158.312500
v 0.000000 33.109375 158.312500
v 33.300003 32.921875 158.375000
v 0.000000 33.109375 158.312500
v 33.300003 33.109375 158.312500
v 0.000000 33.109375 158.312500
v 33.300003 32.921875 158.375000
v 0.000000 32.921875 158.375000
v 33.300003 33.832275 164.345459
v 0.000000 32.921875 164.312500
v 33.300003 32.921875 164.312500
v 0.000000 32.921875 164.312500
v 33.300003 33.832275 164.345459
v 0.000000 33.832275 164.345459
v 33.300003 34.704102 164.444336
v 0.000000 33.832275 164.345459
v 33.300003 33.832275 164.345459
v 0.000000 33.832275 164.345459
v 33.300003 34.704102 164.444336
v 0.000000 34.704102 164.444336
v 33.300003 36.332031 164.839844
v 0.000000 34.704102 164.444336
v 33.300003 34.704102 164.444336
v 0.000000 34.704102 164.444336
v 33.300003 36.332031 164.839844
v 0.000000 36.332031 164.839844
v 33.300003 37.805664 165.499023
v 0.000000 36.332031 164.839844
v 33.300003 36.332031 164.839844
v 0.000000 36.332031 164.839844
v 33.300003 37.805664 165.499023
v 0.000000 37.805664 165.499023
v 33.300003 38.484619 165.927490
v 0.000000 37.805664 165.499023
v 33.300003 37.805664 165.499023
v 0.000000 37.805664 165.499023
v 33.300003 38.484619 165.927490
v 0.000000 38.484619 165.927490
v 33.300003 39.125000 166.421875
v 0.000000 38.484619 165.927490
v 33.300003 38.484619 165.927490
v 0.000000 38.484619 165.927490
v 33.300003 39.125000 166.421875
v 0.000000 39.125000 166.421875
v 33.300003 39.425842 166.693054
v 0.000000 39.125000 166.421875
v 33.300003 39.125000 166.421875
v 0.000000 39.125000 166.421875
v 33.300003 39.425842 166.693054
v 0.000000 39.425842 166.693054
v 33.300003 39.707275 166.979248
v 0.000000 39.425842 166.693054
v 33.300003 39.425842 166.693054
v 0.000000 39.425842 166.693054
v 33.300003 39.707275 166.979248
v 0.000000 39.707275 166.979248
v 33.300003 40.211914 167.596680
v 0.000000 39.707275 166.979248
v 33.300003 39.707275 166.979248
v 0.000000 39.707275 166.979248
v 33.300003 40.211914 167.596680
v 0.000000 40.211914 167.596680
v 33.300003 40.638916 168.274170
v 0.000000 40.211914 167.596680
v 33.300003 40.211914 167.596680
v 0.000000 40.211914 167.596680
v 33.300003 40.638916 168.274170
v 0.000000 40.638916 168.274170
v 33.300003 40.988281 169.011719
v 0.000000 40.638916 168.274170
v 33.300003 40.638916 168.274170
v 0.000000 40.638916 168.274170
v 33.300003 40.988281 169.011719
v 0.000000 40.988281 169.011719
v 33.300003 41.260010 169.809326
v 0.000000 40.988281 169.011719
v 33.300003 40.988281 169.011719
v 0.000000 40.988281 169.011719
v 33.300003 41.260010 169.809326
v 0.000000 41.260010 169.809326
v 33.300003 41.454102 170.666992
v 0.000000 41.260010 169.809326
v 33.300003 41.260010 169.809326
v 0.000000 41.260010 169.809326
v 33.300003 41.454102 170.666992
v 0.000000 41.454102 170.666992
v 33.300003 41.570557 171.584717
v 0.000000 41.454102 170.666992
v 33.300003 41.454102 170.666992
v 0.000000 41.454102 170.666992
v 33.300003 41.570557 171.584717
v 0.000000 41.570557 171.584717
v 33.300003 41.609375 172.562500
v 0.000000 41.570557 171.584717
v 33.300003 41.570557 171.584717
v 0.000000 41.570557 171.584717
v 33.300003 41.609375 172.562500
v 0.000000 41.609375 172.562500
v 33.300003 41.577637 173.353027
v 0.000000 41.609375 172.562500
v 33.300003 41.609375 172.562500
v 0.000000 41.609375 172.562500
v 33.300003 41.577637 173.353027
v 0.000000 41.577637 173.353027
v 33.300003 41.482422 174.099609
v 0.000000 41.577637 173.353027
v 33.300003 41.577637 173.353027
v 0.000000 41.577637 173.353027
v 33.300003 41.482422 174.099609
v 0.000000 41.482422 174.099609
v 33.300003 41.323730 174.802246
v 0.000000 41.482422 174.099609
v 33.300003 41.482422 174.099609
v 0.000000 41.482422 174.099609
v 33.300003 41.323730 174.802246
v 0.000000 41.323730 174.802246
v 33.300003 41.101562 175.460938
v 0.000000 41.323730 174.802246
v 33.300003 41.323730 174.802246
v 0.000000 41.323730 174.802246
v 33.300003 41.101562 175.460938
v 0.000000 41.101562 175.460938
v 33.300003 40.815918 176.075684
v 0.000000 41.101562 175.460938
v 33.300003 41.101562 175.460938
v 0.000000 41.101562 175.460938
v 33.300003 40.815918 176.075684
v 0.000000 40.815918 176.075684
v 33.300003 40.466797 176.646484
v 0.000000 40.815918 176.075684
v 33.300003 40.815918 176.075684
v 0.000000 40.815918 176.075684
v 33.300003 40.466797 176.646484
v 0.000000 40.466797 176.646484
v 33.300003 40.054199 177.173340
v 0.000000 40.466797 176.646484
v 33.300003 40.466797 176.646484
v 0.000000 40.466797 176.646484
v 33.300003 40.054199 177.173340
v 0.000000 40.054199 177.173340
v 33.300003 39.824097 177.420288
v 0.000000 40.054199 177.173340
v 33.300003 40.054199 177.173340
v 0.000000 40.054199 177.173340
v 33.300003 39.824097 177.420288
v 0.000000 39.824097 177.420288
v 33.300003 39.578125 177.656250
v 0.000000 39.824097 177.420288
v 33.300003 39.824097 177.420288
v 0.000000 39.824097 177.420288
v 33.300003 39.578125 177.656250
v 0.000000 39.578125 177.656250
v 33.300003 39.319763 177.879517
v 0.000000 39.578125 177.656250
v 33.300003 39.578125 177.656250
v 0.000000 39.578125 177.656250
v 33.300003 39.319763 177.879517
v 0.000000 39.319763 177.879517
v 33.300003 39.052490 178.088379
v 0.000000 39.319763 177.879517
v 33.300003 39.319763 177.879517
v 0.000000 39.319763 177.879517
v 33.300003 39.052490 178.088379
v 0.000000 39.052490 178.088379
v 33.300003 38.491211 178.462891
v 0.000000 39.052490 178.088379
v 33.300003 39.052490 178.088379
v 0.000000 39.052490 178.088379
v 33.300003 38.491211 178.462891
v 0.000000 38.491211 178.462891
v 33.300003 37.261719 179.039062
v 0.000000 38.491211 178.462891
v 33.300003 38.491211 178.462891
v 0.000000 38.491211 178.462891
v 33.300003 37.261719 179.039062
v 0.000000 37.261719 179.039062
v 33.300003 35.889648 179.384766
v 0.000000 37.261719 179.039062
v 33.300003 37.261719 179.039062
v 0.000000 37.261719 179.039062
v 33.300003 35.889648 179.384766
v 0.000000 35.889648 179.384766
v 33.300003 35.150146 179.471191
v 0.000000 35.889648 179.384766
v 33.300003 35.889648 179.384766
v 0.000000 35.889648 179.384766
v 33.300003 35.150146 179.471191
v 0.000000 35.150146 179.471191
v 33.300003 34.375000 179.500000
v 0.000000 35.150146 179.471191
v 33.300003 35.150146 179.471191
v 0.000000 35.150146 179.471191
v 33.300003 34.375000 179.500000
v 0.000000 34.375000 179.500000
v 33.300003 33.676514 179.478760
v 0.000000 34.375000 179.500000
v 33.300003 34.375000 179.500000
v 0.000000 34.375000 179.500000
v 33.300003 33.676514 179.478760
v 0.000000 33.676514 179.478760
v 33.300003 32.979492 179.415039
v 0.000000 33.676514 179.478760
v 33.300003 33.676514 179.478760
v 0.000000 33.676514 179.478760
v 33.300003 32.979492 179.415039
v 0.000000 32.979492 179.415039
v 33.300003 31.589844 179.160156
v 0.000000 32.979492 179.415039
v 33.300003 32.979492 179.415039
v 0.000000 32.979492 179.415039
v 33.300003 31.589844 179.160156
v 0.000000 31.589844 179.160156
v 33.300003 30.206055 178.735352
v 0.000000 31.589844 179.160156
v 33.300003 31.589844 179.160156
v 0.000000 31.589844 179.160156
v 33.300003 30.206055 178.735352
v 0.000000 30.206055 178.735352
v 33.300003 29.516357 178.459229
v 0.000000 30.206055 178.735352
v 33.300003 30.206055 178.735352
v 0.000000 30.206055 178.735352
v 33.300003 29.516357 178.459229
v 0.000000 29.516357 178.459229
v 33.300003 28.828125 178.140625
v 0.000000 29.516357 178.459229
v 33.300003 29.516357 178.459229
v 0.000000 29.516357 178.459229
v 33.300003 28.828125 178.140625
v 0.000000 28.828125 178.140625
v 33.300003 27.333984 177.307617
v 0.000000 28.828125 178.140625
v 33.300003 28.828125 178.140625
v 0.000000 28.828125 178.140625
v 33.300003 27.333984 177.307617
v 0.000000 27.333984 177.307617
v 33.300003 25.601562 176.167969
v 0.000000 27.333984 177.307617
v 33.300003 27.333984 177.307617
v 0.000000 27.333984 177.307617
v 33.300003 25.601562 176.167969
v 0.000000 25.601562 176.167969
v 33.300003 23.630859 174.721680
v 0.000000 25.601562 176.167969
v 33.300003 25.601562 176.167969
v 0.000000 25.601562 176.167969
v 33.300003 23.630859 174.721680
v 0.000000 23.630859 174.721680
v 33.300003 21.421875 172.968750
v 0.000000 23.630859 174.721680
v 33.300003 23.630859 174.721680
v 0.000000 23.630859 174.721680
v 33.300003 21.421875 172.968750
v 0.000000 21.421875 172.968750
v 33.300003 4.281250 158.687500
v 0.000000 21.421875 172.968750
v 33.300003 21.421875 172.968750
v 0.000000 21.421875 172.968750
v 33.300003 4.281250 158.687500
v 0.000000 4.281250 158.687500
v 33.300003 0.000000 44.093750
v 33.300003 34.187500 44.093750
v 33.300003 0.000000 50.250000
v 33.300003 0.000000 50.250000
v 33.300003 34.187500 44.093750
v 33.300003 46.000000 50.250000
v 33.300003 46.000000 50.250000
v 33.300003 34.187500 44.093750
v 33.300003 46.000000 42.593750
v 33.300003 34.187500 44.093750
v 33.300003 34.218750 43.906250
v 33.300003 46.000000 42.593750
v 33.300003 46.000000 42.593750
v 33.300003 34.218750 43.906250
v 33.300003 8.609375 28.062500
v 33.300003 34.218750 43.906250
v 33.300003 0.000000 30.125000
v 33.300003 8.609375 28.062500
v 33.300003 0.000000 30.125000
v 33.300003 0.000000 25.843750
v 33.300003 8.609375 28.062500
v 33.300003 8.609375 28.062500
v 33.300003 0.000000 25.843750
v 33.300003 8.609375 27.875000
v 33.300003 0.000000 25.843750
v 33.300003 35.343750 11.656250
v 33.300003 8.609375 27.875000
v 33.300003 35.343750 11.656250
v 33.300003 46.000000 13.406250
v 33.300003 8.609375 27.875000
v 33.300003 35.312500 11.468750
v 33.300003 46.000000 13.406250
v 33.300003 35.343750 11.656250
v 33.300003 46.000000 5.312500
v 33.300003 46.000000 13.406250
v 33.300003 35.312500 11.468750
v 33.300003 0.000000 5.312500
v 33.300003 46.000000 5.312500
v 33.300003 35.312500 11.468750
v 33.300003 0.000000 11.468750
v 33.300003 0.000000 5.312500
v 33.300003 35.312500 11.468750
v 33.300003 4.890625 166.218750
v 33.300003 4.890625 186.937500
v 33.300003 0.000000 186.937500
v 33.300003 0.000000 158.687500
v 33.300003 4.890625 166.218750
v 33.300003 0.000000 186.937500
v 33.300003 4.281250 158.687500
v 33.300003 4.890625 166.218750
v 33.300003 0.000000 158.687500
v 33.300003 5.046875 166.156250
v 33.300003 4.890625 166.218750
v 33.300003 4.281250 158.687500
v 33.300003 21.421875 172.968750
v 33.300003 5.046875 166.156250
v 33.300003 4.281250 158.687500
v 33.300003 18.578125 177.625000
v 33.300003 5.046875 166.156250
v 33.300003 21.421875 172.968750
v 33.300003 23.630859 174.721680
v 33.300003 18.578125 177.625000
v 33.300003 21.421875 172.968750
v 33.300003 21.077637 179.526367
v 33.300003 18.578125 177.625000
v 33.300003 23.630859 174.721680
v 33.300003 25.601562 176.167969
v 33.300003 21.077637 179.526367
v 33.300003 23.630859 174.721680
v 33.300003 23.357422 181.167969
v 33.300003 21.077637 179.526367
v 33.300003 25.601562 176.167969
v 33.300003 27.333984 177.307617
v 33.300003 23.357422 181.167969
v 33.300003 25.601562 176.167969
v 33.300003 25.417480 182.549805
v 33.300003 23.357422 181.167969
v 33.300003 27.333984 177.307617
v 33.300003 28.828125 178.140625
v 33.300003 25.417480 182.549805
v 33.300003 27.333984 177.307617
v 33.300003 27.257812 183.671875
v 33.300003 25.417480 182.549805
v 33.300003 28.828125 178.140625
v 33.300003 29.516357 178.459229
v 33.300003 27.257812 183.671875
v 33.300003 28.828125 178.140625
v 33.300003 30.206055 178.735352
v 33.300003 27.257812 183.671875
v 33.300003 29.516357 178.459229
v 33.300003 28.125366 184.136963
v 33.300003 27.257812 183.671875
v 33.300003 30.206055 178.735352
v 33.300003 28.997559 184.540039
v 33.300003 28.125366 184.136963
v 33.300003 30.206055 178.735352
v 33.300003 31.589844 179.160156
v 33.300003 28.997559 184.540039
v 33.300003 30.206055 178.735352
v 33.300003 30.755859 185.160156
v 33.300003 28.997559 184.540039
v 33.300003 31.589844 179.160156
v 33.300003 32.979492 179.415039
v 33.300003 30.755859 185.160156
v 33.300003 31.589844 179.160156
v 33.300003 32.532715 185.532227
v 33.300003 30.755859 185.160156
v 33.300003 32.979492 179.415039
v 33.300003 33.676514 179.478760
v 33.300003 32.532715 185.532227
v 33.300003 32.979492 179.415039
v 33.300003 33.428101 185.625244
v 33.300003 32.532715 185.532227
v 33.300003 33.676514 179.478760
v 33.300003 34.375000 179.500000
v 33.300003 33.428101 185.625244
v 33.300003 33.676514 179.478760
v 33.300003 34.328125 185.656250
v 33.300003 33.428101 185.625244
v 33.300003 34.375000 179.500000
v 33.300003 35.640991 185.601562
v 33.300003 34.328125 185.656250
v 33.300003 34.375000 179.500000
v 33.300003 35.150146 179.471191
v 33.300003 35.640991 185.601562
v 33.300003 34.375000 179.500000
v 33.300003 36.892090 185.437500
v 33.300003 35.640991 185.601562
v 33.300003 35.150146 179.471191
v 33.300003 35.889648 179.384766
v 33.300003 36.892090 185.437500
v 33.300003 35.150146 179.471191
v 33.300003 38.081421 185.164062
v 33.300003 36.892090 185.437500
v 33.300003 35.889648 179.384766
v 33.300003 37.261719 179.039062
v 33.300003 38.081421 185.164062
v 33.300003 35.889648 179.384766
v 33.300003 39.208984 184.781250
v 33.300003 38.081421 185.164062
v 33.300003 37.261719 179.039062
v 33.300003 40.274780 184.289062
v 33.300003 39.208984 184.781250
v 33.300003 37.261719 179.039062
v 33.300003 38.491211 178.462891
v 33.300003 40.274780 184.289062
v 33.300003 37.261719 179.039062
v 33.300003 41.278809 183.687500
v 33.300003 40.274780 184.289062
v 33.300003 38.491211 178.462891
v 33.300003 42.221069 182.976562
v 33.300003 41.278809 183.687500
v 33.300003 38.491211 178.462891
v 33.300003 39.052490 178.088379
v 33.300003 42.221069 182.976562
v 33.300003 38.491211 178.462891
v 33.300003 42.669037 182.580078
v 33.300003 42.221069 182.976562
v 33.300003 39.052490 178.088379
v 33.300003 43.101562 182.156250
v 33.300003 42.669037 182.580078
v 33.300003 39.052490 178.088379
v 33.300003 39.319763 177.879517
v 33.300003 43.101562 182.156250
v 33.300003 39.052490 178.088379
v 33.300003 43.513092 181.708618
v 33.300003 43.101562 182.156250
v 33.300003 39.319763 177.879517
v 33.300003 39.578125 177.656250
v 33.300003 43.513092 181.708618
v 33.300003 39.319763 177.879517
v 33.300003 43.898071 181.240723
v 33.300003 43.513092 181.708618
v 33.300003 39.578125 177.656250
v 33.300003 39.824097 177.420288
v 33.300003 43.898071 181.240723
v 33.300003 39.578125 177.656250
v 33.300003 40.054199 177.173340
v 33.300003 43.898071 181.240723
v 33.300003 39.824097 177.420288
v 33.300003 44.588379 180.244141
v 33.300003 43.898071 181.240723
v 33.300003 40.054199 177.173340
v 33.300003 40.466797 176.646484
v 33.300003 44.588379 180.244141
v 33.300003 40.054199 177.173340
v 33.300003 45.172485 179.166504
v 33.300003 44.588379 180.244141
v 33.300003 40.466797 176.646484
v 33.300003 40.815918 176.075684
v 33.300003 45.172485 179.166504
v 33.300003 40.466797 176.646484
v 33.300003 45.650391 178.007812
v 33.300003 45.172485 179.166504
v 33.300003 40.815918 176.075684
v 33.300003 41.101562 175.460938
v 33.300003 45.650391 178.007812
v 33.300003 40.815918 176.075684
v 33.300003 46.287598 175.447266
v 33.300003 45.650391 178.007812
v 33.300003 41.101562 175.460938
v 33.300003 41.323730 174.802246
v 33.300003 46.287598 175.447266
v 33.300003 41.101562 175.460938
v 33.300003 41.482422 174.099609
v 33.300003 46.287598 175.447266
v 33.300003 41.323730 174.802246
v 33.300003 46.446899 174.045410
v 33.300003 46.287598 175.447266
v 33.300003 41.482422 174.099609
v 33.300003 41.577637 173.353027
v 33.300003 46.446899 174.045410
v 33.300003 41.482422 174.099609
v 33.300003 46.500000 172.562500
v 33.300003 46.446899 174.045410
v 33.300003 41.577637 173.353027
v 33.300003 41.609375 172.562500
v 33.300003 46.500000 172.562500
v 33.300003 41.577637 173.353027
v 33.300003 41.570557 171.584717
v 33.300003 46.500000 172.562500
v 33.300003 41.609375 172.562500
v 33.300003 46.439209 170.941895
v 33.300003 46.500000 172.562500
v 33.300003 41.570557 171.584717
v 33.300003 41.454102 170.666992
v 33.300003 46.439209 170.941895
v 33.300003 41.570557 171.584717
v 33.300003 46.256836 169.408203
v 33.300003 46.439209 170.941895
v 33.300003 41.454102 170.666992
v 33.300003 41.260010 169.809326
v 33.300003 46.256836 169.408203
v 33.300003 41.454102 170.666992
v 33.300003 45.527344 166.601562
v 33.300003 46.256836 169.408203
v 33.300003 41.260010 169.809326
v 33.300003 40.988281 169.011719
v 33.300003 45.527344 166.601562
v 33.300003 41.260010 169.809326
v 33.300003 40.638916 168.274170
v 33.300003 45.527344 166.601562
v 33.300003 40.988281 169.011719
v 33.300003 44.980225 165.328613
v 33.300003 45.527344 166.601562
v 33.300003 40.638916 168.274170
v 33.300003 40.211914 167.596680
v 33.300003 44.980225 165.328613
v 33.300003 40.638916 168.274170
v 33.300003 44.311523 164.142578
v 33.300003 44.980225 165.328613
v 33.300003 40.211914 167.596680
v 33.300003 39.707275 166.979248
v 33.300003 44.311523 164.142578
v 33.300003 40.211914 167.596680
v 33.300003 43.521240 163.043457
v 33.300003 44.311523 164.142578
v 33.300003 39.707275 166.979248
v 33.300003 39.425842 166.693054
v 33.300003 43.521240 163.043457
v 33.300003 39.707275 166.979248
v 33.300003 43.080505 162.526489
v 33.300003 43.521240 163.043457
v 33.300003 39.425842 166.693054
v 33.300003 39.125000 166.421875
v 33.300003 43.080505 162.526489
v 33.300003 39.425842 166.693054
v 33.300003 42.609375 162.031250
v 33.300003 43.080505 162.526489
v 33.300003 39.125000 166.421875
v 33.300003 38.484619 165.927490
v 33.300003 42.609375 162.031250
v 33.300003 39.125000 166.421875
v 33.300003 42.116333 161.562622
v 33.300003 42.609375 162.031250
v 33.300003 38.484619 165.927490
v 33.300003 41.609863 161.125488
v 33.300003 42.116333 161.562622
v 33.300003 38.484619 165.927490
v 33.300003 37.805664 165.499023
v 33.300003 41.609863 161.125488
v 33.300003 38.484619 165.927490
v 33.300003 40.556641 160.345703
v 33.300003 41.609863 161.125488
v 33.300003 37.805664 165.499023
v 33.300003 39.449707 159.691895
v 33.300003 40.556641 160.345703
v 33.300003 37.805664 165.499023
v 33.300003 36.332031 164.839844
v 33.300003 39.449707 159.691895
v 33.300003 37.805664 165.499023
v 33.300003 38.289062 159.164062
v 33.300003 39.449707 159.691895
v 33.300003 36.332031 164.839844
v 33.300003 37.074707 158.762207
v 33.300003 38.289062 159.164062
v 33.300003 36.332031 164.839844
v 33.300003 34.704102 164.444336
v 33.300003 37.074707 158.762207
v 33.300003 36.332031 164.839844
v 33.300003 35.806641 158.486328
v 33.300003 37.074707 158.762207
v 33.300003 34.704102 164.444336
v 33.300003 34.484863 158.336426
v 33.300003 35.806641 158.486328
v 33.300003 34.704102 164.444336
v 33.300003 33.832275 164.345459
v 33.300003 34.484863 158.336426
v 33.300003 34.704102 164.444336
v 33.300003 32.921875 158.375000
v 33.300003 34.484863 158.336426
v 33.300003 33.832275 164.345459
v 33.300003 32.921875 164.312500
v 33.300003 32.921875 158.375000
v 33.300003 33.832275 164.345459
v 33.300003 33.109375 158.312500
v 33.300003 34.484863 158.336426
v 33.300003 32.921875 158.375000
v 33.300003 0.000000 64.625000
v 33.300003 0.000000 58.343750
v 33.300003 11.718750 68.687500
v 33.300003 11.718750 68.687500
v 33.300003 0.000000 58.343750
v 33.300003 16.875000 70.468750
v 33.300003 11.718750 85.812500
v 33.300003 11.718750 68.687500
v 33.300003 16.875000 70.468750
v 33.300003 0.000000 58.343750
v 33.300003 46.000000 74.750000
v 33.300003 16.875000 70.468750
v 33.300003 16.875000 70.468750
v 33.300003 46.000000 74.750000
v 33.300003 36.406250 77.250000
v 33.300003 36.406250 77.250000
v 33.300003 46.000000 74.750000
v 33.300003 36.406250 77.437500
v 33.300003 46.000000 74.750000
v 33.300003 46.000000 80.031250
v 33.300003 36.406250 77.437500
v 33.300003 16.875000 84.062500
v 33.300003 11.718750 85.812500
v 33.300003 16.875000 70.468750
v 33.300003 36.406250 77.437500
v 33.300003 46.000000 80.031250
v 33.300003 16.875000 84.062500
v 33.300003 46.000000 80.031250
v 33.300003 0.000000 96.093750
v 33.300003 16.875000 84.062500
v 33.300003 16.875000 84.062500
v 33.300003 0.000000 96.093750
v 33.300003 11.718750 85.812500
v 33.300003 0.000000 96.093750
v 33.300003 0.000000 89.812500
v 33.300003 11.718750 85.812500
v 33.300003 0.000000 108.468750
v 33.300003 0.000000 102.312500
v 33.300003 18.453125 108.468750
v 33.300003 18.453125 108.468750
v 33.300003 0.000000 102.312500
v 33.300003 23.515625 108.468750
v 33.300003 0.000000 102.312500
v 33.300003 46.000000 102.312500
v 33.300003 23.515625 108.468750
v 33.300003 23.515625 108.468750
v 33.300003 18.453125 119.718750
v 33.300003 18.453125 108.468750
v 33.300003 23.515625 108.468750
v 33.300003 46.000000 102.312500
v 33.300003 41.109375 108.468750
v 33.300003 23.515625 119.718750
v 33.300003 18.453125 119.718750
v 33.300003 23.515625 108.468750
v 33.300003 46.000000 102.312500
v 33.300003 46.000000 119.718750
v 33.300003 41.109375 108.468750
v 33.300003 23.554443 120.838379
v 33.300003 18.453125 119.718750
v 33.300003 23.515625 119.718750
v 33.300003 41.109375 108.468750
v 33.300003 46.000000 119.718750
v 33.300003 41.109375 119.718750
v 33.300003 18.511841 121.488525
v 33.300003 18.453125 119.718750
v 33.300003 23.554443 120.838379
v 33.300003 41.109375 119.718750
v 33.300003 46.000000 119.718750
v 33.300003 41.069824 120.831299
v 33.300003 23.670898 121.884766
v 33.300003 18.511841 121.488525
v 33.300003 23.554443 120.838379
v 33.300003 46.000000 119.718750
v 33.300003 45.940796 121.488525
v 33.300003 41.069824 120.831299
v 33.300003 18.687988 123.157227
v 33.300003 18.511841 121.488525
v 33.300003 23.670898 121.884766
v 33.300003 41.069824 120.831299
v 33.300003 45.940796 121.488525
v 33.300003 40.951172 121.872070
v 33.300003 23.864990 122.857910
v 33.300003 18.687988 123.157227
v 33.300003 23.670898 121.884766
v 33.300003 45.940796 121.488525
v 33.300003 45.763184 123.157227
v 33.300003 40.951172 121.872070
v 33.300003 24.136719 123.757812
v 33.300003 18.687988 123.157227
v 33.300003 23.864990 122.857910
v 33.300003 40.951172 121.872070
v 33.300003 45.763184 123.157227
v 33.300003 40.753418 122.841064
v 33.300003 19.392578 126.191406
v 33.300003 18.687988 123.157227
v 33.300003 24.136719 123.757812
v 33.300003 40.753418 122.841064
v 33.300003 45.763184 123.157227
v 33.300003 40.476562 123.738281
v 33.300003 24.486084 124.584473
v 33.300003 19.392578 126.191406
v 33.300003 24.136719 123.757812
v 33.300003 45.763184 123.157227
v 33.300003 45.052734 126.191406
v 33.300003 40.476562 123.738281
v 33.300003 19.921021 127.556885
v 33.300003 19.392578 126.191406
v 33.300003 24.486084 124.584473
v 33.300003 40.476562 123.738281
v 33.300003 45.052734 126.191406
v 33.300003 40.120605 124.563721
v 33.300003 24.913086 125.337891
v 33.300003 19.921021 127.556885
v 33.300003 24.486084 124.584473
v 33.300003 45.052734 126.191406
v 33.300003 44.519897 127.556885
v 33.300003 40.120605 124.563721
v 33.300003 20.566895 128.821289
v 33.300003 19.921021 127.556885
v 33.300003 24.913086 125.337891
v 33.300003 40.120605 124.563721
v 33.300003 44.519897 127.556885
v 33.300003 39.685547 125.317383
v 33.300003 25.417725 126.018066
v 33.300003 20.566895 128.821289
v 33.300003 24.913086 125.337891
v 33.300003 44.519897 127.556885
v 33.300003 43.868652 128.821289
v 33.300003 39.685547 125.317383
v 33.300003 21.330200 129.984619
v 33.300003 20.566895 128.821289
v 33.300003 25.417725 126.018066
v 33.300003 39.685547 125.317383
v 33.300003 43.868652 128.821289
v 33.300003 39.171387 125.999268
v 33.300003 25.699158 126.330688
v 33.300003 21.330200 129.984619
v 33.300003 25.417725 126.018066
v 33.300003 43.868652 128.821289
v 33.300003 43.098999 129.984619
v 33.300003 39.171387 125.999268
v 33.300003 21.755890 130.528381
v 33.300003 21.330200 129.984619
v 33.300003 25.699158 126.330688
v 33.300003 39.171387 125.999268
v 33.300003 43.098999 129.984619
v 33.300003 38.884644 126.313293
v 33.300003 26.000000 126.625000
v 33.300003 21.755890 130.528381
v 33.300003 25.699158 126.330688
v 33.300003 38.884644 126.313293
v 33.300003 43.098999 129.984619
v 33.300003 38.578125 126.609375
v 33.300003 22.210938 131.046875
v 33.300003 21.755890 130.528381
v 33.300003 26.000000 126.625000
v 33.300003 43.098999 129.984619
v 33.300003 42.669769 130.528381
v 33.300003 38.578125 126.609375
v 33.300003 26.641357 127.159668
v 33.300003 22.210938 131.046875
v 33.300003 26.000000 126.625000
v 33.300003 42.669769 130.528381
v 33.300003 42.210938 131.046875
v 33.300003 38.578125 126.609375
v 33.300003 22.690399 131.536926
v 33.300003 22.210938 131.046875
v 33.300003 26.641357 127.159668
v 33.300003 38.578125 126.609375
v 33.300003 42.210938 131.046875
v 33.300003 37.925781 127.147705
v 33.300003 23.189331 131.995361
v 33.300003 22.690399 131.536926
v 33.300003 26.641357 127.159668
v 33.300003 42.210938 131.046875
v 33.300003 41.727875 131.536926
v 33.300003 37.925781 127.147705
v 33.300003 27.323242 127.623047
v 33.300003 23.189331 131.995361
v 33.300003 26.641357 127.159668
v 33.300003 41.727875 131.536926
v 33.300003 41.225952 131.995361
v 33.300003 37.925781 127.147705
v 33.300003 24.245605 132.817383
v 33.300003 23.189331 131.995361
v 33.300003 27.323242 127.623047
v 33.300003 37.925781 127.147705
v 33.300003 41.225952 131.995361
v 33.300003 37.234375 127.614258
v 33.300003 25.379761 133.512939
v 33.300003 24.245605 132.817383
v 33.300003 27.323242 127.623047
v 33.300003 41.225952 131.995361
v 33.300003 40.165527 132.817383
v 33.300003 37.234375 127.614258
v 33.300003 28.808594 128.335938
v 33.300003 25.379761 133.512939
v 33.300003 27.323242 127.623047
v 33.300003 40.165527 132.817383
v 33.300003 39.029663 133.512939
v 33.300003 37.234375 127.614258
v 33.300003 26.591797 134.082031
v 33.300003 25.379761 133.512939
v 33.300003 28.808594 128.335938
v 33.300003 37.234375 127.614258
v 33.300003 39.029663 133.512939
v 33.300003 35.734375 128.332031
v 33.300003 27.881714 134.524658
v 33.300003 26.591797 134.082031
v 33.300003 28.808594 128.335938
v 33.300003 39.029663 133.512939
v 33.300003 37.818359 134.082031
v 33.300003 35.734375 128.332031
v 33.300003 30.456055 128.763672
v 33.300003 27.881714 134.524658
v 33.300003 28.808594 128.335938
v 33.300003 37.818359 134.082031
v 33.300003 36.531616 134.524658
v 33.300003 35.734375 128.332031
v 33.300003 29.249512 134.840820
v 33.300003 27.881714 134.524658
v 33.300003 30.456055 128.763672
v 33.300003 35.734375 128.332031
v 33.300003 36.531616 134.524658
v 33.300003 34.078125 128.762695
v 33.300003 30.695190 135.030518
v 33.300003 29.249512 134.840820
v 33.300003 30.456055 128.763672
v 33.300003 36.531616 134.524658
v 33.300003 35.169434 134.840820
v 33.300003 34.078125 128.762695
v 33.300003 31.340576 128.870605
v 33.300003 30.695190 135.030518
v 33.300003 30.456055 128.763672
v 33.300003 35.169434 134.840820
v 33.300003 33.731812 135.030518
v 33.300003 34.078125 128.762695
v 33.300003 32.218750 135.093750
v 33.300003 30.695190 135.030518
v 33.300003 31.340576 128.870605
v 33.300003 34.078125 128.762695
v 33.300003 33.731812 135.030518
v 33.300003 33.191406 128.870361
v 33.300003 32.265625 128.906250
v 33.300003 32.218750 135.093750
v 33.300003 31.340576 128.870605
v 33.300003 33.191406 128.870361
v 33.300003 33.731812 135.030518
v 33.300003 32.265625 128.906250
v 33.300003 33.731812 135.030518
v 33.300003 32.218750 135.093750
v 33.300003 32.265625 128.906250

vt 0.771973 0.000000
vt 0.894043 0.000000
vt 0.771973 0.743164
vt 0.894043 0.000000
vt 0.894043 1.000000
vt 0.771973 0.743164
vt 0.894043 1.000000
vt 0.741699 1.000000
vt 0.771973 0.743164
vt 0.771973 0.743164
vt 0.741699 1.000000
vt 0.768066 0.743896
vt 0.741699 1.000000
vt 0.452637 0.187012
vt 0.768066 0.743896
vt 0.768066 0.743896
vt 0.452637 0.187012
vt 0.493896 0.000000
vt 0.493896 0.000000
vt 0.452637 0.187012
vt 0.408691 0.000000
vt 0.452637 0.187012
vt 0.448975 0.187012
vt 0.408691 0.000000
vt 0.408691 0.000000
vt 0.448975 0.187012
vt 0.126221 0.768311
vt 0.126221 0.768311
vt 0.448975 0.187012
vt 0.161011 1.000000
vt 0.122498 0.767700
vt 0.126221 0.768311
vt 0.161011 1.000000
vt 0.000000 1.000000
vt 0.122498 0.767700
vt 0.161011 1.000000
vt 0.000000 0.000000
vt 0.122498 0.767700
vt 0.000000 1.000000
vt 0.122498 0.000000
vt 0.122498 0.767700
vt 0.000000 0.000000
vt 0.239990 0.104980
vt 0.869141 0.000000
vt 0.869141 0.104980
vt 0.011383 0.000000
vt 0.869141 0.000000
vt 0.239990 0.104980
vt 0.011383 0.092285
vt 0.011383 0.000000
vt 0.239990 0.104980
vt 0.238159 0.108398
vt 0.011383 0.092285
vt 0.239990 0.104980
vt 0.445068 0.460449
vt 0.011383 0.092285
vt 0.238159 0.108398
vt 0.586426 0.399414
vt 0.445068 0.460449
vt 0.238159 0.108398
vt 0.498291 0.508301
vt 0.445068 0.460449
vt 0.586426 0.399414
vt 0.644043 0.453125
vt 0.498291 0.508301
vt 0.586426 0.399414
vt 0.541992 0.550537
vt 0.498291 0.508301
vt 0.644043 0.453125
vt 0.693848 0.502197
vt 0.541992 0.550537
vt 0.644043 0.453125
vt 0.576660 0.587891
vt 0.541992 0.550537
vt 0.693848 0.502197
vt 0.735840 0.546631
vt 0.576660 0.587891
vt 0.693848 0.502197
vt 0.602051 0.619873
vt 0.576660 0.587891
vt 0.735840 0.546631
vt 0.770020 0.586182
vt 0.602051 0.619873
vt 0.735840 0.546631
vt 0.611816 0.634766
vt 0.602051 0.619873
vt 0.770020 0.586182
vt 0.620117 0.649658
vt 0.611816 0.634766
vt 0.770020 0.586182
vt 0.784180 0.604736
vt 0.620117 0.649658
vt 0.770020 0.586182
vt 0.796387 0.623535
vt 0.620117 0.649658
vt 0.784180 0.604736
vt 0.632812 0.679443
vt 0.620117 0.649658
vt 0.796387 0.623535
vt 0.814941 0.661377
vt 0.632812 0.679443
vt 0.796387 0.623535
vt 0.640625 0.709229
vt 0.632812 0.679443
vt 0.814941 0.661377
vt 0.826172 0.699707
vt 0.640625 0.709229
vt 0.814941 0.661377
vt 0.642578 0.724121
vt 0.640625 0.709229
vt 0.826172 0.699707
vt 0.829102 0.718994
vt 0.642578 0.724121
vt 0.826172 0.699707
vt 0.643066 0.739258
vt 0.642578 0.724121
vt 0.829102 0.718994
vt 0.830078 0.738281
vt 0.643066 0.739258
vt 0.829102 0.718994
vt 0.828613 0.766479
vt 0.643066 0.739258
vt 0.830078 0.738281
vt 0.642578 0.755859
vt 0.643066 0.739258
vt 0.828613 0.766479
vt 0.823730 0.793335
vt 0.642578 0.755859
vt 0.828613 0.766479
vt 0.639648 0.771851
vt 0.642578 0.755859
vt 0.823730 0.793335
vt 0.815430 0.818970
vt 0.639648 0.771851
vt 0.823730 0.793335
vt 0.629395 0.801270
vt 0.639648 0.771851
vt 0.815430 0.818970
vt 0.803711 0.843262
vt 0.629395 0.801270
vt 0.815430 0.818970
vt 0.788574 0.866089
vt 0.629395 0.801270
vt 0.803711 0.843262
vt 0.611816 0.827759
vt 0.629395 0.801270
vt 0.788574 0.866089
vt 0.770508 0.887695
vt 0.611816 0.827759
vt 0.788574 0.866089
vt 0.749023 0.907959
vt 0.611816 0.827759
vt 0.770508 0.887695
vt 0.600586 0.839844
vt 0.611816 0.827759
vt 0.749023 0.907959
vt 0.736816 0.917603
vt 0.600586 0.839844
vt 0.749023 0.907959
vt 0.724121 0.926941
vt 0.600586 0.839844
vt 0.736816 0.917603
vt 0.594238 0.845581
vt 0.600586 0.839844
vt 0.724121 0.926941
vt 0.710449 0.935791
vt 0.594238 0.845581
vt 0.724121 0.926941
vt 0.587402 0.851196
vt 0.594238 0.845581
vt 0.710449 0.935791
vt 0.696289 0.944031
vt 0.587402 0.851196
vt 0.710449 0.935791
vt 0.580078 0.856445
vt 0.587402 0.851196
vt 0.696289 0.944031
vt 0.572754 0.861328
vt 0.580078 0.856445
vt 0.696289 0.944031
vt 0.666016 0.958893
vt 0.572754 0.861328
vt 0.696289 0.944031
vt 0.556641 0.870239
vt 0.572754 0.861328
vt 0.666016 0.958893
vt 0.633301 0.971451
vt 0.556641 0.870239
vt 0.666016 0.958893
vt 0.539062 0.877747
vt 0.556641 0.870239
vt 0.633301 0.971451
vt 0.598145 0.981735
vt 0.539062 0.877747
vt 0.633301 0.971451
vt 0.520508 0.883911
vt 0.539062 0.877747
vt 0.598145 0.981735
vt 0.520020 0.995434
vt 0.520508 0.883911
vt 0.598145 0.981735
vt 0.500488 0.888672
vt 0.520508 0.883911
vt 0.520020 0.995434
vt 0.479248 0.892090
vt 0.500488 0.888672
vt 0.520020 0.995434
vt 0.477539 0.998858
vt 0.479248 0.892090
vt 0.520020 0.995434
vt 0.456543 0.894165
vt 0.479248 0.892090
vt 0.477539 0.998858
vt 0.432617 1.000000
vt 0.456543 0.894165
vt 0.477539 0.998858
vt 0.432617 0.894836
vt 0.456543 0.894165
vt 0.432617 1.000000
vt 0.402832 0.893982
vt 0.432617 0.894836
vt 0.432617 1.000000
vt 0.383545 0.998693
vt 0.402832 0.893982
vt 0.432617 1.000000
vt 0.375000 0.891479
vt 0.402832 0.893982
vt 0.383545 0.998693
vt 0.336914 0.994770
vt 0.375000 0.891479
vt 0.383545 0.998693
vt 0.349121 0.887329
vt 0.375000 0.891479
vt 0.336914 0.994770
vt 0.251709 0.979080
vt 0.349121 0.887329
vt 0.336914 0.994770
vt 0.324951 0.881470
vt 0.349121 0.887329
vt 0.251709 0.979080
vt 0.302490 0.873901
vt 0.324951 0.881470
vt 0.251709 0.979080
vt 0.213013 0.967316
vt 0.302490 0.873901
vt 0.251709 0.979080
vt 0.281982 0.864746
vt 0.302490 0.873901
vt 0.213013 0.967316
vt 0.177002 0.952942
vt 0.281982 0.864746
vt 0.213013 0.967316
vt 0.263184 0.853882
vt 0.281982 0.864746
vt 0.177002 0.952942
vt 0.143677 0.935913
vt 0.263184 0.853882
vt 0.177002 0.952942
vt 0.254395 0.847900
vt 0.263184 0.853882
vt 0.143677 0.935913
vt 0.127930 0.926453
vt 0.254395 0.847900
vt 0.143677 0.935913
vt 0.246216 0.841431
vt 0.254395 0.847900
vt 0.127930 0.926453
vt 0.112915 0.916321
vt 0.246216 0.841431
vt 0.127930 0.926453
vt 0.231201 0.827637
vt 0.246216 0.841431
vt 0.112915 0.916321
vt 0.098694 0.905701
vt 0.231201 0.827637
vt 0.112915 0.916321
vt 0.085388 0.894836
vt 0.231201 0.827637
vt 0.098694 0.905701
vt 0.218140 0.812988
vt 0.231201 0.827637
vt 0.085388 0.894836
vt 0.061737 0.872192
vt 0.218140 0.812988
vt 0.085388 0.894836
vt 0.041870 0.848389
vt 0.218140 0.812988
vt 0.061737 0.872192
vt 0.198120 0.781372
vt 0.218140 0.812988
vt 0.041870 0.848389
vt 0.025848 0.823364
vt 0.198120 0.781372
vt 0.041870 0.848389
vt 0.013657 0.797363
vt 0.198120 0.781372
vt 0.025848 0.823364
vt 0.186157 0.746338
vt 0.198120 0.781372
vt 0.013657 0.797363
vt 0.005276 0.770020
vt 0.186157 0.746338
vt 0.013657 0.797363
vt 0.000726 0.741699
vt 0.186157 0.746338
vt 0.005276 0.770020
vt 0.183105 0.727539
vt 0.186157 0.746338
vt 0.000726 0.741699
vt 0.001898 0.708008
vt 0.183105 0.727539
vt 0.000726 0.741699
vt 0.182129 0.708008
vt 0.183105 0.727539
vt 0.001898 0.708008
vt 0.000000 0.711914
vt 0.001898 0.708008
vt 0.000726 0.741699
vt 0.160645 0.000000
vt 0.264648 0.254883
vt 0.000000 0.000000
vt 0.264648 0.254883
vt 0.310059 0.366699
vt 0.000000 0.000000
vt 0.702637 0.254883
vt 0.310059 0.366699
vt 0.264648 0.254883
vt 0.000000 0.000000
vt 0.310059 0.366699
vt 0.419678 1.000000
vt 0.310059 0.366699
vt 0.483643 0.791382
vt 0.419678 1.000000
vt 0.483643 0.791382
vt 0.488525 0.791382
vt 0.419678 1.000000
vt 0.419678 1.000000
vt 0.488525 0.791382
vt 0.554688 1.000000
vt 0.657715 0.366699
vt 0.310059 0.366699
vt 0.702637 0.254883
vt 0.488525 0.791382
vt 0.657715 0.366699
vt 0.554688 1.000000
vt 0.554688 1.000000
vt 0.657715 0.366699
vt 0.965820 0.000000
vt 0.657715 0.366699
vt 0.702637 0.254883
vt 0.965820 0.000000
vt 0.965820 0.000000
vt 0.702637 0.254883
vt 0.805176 0.000000
vt 0.161621 0.000000
vt 0.161621 0.401367
vt 0.000000 0.000000
vt 0.161621 0.401367
vt 0.161621 0.511230
vt 0.000000 0.000000
vt 0.000000 0.000000
vt 0.161621 0.511230
vt 0.000000 1.000000
vt 0.161621 0.511230
vt 0.161621 0.401367
vt 0.457031 0.401367
vt 0.161621 0.511230
vt 0.161621 0.893677
vt 0.000000 1.000000
vt 0.457031 0.511230
vt 0.161621 0.511230
vt 0.457031 0.401367
vt 0.000000 1.000000
vt 0.161621 0.893677
vt 0.457031 1.000000
vt 0.486328 0.511963
vt 0.457031 0.511230
vt 0.457031 0.401367
vt 0.161621 0.893677
vt 0.457031 0.893677
vt 0.457031 1.000000
vt 0.503418 0.402344
vt 0.486328 0.511963
vt 0.457031 0.401367
vt 0.457031 0.893677
vt 0.486084 0.892822
vt 0.457031 1.000000
vt 0.513672 0.514648
vt 0.486328 0.511963
vt 0.503418 0.402344
vt 0.457031 1.000000
vt 0.486084 0.892822
vt 0.503418 0.998713
vt 0.547363 0.406250
vt 0.513672 0.514648
vt 0.503418 0.402344
vt 0.486084 0.892822
vt 0.513672 0.890259
vt 0.503418 0.998713
vt 0.539551 0.518799
vt 0.513672 0.514648
vt 0.547363 0.406250
vt 0.503418 0.998713
vt 0.513672 0.890259
vt 0.547363 0.994850
vt 0.562988 0.524658
vt 0.539551 0.518799
vt 0.547363 0.406250
vt 0.513672 0.890259
vt 0.539062 0.885925
vt 0.547363 0.994850
vt 0.626953 0.421387
vt 0.562988 0.524658
vt 0.547363 0.406250
vt 0.539062 0.885925
vt 0.562500 0.879944
vt 0.547363 0.994850
vt 0.584473 0.532227
vt 0.562988 0.524658
vt 0.626953 0.421387
vt 0.547363 0.994850
vt 0.562500 0.879944
vt 0.626953 0.979401
vt 0.662598 0.433105
vt 0.584473 0.532227
vt 0.626953 0.421387
vt 0.562500 0.879944
vt 0.583984 0.872192
vt 0.626953 0.979401
vt 0.604492 0.541504
vt 0.584473 0.532227
vt 0.662598 0.433105
vt 0.626953 0.979401
vt 0.583984 0.872192
vt 0.662598 0.967834
vt 0.695801 0.447266
vt 0.604492 0.541504
vt 0.662598 0.433105
vt 0.583984 0.872192
vt 0.604004 0.862671
vt 0.662598 0.967834
vt 0.622070 0.552490
vt 0.604492 0.541504
vt 0.695801 0.447266
vt 0.662598 0.967834
vt 0.604004 0.862671
vt 0.695801 0.953674
vt 0.726562 0.463867
vt 0.622070 0.552490
vt 0.695801 0.447266
vt 0.604004 0.862671
vt 0.621582 0.851562
vt 0.695801 0.953674
vt 0.630371 0.558594
vt 0.622070 0.552490
vt 0.726562 0.463867
vt 0.695801 0.953674
vt 0.621582 0.851562
vt 0.726562 0.936951
vt 0.740723 0.473145
vt 0.630371 0.558594
vt 0.726562 0.463867
vt 0.621582 0.851562
vt 0.629883 0.845337
vt 0.726562 0.936951
vt 0.638184 0.565186
vt 0.630371 0.558594
vt 0.740723 0.473145
vt 0.629883 0.845337
vt 0.637695 0.838623
vt 0.726562 0.936951
vt 0.754395 0.482910
vt 0.638184 0.565186
vt 0.740723 0.473145
vt 0.726562 0.936951
vt 0.637695 0.838623
vt 0.740723 0.927612
vt 0.652344 0.579102
vt 0.638184 0.565186
vt 0.754395 0.482910
vt 0.740723 0.927612
vt 0.637695 0.838623
vt 0.754395 0.917603
vt 0.767090 0.493164
vt 0.652344 0.579102
vt 0.754395 0.482910
vt 0.637695 0.838623
vt 0.651855 0.824463
vt 0.754395 0.917603
vt 0.779297 0.504150
vt 0.652344 0.579102
vt 0.767090 0.493164
vt 0.754395 0.917603
vt 0.651855 0.824463
vt 0.767090 0.907104
vt 0.664551 0.593994
vt 0.652344 0.579102
vt 0.779297 0.504150
vt 0.767090 0.907104
vt 0.651855 0.824463
vt 0.779297 0.896240
vt 0.800781 0.527100
vt 0.664551 0.593994
vt 0.779297 0.504150
vt 0.651855 0.824463
vt 0.664062 0.809448
vt 0.779297 0.896240
vt 0.818848 0.551758
vt 0.664551 0.593994
vt 0.800781 0.527100
vt 0.779297 0.896240
vt 0.664062 0.809448
vt 0.800781 0.873169
vt 0.683105 0.626221
vt 0.664551 0.593994
vt 0.818848 0.551758
vt 0.800781 0.873169
vt 0.664062 0.809448
vt 0.818848 0.848511
vt 0.833984 0.578125
vt 0.683105 0.626221
vt 0.818848 0.551758
vt 0.664062 0.809448
vt 0.683105 0.776855
vt 0.818848 0.848511
vt 0.845703 0.606201
vt 0.683105 0.626221
vt 0.833984 0.578125
vt 0.818848 0.848511
vt 0.683105 0.776855
vt 0.833984 0.822144
vt 0.694336 0.662109
vt 0.683105 0.626221
vt 0.845703 0.606201
vt 0.833984 0.822144
vt 0.683105 0.776855
vt 0.845703 0.794189
vt 0.854004 0.635742
vt 0.694336 0.662109
vt 0.845703 0.606201
vt 0.683105 0.776855
vt 0.694336 0.740723
vt 0.845703 0.794189
vt 0.858887 0.667236
vt 0.694336 0.662109
vt 0.854004 0.635742
vt 0.845703 0.794189
vt 0.694336 0.740723
vt 0.854004 0.764526
vt 0.697266 0.681396
vt 0.694336 0.662109
vt 0.858887 0.667236
vt 0.854004 0.764526
vt 0.694336 0.740723
vt 0.858887 0.733398
vt 0.860352 0.700439
vt 0.697266 0.681396
vt 0.858887 0.667236
vt 0.694336 0.740723
vt 0.697266 0.721436
vt 0.858887 0.733398
vt 0.698242 0.701416
vt 0.697266 0.681396
vt 0.860352 0.700439
vt 0.697266 0.721436
vt 0.698242 0.701416
vt 0.858887 0.733398
vt 0.858887 0.733398
vt 0.698242 0.701416
vt 0.860352 0.700439
vt 0.000000 0.000000
vt 1.000000 0.022949
vt 0.000000 0.022949
vt 1.000000 0.022949
vt 0.000000 0.000000
vt 1.000000 0.000000
vt 0.000000 0.022949
vt 1.000000 0.154785
vt 0.000000 0.154785
vt 1.000000 0.154785
vt 0.000000 0.022949
vt 1.000000 0.022949
vt 0.000000 0.154785
vt 1.000000 0.172363
vt 0.000000 0.172363
vt 1.000000 0.172363
vt 0.000000 0.154785
vt 1.000000 0.154785
vt 0.000000 0.172363
vt 1.000000 0.273438
vt 0.000000 0.273438
vt 1.000000 0.273438
vt 0.000000 0.172363
vt 1.000000 0.172363
vt 0.000000 0.273438
vt 1.000000 0.273926
vt 0.000000 0.273926
vt 1.000000 0.273926
vt 0.000000 0.273438
vt 1.000000 0.273438
vt 0.000000 0.273926
vt 1.000000 0.382812
vt 0.000000 0.382812
vt 1.000000 0.382812
vt 0.000000 0.273926
vt 1.000000 0.273926
vt 0.000000 0.382812
vt 1.000000 0.395020
vt 0.000000 0.395020
vt 1.000000 0.395020
vt 0.000000 0.382812
vt 1.000000 0.382812
vt 0.000000 0.395020
vt 1.000000 0.500488
vt 0.000000 0.500488
vt 1.000000 0.500488
vt 0.000000 0.395020
vt 1.000000 0.395020
vt 0.000000 0.500488
vt 1.000000 0.501221
vt 0.000000 0.501221
vt 1.000000 0.501221
vt 0.000000 0.500488
vt 1.000000 0.500488
vt 0.000000 0.501221
vt 1.000000 0.598877
vt 0.000000 0.598877
vt 1.000000 0.598877
vt 0.000000 0.501221
vt 1.000000 0.501221
vt 0.000000 0.598877
vt 1.000000 0.616455
vt 0.000000 0.616455
vt 1.000000 0.616455
vt 0.000000 0.598877
vt 1.000000 0.598877
vt 0.000000 0.616455
vt 1.000000 0.748047
vt 0.000000 0.748047
vt 1.000000 0.748047
vt 0.000000 0.616455
vt 1.000000 0.616455
vt 0.000000 0.748047
vt 1.000000 0.770020
vt 0.000000 0.770020
vt 1.000000 0.770020
vt 0.000000 0.748047
vt 1.000000 0.748047
vt 0.000000 0.770020
vt 1.000000 0.884766
vt 0.000000 0.884766
vt 1.000000 0.884766
vt 0.000000 0.770020
vt 1.000000 0.770020
vt 0.000000 0.884766
vt 1.000000 0.885315
vt 0.000000 0.885315
vt 1.000000 0.885315
vt 0.000000 0.884766
vt 1.000000 0.884766
vt 0.000000 0.885315
vt 1.000000 1.000000
vt 0.000000 1.000000
vt 1.000000 1.000000
vt 0.000000 0.885315
vt 1.000000 0.885315
vt 0.000000 0.000000
vt 1.000000 0.040039
vt 0.000000 0.040039
vt 1.000000 0.040039
vt 0.000000 0.000000
vt 1.000000 0.000000
vt 0.000000 0.040039
vt 1.000000 0.349609
vt 0.000000 0.349609
vt 1.000000 0.349609
vt 0.000000 0.040039
vt 1.000000 0.040039
vt 0.000000 0.349609
vt 1.000000 0.383301
vt 0.000000 0.383301
vt 1.000000 0.383301
vt 0.000000 0.349609
vt 1.000000 0.349609
vt 0.000000 0.383301
vt 1.000000 0.693604
vt 0.000000 0.693604
vt 1.000000 0.693604
vt 0.000000 0.383301
vt 1.000000 0.383301
vt 0.000000 0.693604
vt 1.000000 0.733643
vt 0.000000 0.733643
vt 1.000000 0.733643
vt 0.000000 0.693604
vt 1.000000 0.693604
vt 0.000000 0.733643
vt 1.000000 0.812378
vt 0.000000 0.812378
vt 1.000000 0.812378
vt 0.000000 0.733643
vt 1.000000 0.733643
vt 0.000000 0.812378
vt 1.000000 0.921265
vt 0.000000 0.921265
vt 1.000000 0.921265
vt 0.000000 0.812378
vt 1.000000 0.812378
vt 0.000000 0.921265
vt 1.000000 1.000000
vt 0.000000 1.000000
vt 1.000000 1.000000
vt 0.000000 0.921265
vt 1.000000 0.921265
vt 0.000000 0.000000
vt 1.000000 0.003418
vt 0.000000 0.003418
vt 1.000000 0.003418
vt 0.000000 0.000000
vt 1.000000 0.000000
vt 0.000000 0.003418
vt 1.000000 0.377930
vt 0.000000 0.377930
vt 1.000000 0.377930
vt 0.000000 0.003418
vt 1.000000 0.003418
vt 0.000000 0.377930
vt 1.000000 0.624756
vt 0.000000 0.624756
vt 1.000000 0.624756
vt 0.000000 0.377930
vt 1.000000 0.377930
vt 0.000000 0.624756
vt 1.000000 1.000000
vt 0.000000 1.000000
vt 1.000000 1.000000
vt 0.000000 0.624756
vt 1.000000 0.624756
vt 0.000000 0.438965
vt 1.000000 0.754272
vt 0.000000 0.754272
vt 1.000000 0.754272
vt 0.000000 0.438965
vt 1.000000 0.438965
vt 0.000000 0.754272
vt 1.000000 0.796509
vt 0.000000 0.796509
vt 1.000000 0.796509
vt 0.000000 0.754272
vt 1.000000 0.754272
vt 0.000000 0.796509
vt 1.000000 0.922913
vt 0.000000 0.922913
vt 1.000000 0.922913
vt 0.000000 0.796509
vt 1.000000 0.796509
vt 0.000000 0.922913
vt 1.000000 1.000000
vt 0.000000 1.000000
vt 1.000000 1.000000
vt 0.000000 0.922913
vt 1.000000 0.922913
vt 0.000000 0.744629
vt 1.000000 1.000000
vt 0.000000 1.000000
vt 1.000000 1.000000
vt 0.000000 0.744629
vt 1.000000 0.744629
vt 0.000000 0.000000
vt 1.000000 0.101562
vt 0.000000 0.101562
vt 1.000000 0.101562
vt 0.000000 0.000000
vt 1.000000 0.000000
vt 0.000000 0.101562
vt 1.000000 0.102051
vt 0.000000 0.102051
vt 1.000000 0.102051
vt 0.000000 0.101562
vt 1.000000 0.101562
vt 0.000000 0.484375
vt 1.000000 0.513672
vt 0.000000 0.513672
vt 1.000000 0.513672
vt 0.000000 0.484375
vt 1.000000 0.484375
vt 0.000000 0.816895
vt 1.000000 0.837769
vt 0.000000 0.837769
vt 1.000000 0.837769
vt 0.000000 0.816895
vt 1.000000 0.816895
vt 0.000000 0.837769
vt 1.000000 0.976059
vt 0.000000 0.976059
vt 1.000000 0.976059
vt 0.000000 0.837769
vt 1.000000 0.837769
vt 0.000000 0.976059
vt 1.000000 1.000000
vt 0.000000 1.000000
vt 1.000000 1.000000
vt 0.000000 0.976059
vt 1.000000 0.976059
vt 1.000000 0.012207
vt 0.000000 0.000000
vt 1.000000 0.000000
vt 0.000000 0.000000
vt 1.000000 0.012207
vt 0.000000 0.012207
vt 1.000000 0.023438
vt 0.000000 0.012207
vt 1.000000 0.012207
vt 0.000000 0.012207
vt 1.000000 0.023438
vt 0.000000 0.023438
vt 1.000000 0.044922
vt 0.000000 0.023438
vt 1.000000 0.023438
vt 0.000000 0.023438
vt 1.000000 0.044922
vt 0.000000 0.044922
vt 1.000000 0.055176
vt 0.000000 0.044922
vt 1.000000 0.044922
vt 0.000000 0.044922
vt 1.000000 0.055176
vt 0.000000 0.055176
vt 1.000000 0.064941
vt 0.000000 0.055176
vt 1.000000 0.055176
vt 0.000000 0.055176
vt 1.000000 0.064941
vt 0.000000 0.064941
vt 1.000000 0.074219
vt 0.000000 0.064941
vt 1.000000 0.064941
vt 0.000000 0.064941
vt 1.000000 0.074219
vt 0.000000 0.074219
vt 1.000000 0.079102
vt 0.000000 0.074219
vt 1.000000 0.074219
vt 0.000000 0.074219
vt 1.000000 0.079102
vt 0.000000 0.079102
vt 1.000000 0.083496
vt 0.000000 0.079102
vt 1.000000 0.079102
vt 0.000000 0.079102
vt 1.000000 0.083496
vt 0.000000 0.083496
vt 1.000000 0.088379
vt 0.000000 0.083496
vt 1.000000 0.083496
vt 0.000000 0.083496
vt 1.000000 0.088379
vt 0.000000 0.088379
vt 1.000000 0.093262
vt 0.000000 0.088379
vt 1.000000 0.088379
vt 0.000000 0.088379
vt 1.000000 0.093262
vt 0.000000 0.093262
vt 1.000000 0.102051
vt 0.000000 0.093262
vt 1.000000 0.093262
vt 0.000000 0.093262
vt 1.000000 0.102051
vt 0.000000 0.102051
vt 1.000000 0.111328
vt 0.000000 0.102051
vt 1.000000 0.102051
vt 0.000000 0.102051
vt 1.000000 0.111328
vt 0.000000 0.111328
vt 1.000000 0.120605
vt 0.000000 0.111328
vt 1.000000 0.111328
vt 0.000000 0.111328
vt 1.000000 0.120605
vt 0.000000 0.120605
vt 1.000000 0.129883
vt 0.000000 0.120605
vt 1.000000 0.120605
vt 0.000000 0.120605
vt 1.000000 0.129883
vt 0.000000 0.129883
vt 1.000000 0.139648
vt 0.000000 0.129883
vt 1.000000 0.129883
vt 0.000000 0.129883
vt 1.000000 0.139648
vt 0.000000 0.139648
vt 1.000000 0.149414
vt 0.000000 0.139648
vt 1.000000 0.139648
vt 0.000000 0.139648
vt 1.000000 0.149414
vt 0.000000 0.149414
vt 1.000000 0.160156
vt 0.000000 0.149414
vt 1.000000 0.149414
vt 0.000000 0.149414
vt 1.000000 0.160156
vt 0.000000 0.160156
vt 1.000000 0.170410
vt 0.000000 0.160156
vt 1.000000 0.160156
vt 0.000000 0.160156
vt 1.000000 0.170410
vt 0.000000 0.170410
vt 1.000000 0.180176
vt 0.000000 0.170410
vt 1.000000 0.170410
vt 0.000000 0.170410
vt 1.000000 0.180176
vt 0.000000 0.180176
vt 1.000000 0.189941
vt 0.000000 0.180176
vt 1.000000 0.180176
vt 0.000000 0.180176
vt 1.000000 0.189941
vt 0.000000 0.189941
vt 1.000000 0.199219
vt 0.000000 0.189941
vt 1.000000 0.189941
vt 0.000000 0.189941
vt 1.000000 0.199219
vt 0.000000 0.199219
vt 1.000000 0.208496
vt 0.000000 0.199219
vt 1.000000 0.199219
vt 0.000000 0.199219
vt 1.000000 0.208496
vt 0.000000 0.208496
vt 1.000000 0.217285
vt 0.000000 0.208496
vt 1.000000 0.208496
vt 0.000000 0.208496
vt 1.000000 0.217285
vt 0.000000 0.217285
vt 1.000000 0.226562
vt 0.000000 0.217285
vt 1.000000 0.217285
vt 0.000000 0.217285
vt 1.000000 0.226562
vt 0.000000 0.226562
vt 1.000000 0.231445
vt 0.000000 0.226562
vt 1.000000 0.226562
vt 0.000000 0.226562
vt 1.000000 0.231445
vt 0.000000 0.231445
vt 1.000000 0.235840
vt 0.000000 0.231445
vt 1.000000 0.231445
vt 0.000000 0.231445
vt 1.000000 0.235840
vt 0.000000 0.235840
vt 1.000000 0.240723
vt 0.000000 0.235840
vt 1.000000 0.235840
vt 0.000000 0.235840
vt 1.000000 0.240723
vt 0.000000 0.240723
vt 1.000000 0.245605
vt 0.000000 0.240723
vt 1.000000 0.240723
vt 0.000000 0.240723
vt 1.000000 0.245605
vt 0.000000 0.245605
vt 1.000000 0.254883
vt 0.000000 0.245605
vt 1.000000 0.245605
vt 0.000000 0.245605
vt 1.000000 0.254883
vt 0.000000 0.254883
vt 1.000000 0.264648
vt 0.000000 0.254883
vt 1.000000 0.254883
vt 0.000000 0.254883
vt 1.000000 0.264648
vt 0.000000 0.264648
vt 1.000000 0.274902
vt 0.000000 0.264648
vt 1.000000 0.264648
vt 0.000000 0.264648
vt 1.000000 0.274902
vt 0.000000 0.274902
vt 1.000000 0.296387
vt 0.000000 0.274902
vt 1.000000 0.274902
vt 0.000000 0.274902
vt 1.000000 0.296387
vt 0.000000 0.296387
vt 1.000000 0.307617
vt 0.000000 0.296387
vt 1.000000 0.296387
vt 0.000000 0.296387
vt 1.000000 0.307617
vt 0.000000 0.307617
vt 1.000000 0.319824
vt 0.000000 0.307617
vt 1.000000 0.307617
vt 0.000000 0.307617
vt 1.000000 0.319824
vt 0.000000 0.319824
vt 1.000000 0.438965
vt 0.000000 0.319824
vt 1.000000 0.319824
vt 0.000000 0.319824
vt 1.000000 0.438965
vt 0.000000 0.438965
vt 1.000000 0.163086
vt 0.000000 0.000000
vt 1.000000 0.000000
vt 0.000000 0.000000
vt 1.000000 0.163086
vt 0.000000 0.163086
vt 1.000000 0.179199
vt 0.000000 0.163086
vt 1.000000 0.163086
vt 0.000000 0.163086
vt 1.000000 0.179199
vt 0.000000 0.179199
vt 1.000000 0.194824
vt 0.000000 0.179199
vt 1.000000 0.179199
vt 0.000000 0.179199
vt 1.000000 0.194824
vt 0.000000 0.194824
vt 1.000000 0.208984
vt 0.000000 0.194824
vt 1.000000 0.194824
vt 0.000000 0.194824
vt 1.000000 0.208984
vt 0.000000 0.208984
vt 1.000000 0.222656
vt 0.000000 0.208984
vt 1.000000 0.208984
vt 0.000000 0.208984
vt 1.000000 0.222656
vt 0.000000 0.222656
vt 1.000000 0.235840
vt 0.000000 0.222656
vt 1.000000 0.222656
vt 0.000000 0.222656
vt 1.000000 0.235840
vt 0.000000 0.235840
vt 1.000000 0.248047
vt 0.000000 0.235840
vt 1.000000 0.235840
vt 0.000000 0.235840
vt 1.000000 0.248047
vt 0.000000 0.248047
vt 1.000000 0.260742
vt 0.000000 0.248047
vt 1.000000 0.248047
vt 0.000000 0.248047
vt 1.000000 0.260742
vt 0.000000 0.260742
vt 1.000000 0.266602
vt 0.000000 0.260742
vt 1.000000 0.260742
vt 0.000000 0.260742
vt 1.000000 0.266602
vt 0.000000 0.266602
vt 1.000000 0.272949
vt 0.000000 0.266602
vt 1.000000 0.266602
vt 0.000000 0.266602
vt 1.000000 0.272949
vt 0.000000 0.272949
vt 1.000000 0.285156
vt 0.000000 0.272949
vt 1.000000 0.272949
vt 0.000000 0.272949
vt 1.000000 0.285156
vt 0.000000 0.285156
vt 1.000000 0.297363
vt 0.000000 0.285156
vt 1.000000 0.285156
vt 0.000000 0.285156
vt 1.000000 0.297363
vt 0.000000 0.297363
vt 1.000000 0.321289
vt 0.000000 0.297363
vt 1.000000 0.297363
vt 0.000000 0.297363
vt 1.000000 0.321289
vt 0.000000 0.321289
vt 1.000000 0.346191
vt 0.000000 0.321289
vt 1.000000 0.321289
vt 0.000000 0.321289
vt 1.000000 0.346191
vt 0.000000 0.346191
vt 1.000000 0.359375
vt 0.000000 0.346191
vt 1.000000 0.346191
vt 0.000000 0.346191
vt 1.000000 0.359375
vt 0.000000 0.359375
vt 1.000000 0.372559
vt 0.000000 0.359375
vt 1.000000 0.359375
vt 0.000000 0.359375
vt 1.000000 0.372559
vt 0.000000 0.372559
vt 1.000000 0.386230
vt 0.000000 0.372559
vt 1.000000 0.372559
vt 0.000000 0.372559
vt 1.000000 0.386230
vt 0.000000 0.386230
vt 1.000000 0.398926
vt 0.000000 0.386230
vt 1.000000 0.386230
vt 0.000000 0.386230
vt 1.000000 0.398926
vt 0.000000 0.398926
vt 1.000000 0.423828
vt 0.000000 0.398926
vt 1.000000 0.398926
vt 0.000000 0.398926
vt 1.000000 0.423828
vt 0.000000 0.423828
vt 1.000000 0.447754
vt 0.000000 0.423828
vt 1.000000 0.423828
vt 0.000000 0.423828
vt 1.000000 0.447754
vt 0.000000 0.447754
vt 1.000000 0.459473
vt 0.000000 0.447754
vt 1.000000 0.447754
vt 0.000000 0.447754
vt 1.000000 0.459473
vt 0.000000 0.459473
vt 1.000000 0.471680
vt 0.000000 0.459473
vt 1.000000 0.459473
vt 0.000000 0.459473
vt 1.000000 0.471680
vt 0.000000 0.471680
vt 1.000000 0.478027
vt 0.000000 0.471680
vt 1.000000 0.471680
vt 0.000000 0.471680
vt 1.000000 0.478027
vt 0.000000 0.478027
vt 1.000000 0.483887
vt 0.000000 0.478027
vt 1.000000 0.478027
vt 0.000000 0.478027
vt 1.000000 0.483887
vt 0.000000 0.483887
vt 1.000000 0.496094
vt 0.000000 0.483887
vt 1.000000 0.483887
vt 0.000000 0.483887
vt 1.000000 0.496094
vt 0.000000 0.496094
vt 1.000000 0.508789
vt 0.000000 0.496094
vt 1.000000 0.496094
vt 0.000000 0.496094
vt 1.000000 0.508789
vt 0.000000 0.508789
vt 1.000000 0.521973
vt 0.000000 0.508789
vt 1.000000 0.508789
vt 0.000000 0.508789
vt 1.000000 0.521973
vt 0.000000 0.521973
vt 1.000000 0.535400
vt 0.000000 0.521973
vt 1.000000 0.521973
vt 0.000000 0.521973
vt 1.000000 0.535400
vt 0.000000 0.535400
vt 1.000000 0.549805
vt 0.000000 0.535400
vt 1.000000 0.535400
vt 0.000000 0.535400
vt 1.000000 0.549805
vt 0.000000 0.549805
vt 1.000000 0.565186
vt 0.000000 0.549805
vt 1.000000 0.549805
vt 0.000000 0.549805
vt 1.000000 0.565186
vt 0.000000 0.565186
vt 1.000000 0.581543
vt 0.000000 0.565186
vt 1.000000 0.565186
vt 0.000000 0.565186
vt 1.000000 0.581543
vt 0.000000 0.581543
vt 1.000000 0.744629
vt 0.000000 0.581543
vt 1.000000 0.581543
vt 0.000000 0.581543
vt 1.000000 0.744629
vt 0.000000 0.744629
vt 1.000000 0.188965
vt 0.000000 0.102051
vt 1.000000 0.102051
vt 0.000000 0.102051
vt 1.000000 0.188965
vt 0.000000 0.188965
vt 1.000000 0.204590
vt 0.000000 0.188965
vt 1.000000 0.188965
vt 0.000000 0.188965
vt 1.000000 0.204590
vt 0.000000 0.204590
vt 1.000000 0.218262
vt 0.000000 0.204590
vt 1.000000 0.204590
vt 0.000000 0.204590
vt 1.000000 0.218262
vt 0.000000 0.218262
vt 1.000000 0.230469
vt 0.000000 0.218262
vt 1.000000 0.218262
vt 0.000000 0.218262
vt 1.000000 0.230469
vt 0.000000 0.230469
vt 1.000000 0.240723
vt 0.000000 0.230469
vt 1.000000 0.230469
vt 0.000000 0.230469
vt 1.000000 0.240723
vt 0.000000 0.240723
vt 1.000000 0.245605
vt 0.000000 0.240723
vt 1.000000 0.240723
vt 0.000000 0.240723
vt 1.000000 0.245605
vt 0.000000 0.245605
vt 1.000000 0.250488
vt 0.000000 0.245605
vt 1.000000 0.245605
vt 0.000000 0.245605
vt 1.000000 0.250488
vt 0.000000 0.250488
vt 1.000000 0.259277
vt 0.000000 0.250488
vt 1.000000 0.250488
vt 0.000000 0.250488
vt 1.000000 0.259277
vt 0.000000 0.259277
vt 1.000000 0.268555
vt 0.000000 0.259277
vt 1.000000 0.259277
vt 0.000000 0.259277
vt 1.000000 0.268555
vt 0.000000 0.268555
vt 1.000000 0.272949
vt 0.000000 0.268555
vt 1.000000 0.268555
vt 0.000000 0.268555
vt 1.000000 0.272949
vt 0.000000 0.272949
vt 1.000000 0.277344
vt 0.000000 0.272949
vt 1.000000 0.272949
vt 0.000000 0.272949
vt 1.000000 0.277344
vt 0.000000 0.277344
vt 1.000000 0.283691
vt 0.000000 0.277344
vt 1.000000 0.277344
vt 0.000000 0.277344
vt 1.000000 0.283691
vt 0.000000 0.283691
vt 1.000000 0.289551
vt 0.000000 0.283691
vt 1.000000 0.283691
vt 0.000000 0.283691
vt 1.000000 0.289551
vt 0.000000 0.289551
vt 1.000000 0.295898
vt 0.000000 0.289551
vt 1.000000 0.289551
vt 0.000000 0.289551
vt 1.000000 0.295898
vt 0.000000 0.295898
vt 1.000000 0.301758
vt 0.000000 0.295898
vt 1.000000 0.295898
vt 0.000000 0.295898
vt 1.000000 0.301758
vt 0.000000 0.301758
vt 1.000000 0.307129
vt 0.000000 0.301758
vt 1.000000 0.301758
vt 0.000000 0.301758
vt 1.000000 0.307129
vt 0.000000 0.307129
vt 1.000000 0.312988
vt 0.000000 0.307129
vt 1.000000 0.307129
vt 0.000000 0.307129
vt 1.000000 0.312988
vt 0.000000 0.312988
vt 1.000000 0.318848
vt 0.000000 0.312988
vt 1.000000 0.312988
vt 0.000000 0.312988
vt 1.000000 0.318848
vt 0.000000 0.318848
vt 1.000000 0.321777
vt 0.000000 0.318848
vt 1.000000 0.318848
vt 0.000000 0.318848
vt 1.000000 0.321777
vt 0.000000 0.321777
vt 1.000000 0.324707
vt 0.000000 0.321777
vt 1.000000 0.321777
vt 0.000000 0.321777
vt 1.000000 0.324707
vt 0.000000 0.324707
vt 1.000000 0.327637
vt 0.000000 0.324707
vt 1.000000 0.324707
vt 0.000000 0.324707
vt 1.000000 0.327637
vt 0.000000 0.327637
vt 1.000000 0.330566
vt 0.000000 0.327637
vt 1.000000 0.327637
vt 0.000000 0.327637
vt 1.000000 0.330566
vt 0.000000 0.330566
vt 1.000000 0.336426
vt 0.000000 0.330566
vt 1.000000 0.330566
vt 0.000000 0.330566
vt 1.000000 0.336426
vt 0.000000 0.336426
vt 1.000000 0.342773
vt 0.000000 0.336426
vt 1.000000 0.336426
vt 0.000000 0.336426
vt 1.000000 0.342773
vt 0.000000 0.342773
vt 1.000000 0.348633
vt 0.000000 0.342773
vt 1.000000 0.342773
vt 0.000000 0.342773
vt 1.000000 0.348633
vt 0.000000 0.348633
vt 1.000000 0.361816
vt 0.000000 0.348633
vt 1.000000 0.348633
vt 0.000000 0.348633
vt 1.000000 0.361816
vt 0.000000 0.361816
vt 1.000000 0.368652
vt 0.000000 0.361816
vt 1.000000 0.361816
vt 0.000000 0.361816
vt 1.000000 0.368652
vt 0.000000 0.368652
vt 1.000000 0.375977
vt 0.000000 0.368652
vt 1.000000 0.368652
vt 0.000000 0.368652
vt 1.000000 0.375977
vt 0.000000 0.375977
vt 1.000000 0.383789
vt 0.000000 0.375977
vt 1.000000 0.375977
vt 0.000000 0.375977
vt 1.000000 0.383789
vt 0.000000 0.383789
vt 1.000000 0.391113
vt 0.000000 0.383789
vt 1.000000 0.383789
vt 0.000000 0.383789
vt 1.000000 0.391113
vt 0.000000 0.391113
vt 1.000000 0.405273
vt 0.000000 0.391113
vt 1.000000 0.391113
vt 0.000000 0.391113
vt 1.000000 0.405273
vt 0.000000 0.405273
vt 1.000000 0.412109
vt 0.000000 0.405273
vt 1.000000 0.405273
vt 0.000000 0.405273
vt 1.000000 0.412109
vt 0.000000 0.412109
vt 1.000000 0.418945
vt 0.000000 0.412109
vt 1.000000 0.412109
vt 0.000000 0.412109
vt 1.000000 0.418945
vt 0.000000 0.418945
vt 1.000000 0.425781
vt 0.000000 0.418945
vt 1.000000 0.418945
vt 0.000000 0.418945
vt 1.000000 0.425781
vt 0.000000 0.425781
vt 1.000000 0.428711
vt 0.000000 0.425781
vt 1.000000 0.425781
vt 0.000000 0.425781
vt 1.000000 0.428711
vt 0.000000 0.428711
vt 1.000000 0.432129
vt 0.000000 0.428711
vt 1.000000 0.428711
vt 0.000000 0.428711
vt 1.000000 0.432129
vt 0.000000 0.432129
vt 1.000000 0.435547
vt 0.000000 0.432129
vt 1.000000 0.432129
vt 0.000000 0.432129
vt 1.000000 0.435547
vt 0.000000 0.435547
vt 1.000000 0.438965
vt 0.000000 0.435547
vt 1.000000 0.435547
vt 0.000000 0.435547
vt 1.000000 0.438965
vt 0.000000 0.438965
vt 1.000000 0.445312
vt 0.000000 0.438965
vt 1.000000 0.438965
vt 0.000000 0.438965
vt 1.000000 0.445312
vt 0.000000 0.445312
vt 1.000000 0.451660
vt 0.000000 0.445312
vt 1.000000 0.445312
vt 0.000000 0.445312
vt 1.000000 0.451660
vt 0.000000 0.451660
vt 1.000000 0.458008
vt 0.000000 0.451660
vt 1.000000 0.451660
vt 0.000000 0.451660
vt 1.000000 0.458008
vt 0.000000 0.458008
vt 1.000000 0.463867
vt 0.000000 0.458008
vt 1.000000 0.458008
vt 0.000000 0.458008
vt 1.000000 0.463867
vt 0.000000 0.463867
vt 1.000000 0.470215
vt 0.000000 0.463867
vt 1.000000 0.463867
vt 0.000000 0.463867
vt 1.000000 0.470215
vt 0.000000 0.470215
vt 1.000000 0.477051
vt 0.000000 0.470215
vt 1.000000 0.470215
vt 0.000000 0.470215
vt 1.000000 0.477051
vt 0.000000 0.477051
vt 1.000000 0.483398
vt 0.000000 0.477051
vt 1.000000 0.477051
vt 0.000000 0.477051
vt 1.000000 0.483398
vt 0.000000 0.483398
vt 1.000000 0.484375
vt 0.000000 0.483398
vt 1.000000 0.483398
vt 0.000000 0.483398
vt 1.000000 0.484375
vt 0.000000 0.484375
vt 1.000000 0.518066
vt 0.000000 0.513672
vt 1.000000 0.513672
vt 0.000000 0.513672
vt 1.000000 0.518066
vt 0.000000 0.518066
vt 1.000000 0.522461
vt 0.000000 0.518066
vt 1.000000 0.518066
vt 0.000000 0.518066
vt 1.000000 0.522461
vt 0.000000 0.522461
vt 1.000000 0.530518
vt 0.000000 0.522461
vt 1.000000 0.522461
vt 0.000000 0.522461
vt 1.000000 0.530518
vt 0.000000 0.530518
vt 1.000000 0.538574
vt 0.000000 0.530518
vt 1.000000 0.530518
vt 0.000000 0.530518
vt 1.000000 0.538574
vt 0.000000 0.538574
vt 1.000000 0.542480
vt 0.000000 0.538574
vt 1.000000 0.538574
vt 0.000000 0.538574
vt 1.000000 0.542480
vt 0.000000 0.542480
vt 1.000000 0.546387
vt 0.000000 0.542480
vt 1.000000 0.542480
vt 0.000000 0.542480
vt 1.000000 0.546387
vt 0.000000 0.546387
vt 1.000000 0.548340
vt 0.000000 0.546387
vt 1.000000 0.546387
vt 0.000000 0.546387
vt 1.000000 0.548340
vt 0.000000 0.548340
vt 1.000000 0.550293
vt 0.000000 0.548340
vt 1.000000 0.548340
vt 0.000000 0.548340
vt 1.000000 0.550293
vt 0.000000 0.550293
vt 1.000000 0.554199
vt 0.000000 0.550293
vt 1.000000 0.550293
vt 0.000000 0.550293
vt 1.000000 0.554199
vt 0.000000 0.554199
vt 1.000000 0.558105
vt 0.000000 0.554199
vt 1.000000 0.554199
vt 0.000000 0.554199
vt 1.000000 0.558105
vt 0.000000 0.558105
vt 1.000000 0.562256
vt 0.000000 0.558105
vt 1.000000 0.558105
vt 0.000000 0.558105
vt 1.000000 0.562256
vt 0.000000 0.562256
vt 1.000000 0.566162
vt 0.000000 0.562256
vt 1.000000 0.562256
vt 0.000000 0.562256
vt 1.000000 0.566162
vt 0.000000 0.566162
vt 1.000000 0.570557
vt 0.000000 0.566162
vt 1.000000 0.566162
vt 0.000000 0.566162
vt 1.000000 0.570557
vt 0.000000 0.570557
vt 1.000000 0.575195
vt 0.000000 0.570557
vt 1.000000 0.570557
vt 0.000000 0.570557
vt 1.000000 0.575195
vt 0.000000 0.575195
vt 1.000000 0.579834
vt 0.000000 0.575195
vt 1.000000 0.575195
vt 0.000000 0.575195
vt 1.000000 0.579834
vt 0.000000 0.579834
vt 1.000000 0.583740
vt 0.000000 0.579834
vt 1.000000 0.579834
vt 0.000000 0.579834
vt 1.000000 0.583740
vt 0.000000 0.583740
vt 1.000000 0.587402
vt 0.000000 0.583740
vt 1.000000 0.583740
vt 0.000000 0.583740
vt 1.000000 0.587402
vt 0.000000 0.587402
vt 1.000000 0.591064
vt 0.000000 0.587402
vt 1.000000 0.587402
vt 0.000000 0.587402
vt 1.000000 0.591064
vt 0.000000 0.591064
vt 1.000000 0.594482
vt 0.000000 0.591064
vt 1.000000 0.591064
vt 0.000000 0.591064
vt 1.000000 0.594482
vt 0.000000 0.594482
vt 1.000000 0.597656
vt 0.000000 0.594482
vt 1.000000 0.594482
vt 0.000000 0.594482
vt 1.000000 0.597656
vt 0.000000 0.597656
vt 1.000000 0.601074
vt 0.000000 0.597656
vt 1.000000 0.597656
vt 0.000000 0.597656
vt 1.000000 0.601074
vt 0.000000 0.601074
vt 1.000000 0.604248
vt 0.000000 0.601074
vt 1.000000 0.601074
vt 0.000000 0.601074
vt 1.000000 0.604248
vt 0.000000 0.604248
vt 1.000000 0.605957
vt 0.000000 0.604248
vt 1.000000 0.604248
vt 0.000000 0.604248
vt 1.000000 0.605957
vt 0.000000 0.605957
vt 1.000000 0.607666
vt 0.000000 0.605957
vt 1.000000 0.605957
vt 0.000000 0.605957
vt 1.000000 0.607666
vt 0.000000 0.607666
vt 1.000000 0.609131
vt 0.000000 0.607666
vt 1.000000 0.607666
vt 0.000000 0.607666
vt 1.000000 0.609131
vt 0.000000 0.609131
vt 1.000000 0.610840
vt 0.000000 0.609131
vt 1.000000 0.609131
vt 0.000000 0.609131
vt 1.000000 0.610840
vt 0.000000 0.610840
vt 1.000000 0.614258
vt 0.000000 0.610840
vt 1.000000 0.610840
vt 0.000000 0.610840
vt 1.000000 0.614258
vt 0.000000 0.614258
vt 1.000000 0.620850
vt 0.000000 0.614258
vt 1.000000 0.614258
vt 0.000000 0.614258
vt 1.000000 0.620850
vt 0.000000 0.620850
vt 1.000000 0.627686
vt 0.000000 0.620850
vt 1.000000 0.620850
vt 0.000000 0.620850
vt 1.000000 0.627686
vt 0.000000 0.627686
vt 1.000000 0.631348
vt 0.000000 0.627686
vt 1.000000 0.627686
vt 0.000000 0.627686
vt 1.000000 0.631348
vt 0.000000 0.631348
vt 1.000000 0.635254
vt 0.000000 0.631348
vt 1.000000 0.631348
vt 0.000000 0.631348
vt 1.000000 0.635254
vt 0.000000 0.635254
vt 1.000000 0.638672
vt 0.000000 0.635254
vt 1.000000 0.635254
vt 0.000000 0.635254
vt 1.000000 0.638672
vt 0.000000 0.638672
vt 1.000000 0.642090
vt 0.000000 0.638672
vt 1.000000 0.638672
vt 0.000000 0.638672
vt 1.000000 0.642090
vt 0.000000 0.642090
vt 1.000000 0.648926
vt 0.000000 0.642090
vt 1.000000 0.642090
vt 0.000000 0.642090
vt 1.000000 0.648926
vt 0.000000 0.648926
vt 1.000000 0.656006
vt 0.000000 0.648926
vt 1.000000 0.648926
vt 0.000000 0.648926
vt 1.000000 0.656006
vt 0.000000 0.656006
vt 1.000000 0.659668
vt 0.000000 0.656006
vt 1.000000 0.656006
vt 0.000000 0.656006
vt 1.000000 0.659668
vt 0.000000 0.659668
vt 1.000000 0.663330
vt 0.000000 0.659668
vt 1.000000 0.659668
vt 0.000000 0.659668
vt 1.000000 0.663330
vt 0.000000 0.663330
vt 1.000000 0.671875
vt 0.000000 0.663330
vt 1.000000 0.663330
vt 0.000000 0.663330
vt 1.000000 0.671875
vt 0.000000 0.671875
vt 1.000000 0.681885
vt 0.000000 0.671875
vt 1.000000 0.671875
vt 0.000000 0.671875
vt 1.000000 0.681885
vt 0.000000 0.681885
vt 1.000000 0.693848
vt 0.000000 0.681885
vt 1.000000 0.681885
vt 0.000000 0.681885
vt 1.000000 0.693848
vt 0.000000 0.693848
vt 1.000000 0.707764
vt 0.000000 0.693848
vt 1.000000 0.693848
vt 0.000000 0.693848
vt 1.000000 0.707764
vt 0.000000 0.707764
vt 1.000000 0.816895
vt 0.000000 0.707764
vt 1.000000 0.707764
vt 0.000000 0.707764
vt 1.000000 0.816895
vt 0.000000 0.816895
vt 0.771973 0.000000
vt 0.771973 0.743164
vt 0.894043 0.000000
vt 0.894043 0.000000
vt 0.771973 0.743164
vt 0.894043 1.000000
vt 0.894043 1.000000
vt 0.771973 0.743164
vt 0.741699 1.000000
vt 0.771973 0.743164
vt 0.768066 0.743896
vt 0.741699 1.000000
vt 0.741699 1.000000
vt 0.768066 0.743896
vt 0.452637 0.187012
vt 0.768066 0.743896
vt 0.493896 0.000000
vt 0.452637 0.187012
vt 0.493896 0.000000
vt 0.408691 0.000000
vt 0.452637 0.187012
vt 0.452637 0.187012
vt 0.408691 0.000000
vt 0.448975 0.187012
vt 0.408691 0.000000
vt 0.126221 0.768311
vt 0.448975 0.187012
vt 0.126221 0.768311
vt 0.161011 1.000000
vt 0.448975 0.187012
vt 0.122498 0.767700
vt 0.161011 1.000000
vt 0.126221 0.768311
vt 0.000000 1.000000
vt 0.161011 1.000000
vt 0.122498 0.767700
vt 0.000000 0.000000
vt 0.000000 1.000000
vt 0.122498 0.767700
vt 0.122498 0.000000
vt 0.000000 0.000000
vt 0.122498 0.767700
vt 0.239990 0.104980
vt 0.869141 0.104980
vt 0.869141 0.000000
vt 0.011383 0.000000
vt 0.239990 0.104980
vt 0.869141 0.000000
vt 0.011383 0.092285
vt 0.239990 0.104980
vt 0.011383 0.000000
vt 0.238159 0.108398
vt 0.239990 0.104980
vt 0.011383 0.092285
vt 0.445068 0.460449
vt 0.238159 0.108398
vt 0.011383 0.092285
vt 0.586426 0.399414
vt 0.238159 0.108398
vt 0.445068 0.460449
vt 0.498291 0.508301
vt 0.586426 0.399414
vt 0.445068 0.460449
vt 0.644043 0.453125
vt 0.586426 0.399414
vt 0.498291 0.508301
vt 0.541992 0.550537
vt 0.644043 0.453125
vt 0.498291 0.508301
vt 0.693848 0.502197
vt 0.644043 0.453125
vt 0.541992 0.550537
vt 0.576660 0.587891
vt 0.693848 0.502197
vt 0.541992 0.550537
vt 0.735840 0.546631
vt 0.693848 0.502197
vt 0.576660 0.587891
vt 0.602051 0.619873
vt 0.735840 0.546631
vt 0.576660 0.587891
vt 0.770020 0.586182
vt 0.735840 0.546631
vt 0.602051 0.619873
vt 0.611816 0.634766
vt 0.770020 0.586182
vt 0.602051 0.619873
vt 0.620117 0.649658
vt 0.770020 0.586182
vt 0.611816 0.634766
vt 0.784180 0.604736
vt 0.770020 0.586182
vt 0.620117 0.649658
vt 0.796387 0.623535
vt 0.784180 0.604736
vt 0.620117 0.649658
vt 0.632812 0.679443
vt 0.796387 0.623535
vt 0.620117 0.649658
vt 0.814941 0.661377
vt 0.796387 0.623535
vt 0.632812 0.679443
vt 0.640625 0.709229
vt 0.814941 0.661377
vt 0.632812 0.679443
vt 0.826172 0.699707
vt 0.814941 0.661377
vt 0.640625 0.709229
vt 0.642578 0.724121
vt 0.826172 0.699707
vt 0.640625 0.709229
vt 0.829102 0.718994
vt 0.826172 0.699707
vt 0.642578 0.724121
vt 0.643066 0.739258
vt 0.829102 0.718994
vt 0.642578 0.724121
vt 0.830078 0.738281
vt 0.829102 0.718994
vt 0.643066 0.739258
vt 0.828613 0.766479
vt 0.830078 0.738281
vt 0.643066 0.739258
vt 0.642578 0.755859
vt 0.828613 0.766479
vt 0.643066 0.739258
vt 0.823730 0.793335
vt 0.828613 0.766479
vt 0.642578 0.755859
vt 0.639648 0.771851
vt 0.823730 0.793335
vt 0.642578 0.755859
vt 0.815430 0.818970
vt 0.823730 0.793335
vt 0.639648 0.771851
vt 0.629395 0.801270
vt 0.815430 0.818970
vt 0.639648 0.771851
vt 0.803711 0.843262
vt 0.815430 0.818970
vt 0.629395 0.801270
vt 0.788574 0.866089
vt 0.803711 0.843262
vt 0.629395 0.801270
vt 0.611816 0.827759
vt 0.788574 0.866089
vt 0.629395 0.801270
vt 0.770508 0.887695
vt 0.788574 0.866089
vt 0.611816 0.827759
vt 0.749023 0.907959
vt 0.770508 0.887695
vt 0.611816 0.827759
vt 0.600586 0.839844
vt 0.749023 0.907959
vt 0.611816 0.827759
vt 0.736816 0.917603
vt 0.749023 0.907959
vt 0.600586 0.839844
vt 0.724121 0.926941
vt 0.736816 0.917603
vt 0.600586 0.839844
vt 0.594238 0.845581
vt 0.724121 0.926941
vt 0.600586 0.839844
vt 0.710449 0.935791
vt 0.724121 0.926941
vt 0.594238 0.845581
vt 0.587402 0.851196
vt 0.710449 0.935791
vt 0.594238 0.845581
vt 0.696289 0.944031
vt 0.710449 0.935791
vt 0.587402 0.851196
vt 0.580078 0.856445
vt 0.696289 0.944031
vt 0.587402 0.851196
vt 0.572754 0.861328
vt 0.696289 0.944031
vt 0.580078 0.856445
vt 0.666016 0.958893
vt 0.696289 0.944031
vt 0.572754 0.861328
vt 0.556641 0.870239
vt 0.666016 0.958893
vt 0.572754 0.861328
vt 0.633301 0.971451
vt 0.666016 0.958893
vt 0.556641 0.870239
vt 0.539062 0.877747
vt 0.633301 0.971451
vt 0.556641 0.870239
vt 0.598145 0.981735
vt 0.633301 0.971451
vt 0.539062 0.877747
vt 0.520508 0.883911
vt 0.598145 0.981735
vt 0.539062 0.877747
vt 0.520020 0.995434
vt 0.598145 0.981735
vt 0.520508 0.883911
vt 0.500488 0.888672
vt 0.520020 0.995434
vt 0.520508 0.883911
vt 0.479248 0.892090
vt 0.520020 0.995434
vt 0.500488 0.888672
vt 0.477539 0.998858
vt 0.520020 0.995434
vt 0.479248 0.892090
vt 0.456543 0.894165
vt 0.477539 0.998858
vt 0.479248 0.892090
vt 0.432617 1.000000
vt 0.477539 0.998858
vt 0.456543 0.894165
vt 0.432617 0.894836
vt 0.432617 1.000000
vt 0.456543 0.894165
vt 0.402832 0.893982
vt 0.432617 1.000000
vt 0.432617 0.894836
vt 0.383545 0.998693
vt 0.432617 1.000000
vt 0.402832 0.893982
vt 0.375000 0.891479
vt 0.383545 0.998693
vt 0.402832 0.893982
vt 0.336914 0.994770
vt 0.383545 0.998693
vt 0.375000 0.891479
vt 0.349121 0.887329
vt 0.336914 0.994770
vt 0.375000 0.891479
vt 0.251709 0.979080
vt 0.336914 0.994770
vt 0.349121 0.887329
vt 0.324951 0.881470
vt 0.251709 0.979080
vt 0.349121 0.887329
vt 0.302490 0.873901
vt 0.251709 0.979080
vt 0.324951 0.881470
vt 0.213013 0.967316
vt 0.251709 0.979080
vt 0.302490 0.873901
vt 0.281982 0.864746
vt 0.213013 0.967316
vt 0.302490 0.873901
vt 0.177002 0.952942
vt 0.213013 0.967316
vt 0.281982 0.864746
vt 0.263184 0.853882
vt 0.177002 0.952942
vt 0.281982 0.864746
vt 0.143677 0.935913
vt 0.177002 0.952942
vt 0.263184 0.853882
vt 0.254395 0.847900
vt 0.143677 0.935913
vt 0.263184 0.853882
vt 0.127930 0.926453
vt 0.143677 0.935913
vt 0.254395 0.847900
vt 0.246216 0.841431
vt 0.127930 0.926453
vt 0.254395 0.847900
vt 0.112915 0.916321
vt 0.127930 0.926453
vt 0.246216 0.841431
vt 0.231201 0.827637
vt 0.112915 0.916321
vt 0.246216 0.841431
vt 0.098694 0.905701
vt 0.112915 0.916321
vt 0.231201 0.827637
vt 0.085388 0.894836
vt 0.098694 0.905701
vt 0.231201 0.827637
vt 0.218140 0.812988
vt 0.085388 0.894836
vt 0.231201 0.827637
vt 0.061737 0.872192
vt 0.085388 0.894836
vt 0.218140 0.812988
vt 0.041870 0.848389
vt 0.061737 0.872192
vt 0.218140 0.812988
vt 0.198120 0.781372
vt 0.041870 0.848389
vt 0.218140 0.812988
vt 0.025848 0.823364
vt 0.041870 0.848389
vt 0.198120 0.781372
vt 0.013657 0.797363
vt 0.025848 0.823364
vt 0.198120 0.781372
vt 0.186157 0.746338
vt 0.013657 0.797363
vt 0.198120 0.781372
vt 0.005276 0.770020
vt 0.013657 0.797363
vt 0.186157 0.746338
vt 0.000726 0.741699
vt 0.005276 0.770020
vt 0.186157 0.746338
vt 0.183105 0.727539
vt 0.000726 0.741699
vt 0.186157 0.746338
vt 0.001898 0.708008
vt 0.000726 0.741699
vt 0.183105 0.727539
vt 0.182129 0.708008
vt 0.001898 0.708008
vt 0.183105 0.727539
vt 0.000000 0.711914
vt 0.000726 0.741699
vt 0.001898 0.708008
vt 0.160645 0.000000
vt 0.000000 0.000000
vt 0.264648 0.254883
vt 0.264648 0.254883
vt 0.000000 0.000000
vt 0.310059 0.366699
vt 0.702637 0.254883
vt 0.264648 0.254883
vt 0.310059 0.366699
vt 0.000000 0.000000
vt 0.419678 1.000000
vt 0.310059 0.366699
vt 0.310059 0.366699
vt 0.419678 1.000000
vt 0.483643 0.791382
vt 0.483643 0.791382
vt 0.419678 1.000000
vt 0.488525 0.791382
vt 0.419678 1.000000
vt 0.554688 1.000000
vt 0.488525 0.791382
vt 0.657715 0.366699
vt 0.702637 0.254883
vt 0.310059 0.366699
vt 0.488525 0.791382
vt 0.554688 1.000000
vt 0.657715 0.366699
vt 0.554688 1.000000
vt 0.965820 0.000000
vt 0.657715 0.366699
vt 0.657715 0.366699
vt 0.965820 0.000000
vt 0.702637 0.254883
vt 0.965820 0.000000
vt 0.805176 0.000000
vt 0.702637 0.254883
vt 0.161621 0.000000
vt 0.000000 0.000000
vt 0.161621 0.401367
vt 0.161621 0.401367
vt 0.000000 0.000000
vt 0.161621 0.511230
vt 0.000000 0.000000
vt 0.000000 1.000000
vt 0.161621 0.511230
vt 0.161621 0.511230
vt 0.457031 0.401367
vt 0.161621 0.401367
vt 0.161621 0.511230
vt 0.000000 1.000000
vt 0.161621 0.893677
vt 0.457031 0.511230
vt 0.457031 0.401367
vt 0.161621 0.511230
vt 0.000000 1.000000
vt 0.457031 1.000000
vt 0.161621 0.893677
vt 0.486328 0.511963
vt 0.457031 0.401367
vt 0.457031 0.511230
vt 0.161621 0.893677
vt 0.457031 1.000000
vt 0.457031 0.893677
vt 0.503418 0.402344
vt 0.457031 0.401367
vt 0.486328 0.511963
vt 0.457031 0.893677
vt 0.457031 1.000000
vt 0.486084 0.892822
vt 0.513672 0.514648
vt 0.503418 0.402344
vt 0.486328 0.511963
vt 0.457031 1.000000
vt 0.503418 0.998713
vt 0.486084 0.892822
vt 0.547363 0.406250
vt 0.503418 0.402344
vt 0.513672 0.514648
vt 0.486084 0.892822
vt 0.503418 0.998713
vt 0.513672 0.890259
vt 0.539551 0.518799
vt 0.547363 0.406250
vt 0.513672 0.514648
vt 0.503418 0.998713
vt 0.547363 0.994850
vt 0.513672 0.890259
vt 0.562988 0.524658
vt 0.547363 0.406250
vt 0.539551 0.518799
vt 0.513672 0.890259
vt 0.547363 0.994850
vt 0.539062 0.885925
vt 0.626953 0.421387
vt 0.547363 0.406250
vt 0.562988 0.524658
vt 0.539062 0.885925
vt 0.547363 0.994850
vt 0.562500 0.879944
vt 0.584473 0.532227
vt 0.626953 0.421387
vt 0.562988 0.524658
vt 0.547363 0.994850
vt 0.626953 0.979401
vt 0.562500 0.879944
vt 0.662598 0.433105
vt 0.626953 0.421387
vt 0.584473 0.532227
vt 0.562500 0.879944
vt 0.626953 0.979401
vt 0.583984 0.872192
vt 0.604492 0.541504
vt 0.662598 0.433105
vt 0.584473 0.532227
vt 0.626953 0.979401
vt 0.662598 0.967834
vt 0.583984 0.872192
vt 0.695801 0.447266
vt 0.662598 0.433105
vt 0.604492 0.541504
vt 0.583984 0.872192
vt 0.662598 0.967834
vt 0.604004 0.862671
vt 0.622070 0.552490
vt 0.695801 0.447266
vt 0.604492 0.541504
vt 0.662598 0.967834
vt 0.695801 0.953674
vt 0.604004 0.862671
vt 0.726562 0.463867
vt 0.695801 0.447266
vt 0.622070 0.552490
vt 0.604004 0.862671
vt 0.695801 0.953674
vt 0.621582 0.851562
vt 0.630371 0.558594
vt 0.726562 0.463867
vt 0.622070 0.552490
vt 0.695801 0.953674
vt 0.726562 0.936951
vt 0.621582 0.851562
vt 0.740723 0.473145
vt 0.726562 0.463867
vt 0.630371 0.558594
vt 0.621582 0.851562
vt 0.726562 0.936951
vt 0.629883 0.845337
vt 0.638184 0.565186
vt 0.740723 0.473145
vt 0.630371 0.558594
vt 0.629883 0.845337
vt 0.726562 0.936951
vt 0.637695 0.838623
vt 0.754395 0.482910
vt 0.740723 0.473145
vt 0.638184 0.565186
vt 0.726562 0.936951
vt 0.740723 0.927612
vt 0.637695 0.838623
vt 0.652344 0.579102
vt 0.754395 0.482910
vt 0.638184 0.565186
vt 0.740723 0.927612
vt 0.754395 0.917603
vt 0.637695 0.838623
vt 0.767090 0.493164
vt 0.754395 0.482910
vt 0.652344 0.579102
vt 0.637695 0.838623
vt 0.754395 0.917603
vt 0.651855 0.824463
vt 0.779297 0.504150
vt 0.767090 0.493164
vt 0.652344 0.579102
vt 0.754395 0.917603
vt 0.767090 0.907104
vt 0.651855 0.824463
vt 0.664551 0.593994
vt 0.779297 0.504150
vt 0.652344 0.579102
vt 0.767090 0.907104
vt 0.779297 0.896240
vt 0.651855 0.824463
vt 0.800781 0.527100
vt 0.779297 0.504150
vt 0.664551 0.593994
vt 0.651855 0.824463
vt 0.779297 0.896240
vt 0.664062 0.809448
vt 0.818848 0.551758
vt 0.800781 0.527100
vt 0.664551 0.593994
vt 0.779297 0.896240
vt 0.800781 0.873169
vt 0.664062 0.809448
vt 0.683105 0.626221
vt 0.818848 0.551758
vt 0.664551 0.593994
vt 0.800781 0.873169
vt 0.818848 0.848511
vt 0.664062 0.809448
vt 0.833984 0.578125
vt 0.818848 0.551758
vt 0.683105 0.626221
vt 0.664062 0.809448
vt 0.818848 0.848511
vt 0.683105 0.776855
vt 0.845703 0.606201
vt 0.833984 0.578125
vt 0.683105 0.626221
vt 0.818848 0.848511
vt 0.833984 0.822144
vt 0.683105 0.776855
vt 0.694336 0.662109
vt 0.845703 0.606201
vt 0.683105 0.626221
vt 0.833984 0.822144
vt 0.845703 0.794189
vt 0.683105 0.776855
vt 0.854004 0.635742
vt 0.845703 0.606201
vt 0.694336 0.662109
vt 0.683105 0.776855
vt 0.845703 0.794189
vt 0.694336 0.740723
vt 0.858887 0.667236
vt 0.854004 0.635742
vt 0.694336 0.662109
vt 0.845703 0.794189
vt 0.854004 0.764526
vt 0.694336 0.740723
vt 0.697266 0.681396
vt 0.858887 0.667236
vt 0.694336 0.662109
vt 0.854004 0.764526
vt 0.858887 0.733398
vt 0.694336 0.740723
vt 0.860352 0.700439
vt 0.858887 0.667236
vt 0.697266 0.681396
vt 0.694336 0.740723
vt 0.858887 0.733398
vt 0.697266 0.721436
vt 0.698242 0.701416
vt 0.860352 0.700439
vt 0.697266 0.681396
vt 0.697266 0.721436
vt 0.858887 0.733398
vt 0.698242 0.701416
vt 0.858887 0.733398
vt 0.860352 0.700439
vt 0.698242 0.701416

g UnrealEdObject

s 0
f 1/1 2/2 3/3
f 4/4 5/5 6/6
f 7/7 8/8 9/9
f 10/10 11/11 12/12
f 13/13 14/14 15/15
f 16/16 17/17 18/18
f 19/19 20/20 21/21
f 22/22 23/23 24/24
f 25/25 26/26 27/27
f 28/28 29/29 30/30
f 31/31 32/32 33/33
f 34/34 35/35 36/36
f 37/37 38/38 39/39
f 40/40 41/41 42/42
f 43/43 44/44 45/45
f 46/46 47/47 48/48
f 49/49 50/50 51/51
f 52/52 53/53 54/54
f 55/55 56/56 57/57
f 58/58 59/59 60/60
f 61/61 62/62 63/63
f 64/64 65/65 66/66
f 67/67 68/68 69/69
f 70/70 71/71 72/72
f 73/73 74/74 75/75
f 76/76 77/77 78/78
f 79/79 80/80 81/81
f 82/82 83/83 84/84
f 85/85 86/86 87/87
f 88/88 89/89 90/90
f 91/91 92/92 93/93
f 94/94 95/95 96/96
f 97/97 98/98 99/99
f 100/100 101/101 102/102
f 103/103 104/104 105/105
f 106/106 107/107 108/108
f 109/109 110/110 111/111
f 112/112 113/113 114/114
f 115/115 116/116 117/117
f 118/118 119/119 120/120
f 121/121 122/122 123/123
f 124/124 125/125 126/126
f 127/127 128/128 129/129
f 130/130 131/131 132/132
f 133/133 134/134 135/135
f 136/136 137/137 138/138
f 139/139 140/140 141/141
f 142/142 143/143 144/144
f 145/145 146/146 147/147
f 148/148 149/149 150/150
f 151/151 152/152 153/153
f 154/154 155/155 156/156
f 157/157 158/158 159/159
f 160/160 161/161 162/162
f 163/163 164/164 165/165
f 166/166 167/167 168/168
f 169/169 170/170 171/171
f 172/172 173/173 174/174
f 175/175 176/176 177/177
f 178/178 179/179 180/180
f 181/181 182/182 183/183
f 184/184 185/185 186/186
f 187/187 188/188 189/189
f 190/190 191/191 192/192
f 193/193 194/194 195/195
f 196/196 197/197 198/198
f 199/199 200/200 201/201
f 202/202 203/203 204/204
f 205/205 206/206 207/207
f 208/208 209/209 210/210
f 211/211 212/212 213/213
f 214/214 215/215 216/216
f 217/217 218/218 219/219
f 220/220 221/221 222/222
f 223/223 224/224 225/225
f 226/226 227/227 228/228
f 229/229 230/230 231/231
f 232/232 233/233 234/234
f 235/235 236/236 237/237
f 238/238 239/239 240/240
f 241/241 242/242 243/243
f 244/244 245/245 246/246
f 247/247 248/248 249/249
f 250/250 251/251 252/252
f 253/253 254/254 255/255
f 256/256 257/257 258/258
f 259/259 260/260 261/261
f 262/262 263/263 264/264
f 265/265 266/266 267/267
f 268/268 269/269 270/270
f 271/271 272/272 273/273
f 274/274 275/275 276/276
f 277/277 278/278 279/279
f 280/280 281/281 282/282
f 283/283 284/284 285/285
f 286/286 287/287 288/288
f 289/289 290/290 291/291
f 292/292 293/293 294/294
f 295/295 296/296 297/297
f 298/298 299/299 300/300
f 301/301 302/302 303/303
f 304/304 305/305 306/306
f 307/307 308/308 309/309
f 310/310 311/311 312/312
f 313/313 314/314 315/315
f 316/316 317/317 318/318
f 319/319 320/320 321/321
f 322/322 323/323 324/324
f 325/325 326/326 327/327
f 328/328 329/329 330/330
f 331/331 332/332 333/333
f 334/334 335/335 336/336
f 337/337 338/338 339/339
f 340/340 341/341 342/342
f 343/343 344/344 345/345
f 346/346 347/347 348/348
f 349/349 350/350 351/351
f 352/352 353/353 354/354
f 355/355 356/356 357/357
f 358/358 359/359 360/360
f 361/361 362/362 363/363
f 364/364 365/365 366/366
f 367/367 368/368 369/369
f 370/370 371/371 372/372
f 373/373 374/374 375/375
f 376/376 377/377 378/378
f 379/379 380/380 381/381
f 382/382 383/383 384/384
f 385/385 386/386 387/387
f 388/388 389/389 390/390
f 391/391 392/392 393/393
f 394/394 395/395 396/396
f 397/397 398/398 399/399
f 400/400 401/401 402/402
f 403/403 404/404 405/405
f 406/406 407/407 408/408
f 409/409 410/410 411/411
f 412/412 413/413 414/414
f 415/415 416/416 417/417
f 418/418 419/419 420/420
f 421/421 422/422 423/423
f 424/424 425/425 426/426
f 427/427 428/428 429/429
f 430/430 431/431 432/432
f 433/433 434/434 435/435
f 436/436 437/437 438/438
f 439/439 440/440 441/441
f 442/442 443/443 444/444
f 445/445 446/446 447/447
f 448/448 449/449 450/450
f 451/451 452/452 453/453
f 454/454 455/455 456/456
f 457/457 458/458 459/459
f 460/460 461/461 462/462
f 463/463 464/464 465/465
f 466/466 467/467 468/468
f 469/469 470/470 471/471
f 472/472 473/473 474/474
f 475/475 476/476 477/477
f 478/478 479/479 480/480
f 481/481 482/482 483/483
f 484/484 485/485 486/486
f 487/487 488/488 489/489
f 490/490 491/491 492/492
f 493/493 494/494 495/495
f 496/496 497/497 498/498
f 499/499 500/500 501/501
f 502/502 503/503 504/504
f 505/505 506/506 507/507
f 508/508 509/509 510/510
f 511/511 512/512 513/513
f 514/514 515/515 516/516
f 517/517 518/518 519/519
f 520/520 521/521 522/522
f 523/523 524/524 525/525
f 526/526 527/527 528/528
f 529/529 530/530 531/531
f 532/532 533/533 534/534
f 535/535 536/536 537/537
f 538/538 539/539 540/540
f 541/541 542/542 543/543
f 544/544 545/545 546/546
f 547/547 548/548 549/549
f 550/550 551/551 552/552
f 553/553 554/554 555/555
f 556/556 557/557 558/558
f 559/559 560/560 561/561
f 562/562 563/563 564/564
f 565/565 566/566 567/567
f 568/568 569/569 570/570
f 571/571 572/572 573/573
f 574/574 575/575 576/576
f 577/577 578/578 579/579
f 580/580 581/581 582/582
f 583/583 584/584 585/585
f 586/586 587/587 588/588
f 589/589 590/590 591/591
f 592/592 593/593 594/594
f 595/595 596/596 597/597
f 598/598 599/599 600/600
f 601/601 602/602 603/603
f 604/604 605/605 606/606
f 607/607 608/608 609/609
f 610/610 611/611 612/612
f 613/613 614/614 615/615
f 616/616 617/617 618/618
f 619/619 620/620 621/621
f 622/622 623/623 624/624
f 625/625 626/626 627/627
f 628/628 629/629 630/630
f 631/631 632/632 633/633
f 634/634 635/635 636/636
f 637/637 638/638 639/639
f 640/640 641/641 642/642
f 643/643 644/644 645/645
f 646/646 647/647 648/648
f 649/649 650/650 651/651
f 652/652 653/653 654/654
f 655/655 656/656 657/657
f 658/658 659/659 660/660
f 661/661 662/662 663/663
f 664/664 665/665 666/666
f 667/667 668/668 669/669
f 670/670 671/671 672/672
f 673/673 674/674 675/675
f 676/676 677/677 678/678
f 679/679 680/680 681/681
f 682/682 683/683 684/684
f 685/685 686/686 687/687
f 688/688 689/689 690/690
f 691/691 692/692 693/693
f 694/694 695/695 696/696
f 697/697 698/698 699/699
f 700/700 701/701 702/702
f 703/703 704/704 705/705
f 706/706 707/707 708/708
f 709/709 710/710 711/711
f 712/712 713/713 714/714
f 715/715 716/716 717/717
f 718/718 719/719 720/720
f 721/721 722/722 723/723
f 724/724 725/725 726/726
f 727/727 728/728 729/729
f 730/730 731/731 732/732
f 733/733 734/734 735/735
f 736/736 737/737 738/738
f 739/739 740/740 741/741
f 742/742 743/743 744/744
f 745/745 746/746 747/747
f 748/748 749/749 750/750
f 751/751 752/752 753/753
f 754/754 755/755 756/756
f 757/757 758/758 759/759
f 760/760 761/761 762/762
f 763/763 764/764 765/765
f 766/766 767/767 768/768
f 769/769 770/770 771/771
f 772/772 773/773 774/774
f 775/775 776/776 777/777
f 778/778 779/779 780/780
f 781/781 782/782 783/783
f 784/784 785/785 786/786
f 787/787 788/788 789/789
f 790/790 791/791 792/792
f 793/793 794/794 795/795
f 796/796 797/797 798/798
f 799/799 800/800 801/801
f 802/802 803/803 804/804
f 805/805 806/806 807/807
f 808/808 809/809 810/810
f 811/811 812/812 813/813
f 814/814 815/815 816/816
f 817/817 818/818 819/819
f 820/820 821/821 822/822
f 823/823 824/824 825/825
f 826/826 827/827 828/828
f 829/829 830/830 831/831
f 832/832 833/833 834/834
f 835/835 836/836 837/837
f 838/838 839/839 840/840
f 841/841 842/842 843/843
f 844/844 845/845 846/846
f 847/847 848/848 849/849
f 850/850 851/851 852/852
f 853/853 854/854 855/855
f 856/856 857/857 858/858
f 859/859 860/860 861/861
f 862/862 863/863 864/864
f 865/865 866/866 867/867
f 868/868 869/869 870/870
f 871/871 872/872 873/873
f 874/874 875/875 876/876
f 877/877 878/878 879/879
f 880/880 881/881 882/882
f 883/883 884/884 885/885
f 886/886 887/887 888/888
f 889/889 890/890 891/891
f 892/892 893/893 894/894
f 895/895 896/896 897/897
f 898/898 899/899 900/900
f 901/901 902/902 903/903
f 904/904 905/905 906/906
f 907/907 908/908 909/909
f 910/910 911/911 912/912
f 913/913 914/914 915/915
f 916/916 917/917 918/918
f 919/919 920/920 921/921
f 922/922 923/923 924/924
f 925/925 926/926 927/927
f 928/928 929/929 930/930
f 931/931 932/932 933/933
f 934/934 935/935 936/936
f 937/937 938/938 939/939
f 940/940 941/941 942/942
f 943/943 944/944 945/945
f 946/946 947/947 948/948
f 949/949 950/950 951/951
f 952/952 953/953 954/954
f 955/955 956/956 957/957
f 958/958 959/959 960/960
f 961/961 962/962 963/963
f 964/964 965/965 966/966
f 967/967 968/968 969/969
f 970/970 971/971 972/972
f 973/973 974/974 975/975
f 976/976 977/977 978/978
f 979/979 980/980 981/981
f 982/982 983/983 984/984
f 985/985 986/986 987/987
f 988/988 989/989 990/990
f 991/991 992/992 993/993
f 994/994 995/995 996/996
f 997/997 998/998 999/999
f 1000/1000 1001/1001 1002/1002
f 1003/1003 1004/1004 1005/1005
f 1006/1006 1007/1007 1008/1008
f 1009/1009 1010/1010 1011/1011
f 1012/1012 1013/1013 1014/1014
f 1015/1015 1016/1016 1017/1017
f 1018/1018 1019/1019 1020/1020
f 1021/1021 1022/1022 1023/1023
f 1024/1024 1025/1025 1026/1026
f 1027/1027 1028/1028 1029/1029
f 1030/1030 1031/1031 1032/1032
f 1033/1033 1034/1034 1035/1035
f 1036/1036 1037/1037 1038/1038
f 1039/1039 1040/1040 1041/1041
f 1042/1042 1043/1043 1044/1044
f 1045/1045 1046/1046 1047/1047
f 1048/1048 1049/1049 1050/1050
f 1051/1051 1052/1052 1053/1053
f 1054/1054 1055/1055 1056/1056
f 1057/1057 1058/1058 1059/1059
f 1060/1060 1061/1061 1062/1062
f 1063/1063 1064/1064 1065/1065
f 1066/1066 1067/1067 1068/1068
f 1069/1069 1070/1070 1071/1071
f 1072/1072 1073/1073 1074/1074
f 1075/1075 1076/1076 1077/1077
f 1078/1078 1079/1079 1080/1080
f 1081/1081 1082/1082 1083/1083
f 1084/1084 1085/1085 1086/1086
f 1087/1087 1088/1088 1089/1089
f 1090/1090 1091/1091 1092/1092
f 1093/1093 1094/1094 1095/1095
f 1096/1096 1097/1097 1098/1098
f 1099/1099 1100/1100 1101/1101
f 1102/1102 1103/1103 1104/1104
f 1105/1105 1106/1106 1107/1107
f 1108/1108 1109/1109 1110/1110
f 1111/1111 1112/1112 1113/1113
f 1114/1114 1115/1115 1116/1116
f 1117/1117 1118/1118 1119/1119
f 1120/1120 1121/1121 1122/1122
f 1123/1123 1124/1124 1125/1125
f 1126/1126 1127/1127 1128/1128
f 1129/1129 1130/1130 1131/1131
f 1132/1132 1133/1133 1134/1134
f 1135/1135 1136/1136 1137/1137
f 1138/1138 1139/1139 1140/1140
f 1141/1141 1142/1142 1143/1143
f 1144/1144 1145/1145 1146/1146
f 1147/1147 1148/1148 1149/1149
f 1150/1150 1151/1151 1152/1152
f 1153/1153 1154/1154 1155/1155
f 1156/1156 1157/1157 1158/1158
f 1159/1159 1160/1160 1161/1161
f 1162/1162 1163/1163 1164/1164
f 1165/1165 1166/1166 1167/1167
f 1168/1168 1169/1169 1170/1170
f 1171/1171 1172/1172 1173/1173
f 1174/1174 1175/1175 1176/1176
f 1177/1177 1178/1178 1179/1179
f 1180/1180 1181/1181 1182/1182
f 1183/1183 1184/1184 1185/1185
f 1186/1186 1187/1187 1188/1188
f 1189/1189 1190/1190 1191/1191
f 1192/1192 1193/1193 1194/1194
f 1195/1195 1196/1196 1197/1197
f 1198/1198 1199/1199 1200/1200
f 1201/1201 1202/1202 1203/1203
f 1204/1204 1205/1205 1206/1206
f 1207/1207 1208/1208 1209/1209
f 1210/1210 1211/1211 1212/1212
f 1213/1213 1214/1214 1215/1215
f 1216/1216 1217/1217 1218/1218
f 1219/1219 1220/1220 1221/1221
f 1222/1222 1223/1223 1224/1224
f 1225/1225 1226/1226 1227/1227
f 1228/1228 1229/1229 1230/1230
f 1231/1231 1232/1232 1233/1233
f 1234/1234 1235/1235 1236/1236
f 1237/1237 1238/1238 1239/1239
f 1240/1240 1241/1241 1242/1242
f 1243/1243 1244/1244 1245/1245
f 1246/1246 1247/1247 1248/1248
f 1249/1249 1250/1250 1251/1251
f 1252/1252 1253/1253 1254/1254
f 1255/1255 1256/1256 1257/1257
f 1258/1258 1259/1259 1260/1260
f 1261/1261 1262/1262 1263/1263
f 1264/1264 1265/1265 1266/1266
f 1267/1267 1268/1268 1269/1269
f 1270/1270 1271/1271 1272/1272
f 1273/1273 1274/1274 1275/1275
f 1276/1276 1277/1277 1278/1278
f 1279/1279 1280/1280 1281/1281
f 1282/1282 1283/1283 1284/1284
f 1285/1285 1286/1286 1287/1287
f 1288/1288 1289/1289 1290/1290
f 1291/1291 1292/1292 1293/1293
f 1294/1294 1295/1295 1296/1296
f 1297/1297 1298/1298 1299/1299
f 1300/1300 1301/1301 1302/1302
f 1303/1303 1304/1304 1305/1305
f 1306/1306 1307/1307 1308/1308
f 1309/1309 1310/1310 1311/1311
f 1312/1312 1313/1313 1314/1314
f 1315/1315 1316/1316 1317/1317
f 1318/1318 1319/1319 1320/1320
f 1321/1321 1322/1322 1323/1323
f 1324/1324 1325/1325 1326/1326
f 1327/1327 1328/1328 1329/1329
f 1330/1330 1331/1331 1332/1332
f 1333/1333 1334/1334 1335/1335
f 1336/1336 1337/1337 1338/1338
f 1339/1339 1340/1340 1341/1341
f 1342/1342 1343/1343 1344/1344
f 1345/1345 1346/1346 1347/1347
f 1348/1348 1349/1349 1350/1350
f 1351/1351 1352/1352 1353/1353
f 1354/1354 1355/1355 1356/1356
f 1357/1357 1358/1358 1359/1359
f 1360/1360 1361/1361 1362/1362
f 1363/1363 1364/1364 1365/1365
f 1366/1366 1367/1367 1368/1368
f 1369/1369 1370/1370 1371/1371
f 1372/1372 1373/1373 1374/1374
f 1375/1375 1376/1376 1377/1377
f 1378/1378 1379/1379 1380/1380
f 1381/1381 1382/1382 1383/1383
f 1384/1384 1385/1385 1386/1386
f 1387/1387 1388/1388 1389/1389
f 1390/1390 1391/1391 1392/1392
f 1393/1393 1394/1394 1395/1395
f 1396/1396 1397/1397 1398/1398
f 1399/1399 1400/1400 1401/1401
f 1402/1402 1403/1403 1404/1404
f 1405/1405 1406/1406 1407/1407
f 1408/1408 1409/1409 1410/1410
f 1411/1411 1412/1412 1413/1413
f 1414/1414 1415/1415 1416/1416
f 1417/1417 1418/1418 1419/1419
f 1420/1420 1421/1421 1422/1422
f 1423/1423 1424/1424 1425/1425
f 1426/1426 1427/1427 1428/1428
f 1429/1429 1430/1430 1431/1431
f 1432/1432 1433/1433 1434/1434
f 1435/1435 1436/1436 1437/1437
f 1438/1438 1439/1439 1440/1440
f 1441/1441 1442/1442 1443/1443
f 1444/1444 1445/1445 1446/1446
f 1447/1447 1448/1448 1449/1449
f 1450/1450 1451/1451 1452/1452
f 1453/1453 1454/1454 1455/1455
f 1456/1456 1457/1457 1458/1458
f 1459/1459 1460/1460 1461/1461
f 1462/1462 1463/1463 1464/1464
f 1465/1465 1466/1466 1467/1467
f 1468/1468 1469/1469 1470/1470
f 1471/1471 1472/1472 1473/1473
f 1474/1474 1475/1475 1476/1476
f 1477/1477 1478/1478 1479/1479
f 1480/1480 1481/1481 1482/1482
f 1483/1483 1484/1484 1485/1485
f 1486/1486 1487/1487 1488/1488
f 1489/1489 1490/1490 1491/1491
f 1492/1492 1493/1493 1494/1494
f 1495/1495 1496/1496 1497/1497
f 1498/1498 1499/1499 1500/1500
f 1501/1501 1502/1502 1503/1503
f 1504/1504 1505/1505 1506/1506
f 1507/1507 1508/1508 1509/1509
f 1510/1510 1511/1511 1512/1512
f 1513/1513 1514/1514 1515/1515
f 1516/1516 1517/1517 1518/1518
f 1519/1519 1520/1520 1521/1521
f 1522/1522 1523/1523 1524/1524
f 1525/1525 1526/1526 1527/1527
f 1528/1528 1529/1529 1530/1530
f 1531/1531 1532/1532 1533/1533
f 1534/1534 1535/1535 1536/1536
f 1537/1537 1538/1538 1539/1539
f 1540/1540 1541/1541 1542/1542
f 1543/1543 1544/1544 1545/1545
f 1546/1546 1547/1547 1548/1548
f 1549/1549 1550/1550 1551/1551
f 1552/1552 1553/1553 1554/1554
f 1555/1555 1556/1556 1557/1557
f 1558/1558 1559/1559 1560/1560
f 1561/1561 1562/1562 1563/1563
f 1564/1564 1565/1565 1566/1566
f 1567/1567 1568/1568 1569/1569
f 1570/1570 1571/1571 1572/1572
f 1573/1573 1574/1574 1575/1575
f 1576/1576 1577/1577 1578/1578
f 1579/1579 1580/1580 1581/1581
f 1582/1582 1583/1583 1584/1584
f 1585/1585 1586/1586 1587/1587
f 1588/1588 1589/1589 1590/1590
f 1591/1591 1592/1592 1593/1593
f 1594/1594 1595/1595 1596/1596
f 1597/1597 1598/1598 1599/1599
f 1600/1600 1601/1601 1602/1602
f 1603/1603 1604/1604 1605/1605
f 1606/1606 1607/1607 1608/1608
f 1609/1609 1610/1610 1611/1611
f 1612/1612 1613/1613 1614/1614
f 1615/1615 1616/1616 1617/1617
f 1618/1618 1619/1619 1620/1620
f 1621/1621 1622/1622 1623/1623
f 1624/1624 1625/1625 1626/1626
f 1627/1627 1628/1628 1629/1629
f 1630/1630 1631/1631 1632/1632
f 1633/1633 1634/1634 1635/1635
f 1636/1636 1637/1637 1638/1638
f 1639/1639 1640/1640 1641/1641
f 1642/1642 1643/1643 1644/1644
f 1645/1645 1646/1646 1647/1647
f 1648/1648 1649/1649 1650/1650
f 1651/1651 1652/1652 1653/1653
f 1654/1654 1655/1655 1656/1656
f 1657/1657 1658/1658 1659/1659
f 1660/1660 1661/1661 1662/1662
f 1663/1663 1664/1664 1665/1665
f 1666/1666 1667/1667 1668/1668
f 1669/1669 1670/1670 1671/1671
f 1672/1672 1673/1673 1674/1674
f 1675/1675 1676/1676 1677/1677
f 1678/1678 1679/1679 1680/1680
f 1681/1681 1682/1682 1683/1683
f 1684/1684 1685/1685 1686/1686
f 1687/1687 1688/1688 1689/1689
f 1690/1690 1691/1691 1692/1692
f 1693/1693 1694/1694 1695/1695
f 1696/1696 1697/1697 1698/1698
f 1699/1699 1700/1700 1701/1701
f 1702/1702 1703/1703 1704/1704
f 1705/1705 1706/1706 1707/1707
f 1708/1708 1709/1709 1710/1710
f 1711/1711 1712/1712 1713/1713
f 1714/1714 1715/1715 1716/1716
f 1717/1717 1718/1718 1719/1719
f 1720/1720 1721/1721 1722/1722
f 1723/1723 1724/1724 1725/1725
f 1726/1726 1727/1727 1728/1728
f 1729/1729 1730/1730 1731/1731
f 1732/1732 1733/1733 1734/1734
f 1735/1735 1736/1736 1737/1737
f 1738/1738 1739/1739 1740/1740
f 1741/1741 1742/1742 1743/1743
f 1744/1744 1745/1745 1746/1746
f 1747/1747 1748/1748 1749/1749
f 1750/1750 1751/1751 1752/1752
f 1753/1753 1754/1754 1755/1755
f 1756/1756 1757/1757 1758/1758
f 1759/1759 1760/1760 1761/1761
f 1762/1762 1763/1763 1764/1764
f 1765/1765 1766/1766 1767/1767
f 1768/1768 1769/1769 1770/1770
f 1771/1771 1772/1772 1773/1773
f 1774/1774 1775/1775 1776/1776
f 1777/1777 1778/1778 1779/1779
f 1780/1780 1781/1781 1782/1782
f 1783/1783 1784/1784 1785/1785
f 1786/1786 1787/1787 1788/1788
f 1789/1789 1790/1790 1791/1791
f 1792/1792 1793/1793 1794/1794
f 1795/1795 1796/1796 1797/1797
f 1798/1798 1799/1799 1800/1800
f 1801/1801 1802/1802 1803/1803
f 1804/1804 1805/1805 1806/1806
f 1807/1807 1808/1808 1809/1809
f 1810/1810 1811/1811 1812/1812
f 1813/1813 1814/1814 1815/1815
f 1816/1816 1817/1817 1818/1818
f 1819/1819 1820/1820 1821/1821
f 1822/1822 1823/1823 1824/1824
f 1825/1825 1826/1826 1827/1827
f 1828/1828 1829/1829 1830/1830
f 1831/1831 1832/1832 1833/1833
f 1834/1834 1835/1835 1836/1836
f 1837/1837 1838/1838 1839/1839
f 1840/1840 1841/1841 1842/1842
f 1843/1843 1844/1844 1845/1845
f 1846/1846 1847/1847 1848/1848
f 1849/1849 1850/1850 1851/1851
f 1852/1852 1853/1853 1854/1854
f 1855/1855 1856/1856 1857/1857
f 1858/1858 1859/1859 1860/1860
f 1861/1861 1862/1862 1863/1863
f 1864/1864 1865/1865 1866/1866
f 1867/1867 1868/1868 1869/1869
f 1870/1870 1871/1871 1872/1872
f 1873/1873 1874/1874 1875/1875
f 1876/1876 1877/1877 1878/1878
f 1879/1879 1880/1880 1881/1881
f 1882/1882 1883/1883 1884/1884
f 1885/1885 1886/1886 1887/1887
f 1888/1888 1889/1889 1890/1890
f 1891/1891 1892/1892 1893/1893
f 1894/1894 1895/1895 1896/1896
f 1897/1897 1898/1898 1899/1899
f 1900/1900 1901/1901 1902/1902
f 1903/1903 1904/1904 1905/1905
f 1906/1906 1907/1907 1908/1908
f 1909/1909 1910/1910 1911/1911
f 1912/1912 1913/1913 1914/1914
f 1915/1915 1916/1916 1917/1917
f 1918/1918 1919/1919 1920/1920
f 1921/1921 1922/1922 1923/1923
f 1924/1924 1925/1925 1926/1926
f 1927/1927 1928/1928 1929/1929
f 1930/1930 1931/1931 1932/1932
f 1933/1933 1934/1934 1935/1935
f 1936/1936 1937/1937 1938/1938
f 1939/1939 1940/1940 1941/1941
f 1942/1942 1943/1943 1944/1944
f 1945/1945 1946/1946 1947/1947
f 1948/1948 1949/1949 1950/1950
f 1951/1951 1952/1952 1953/1953
f 1954/1954 1955/1955 1956/1956
f 1957/1957 1958/1958 1959/1959
f 1960/1960 1961/1961 1962/1962
f 1963/1963 1964/1964 1965/1965
f 1966/1966 1967/1967 1968/1968
f 1969/1969 1970/1970 1971/1971
f 1972/1972 1973/1973 1974/1974
f 1975/1975 1976/1976 1977/1977
f 1978/1978 1979/1979 1980/1980
f 1981/1981 1982/1982 1983/1983
f 1984/1984 1985/1985 1986/1986
f 1987/1987 1988/1988 1989/1989
f 1990/1990 1991/1991 1992/1992
f 1993/1993 1994/1994 1995/1995
f 1996/1996 1997/1997 1998/1998
f 1999/1999 2000/2000 2001/2001
f 2002/2002 2003/2003 2004/2004
f 2005/2005 2006/2006 2007/2007
f 2008/2008 2009/2009 2010/2010
f 2011/2011 2012/2012 2013/2013
f 2014/2014 2015/2015 2016/2016
f 2017/2017 2018/2018 2019/2019
f 2020/2020 2021/2021 2022/2022
f 2023/2023 2024/2024 2025/2025
f 2026/2026 2027/2027 2028/2028
f 2029/2029 2030/2030 2031/2031
f 2032/2032 2033/2033 2034/2034
f 2035/2035 2036/2036 2037/2037
f 2038/2038 2039/2039 2040/2040
f 2041/2041 2042/2042 2043/2043
f 2044/2044 2045/2045 2046/2046
f 2047/2047 2048/2048 2049/2049
f 2050/2050 2051/2051 2052/2052
f 2053/2053 2054/2054 2055/2055
f 2056/2056 2057/2057 2058/2058
f 2059/2059 2060/2060 2061/2061
f 2062/2062 2063/2063 2064/2064
f 2065/2065 2066/2066 2067/2067
f 2068/2068 2069/2069 2070/2070
f 2071/2071 2072/2072 2073/2073
f 2074/2074 2075/2075 2076/2076
f 2077/2077 2078/2078 2079/2079
f 2080/2080 2081/2081 2082/2082
f 2083/2083 2084/2084 2085/2085
f 2086/2086 2087/2087 2088/2088
f 2089/2089 2090/2090 2091/2091
f 2092/2092 2093/2093 2094/2094
f 2095/2095 2096/2096 2097/2097
f 2098/2098 2099/2099 2100/2100
f 2101/2101 2102/2102 2103/2103
f 2104/2104 2105/2105 2106/2106
f 2107/2107 2108/2108 2109/2109
f 2110/2110 2111/2111 2112/2112
f 2113/2113 2114/2114 2115/2115
f 2116/2116 2117/2117 2118/2118
f 2119/2119 2120/2120 2121/2121
f 2122/2122 2123/2123 2124/2124
f 2125/2125 2126/2126 2127/2127
f 2128/2128 2129/2129 2130/2130
f 2131/2131 2132/2132 2133/2133
f 2134/2134 2135/2135 2136/2136
f 2137/2137 2138/2138 2139/2139
f 2140/2140 2141/2141 2142/2142
f 2143/2143 2144/2144 2145/2145
f 2146/2146 2147/2147 2148/2148
f 2149/2149 2150/2150 2151/2151
f 2152/2152 2153/2153 2154/2154
f 2155/2155 2156/2156 2157/2157
f 2158/2158 2159/2159 2160/2160
f 2161/2161 2162/2162 2163/2163
f 2164/2164 2165/2165 2166/2166
f 2167/2167 2168/2168 2169/2169
f 2170/2170 2171/2171 2172/2172
f 2173/2173 2174/2174 2175/2175
f 2176/2176 2177/2177 2178/2178
f 2179/2179 2180/2180 2181/2181
f 2182/2182 2183/2183 2184/2184
f 2185/2185 2186/2186 2187/2187
f 2188/2188 2189/2189 2190/2190
f 2191/2191 2192/2192 2193/2193
f 2194/2194 2195/2195 2196/2196
f 2197/2197 2198/2198 2199/2199
f 2200/2200 2201/2201 2202/2202
f 2203/2203 2204/2204 2205/2205
f 2206/2206 2207/2207 2208/2208
f 2209/2209 2210/2210 2211/2211
f 2212/2212 2213/2213 2214/2214
f 2215/2215 2216/2216 2217/2217
f 2218/2218 2219/2219 2220/2220
f 2221/2221 2222/2222 2223/2223
f 2224/2224 2225/2225 2226/2226
f 2227/2227 2228/2228 2229/2229
f 2230/2230 2231/2231 2232/2232
f 2233/2233 2234/2234 2235/2235
f 2236/2236 2237/2237 2238/2238
f 2239/2239 2240/2240 2241/2241
f 2242/2242 2243/2243 2244/2244
f 2245/2245 2246/2246 2247/2247
f 2248/2248 2249/2249 2250/2250
f 2251/2251 2252/2252 2253/2253
f 2254/2254 2255/2255 2256/2256
f 2257/2257 2258/2258 2259/2259
f 2260/2260 2261/2261 2262/2262
f 2263/2263 2264/2264 2265/2265
f 2266/2266 2267/2267 2268/2268
f 2269/2269 2270/2270 2271/2271
f 2272/2272 2273/2273 2274/2274
f 2275/2275 2276/2276 2277/2277
f 2278/2278 2279/2279 2280/2280
f 2281/2281 2282/2282 2283/2283
f 2284/2284 2285/2285 2286/2286
f 2287/2287 2288/2288 2289/2289
f 2290/2290 2291/2291 2292/2292
f 2293/2293 2294/2294 2295/2295
f 2296/2296 2297/2297 2298/2298
f 2299/2299 2300/2300 2301/2301
f 2302/2302 2303/2303 2304/2304

g
