# UnrealEd OBJ exporter

v 10.155203 26.584522 -91.621124
v 9.058379 29.427458 -90.614639
v 10.148750 27.910385 -91.066757
v 9.090320 24.243427 -90.595108
v 10.155203 26.584522 -91.621124
v 10.287768 26.570818 -90.740974
v 9.305830 26.610695 -91.914497
v 8.056976 30.422182 -90.788277
v 8.519276 30.029837 -90.788277
v 9.058379 29.427458 -90.614639
v 9.646268 26.598480 -91.914497
v 8.519276 30.029837 -90.788277
v 29.552584 16.190182 -48.563698
v 28.990679 14.789013 -48.509155
v 29.696907 16.116936 -48.553745
v 28.990679 14.789013 -48.509155
v 29.552584 16.190182 -48.563698
v 28.846355 14.862257 -48.519096
v 28.424994 14.976032 -52.301929
v 29.131222 16.303957 -52.346527
v 28.569315 14.902788 -52.291988
v 29.275545 16.230713 -52.336578
v 28.569315 14.902788 -52.291988
v 29.131222 16.303957 -52.346527
v 30.707840 22.147564 -48.501705
v 30.856609 20.645210 -48.554550
v 30.869646 22.148523 -48.491211
v 30.856609 20.645210 -48.554550
v 30.707840 22.147564 -48.501705
v 30.694803 20.644251 -48.565044
v 30.454041 22.326195 -52.272221
v 30.441002 20.822880 -52.335560
v 30.292231 22.325233 -52.282715
v 30.292231 22.325233 -52.282715
v 30.441002 20.822880 -52.335560
v 30.279194 20.821918 -52.346054
v 30.462831 28.930990 -48.004440
v 30.954144 27.509102 -48.141670
v 30.620268 28.969208 -47.997639
v 30.954144 27.509102 -48.141670
v 30.462831 28.930990 -48.004440
v 30.796709 27.470881 -48.148464
v 30.042662 29.222776 -51.752953
v 30.376537 27.762667 -51.896984
v 29.885223 29.184559 -51.759754
v 29.885223 29.184559 -51.759754
v 30.376537 27.762667 -51.896984
v 30.219101 27.724449 -51.903786
v 29.138170 35.220642 -47.290028
v 29.934042 33.996655 -47.677891
v 29.279823 35.298595 -47.302277
v 29.934042 33.996655 -47.677891
v 29.138170 35.220642 -47.290028
v 29.792389 33.918701 -47.665634
v 27.855854 35.621288 -50.853104
v 28.651726 34.397301 -51.240959
v 28.510073 34.319347 -51.228710
v 28.651726 34.397301 -51.240959
v 27.855854 35.621288 -50.853104
v 27.997507 35.699242 -50.865353
v 27.162956 39.055023 -45.561501
v 25.987461 39.996971 -45.447765
v 27.050674 38.938057 -45.559193
v 25.987461 39.996971 -45.447765
v 27.162956 39.055023 -45.561501
v 26.099745 40.113934 -45.450062
v 25.274923 39.694855 -49.176220
v 26.450418 38.752907 -49.289944
v 26.338139 38.635944 -49.287647
v 26.450418 38.752907 -49.289944
v 25.274923 39.694855 -49.176220
v 25.387205 39.811821 -49.178516
v 20.076851 43.174343 -44.040264
v 21.568516 42.954521 -43.947498
v 20.113613 43.331184 -44.021770
v 21.568516 42.954521 -43.947498
v 20.076851 43.174343 -44.040264
v 21.531754 42.797676 -43.965996
v 21.643282 42.538643 -47.763470
v 20.188377 42.915310 -47.837738
v 21.680044 42.695492 -47.744972
v 20.225140 43.072155 -47.819241
v 21.680044 42.695492 -47.744972
v 20.188377 42.915310 -47.837738
v 14.944150 44.052521 -44.426472
v 16.451181 44.105885 -44.337109
v 14.952919 44.214417 -44.424030
v 16.451181 44.105885 -44.337109
v 14.944150 44.052521 -44.426472
v 16.442413 43.943985 -44.339561
v 16.601154 43.332561 -48.094719
v 15.102890 43.441093 -48.181641
v 16.609921 43.494457 -48.092278
v 15.111660 43.602989 -48.179199
v 16.609921 43.494457 -48.092278
v 15.102890 43.441093 -48.181641
v 9.981605 44.191620 -44.858501
v 11.484632 44.332287 -44.802750
v 9.981166 44.353767 -44.859856
v 11.484632 44.332287 -44.802750
v 9.981605 44.191620 -44.858501
v 11.485071 44.170147 -44.801392
v 11.602622 43.480591 -48.544525
v 10.099156 43.502068 -48.601624
v 11.602183 43.642735 -48.545883
v 10.098718 43.664211 -48.602982
v 11.602183 43.642735 -48.545883
v 10.099156 43.502068 -48.601624
v 5.017438 44.232201 -44.851601
v 6.520067 44.387428 -44.853745
v 5.015379 44.394306 -44.854858
v 6.520067 44.387428 -44.853745
v 5.017438 44.232201 -44.851601
v 6.522126 44.225327 -44.850479
v 6.506793 43.491371 -48.586975
v 5.002107 43.498245 -48.588100
v 6.504734 43.653477 -48.590240
v 5.000046 43.660351 -48.591354
v 6.504734 43.653477 -48.590240
v 5.002107 43.498245 -48.588100
v -0.034286 44.172802 -44.912453
v 1.462757 44.374931 -44.911667
v -0.041412 44.334793 -44.911629
v 1.462757 44.374931 -44.911667
v -0.034286 44.172802 -44.912453
v 1.469884 44.212936 -44.912498
v 1.472083 43.573124 -48.666290
v -0.032081 43.532986 -48.666245
v 1.464959 43.735115 -48.665459
v -0.039210 43.694977 -48.665421
v 1.464959 43.735115 -48.665459
v -0.032081 43.532986 -48.666245
v -5.755155 43.852570 -45.018394
v -4.258111 44.054485 -45.010178
v -5.762276 44.014332 -45.009712
v -4.258111 44.054485 -45.010178
v -5.755155 43.852570 -45.018394
v -4.250990 43.892719 -45.018860
v -4.254713 43.435493 -48.799240
v -5.758883 43.395344 -48.798775
v -4.261835 43.597256 -48.790546
v -5.765999 43.557102 -48.790081
v -4.261835 43.597256 -48.790546
v -5.758883 43.395344 -48.798775
v -11.433451 42.282894 -45.053139
v -10.162973 43.100132 -45.053139
v -11.508524 42.426620 -45.053139
v -10.162973 43.100132 -45.053139
v -11.433451 42.282894 -45.053139
v -10.087893 42.956406 -45.053139
v -11.226833 41.830883 -48.803619
v -9.881283 42.504398 -48.803619
v -11.151760 41.687157 -48.803619
v -9.881283 42.504398 -48.803619
v -9.806206 42.360672 -48.803619
v -11.151760 41.687157 -48.803619
v -15.456226 39.055035 -45.561501
v -14.280726 39.996983 -45.447765
v -14.393011 40.113949 -45.450062
v -14.280726 39.996983 -45.447765
v -15.456226 39.055035 -45.561501
v -15.343942 38.938072 -45.559193
v -14.743688 38.752918 -49.289944
v -13.568192 39.694870 -49.176220
v -14.631408 38.635956 -49.287647
v -13.568192 39.694870 -49.176220
v -14.743688 38.752918 -49.289944
v -13.680472 39.811832 -49.178516
v -17.378416 35.220650 -47.290039
v -18.174288 33.996666 -47.677891
v -18.032635 33.918709 -47.665646
v -18.174288 33.996666 -47.677891
v -17.378416 35.220650 -47.290039
v -17.520069 35.298607 -47.302284
v -16.096100 35.621296 -50.853104
v -16.750319 34.319355 -51.228722
v -16.891972 34.397312 -51.240967
v -16.096100 35.621296 -50.853104
v -16.891972 34.397312 -51.240967
v -16.237753 35.699249 -50.865360
v -18.764746 28.930990 -48.004429
v -19.256054 27.509104 -48.141670
v -19.098618 27.470884 -48.148464
v -19.256054 27.509104 -48.141670
v -18.764746 28.930990 -48.004429
v -18.922178 28.969210 -47.997639
v -18.678448 27.762671 -51.896984
v -18.344568 29.222778 -51.752953
v -18.187141 29.184561 -51.759754
v -18.187141 29.184561 -51.759754
v -18.521011 27.724455 -51.903786
v -18.678448 27.762671 -51.896984
v -19.302408 22.147575 -48.501717
v -19.451174 20.645226 -48.554550
v -19.289371 20.644262 -48.565044
v -19.451174 20.645226 -48.554550
v -19.302408 22.147575 -48.501717
v -19.464216 22.148539 -48.491211
v -19.035568 20.822893 -52.335560
v -19.048607 22.326210 -52.272221
v -18.886799 22.325247 -52.282715
v -18.886799 22.325247 -52.282715
v -18.873762 20.821934 -52.346054
v -19.035568 20.822893 -52.335560
v -17.585241 14.789021 -48.509155
v -18.147150 16.190189 -48.563698
v -18.291473 16.116943 -48.553745
v -18.147150 16.190189 -48.563698
v -17.585241 14.789021 -48.509155
v -17.440920 14.862265 -48.519096
v -17.163881 14.902794 -52.291988
v -17.870108 16.230721 -52.336578
v -17.725786 16.303965 -52.346527
v -17.163881 14.902794 -52.291988
v -17.725786 16.303965 -52.346527
v -17.019560 14.976040 -52.301929
v 18.998169 42.526520 -61.133709
v 17.122175 38.906311 -61.301353
v 18.812067 42.996620 -58.876831
v 17.122175 38.906311 -61.301353
v 17.123158 40.976418 -56.118076
v 18.812067 42.996620 -58.876831
v 7.880920 28.898212 -283.823120
v 5.817703 26.834253 -91.975365
v 6.934058 29.530888 -283.823151
v 8.513593 27.951349 -283.823120
v 5.817703 26.834253 -91.975365
v 7.880920 28.898212 -283.823120
v 6.934058 29.530888 -283.823151
v 5.817703 26.834253 -91.975365
v 5.817157 29.753052 -283.823181
v 8.735758 26.834450 -283.823120
v 5.817703 26.834253 -91.975365
v 8.513593 27.951349 -283.823120
v 8.513594 25.717548 -283.814880
v 5.817703 26.834253 -91.975365
v 8.735758 26.834450 -283.823120
v 5.817157 29.753052 -283.823181
v 5.817703 26.834253 -91.975365
v 4.700256 29.530888 -283.823181
v 4.700256 29.530888 -283.823181
v 5.817703 26.834253 -91.975365
v 3.753393 28.898212 -283.823181
v 3.753393 28.898212 -283.823181
v 5.817703 26.834253 -91.975365
v 3.120721 27.951351 -283.823212
v 3.120721 27.951351 -283.823212
v 5.817703 26.834253 -91.975365
v 2.898555 26.834450 -283.823181
v 2.898555 26.834450 -283.823181
v 5.817703 26.834253 -91.975365
v 3.120719 25.717550 -283.823181
v 3.120719 25.717550 -283.823181
v 5.817703 26.834253 -91.975365
v 3.753392 24.770687 -283.823181
v 3.753392 24.770687 -283.823181
v 5.817703 26.834253 -91.975365
v 4.700254 24.138014 -283.823151
v 4.700254 24.138014 -283.823151
v 5.817703 26.834253 -91.975365
v 5.817156 23.915848 -283.823120
v 5.817156 23.915848 -283.823120
v 5.817703 26.834253 -91.975365
v 6.934057 24.138012 -283.823120
v 6.934057 24.138012 -283.823120
v 5.817703 26.834253 -91.975365
v 7.880920 24.770687 -283.823120
v 7.880920 24.770687 -283.823120
v 5.817703 26.834253 -91.975365
v 8.513594 25.717548 -283.814880
v 26.450418 38.752907 -49.289944
v 25.387205 39.811821 -49.178516
v 25.556599 39.926563 -48.722481
v 25.556599 39.926563 -48.722481
v 26.619810 38.867653 -48.833908
v 26.450418 38.752907 -49.289944
v 26.099745 40.113934 -45.450062
v 26.619810 38.867653 -48.833908
v 25.556599 39.926563 -48.722481
v 26.619810 38.867653 -48.833908
v 26.099745 40.113934 -45.450062
v 27.162956 39.055023 -45.561501
v -11.151760 41.687157 -48.803619
v -9.806206 42.360672 -48.803619
v -9.888291 42.536213 -48.342880
v -11.151760 41.687157 -48.803619
v -9.888291 42.536213 -48.342880
v -11.233844 41.862701 -48.342880
v -10.087893 42.956406 -45.053139
v -11.233844 41.862701 -48.342880
v -9.888291 42.536213 -48.342880
v -11.233844 41.862701 -48.342880
v -10.087893 42.956406 -45.053139
v -11.433451 42.282894 -45.053139
v -19.048607 22.326210 -52.272221
v -19.035568 20.822893 -52.335560
v -19.212177 22.299747 -51.800652
v -19.212177 22.299747 -51.800652
v -19.035568 20.822893 -52.335560
v -19.199144 20.796434 -51.863991
v -19.199144 20.796434 -51.863991
v -19.464216 22.148539 -48.491211
v -19.212177 22.299747 -51.800652
v -19.464216 22.148539 -48.491211
v -19.199144 20.796434 -51.863991
v -19.451174 20.645226 -48.554550
v -17.870108 16.230721 -52.336578
v -17.163881 14.902794 -52.291988
v -18.019785 16.161104 -51.864796
v -18.019785 16.161104 -51.864796
v -17.163881 14.902794 -52.291988
v -17.313553 14.833180 -51.820194
v -17.313553 14.833180 -51.820194
v -18.291473 16.116943 -48.553745
v -18.019785 16.161104 -51.864796
v -18.291473 16.116943 -48.553745
v -17.313553 14.833180 -51.820194
v -17.585241 14.789021 -48.509155
v -4.298983 35.650288 -71.951767
v -5.239274 35.260807 -71.951767
v -6.179565 35.650288 -71.951767
v -6.179565 35.650288 -71.951767
v -3.909503 36.590576 -71.951767
v -4.298983 35.650288 -71.951767
v -3.909503 36.590576 -71.951767
v -6.179565 35.650288 -71.951767
v -6.569047 36.590580 -71.951767
v -3.909503 36.590576 -71.951767
v -6.569047 36.590580 -71.951767
v -6.179563 37.530869 -71.951767
v -3.909503 36.590576 -71.951767
v -6.179563 37.530869 -71.951767
v -4.298982 37.530869 -71.951767
v -6.179563 37.530869 -71.951767
v -5.239274 37.920353 -71.951767
v -4.298982 37.530869 -71.951767
v -6.179563 37.530872 -62.517548
v -6.179563 37.530869 -71.951767
v -6.569045 36.590580 -62.517548
v -6.569047 36.590580 -71.951767
v -6.569045 36.590580 -62.517548
v -6.179563 37.530869 -71.951767
v -6.569045 36.590580 -62.517548
v -6.569047 36.590580 -71.951767
v -6.179563 35.650291 -62.517548
v -6.179565 35.650288 -71.951767
v -6.179563 35.650291 -62.517548
v -6.569047 36.590580 -71.951767
v -5.239274 35.260807 -71.951767
v -6.179563 35.650291 -62.517548
v -6.179565 35.650288 -71.951767
v -6.179563 35.650291 -62.517548
v -5.239274 35.260807 -71.951767
v -5.239274 35.260811 -62.517548
v -5.239274 35.260807 -71.951767
v -4.298983 35.650291 -62.517548
v -5.239274 35.260811 -62.517548
v -4.298983 35.650288 -71.951767
v -4.298983 35.650291 -62.517548
v -5.239274 35.260807 -71.951767
v -3.909503 36.590576 -71.951767
v -4.298983 35.650291 -62.517548
v -4.298983 35.650288 -71.951767
v -4.298983 35.650291 -62.517548
v -3.909503 36.590576 -71.951767
v -3.909503 36.590580 -62.517548
v -4.298982 37.530869 -71.951767
v -3.909503 36.590580 -62.517548
v -3.909503 36.590576 -71.951767
v -3.909503 36.590580 -62.517548
v -4.298982 37.530869 -71.951767
v -4.298982 37.530872 -62.517548
v -5.239274 37.920353 -71.951767
v -4.298982 37.530872 -62.517548
v -4.298982 37.530869 -71.951767
v -4.298982 37.530872 -62.517548
v -5.239274 37.920353 -71.951767
v -5.239276 37.920357 -62.517548
v -6.179563 37.530869 -71.951767
v -5.239276 37.920357 -62.517548
v -5.239274 37.920353 -71.951767
v -5.239276 37.920357 -62.517548
v -6.179563 37.530869 -71.951767
v -6.179563 37.530872 -62.517548
v 17.347857 35.715767 -71.938606
v 16.473043 35.353409 -71.938606
v 15.598237 35.715767 -71.938606
v 15.598237 35.715767 -71.938606
v 17.710213 36.590580 -71.938606
v 17.347857 35.715767 -71.938606
v 17.710213 36.590580 -71.938606
v 15.598237 35.715767 -71.938606
v 15.235879 36.590576 -71.938606
v 17.710213 36.590580 -71.938606
v 15.235879 36.590576 -71.938606
v 15.598237 37.465389 -71.938606
v 17.710213 36.590580 -71.938606
v 15.598237 37.465389 -71.938606
v 17.347858 37.465389 -71.938606
v 15.598237 37.465389 -71.938606
v 16.473047 37.827747 -71.938606
v 17.347858 37.465389 -71.938606
v 15.598237 37.465393 -62.504391
v 15.598237 37.465389 -71.938606
v 15.235880 36.590580 -62.504391
v 15.235879 36.590576 -71.938606
v 15.235880 36.590580 -62.504391
v 15.598237 37.465389 -71.938606
v 15.235880 36.590580 -62.504391
v 15.235879 36.590576 -71.938606
v 15.598237 35.715771 -62.504391
v 15.598237 35.715767 -71.938606
v 15.598237 35.715771 -62.504391
v 15.235879 36.590576 -71.938606
v 15.598237 35.715767 -71.938606
v 16.473043 35.353413 -62.504391
v 15.598237 35.715771 -62.504391
v 16.473043 35.353409 -71.938606
v 16.473043 35.353413 -62.504391
v 15.598237 35.715767 -71.938606
v 16.473043 35.353409 -71.938606
v 17.347855 35.715771 -62.504391
v 16.473043 35.353413 -62.504391
v 17.347855 35.715771 -62.504391
v 16.473043 35.353409 -71.938606
v 17.347857 35.715767 -71.938606
v 17.710213 36.590580 -71.938606
v 17.347855 35.715771 -62.504391
v 17.347857 35.715767 -71.938606
v 17.347855 35.715771 -62.504391
v 17.710213 36.590580 -71.938606
v 17.710215 36.590584 -62.504391
v 17.347858 37.465389 -71.938606
v 17.710215 36.590584 -62.504391
v 17.710213 36.590580 -71.938606
v 17.710215 36.590584 -62.504391
v 17.347858 37.465389 -71.938606
v 17.347858 37.465393 -62.504391
v 17.347858 37.465393 -62.504391
v 17.347858 37.465389 -71.938606
v 16.473047 37.827747 -62.504391
v 16.473047 37.827747 -62.504391
v 17.347858 37.465389 -71.938606
v 16.473047 37.827747 -71.938606
v 16.473047 37.827747 -62.504391
v 16.473047 37.827747 -71.938606
v 15.598237 37.465393 -62.504391
v 15.598237 37.465393 -62.504391
v 16.473047 37.827747 -71.938606
v 15.598237 37.465389 -71.938606
v 29.425219 16.161100 -51.864796
v 28.569315 14.902788 -52.291988
v 29.275545 16.230713 -52.336578
v 28.569315 14.902788 -52.291988
v 29.425219 16.161100 -51.864796
v 28.718990 14.833176 -51.820194
v 29.696907 16.116936 -48.553745
v 28.718990 14.833176 -51.820194
v 29.425219 16.161100 -51.864796
v 28.718990 14.833176 -51.820194
v 29.696907 16.116936 -48.553745
v 28.990679 14.789013 -48.509155
v 29.552584 16.190182 -48.563698
v 28.574665 14.906420 -51.830143
v 28.846355 14.862257 -48.519096
v 29.552584 16.190182 -48.563698
v 29.280893 16.234344 -51.874737
v 28.574665 14.906420 -51.830143
v 29.280893 16.234344 -51.874737
v 28.424994 14.976032 -52.301929
v 28.574665 14.906420 -51.830143
v 28.424994 14.976032 -52.301929
v 29.280893 16.234344 -51.874737
v 29.131222 16.303957 -52.346527
v 28.569315 14.902788 -52.291988
v 28.574665 14.906420 -51.830143
v 28.424994 14.976032 -52.301929
v 28.574665 14.906420 -51.830143
v 28.569315 14.902788 -52.291988
v 28.718990 14.833176 -51.820194
v 28.718990 14.833176 -51.820194
v 28.846355 14.862257 -48.519096
v 28.574665 14.906420 -51.830143
v 28.846355 14.862257 -48.519096
v 28.718990 14.833176 -51.820194
v 28.990679 14.789013 -48.509155
v 29.131222 16.303957 -52.346527
v 29.280893 16.234344 -51.874737
v 29.275545 16.230713 -52.336578
v 29.425219 16.161100 -51.864796
v 29.275545 16.230713 -52.336578
v 29.280893 16.234344 -51.874737
v 29.280893 16.234344 -51.874737
v 29.552584 16.190182 -48.563698
v 29.425219 16.161100 -51.864796
v 29.696907 16.116936 -48.553745
v 29.425219 16.161100 -51.864796
v 29.552584 16.190182 -48.563698
v 30.617613 22.299732 -51.800652
v 30.441002 20.822880 -52.335560
v 30.454041 22.326195 -52.272221
v 30.441002 20.822880 -52.335560
v 30.617613 22.299732 -51.800652
v 30.604576 20.796419 -51.863991
v 30.869646 22.148523 -48.491211
v 30.604576 20.796419 -51.863991
v 30.617613 22.299732 -51.800652
v 30.604576 20.796419 -51.863991
v 30.869646 22.148523 -48.491211
v 30.856609 20.645210 -48.554550
v 30.707840 22.147564 -48.501705
v 30.442768 20.795460 -51.874485
v 30.694803 20.644251 -48.565044
v 30.707840 22.147564 -48.501705
v 30.455803 22.298773 -51.811146
v 30.442768 20.795460 -51.874485
v 30.455803 22.298773 -51.811146
v 30.279194 20.821918 -52.346054
v 30.442768 20.795460 -51.874485
v 30.279194 20.821918 -52.346054
v 30.455803 22.298773 -51.811146
v 30.292231 22.325233 -52.282715
v 30.441002 20.822880 -52.335560
v 30.442768 20.795460 -51.874485
v 30.279194 20.821918 -52.346054
v 30.442768 20.795460 -51.874485
v 30.441002 20.822880 -52.335560
v 30.604576 20.796419 -51.863991
v 30.604576 20.796419 -51.863991
v 30.694803 20.644251 -48.565044
v 30.442768 20.795460 -51.874485
v 30.694803 20.644251 -48.565044
v 30.604576 20.796419 -51.863991
v 30.856609 20.645210 -48.554550
v 30.292231 22.325233 -52.282715
v 30.455803 22.298773 -51.811146
v 30.454041 22.326195 -52.272221
v 30.617613 22.299732 -51.800652
v 30.454041 22.326195 -52.272221
v 30.455803 22.298773 -51.811146
v 30.455803 22.298773 -51.811146
v 30.707840 22.147564 -48.501705
v 30.617613 22.299732 -51.800652
v 30.869646 22.148523 -48.491211
v 30.617613 22.299732 -51.800652
v 30.707840 22.147564 -48.501705
v 30.224316 29.213062 -51.287399
v 30.620268 28.969208 -47.997639
v 30.954144 27.509102 -48.141670
v 30.224316 29.213062 -51.287399
v 30.954144 27.509102 -48.141670
v 30.558193 27.752954 -51.431431
v 30.558193 27.752954 -51.431431
v 30.042662 29.222776 -51.752953
v 30.224316 29.213062 -51.287399
v 30.042662 29.222776 -51.752953
v 30.558193 27.752954 -51.431431
v 30.376537 27.762667 -51.896984
v 30.066881 29.174845 -51.294201
v 30.796709 27.470881 -48.148464
v 30.462831 28.930990 -48.004440
v 30.796709 27.470881 -48.148464
v 30.066881 29.174845 -51.294201
v 30.400757 27.714739 -51.438232
v 29.885223 29.184559 -51.759754
v 30.400757 27.714739 -51.438232
v 30.066881 29.174845 -51.294201
v 30.400757 27.714739 -51.438232
v 29.885223 29.184559 -51.759754
v 30.219101 27.724449 -51.903786
v 30.376537 27.762667 -51.896984
v 30.400757 27.714739 -51.438232
v 30.219101 27.724449 -51.903786
v 30.400757 27.714739 -51.438232
v 30.376537 27.762667 -51.896984
v 30.558193 27.752954 -51.431431
v 30.558193 27.752954 -51.431431
v 30.796709 27.470881 -48.148464
v 30.400757 27.714739 -51.438232
v 30.796709 27.470881 -48.148464
v 30.558193 27.752954 -51.431431
v 30.954144 27.509102 -48.141670
v 29.885223 29.184559 -51.759754
v 30.066881 29.174845 -51.294201
v 30.042662 29.222776 -51.752953
v 30.224316 29.213062 -51.287399
v 30.042662 29.222776 -51.752953
v 30.066881 29.174845 -51.294201
v 30.066881 29.174845 -51.294201
v 30.462831 28.930990 -48.004440
v 30.224316 29.213062 -51.287399
v 30.620268 28.969208 -47.997639
v 30.224316 29.213062 -51.287399
v 30.462831 28.930990 -48.004440
v 28.255888 35.699661 -50.437481
v 29.279823 35.298595 -47.302277
v 29.934042 33.996655 -47.677891
v 29.934042 33.996655 -47.677891
v 28.910107 34.397720 -50.813087
v 28.255888 35.699661 -50.437481
v 28.910107 34.397720 -50.813087
v 27.997507 35.699242 -50.865353
v 28.255888 35.699661 -50.437481
v 27.997507 35.699242 -50.865353
v 28.910107 34.397720 -50.813087
v 28.651726 34.397301 -51.240959
v 28.114233 35.621708 -50.425232
v 29.792389 33.918701 -47.665634
v 29.138170 35.220642 -47.290028
v 29.792389 33.918701 -47.665634
v 28.114233 35.621708 -50.425232
v 28.768452 34.319763 -50.800838
v 27.855854 35.621288 -50.853104
v 28.768452 34.319763 -50.800838
v 28.114233 35.621708 -50.425232
v 28.768452 34.319763 -50.800838
v 27.855854 35.621288 -50.853104
v 28.510073 34.319347 -51.228710
v 28.651726 34.397301 -51.240959
v 28.768452 34.319763 -50.800838
v 28.510073 34.319347 -51.228710
v 28.768452 34.319763 -50.800838
v 28.651726 34.397301 -51.240959
v 28.910107 34.397720 -50.813087
v 28.910107 34.397720 -50.813087
v 29.792389 33.918701 -47.665634
v 28.768452 34.319763 -50.800838
v 29.792389 33.918701 -47.665634
v 28.910107 34.397720 -50.813087
v 29.934042 33.996655 -47.677891
v 27.855854 35.621288 -50.853104
v 28.114233 35.621708 -50.425232
v 27.997507 35.699242 -50.865353
v 28.255888 35.699661 -50.437481
v 27.997507 35.699242 -50.865353
v 28.114233 35.621708 -50.425232
v 28.114233 35.621708 -50.425232
v 29.138170 35.220642 -47.290028
v 28.255888 35.699661 -50.437481
v 29.279823 35.298595 -47.302277
v 28.255888 35.699661 -50.437481
v 29.138170 35.220642 -47.290028
v 26.338139 38.635944 -49.287647
v 25.444317 39.809605 -48.720173
v 25.274923 39.694855 -49.176220
v 25.444317 39.809605 -48.720173
v 26.338139 38.635944 -49.287647
v 26.507528 38.750690 -48.831612
v 25.987461 39.996971 -45.447765
v 25.444317 39.809605 -48.720173
v 26.507528 38.750690 -48.831612
v 26.507528 38.750690 -48.831612
v 27.050674 38.938057 -45.559193
v 25.987461 39.996971 -45.447765
v 27.050674 38.938057 -45.559193
v 26.619810 38.867653 -48.833908
v 27.162956 39.055023 -45.561501
v 26.619810 38.867653 -48.833908
v 27.050674 38.938057 -45.559193
v 26.507528 38.750690 -48.831612
v 26.507528 38.750690 -48.831612
v 26.450418 38.752907 -49.289944
v 26.619810 38.867653 -48.833908
v 26.450418 38.752907 -49.289944
v 26.507528 38.750690 -48.831612
v 26.338139 38.635944 -49.287647
v 25.274923 39.694855 -49.176220
v 25.444317 39.809605 -48.720173
v 25.387205 39.811821 -49.178516
v 25.556599 39.926563 -48.722481
v 25.387205 39.811821 -49.178516
v 25.444317 39.809605 -48.720173
v 25.444317 39.809605 -48.720173
v 25.987461 39.996971 -45.447765
v 25.556599 39.926563 -48.722481
v 26.099745 40.113934 -45.450062
v 25.556599 39.926563 -48.722481
v 25.987461 39.996971 -45.447765
v 20.242144 43.211754 -47.339600
v 21.680044 42.695492 -47.744972
v 20.225140 43.072155 -47.819241
v 20.242144 43.211754 -47.339600
v 21.697046 42.835091 -47.265331
v 21.680044 42.695492 -47.744972
v 20.113613 43.331184 -44.021770
v 21.697046 42.835091 -47.265331
v 20.242144 43.211754 -47.339600
v 21.697046 42.835091 -47.265331
v 20.113613 43.331184 -44.021770
v 21.568516 42.954521 -43.947498
v 21.643282 42.538643 -47.763470
v 20.205383 43.054913 -47.358097
v 20.188377 42.915310 -47.837738
v 20.205383 43.054913 -47.358097
v 21.643282 42.538643 -47.763470
v 21.660284 42.678246 -47.283829
v 20.076851 43.174343 -44.040264
v 20.205383 43.054913 -47.358097
v 21.660284 42.678246 -47.283829
v 21.660284 42.678246 -47.283829
v 21.531754 42.797676 -43.965996
v 20.076851 43.174343 -44.040264
v 21.680044 42.695492 -47.744972
v 21.660284 42.678246 -47.283829
v 21.643282 42.538643 -47.763470
v 21.660284 42.678246 -47.283829
v 21.680044 42.695492 -47.744972
v 21.697046 42.835091 -47.265331
v 21.697046 42.835091 -47.265331
v 21.531754 42.797676 -43.965996
v 21.660284 42.678246 -47.283829
v 21.531754 42.797676 -43.965996
v 21.697046 42.835091 -47.265331
v 21.568516 42.954521 -43.947498
v 20.188377 42.915310 -47.837738
v 20.205383 43.054913 -47.358097
v 20.225140 43.072155 -47.819241
v 20.242144 43.211754 -47.339600
v 20.225140 43.072155 -47.819241
v 20.205383 43.054913 -47.358097
v 20.205383 43.054913 -47.358097
v 20.076851 43.174343 -44.040264
v 20.242144 43.211754 -47.339600
v 20.113613 43.331184 -44.021770
v 20.242144 43.211754 -47.339600
v 20.076851 43.174343 -44.040264
v 15.103542 43.790344 -47.715874
v 16.609921 43.494457 -48.092278
v 15.111660 43.602989 -48.179199
v 15.103542 43.790344 -47.715874
v 16.601807 43.681808 -47.628963
v 16.609921 43.494457 -48.092278
v 14.952919 44.214417 -44.424030
v 16.601807 43.681808 -47.628963
v 15.103542 43.790344 -47.715874
v 16.601807 43.681808 -47.628963
v 14.952919 44.214417 -44.424030
v 16.451181 44.105885 -44.337109
v 16.601154 43.332561 -48.094719
v 15.094775 43.628448 -47.718327
v 15.102890 43.441093 -48.181641
v 15.094775 43.628448 -47.718327
v 16.601154 43.332561 -48.094719
v 16.593037 43.519917 -47.631405
v 14.944150 44.052521 -44.426472
v 15.094775 43.628448 -47.718327
v 16.593037 43.519917 -47.631405
v 16.593037 43.519917 -47.631405
v 16.442413 43.943985 -44.339561
v 14.944150 44.052521 -44.426472
v 16.609921 43.494457 -48.092278
v 16.593037 43.519917 -47.631405
v 16.601154 43.332561 -48.094719
v 16.593037 43.519917 -47.631405
v 16.609921 43.494457 -48.092278
v 16.601807 43.681808 -47.628963
v 16.601807 43.681808 -47.628963
v 16.442413 43.943985 -44.339561
v 16.593037 43.519917 -47.631405
v 16.442413 43.943985 -44.339561
v 16.601807 43.681808 -47.628963
v 16.451181 44.105885 -44.337109
v 15.102890 43.441093 -48.181641
v 15.094775 43.628448 -47.718327
v 15.111660 43.602989 -48.179199
v 15.103542 43.790344 -47.715874
v 15.111660 43.602989 -48.179199
v 15.094775 43.628448 -47.718327
v 15.094775 43.628448 -47.718327
v 14.944150 44.052521 -44.426472
v 15.103542 43.790344 -47.715874
v 14.952919 44.214417 -44.424030
v 15.103542 43.790344 -47.715874
v 14.944150 44.052521 -44.426472
v 10.089274 43.861641 -48.143890
v 11.602183 43.642735 -48.545883
v 10.098718 43.664211 -48.602982
v 10.089274 43.861641 -48.143890
v 11.592740 43.840168 -48.086792
v 11.602183 43.642735 -48.545883
v 9.981166 44.353767 -44.859856
v 11.592740 43.840168 -48.086792
v 10.089274 43.861641 -48.143890
v 11.592740 43.840168 -48.086792
v 9.981166 44.353767 -44.859856
v 11.484632 44.332287 -44.802750
v 11.602622 43.480591 -48.544525
v 10.089713 43.699501 -48.142536
v 10.099156 43.502068 -48.601624
v 10.089713 43.699501 -48.142536
v 11.602622 43.480591 -48.544525
v 11.593179 43.678020 -48.085426
v 9.981605 44.191620 -44.858501
v 10.089713 43.699501 -48.142536
v 11.593179 43.678020 -48.085426
v 11.593179 43.678020 -48.085426
v 11.485071 44.170147 -44.801392
v 9.981605 44.191620 -44.858501
v 11.602183 43.642735 -48.545883
v 11.593179 43.678020 -48.085426
v 11.602622 43.480591 -48.544525
v 11.593179 43.678020 -48.085426
v 11.602183 43.642735 -48.545883
v 11.592740 43.840168 -48.086792
v 11.592740 43.840168 -48.086792
v 11.485071 44.170147 -44.801392
v 11.593179 43.678020 -48.085426
v 11.485071 44.170147 -44.801392
v 11.592740 43.840168 -48.086792
v 11.484632 44.332287 -44.802750
v 10.099156 43.502068 -48.601624
v 10.089713 43.699501 -48.142536
v 10.098718 43.664211 -48.602982
v 10.089274 43.861641 -48.143890
v 10.098718 43.664211 -48.602982
v 10.089713 43.699501 -48.142536
v 10.089713 43.699501 -48.142536
v 9.981605 44.191620 -44.858501
v 10.089274 43.861641 -48.143890
v 9.981166 44.353767 -44.859856
v 10.089274 43.861641 -48.143890
v 9.981605 44.191620 -44.858501
v 5.005804 43.863262 -48.134598
v 6.504734 43.653477 -48.590240
v 5.000046 43.660351 -48.591354
v 5.005804 43.863262 -48.134598
v 6.510489 43.856388 -48.133476
v 6.504734 43.653477 -48.590240
v 5.015379 44.394306 -44.854858
v 6.510489 43.856388 -48.133476
v 5.005804 43.863262 -48.134598
v 6.510489 43.856388 -48.133476
v 5.015379 44.394306 -44.854858
v 6.520067 44.387428 -44.853745
v 6.506793 43.491371 -48.586975
v 5.007863 43.701153 -48.131332
v 5.002107 43.498245 -48.588100
v 5.007863 43.701153 -48.131332
v 6.506793 43.491371 -48.586975
v 6.512550 43.694279 -48.130219
v 5.017438 44.232201 -44.851601
v 5.007863 43.701153 -48.131332
v 6.512550 43.694279 -48.130219
v 6.512550 43.694279 -48.130219
v 6.522126 44.225327 -44.850479
v 5.017438 44.232201 -44.851601
v 6.504734 43.653477 -48.590240
v 6.512550 43.694279 -48.130219
v 6.506793 43.491371 -48.586975
v 6.512550 43.694279 -48.130219
v 6.504734 43.653477 -48.590240
v 6.510489 43.856388 -48.133476
v 6.510489 43.856388 -48.133476
v 6.522126 44.225327 -44.850479
v 6.512550 43.694279 -48.130219
v 6.522126 44.225327 -44.850479
v 6.510489 43.856388 -48.133476
v 6.520067 44.387428 -44.853745
v 5.002107 43.498245 -48.588100
v 5.007863 43.701153 -48.131332
v 5.000046 43.660351 -48.591354
v 5.005804 43.863262 -48.134598
v 5.000046 43.660351 -48.591354
v 5.007863 43.701153 -48.131332
v 5.007863 43.701153 -48.131332
v 5.017438 44.232201 -44.851601
v 5.005804 43.863262 -48.134598
v 5.015379 44.394306 -44.854858
v 5.005804 43.863262 -48.134598
v 5.017438 44.232201 -44.851601
v 1.464959 43.735115 -48.665459
v 1.472161 43.764557 -48.204567
v 1.472083 43.573124 -48.666290
v 1.472161 43.764557 -48.204567
v 1.464959 43.735115 -48.665459
v 1.465034 43.926548 -48.203743
v 1.465034 43.926548 -48.203743
v 1.469884 44.212936 -44.912498
v 1.472161 43.764557 -48.204567
v 1.469884 44.212936 -44.912498
v 1.465034 43.926548 -48.203743
v 1.462757 44.374931 -44.911667
v -0.032081 43.532986 -48.666245
v -0.032009 43.724415 -48.204529
v -0.039210 43.694977 -48.665421
v -0.039135 43.886410 -48.203693
v -0.039210 43.694977 -48.665421
v -0.032009 43.724415 -48.204529
v -0.032009 43.724415 -48.204529
v -0.034286 44.172802 -44.912453
v -0.039135 43.886410 -48.203693
v -0.041412 44.334793 -44.911629
v -0.039135 43.886410 -48.203693
v -0.034286 44.172802 -44.912453
v -5.765193 43.725945 -48.319637
v -4.261835 43.597256 -48.790546
v -5.765999 43.557102 -48.790081
v -5.765193 43.725945 -48.319637
v -4.261021 43.766094 -48.320103
v -4.261835 43.597256 -48.790546
v -5.762276 44.014332 -45.009712
v -4.261021 43.766094 -48.320103
v -5.765193 43.725945 -48.319637
v -4.261021 43.766094 -48.320103
v -5.762276 44.014332 -45.009712
v -4.258111 44.054485 -45.010178
v -4.254713 43.435493 -48.799240
v -5.758073 43.564186 -48.328320
v -5.758883 43.395344 -48.798775
v -5.758073 43.564186 -48.328320
v -4.254713 43.435493 -48.799240
v -4.253901 43.604336 -48.328785
v -5.755155 43.852570 -45.018394
v -5.758073 43.564186 -48.328320
v -4.253901 43.604336 -48.328785
v -4.253901 43.604336 -48.328785
v -4.250990 43.892719 -45.018860
v -5.755155 43.852570 -45.018394
v -4.261835 43.597256 -48.790546
v -4.253901 43.604336 -48.328785
v -4.254713 43.435493 -48.799240
v -4.253901 43.604336 -48.328785
v -4.261835 43.597256 -48.790546
v -4.261021 43.766094 -48.320103
v -4.261021 43.766094 -48.320103
v -4.250990 43.892719 -45.018860
v -4.253901 43.604336 -48.328785
v -4.250990 43.892719 -45.018860
v -4.261021 43.766094 -48.320103
v -4.258111 44.054485 -45.010178
v -5.758883 43.395344 -48.798775
v -5.758073 43.564186 -48.328320
v -5.765999 43.557102 -48.790081
v -5.765193 43.725945 -48.319637
v -5.765999 43.557102 -48.790081
v -5.758073 43.564186 -48.328320
v -5.758073 43.564186 -48.328320
v -5.755155 43.852570 -45.018394
v -5.765193 43.725945 -48.319637
v -5.762276 44.014332 -45.009712
v -5.765193 43.725945 -48.319637
v -5.755155 43.852570 -45.018394
v -11.308921 42.006428 -48.342880
v -11.508524 42.426620 -45.053139
v -10.162973 43.100132 -45.053139
v -10.162973 43.100132 -45.053139
v -9.963368 42.679939 -48.342880
v -11.308921 42.006428 -48.342880
v -9.963368 42.679939 -48.342880
v -11.226833 41.830883 -48.803619
v -11.308921 42.006428 -48.342880
v -11.226833 41.830883 -48.803619
v -9.963368 42.679939 -48.342880
v -9.881283 42.504398 -48.803619
v -9.881283 42.504398 -48.803619
v -9.888291 42.536213 -48.342880
v -9.806206 42.360672 -48.803619
v -9.888291 42.536213 -48.342880
v -9.881283 42.504398 -48.803619
v -9.963368 42.679939 -48.342880
v -9.963368 42.679939 -48.342880
v -10.087893 42.956406 -45.053139
v -9.888291 42.536213 -48.342880
v -10.087893 42.956406 -45.053139
v -9.963368 42.679939 -48.342880
v -10.162973 43.100132 -45.053139
v -11.151760 41.687157 -48.803619
v -11.233844 41.862701 -48.342880
v -11.226833 41.830883 -48.803619
v -11.308921 42.006428 -48.342880
v -11.226833 41.830883 -48.803619
v -11.233844 41.862701 -48.342880
v -11.233844 41.862701 -48.342880
v -11.433451 42.282894 -45.053139
v -11.308921 42.006428 -48.342880
v -11.508524 42.426620 -45.053139
v -11.308921 42.006428 -48.342880
v -11.433451 42.282894 -45.053139
v -14.393011 40.113949 -45.450062
v -14.913076 38.867664 -48.833908
v -15.456226 39.055035 -45.561501
v -14.913076 38.867664 -48.833908
v -14.393011 40.113949 -45.450062
v -13.849861 39.926579 -48.722481
v -13.849861 39.926579 -48.722481
v -14.743688 38.752918 -49.289944
v -14.913076 38.867664 -48.833908
v -14.743688 38.752918 -49.289944
v -13.849861 39.926579 -48.722481
v -13.680472 39.811832 -49.178516
v -13.737581 39.809612 -48.720173
v -14.631408 38.635956 -49.287647
v -13.568192 39.694870 -49.176220
v -14.631408 38.635956 -49.287647
v -13.737581 39.809612 -48.720173
v -14.800797 38.750702 -48.831612
v -14.280726 39.996983 -45.447765
v -14.800797 38.750702 -48.831612
v -13.737581 39.809612 -48.720173
v -14.800797 38.750702 -48.831612
v -14.280726 39.996983 -45.447765
v -15.343942 38.938072 -45.559193
v -14.913076 38.867664 -48.833908
v -15.343942 38.938072 -45.559193
v -15.456226 39.055035 -45.561501
v -15.343942 38.938072 -45.559193
v -14.913076 38.867664 -48.833908
v -14.800797 38.750702 -48.831612
v -14.743688 38.752918 -49.289944
v -14.800797 38.750702 -48.831612
v -14.913076 38.867664 -48.833908
v -14.800797 38.750702 -48.831612
v -14.743688 38.752918 -49.289944
v -14.631408 38.635956 -49.287647
v -13.849861 39.926579 -48.722481
v -14.393011 40.113949 -45.450062
v -14.280726 39.996983 -45.447765
v -13.849861 39.926579 -48.722481
v -14.280726 39.996983 -45.447765
v -13.737581 39.809612 -48.720173
v -13.680472 39.811832 -49.178516
v -13.849861 39.926579 -48.722481
v -13.737581 39.809612 -48.720173
v -13.680472 39.811832 -49.178516
v -13.737581 39.809612 -48.720173
v -13.568192 39.694870 -49.176220
v -16.496134 35.699669 -50.437492
v -18.174288 33.996666 -47.677891
v -17.520069 35.298607 -47.302284
v -18.174288 33.996666 -47.677891
v -16.496134 35.699669 -50.437492
v -17.150352 34.397732 -50.813099
v -16.237753 35.699249 -50.865360
v -17.150352 34.397732 -50.813099
v -16.496134 35.699669 -50.437492
v -17.150352 34.397732 -50.813099
v -16.237753 35.699249 -50.865360
v -16.891972 34.397312 -51.240967
v -16.096100 35.621296 -50.853104
v -17.008699 34.319775 -50.800850
v -16.750319 34.319355 -51.228722
v -16.354481 35.621716 -50.425232
v -17.008699 34.319775 -50.800850
v -16.096100 35.621296 -50.853104
v -16.354481 35.621716 -50.425232
v -18.032635 33.918709 -47.665646
v -17.008699 34.319775 -50.800850
v -18.032635 33.918709 -47.665646
v -16.354481 35.621716 -50.425232
v -17.378416 35.220650 -47.290039
v -17.008699 34.319775 -50.800850
v -16.891972 34.397312 -51.240967
v -16.750319 34.319355 -51.228722
v -16.891972 34.397312 -51.240967
v -17.008699 34.319775 -50.800850
v -17.150352 34.397732 -50.813099
v -18.032635 33.918709 -47.665646
v -17.150352 34.397732 -50.813099
v -17.008699 34.319775 -50.800850
v -17.150352 34.397732 -50.813099
v -18.032635 33.918709 -47.665646
v -18.174288 33.996666 -47.677891
v -16.496134 35.699669 -50.437492
v -17.520069 35.298607 -47.302284
v -17.378416 35.220650 -47.290039
v -17.378416 35.220650 -47.290039
v -16.354481 35.621716 -50.425232
v -16.496134 35.699669 -50.437492
v -16.237753 35.699249 -50.865360
v -16.496134 35.699669 -50.437492
v -16.354481 35.621716 -50.425232
v -16.354481 35.621716 -50.425232
v -16.096100 35.621296 -50.853104
v -16.237753 35.699249 -50.865360
v -18.526228 29.213066 -51.287399
v -19.256054 27.509104 -48.141670
v -18.922178 28.969210 -47.997639
v -19.256054 27.509104 -48.141670
v -18.526228 29.213066 -51.287399
v -18.860104 27.752958 -51.431431
v -18.344568 29.222778 -51.752953
v -18.860104 27.752958 -51.431431
v -18.526228 29.213066 -51.287399
v -18.860104 27.752958 -51.431431
v -18.344568 29.222778 -51.752953
v -18.678448 27.762671 -51.896984
v -18.187141 29.184561 -51.759754
v -18.702667 27.714741 -51.438232
v -18.521011 27.724455 -51.903786
v -18.368792 29.174849 -51.294201
v -18.702667 27.714741 -51.438232
v -18.187141 29.184561 -51.759754
v -18.368792 29.174849 -51.294201
v -19.098618 27.470884 -48.148464
v -18.702667 27.714741 -51.438232
v -19.098618 27.470884 -48.148464
v -18.368792 29.174849 -51.294201
v -18.764746 28.930990 -48.004429
v -18.702667 27.714741 -51.438232
v -18.678448 27.762671 -51.896984
v -18.521011 27.724455 -51.903786
v -18.678448 27.762671 -51.896984
v -18.702667 27.714741 -51.438232
v -18.860104 27.752958 -51.431431
v -19.098618 27.470884 -48.148464
v -18.860104 27.752958 -51.431431
v -18.702667 27.714741 -51.438232
v -18.860104 27.752958 -51.431431
v -19.098618 27.470884 -48.148464
v -19.256054 27.509104 -48.141670
v -18.526228 29.213066 -51.287399
v -18.922178 28.969210 -47.997639
v -18.764746 28.930990 -48.004429
v -18.764746 28.930990 -48.004429
v -18.368792 29.174849 -51.294201
v -18.526228 29.213066 -51.287399
v -18.344568 29.222778 -51.752953
v -18.526228 29.213066 -51.287399
v -18.368792 29.174849 -51.294201
v -18.368792 29.174849 -51.294201
v -18.187141 29.184561 -51.759754
v -18.344568 29.222778 -51.752953
v -19.050375 22.298786 -51.811153
v -18.873762 20.821934 -52.346054
v -18.886799 22.325247 -52.282715
v -18.873762 20.821934 -52.346054
v -19.050375 22.298786 -51.811153
v -19.037333 20.795473 -51.874485
v -19.302408 22.147575 -48.501717
v -19.037333 20.795473 -51.874485
v -19.050375 22.298786 -51.811153
v -19.037333 20.795473 -51.874485
v -19.302408 22.147575 -48.501717
v -19.289371 20.644262 -48.565044
v -19.037333 20.795473 -51.874485
v -19.035568 20.822893 -52.335560
v -18.873762 20.821934 -52.346054
v -19.035568 20.822893 -52.335560
v -19.037333 20.795473 -51.874485
v -19.199144 20.796434 -51.863991
v -19.289371 20.644262 -48.565044
v -19.199144 20.796434 -51.863991
v -19.037333 20.795473 -51.874485
v -19.199144 20.796434 -51.863991
v -19.289371 20.644262 -48.565044
v -19.451174 20.645226 -48.554550
v -19.212177 22.299747 -51.800652
v -19.464216 22.148539 -48.491211
v -19.302408 22.147575 -48.501717
v -19.302408 22.147575 -48.501717
v -19.050375 22.298786 -51.811153
v -19.212177 22.299747 -51.800652
v -19.048607 22.326210 -52.272221
v -19.212177 22.299747 -51.800652
v -19.050375 22.298786 -51.811153
v -19.050375 22.298786 -51.811153
v -18.886799 22.325247 -52.282715
v -19.048607 22.326210 -52.272221
v -17.875456 16.234350 -51.874737
v -17.019560 14.976040 -52.301929
v -17.725786 16.303965 -52.346527
v -17.019560 14.976040 -52.301929
v -17.875456 16.234350 -51.874737
v -17.169231 14.906425 -51.830143
v -18.147150 16.190189 -48.563698
v -17.169231 14.906425 -51.830143
v -17.875456 16.234350 -51.874737
v -17.169231 14.906425 -51.830143
v -18.147150 16.190189 -48.563698
v -17.440920 14.862265 -48.519096
v -17.169231 14.906425 -51.830143
v -17.163881 14.902794 -52.291988
v -17.019560 14.976040 -52.301929
v -17.163881 14.902794 -52.291988
v -17.169231 14.906425 -51.830143
v -17.313553 14.833180 -51.820194
v -17.440920 14.862265 -48.519096
v -17.313553 14.833180 -51.820194
v -17.169231 14.906425 -51.830143
v -17.313553 14.833180 -51.820194
v -17.440920 14.862265 -48.519096
v -17.585241 14.789021 -48.509155
v -18.019785 16.161104 -51.864796
v -18.291473 16.116943 -48.553745
v -18.147150 16.190189 -48.563698
v -18.147150 16.190189 -48.563698
v -17.875456 16.234350 -51.874737
v -18.019785 16.161104 -51.864796
v -17.870108 16.230721 -52.336578
v -18.019785 16.161104 -51.864796
v -17.875456 16.234350 -51.874737
v -17.875456 16.234350 -51.874737
v -17.725786 16.303965 -52.346527
v -17.870108 16.230721 -52.336578
v 7.799772 22.016254 -269.476166
v 5.838010 21.614429 -244.804520
v 5.838010 21.614424 -269.476532
v 5.838010 21.614429 -244.804520
v 7.799772 22.016254 -269.476166
v 7.799773 22.016260 -244.804520
v 9.462873 23.160570 -269.475861
v 7.799773 22.016260 -244.804520
v 7.799772 22.016254 -269.476166
v 7.799773 22.016260 -244.804520
v 9.462873 23.160570 -269.475861
v 9.462873 23.160576 -244.804520
v 10.574121 24.873161 -269.475861
v 9.462873 23.160576 -244.804520
v 9.462873 23.160570 -269.475861
v 9.462873 23.160576 -244.804520
v 10.574121 24.873161 -269.475861
v 10.574121 24.873167 -244.804520
v 10.964341 26.893299 -269.475861
v 10.574121 24.873167 -244.804520
v 10.574121 24.873161 -269.475861
v 10.574121 24.873167 -244.804520
v 10.964341 26.893299 -269.475861
v 10.964341 26.893305 -244.804520
v 10.574121 28.913437 -269.475861
v 10.964341 26.893305 -244.804520
v 10.964341 26.893299 -269.475861
v 10.964341 26.893305 -244.804520
v 10.574121 28.913437 -269.475861
v 10.574121 28.913443 -244.804520
v 10.574121 28.913443 -244.804520
v 10.574121 28.913437 -269.475861
v 9.462873 30.626032 -244.804520
v 9.462873 30.626026 -269.476105
v 9.462873 30.626032 -244.804520
v 10.574121 28.913437 -269.475861
v 9.462873 30.626032 -244.804520
v 9.462873 30.626026 -269.476105
v 7.799774 31.770348 -244.804520
v 7.799774 31.770348 -244.804520
v 9.462873 30.626026 -269.476105
v 7.799773 31.770342 -269.476227
v 7.799774 31.770348 -244.804520
v 7.799773 31.770342 -269.476227
v 5.838012 32.172173 -244.804520
v 5.838012 32.172173 -244.804520
v 7.799773 31.770342 -269.476227
v 5.838012 32.172169 -269.476288
v 5.838012 32.172169 -269.476288
v 3.876251 31.770350 -244.804520
v 5.838012 32.172173 -244.804520
v 3.876251 31.770350 -244.804520
v 5.838012 32.172169 -269.476288
v 3.876251 31.770344 -269.476288
v 3.876251 31.770344 -269.476288
v 2.213149 30.626034 -244.804520
v 3.876251 31.770350 -244.804520
v 2.213149 30.626034 -244.804520
v 3.876251 31.770344 -269.476288
v 2.213149 30.626028 -269.476288
v 2.213149 30.626028 -269.476288
v 1.101899 28.913443 -244.804520
v 2.213149 30.626034 -244.804520
v 1.101899 28.913443 -244.804520
v 2.213149 30.626028 -269.476288
v 1.101899 28.913437 -269.476410
v 1.101899 28.913437 -269.476410
v 0.711682 26.893305 -244.804520
v 1.101899 28.913443 -244.804520
v 0.711682 26.893305 -244.804520
v 1.101899 28.913437 -269.476410
v 0.711681 26.893299 -269.476410
v 0.711681 26.893299 -269.476410
v 1.101898 24.873171 -244.804520
v 0.711682 26.893305 -244.804520
v 1.101898 24.873171 -244.804520
v 0.711681 26.893299 -269.476410
v 1.101898 24.873163 -269.476410
v 1.101898 24.873163 -269.476410
v 2.213147 23.160578 -244.804520
v 1.101898 24.873171 -244.804520
v 2.213147 23.160578 -244.804520
v 1.101898 24.873163 -269.476410
v 2.213147 23.160572 -269.476410
v 2.213147 23.160572 -269.476410
v 3.876248 22.016260 -244.804520
v 2.213147 23.160578 -244.804520
v 3.876248 22.016260 -244.804520
v 2.213147 23.160572 -269.476410
v 3.876248 22.016256 -269.476532
v 5.838010 21.614424 -269.476532
v 3.876248 22.016260 -244.804520
v 3.876248 22.016256 -269.476532
v 3.876248 22.016260 -244.804520
v 5.838010 21.614424 -269.476532
v 5.838010 21.614429 -244.804520
v 5.817430 22.880344 -243.785065
v 4.115378 22.667126 -244.071442
v 5.826512 22.321636 -244.071442
v 5.817430 22.880344 -243.785065
v 4.304296 23.181324 -243.785065
v 4.115378 22.667126 -244.071442
v 2.664749 23.651001 -244.071442
v 4.115378 22.667126 -244.071442
v 4.304296 23.181324 -243.785065
v 4.304296 23.181324 -243.785065
v 3.021525 24.038445 -243.785065
v 2.664749 23.651001 -244.071442
v 1.695470 25.123474 -244.071442
v 2.664749 23.651001 -244.071442
v 3.021525 24.038445 -243.785065
v 1.695470 25.123474 -244.071442
v 3.021525 24.038445 -243.785065
v 2.164403 25.321218 -243.785065
v 1.863424 26.834351 -243.785065
v 1.695470 25.123474 -244.071442
v 2.164403 25.321218 -243.785065
v 1.695470 25.123474 -244.071442
v 1.863424 26.834351 -243.785065
v 1.355106 26.860371 -244.071442
v 2.164404 28.347483 -243.785065
v 1.355106 26.860371 -244.071442
v 1.863424 26.834351 -243.785065
v 1.695472 28.597269 -244.071442
v 1.355106 26.860371 -244.071442
v 2.164404 28.347483 -243.785065
v 2.164404 28.347483 -243.785065
v 3.021526 29.630255 -243.785065
v 1.695472 28.597269 -244.071442
v 2.664751 30.069738 -244.071442
v 1.695472 28.597269 -244.071442
v 3.021526 29.630255 -243.785065
v 3.021526 29.630255 -243.785065
v 4.304298 30.487375 -243.785065
v 2.664751 30.069738 -244.071442
v 4.304298 30.487375 -243.785065
v 4.115380 31.053614 -244.071442
v 2.664751 30.069738 -244.071442
v 5.817431 30.788357 -243.785065
v 4.115380 31.053614 -244.071442
v 4.304298 30.487375 -243.785065
v 4.115380 31.053614 -244.071442
v 5.817431 30.788357 -243.785065
v 5.826514 31.399103 -244.071442
v 7.537648 31.053612 -244.071442
v 5.826514 31.399103 -244.071442
v 5.817431 30.788357 -243.785065
v 7.537648 31.053612 -244.071442
v 5.817431 30.788357 -243.785065
v 7.330564 30.487375 -243.785065
v 7.330564 30.487375 -243.785065
v 8.988277 30.069738 -244.071442
v 7.537648 31.053612 -244.071442
v 8.988277 30.069738 -244.071442
v 7.330564 30.487375 -243.785065
v 8.613336 29.630253 -243.785065
v 8.613336 29.630253 -243.785065
v 9.957557 28.597267 -244.071442
v 8.988277 30.069738 -244.071442
v 9.957557 28.597267 -244.071442
v 8.613336 29.630253 -243.785065
v 9.470455 28.347483 -243.785065
v 10.297922 26.860369 -244.071442
v 9.957557 28.597267 -244.071442
v 9.470455 28.347483 -243.785065
v 9.470455 28.347483 -243.785065
v 9.771438 26.834351 -243.785065
v 10.297922 26.860369 -244.071442
v 9.957557 25.123470 -244.071442
v 10.297922 26.860369 -244.071442
v 9.771438 26.834351 -243.785065
v 9.957557 25.123470 -244.071442
v 9.771438 26.834351 -243.785065
v 9.470456 25.321217 -243.785065
v 8.613336 24.038445 -243.785065
v 9.957557 25.123470 -244.071442
v 9.470456 25.321217 -243.785065
v 9.957557 25.123470 -244.071442
v 8.613336 24.038445 -243.785065
v 8.988277 23.650999 -244.071442
v 7.330563 23.181322 -243.785065
v 8.988277 23.650999 -244.071442
v 8.613336 24.038445 -243.785065
v 8.988277 23.650999 -244.071442
v 7.330563 23.181322 -243.785065
v 7.537647 22.667126 -244.071442
v 7.330563 23.181322 -243.785065
v 5.826512 22.321636 -244.071442
v 7.537647 22.667126 -244.071442
v 5.826512 22.321636 -244.071442
v 7.330563 23.181322 -243.785065
v 5.817430 22.880344 -243.785065
v 4.083898 22.581438 -270.102325
v 5.817430 22.880337 -270.670959
v 5.828026 22.228531 -270.102325
v 5.817430 22.880337 -270.670959
v 4.083898 22.581438 -270.102325
v 4.304296 23.181318 -270.670959
v 4.083898 22.581438 -270.102325
v 2.605298 23.586435 -270.102112
v 4.304296 23.181318 -270.670959
v 4.304296 23.181318 -270.670959
v 2.605298 23.586435 -270.102112
v 3.021525 24.038439 -270.670959
v 1.617329 25.090517 -270.102112
v 3.021525 24.038439 -270.670959
v 2.605298 23.586435 -270.102112
v 3.021525 24.038439 -270.670959
v 1.617329 25.090517 -270.102112
v 2.164404 25.321213 -270.670898
v 1.617329 25.090517 -270.102112
v 1.863424 26.834345 -270.670807
v 2.164404 25.321213 -270.670898
v 1.617329 25.090517 -270.102112
v 1.270402 26.864700 -270.102112
v 1.863424 26.834345 -270.670807
v 2.164405 28.347479 -270.670715
v 1.863424 26.834345 -270.670807
v 1.270402 26.864700 -270.102112
v 1.270402 26.864700 -270.102112
v 1.617330 28.638885 -270.101990
v 2.164405 28.347479 -270.670715
v 1.617330 28.638885 -270.101990
v 3.021526 29.630249 -270.670715
v 2.164405 28.347479 -270.670715
v 3.021526 29.630249 -270.670715
v 1.617330 28.638885 -270.101990
v 2.605299 30.142969 -270.101868
v 2.605299 30.142969 -270.101868
v 4.304298 30.487371 -270.670593
v 3.021526 29.630249 -270.670715
v 4.304298 30.487371 -270.670593
v 2.605299 30.142969 -270.101868
v 4.083900 31.147964 -270.101807
v 4.083900 31.147964 -270.101807
v 5.817431 30.788351 -270.670593
v 4.304298 30.487371 -270.670593
v 4.083900 31.147964 -270.101807
v 5.828028 31.500870 -270.101807
v 5.817431 30.788351 -270.670593
v 7.572156 31.147963 -270.101685
v 5.817431 30.788351 -270.670593
v 5.828028 31.500870 -270.101807
v 5.817431 30.788351 -270.670593
v 7.572156 31.147963 -270.101685
v 7.330564 30.487370 -270.670471
v 7.330564 30.487370 -270.670471
v 7.572156 31.147963 -270.101685
v 9.050756 30.142969 -270.101501
v 8.613335 29.630249 -270.670166
v 7.330564 30.487370 -270.670471
v 9.050756 30.142969 -270.101501
v 9.050756 30.142969 -270.101501
v 10.038725 28.638884 -270.101196
v 8.613335 29.630249 -270.670166
v 9.470456 28.347477 -270.669952
v 8.613335 29.630249 -270.670166
v 10.038725 28.638884 -270.101196
v 10.038725 28.638884 -270.101196
v 10.385654 26.864700 -270.101135
v 9.470456 28.347477 -270.669952
v 9.470456 28.347477 -270.669952
v 10.385654 26.864700 -270.101135
v 9.771438 26.834345 -270.669861
v 10.038724 25.090513 -270.101074
v 9.771438 26.834345 -270.669861
v 10.385654 26.864700 -270.101135
v 9.771438 26.834345 -270.669861
v 10.038724 25.090513 -270.101074
v 9.470456 25.321211 -270.669800
v 10.038724 25.090513 -270.101074
v 8.613335 24.038439 -270.669617
v 9.470456 25.321211 -270.669800
v 10.038724 25.090513 -270.101074
v 9.050756 23.586433 -270.101074
v 8.613335 24.038439 -270.669617
v 7.330563 23.181318 -270.670380
v 8.613335 24.038439 -270.669617
v 9.050756 23.586433 -270.101074
v 9.050756 23.586433 -270.101074
v 7.572155 22.581438 -270.101685
v 7.330563 23.181318 -270.670380
v 5.828026 22.228531 -270.102325
v 7.330563 23.181318 -270.670380
v 7.572155 22.581438 -270.101685
v 7.330563 23.181318 -270.670380
v 5.828026 22.228531 -270.102325
v 5.817430 22.880337 -270.670959
v 7.799773 22.016260 -244.804520
v 5.826512 22.321636 -244.422897
v 5.838010 21.614429 -244.804520
v 5.826512 22.321636 -244.422897
v 7.799773 22.016260 -244.804520
v 7.537647 22.667126 -244.422897
v 9.462873 23.160576 -244.804520
v 7.537647 22.667126 -244.422897
v 7.799773 22.016260 -244.804520
v 7.537647 22.667126 -244.422897
v 9.462873 23.160576 -244.804520
v 8.988276 23.651001 -244.422897
v 10.574121 24.873167 -244.804520
v 8.988276 23.651001 -244.422897
v 9.462873 23.160576 -244.804520
v 8.988276 23.651001 -244.422897
v 10.574121 24.873167 -244.804520
v 9.957555 25.123472 -244.422897
v 10.574121 24.873167 -244.804520
v 10.297921 26.860369 -244.422897
v 9.957555 25.123472 -244.422897
v 10.297921 26.860369 -244.422897
v 10.574121 24.873167 -244.804520
v 10.964341 26.893305 -244.804520
v 10.964341 26.893305 -244.804520
v 9.957555 28.597267 -244.422897
v 10.297921 26.860369 -244.422897
v 9.957555 28.597267 -244.422897
v 10.964341 26.893305 -244.804520
v 10.574121 28.913443 -244.804520
v 8.988276 30.069738 -244.422897
v 9.957555 28.597267 -244.422897
v 10.574121 28.913443 -244.804520
v 10.574121 28.913443 -244.804520
v 9.462873 30.626032 -244.804520
v 8.988276 30.069738 -244.422897
v 7.537648 31.053612 -244.422897
v 8.988276 30.069738 -244.422897
v 9.462873 30.626032 -244.804520
v 9.462873 30.626032 -244.804520
v 7.799774 31.770348 -244.804520
v 7.537648 31.053612 -244.422897
v 7.799774 31.770348 -244.804520
v 5.826514 31.399101 -244.422897
v 7.537648 31.053612 -244.422897
v 7.799774 31.770348 -244.804520
v 5.838012 32.172173 -244.804520
v 5.826514 31.399101 -244.422897
v 3.876251 31.770350 -244.804520
v 5.826514 31.399101 -244.422897
v 5.838012 32.172173 -244.804520
v 5.826514 31.399101 -244.422897
v 3.876251 31.770350 -244.804520
v 4.115380 31.053612 -244.422897
v 4.115380 31.053612 -244.422897
v 3.876251 31.770350 -244.804520
v 2.213149 30.626034 -244.804520
v 2.664751 30.069738 -244.422897
v 4.115380 31.053612 -244.422897
v 2.213149 30.626034 -244.804520
v 2.213149 30.626034 -244.804520
v 1.101899 28.913443 -244.804520
v 2.664751 30.069738 -244.422897
v 1.695472 28.597269 -244.422897
v 2.664751 30.069738 -244.422897
v 1.101899 28.913443 -244.804520
v 1.101899 28.913443 -244.804520
v 0.711682 26.893305 -244.804520
v 1.695472 28.597269 -244.422897
v 1.695472 28.597269 -244.422897
v 0.711682 26.893305 -244.804520
v 1.355106 26.860371 -244.422897
v 1.101898 24.873171 -244.804520
v 1.355106 26.860371 -244.422897
v 0.711682 26.893305 -244.804520
v 1.355106 26.860371 -244.422897
v 1.101898 24.873171 -244.804520
v 1.695470 25.123474 -244.422897
v 1.101898 24.873171 -244.804520
v 2.664749 23.651001 -244.422897
v 1.695470 25.123474 -244.422897
v 2.664749 23.651001 -244.422897
v 1.101898 24.873171 -244.804520
v 2.213147 23.160578 -244.804520
v 2.213147 23.160578 -244.804520
v 4.115378 22.667126 -244.422897
v 2.664749 23.651001 -244.422897
v 4.115378 22.667126 -244.422897
v 2.213147 23.160578 -244.804520
v 3.876248 22.016260 -244.804520
v 3.876248 22.016260 -244.804520
v 5.826512 22.321636 -244.422897
v 4.115378 22.667126 -244.422897
v 5.826512 22.321636 -244.422897
v 3.876248 22.016260 -244.804520
v 5.838010 21.614429 -244.804520
v 5.826512 22.321636 -244.422897
v 7.537647 22.667126 -244.422897
v 5.826512 22.321636 -244.071442
v 7.537647 22.667126 -244.071442
v 5.826512 22.321636 -244.071442
v 7.537647 22.667126 -244.422897
v 7.537647 22.667126 -244.422897
v 8.988276 23.651001 -244.422897
v 7.537647 22.667126 -244.071442
v 8.988277 23.650999 -244.071442
v 7.537647 22.667126 -244.071442
v 8.988276 23.651001 -244.422897
v 8.988276 23.651001 -244.422897
v 9.957557 25.123470 -244.071442
v 8.988277 23.650999 -244.071442
v 9.957557 25.123470 -244.071442
v 8.988276 23.651001 -244.422897
v 9.957555 25.123472 -244.422897
v 9.957555 25.123472 -244.422897
v 10.297922 26.860369 -244.071442
v 9.957557 25.123470 -244.071442
v 10.297922 26.860369 -244.071442
v 9.957555 25.123472 -244.422897
v 10.297921 26.860369 -244.422897
v 9.957555 28.597267 -244.422897
v 10.297922 26.860369 -244.071442
v 10.297921 26.860369 -244.422897
v 9.957557 28.597267 -244.071442
v 10.297922 26.860369 -244.071442
v 9.957555 28.597267 -244.422897
v 8.988276 30.069738 -244.422897
v 9.957557 28.597267 -244.071442
v 9.957555 28.597267 -244.422897
v 8.988277 30.069738 -244.071442
v 9.957557 28.597267 -244.071442
v 8.988276 30.069738 -244.422897
v 8.988276 30.069738 -244.422897
v 7.537648 31.053612 -244.071442
v 8.988277 30.069738 -244.071442
v 7.537648 31.053612 -244.071442
v 8.988276 30.069738 -244.422897
v 7.537648 31.053612 -244.422897
v 7.537648 31.053612 -244.422897
v 5.826514 31.399103 -244.071442
v 7.537648 31.053612 -244.071442
v 5.826514 31.399103 -244.071442
v 7.537648 31.053612 -244.422897
v 5.826514 31.399101 -244.422897
v 4.115380 31.053612 -244.422897
v 5.826514 31.399103 -244.071442
v 5.826514 31.399101 -244.422897
v 5.826514 31.399103 -244.071442
v 4.115380 31.053612 -244.422897
v 4.115380 31.053614 -244.071442
v 2.664751 30.069738 -244.422897
v 4.115380 31.053614 -244.071442
v 4.115380 31.053612 -244.422897
v 4.115380 31.053614 -244.071442
v 2.664751 30.069738 -244.422897
v 2.664751 30.069738 -244.071442
v 2.664751 30.069738 -244.422897
v 1.695472 28.597269 -244.071442
v 2.664751 30.069738 -244.071442
v 1.695472 28.597269 -244.071442
v 2.664751 30.069738 -244.422897
v 1.695472 28.597269 -244.422897
v 1.695472 28.597269 -244.422897
v 1.355106 26.860371 -244.071442
v 1.695472 28.597269 -244.071442
v 1.355106 26.860371 -244.071442
v 1.695472 28.597269 -244.422897
v 1.355106 26.860371 -244.422897
v 1.355106 26.860371 -244.422897
v 1.695470 25.123474 -244.422897
v 1.355106 26.860371 -244.071442
v 1.355106 26.860371 -244.071442
v 1.695470 25.123474 -244.422897
v 1.695470 25.123474 -244.071442
v 1.695470 25.123474 -244.422897
v 2.664749 23.651001 -244.422897
v 1.695470 25.123474 -244.071442
v 1.695470 25.123474 -244.071442
v 2.664749 23.651001 -244.422897
v 2.664749 23.651001 -244.071442
v 2.664749 23.651001 -244.422897
v 4.115378 22.667126 -244.422897
v 2.664749 23.651001 -244.071442
v 4.115378 22.667126 -244.071442
v 2.664749 23.651001 -244.071442
v 4.115378 22.667126 -244.422897
v 4.115378 22.667126 -244.422897
v 5.826512 22.321636 -244.422897
v 4.115378 22.667126 -244.071442
v 5.826512 22.321636 -244.071442
v 4.115378 22.667126 -244.071442
v 5.826512 22.321636 -244.422897
v 5.828026 22.228531 -269.788147
v 7.799772 22.016254 -269.476166
v 5.838010 21.614424 -269.476532
v 7.799772 22.016254 -269.476166
v 5.828026 22.228531 -269.788147
v 7.572154 22.581438 -269.787781
v 7.572154 22.581438 -269.787781
v 9.462873 23.160570 -269.475861
v 7.799772 22.016254 -269.476166
v 9.462873 23.160570 -269.475861
v 7.572154 22.581438 -269.787781
v 9.050755 23.586433 -269.787415
v 9.050755 23.586433 -269.787415
v 10.574121 24.873161 -269.475861
v 9.462873 23.160570 -269.475861
v 10.574121 24.873161 -269.475861
v 9.050755 23.586433 -269.787415
v 10.038722 25.090515 -269.787415
v 10.385652 26.864700 -269.787476
v 10.574121 24.873161 -269.475861
v 10.038722 25.090515 -269.787415
v 10.574121 24.873161 -269.475861
v 10.385652 26.864700 -269.787476
v 10.964341 26.893299 -269.475861
v 10.038722 28.638884 -269.787506
v 10.964341 26.893299 -269.475861
v 10.385652 26.864700 -269.787476
v 10.574121 28.913437 -269.475861
v 10.964341 26.893299 -269.475861
v 10.038722 28.638884 -269.787506
v 10.038722 28.638884 -269.787506
v 9.050755 30.142965 -269.787689
v 10.574121 28.913437 -269.475861
v 9.462873 30.626026 -269.476105
v 10.574121 28.913437 -269.475861
v 9.050755 30.142965 -269.787689
v 9.050755 30.142965 -269.787689
v 7.572155 31.147961 -269.787811
v 9.462873 30.626026 -269.476105
v 7.572155 31.147961 -269.787811
v 7.799773 31.770342 -269.476227
v 9.462873 30.626026 -269.476105
v 5.828028 31.500868 -269.787872
v 7.799773 31.770342 -269.476227
v 7.572155 31.147961 -269.787811
v 7.799773 31.770342 -269.476227
v 5.828028 31.500868 -269.787872
v 5.838012 32.172169 -269.476288
v 3.876251 31.770344 -269.476288
v 5.838012 32.172169 -269.476288
v 5.828028 31.500868 -269.787872
v 3.876251 31.770344 -269.476288
v 5.828028 31.500868 -269.787872
v 4.083900 31.147961 -269.787872
v 2.213149 30.626028 -269.476288
v 3.876251 31.770344 -269.476288
v 4.083900 31.147961 -269.787872
v 4.083900 31.147961 -269.787872
v 2.605300 30.142967 -269.787903
v 2.213149 30.626028 -269.476288
v 1.101899 28.913437 -269.476410
v 2.213149 30.626028 -269.476288
v 2.605300 30.142967 -269.787903
v 2.605300 30.142967 -269.787903
v 1.617331 28.638885 -269.787964
v 1.101899 28.913437 -269.476410
v 1.617331 28.638885 -269.787964
v 0.711681 26.893299 -269.476410
v 1.101899 28.913437 -269.476410
v 0.711681 26.893299 -269.476410
v 1.617331 28.638885 -269.787964
v 1.270403 26.864700 -269.788025
v 1.270403 26.864700 -269.788025
v 1.101898 24.873163 -269.476410
v 0.711681 26.893299 -269.476410
v 1.101898 24.873163 -269.476410
v 1.270403 26.864700 -269.788025
v 1.617329 25.090517 -269.788025
v 2.605298 23.586435 -269.788055
v 1.101898 24.873163 -269.476410
v 1.617329 25.090517 -269.788025
v 1.101898 24.873163 -269.476410
v 2.605298 23.586435 -269.788055
v 2.213147 23.160572 -269.476410
v 4.083898 22.581438 -269.788147
v 2.213147 23.160572 -269.476410
v 2.605298 23.586435 -269.788055
v 3.876248 22.016256 -269.476532
v 2.213147 23.160572 -269.476410
v 4.083898 22.581438 -269.788147
v 5.828026 22.228531 -269.788147
v 3.876248 22.016256 -269.476532
v 4.083898 22.581438 -269.788147
v 3.876248 22.016256 -269.476532
v 5.828026 22.228531 -269.788147
v 5.838010 21.614424 -269.476532
v 7.572155 22.581438 -270.101685
v 5.828026 22.228531 -269.788147
v 5.828026 22.228531 -270.102325
v 5.828026 22.228531 -269.788147
v 7.572155 22.581438 -270.101685
v 7.572154 22.581438 -269.787781
v 9.050756 23.586433 -270.101074
v 7.572154 22.581438 -269.787781
v 7.572155 22.581438 -270.101685
v 7.572154 22.581438 -269.787781
v 9.050756 23.586433 -270.101074
v 9.050755 23.586433 -269.787415
v 10.038724 25.090513 -270.101074
v 9.050755 23.586433 -269.787415
v 9.050756 23.586433 -270.101074
v 10.038722 25.090515 -269.787415
v 9.050755 23.586433 -269.787415
v 10.038724 25.090513 -270.101074
v 10.038724 25.090513 -270.101074
v 10.385652 26.864700 -269.787476
v 10.038722 25.090515 -269.787415
v 10.385652 26.864700 -269.787476
v 10.038724 25.090513 -270.101074
v 10.385654 26.864700 -270.101135
v 10.385654 26.864700 -270.101135
v 10.038722 28.638884 -269.787506
v 10.385652 26.864700 -269.787476
v 10.038722 28.638884 -269.787506
v 10.385654 26.864700 -270.101135
v 10.038725 28.638884 -270.101196
v 10.038725 28.638884 -270.101196
v 9.050755 30.142965 -269.787689
v 10.038722 28.638884 -269.787506
v 9.050755 30.142965 -269.787689
v 10.038725 28.638884 -270.101196
v 9.050756 30.142969 -270.101501
v 9.050756 30.142969 -270.101501
v 7.572155 31.147961 -269.787811
v 9.050755 30.142965 -269.787689
v 7.572155 31.147961 -269.787811
v 9.050756 30.142969 -270.101501
v 7.572156 31.147963 -270.101685
v 7.572156 31.147963 -270.101685
v 5.828028 31.500868 -269.787872
v 7.572155 31.147961 -269.787811
v 5.828028 31.500868 -269.787872
v 7.572156 31.147963 -270.101685
v 5.828028 31.500870 -270.101807
v 5.828028 31.500870 -270.101807
v 4.083900 31.147964 -270.101807
v 5.828028 31.500868 -269.787872
v 4.083900 31.147961 -269.787872
v 5.828028 31.500868 -269.787872
v 4.083900 31.147964 -270.101807
v 4.083900 31.147964 -270.101807
v 2.605300 30.142967 -269.787903
v 4.083900 31.147961 -269.787872
v 2.605300 30.142967 -269.787903
v 4.083900 31.147964 -270.101807
v 2.605299 30.142969 -270.101868
v 2.605299 30.142969 -270.101868
v 1.617331 28.638885 -269.787964
v 2.605300 30.142967 -269.787903
v 1.617331 28.638885 -269.787964
v 2.605299 30.142969 -270.101868
v 1.617330 28.638885 -270.101990
v 1.617330 28.638885 -270.101990
v 1.270403 26.864700 -269.788025
v 1.617331 28.638885 -269.787964
v 1.270403 26.864700 -269.788025
v 1.617330 28.638885 -270.101990
v 1.270402 26.864700 -270.102112
v 1.270402 26.864700 -270.102112
v 1.617329 25.090517 -269.788025
v 1.270403 26.864700 -269.788025
v 1.617329 25.090517 -269.788025
v 1.270402 26.864700 -270.102112
v 1.617329 25.090517 -270.102112
v 1.617329 25.090517 -270.102112
v 2.605298 23.586435 -269.788055
v 1.617329 25.090517 -269.788025
v 2.605298 23.586435 -269.788055
v 1.617329 25.090517 -270.102112
v 2.605298 23.586435 -270.102112
v 2.605298 23.586435 -270.102112
v 4.083898 22.581438 -269.788147
v 2.605298 23.586435 -269.788055
v 4.083898 22.581438 -269.788147
v 2.605298 23.586435 -270.102112
v 4.083898 22.581438 -270.102325
v 5.828026 22.228531 -270.102325
v 4.083898 22.581438 -269.788147
v 4.083898 22.581438 -270.102325
v 4.083898 22.581438 -269.788147
v 5.828026 22.228531 -270.102325
v 5.828026 22.228531 -269.788147
v 7.330563 23.181316 -284.182251
v 5.817430 22.880337 -270.670959
v 5.817430 22.880335 -284.182251
v 5.817430 22.880337 -270.670959
v 7.330563 23.181316 -284.182251
v 7.330563 23.181318 -270.670380
v 8.613335 24.038437 -284.182251
v 7.330563 23.181318 -270.670380
v 7.330563 23.181316 -284.182251
v 7.330563 23.181318 -270.670380
v 8.613335 24.038437 -284.182251
v 8.613335 24.038439 -270.669617
v 8.613335 24.038437 -284.182251
v 9.470456 25.321211 -270.669800
v 8.613335 24.038439 -270.669617
v 9.470456 25.321211 -270.669800
v 8.613335 24.038437 -284.182251
v 9.470455 25.321209 -284.182251
v 9.470455 25.321209 -284.182251
v 9.771438 26.834345 -270.669861
v 9.470456 25.321211 -270.669800
v 9.771438 26.834345 -270.669861
v 9.470455 25.321209 -284.182251
v 9.771436 26.834341 -284.182251
v 9.771436 26.834341 -284.182251
v 9.470456 28.347477 -270.669952
v 9.771438 26.834345 -270.669861
v 9.470456 28.347477 -270.669952
v 9.771436 26.834341 -284.182251
v 9.470454 28.347473 -284.182251
v 9.470454 28.347473 -284.182251
v 8.613335 29.630249 -270.670166
v 9.470456 28.347477 -270.669952
v 8.613335 29.630249 -270.670166
v 9.470454 28.347473 -284.182251
v 8.613335 29.630245 -284.182251
v 8.613335 29.630245 -284.182251
v 7.330564 30.487370 -270.670471
v 8.613335 29.630249 -270.670166
v 7.330564 30.487370 -270.670471
v 8.613335 29.630245 -284.182251
v 7.330564 30.487368 -284.182251
v 7.330564 30.487368 -284.182251
v 5.817431 30.788351 -270.670593
v 7.330564 30.487370 -270.670471
v 5.817431 30.788351 -270.670593
v 7.330564 30.487368 -284.182251
v 5.817431 30.788347 -284.182251
v 5.817431 30.788351 -270.670593
v 5.817431 30.788347 -284.182251
v 4.304298 30.487368 -284.182251
v 4.304298 30.487368 -284.182251
v 4.304298 30.487371 -270.670593
v 5.817431 30.788351 -270.670593
v 4.304298 30.487368 -284.182251
v 3.021526 29.630249 -270.670715
v 4.304298 30.487371 -270.670593
v 3.021526 29.630249 -270.670715
v 4.304298 30.487368 -284.182251
v 3.021526 29.630247 -284.182251
v 3.021526 29.630247 -284.182251
v 2.164405 28.347479 -270.670715
v 3.021526 29.630249 -270.670715
v 2.164405 28.347479 -270.670715
v 3.021526 29.630247 -284.182251
v 2.164405 28.347475 -284.182251
v 2.164405 28.347475 -284.182251
v 1.863424 26.834345 -270.670807
v 2.164405 28.347479 -270.670715
v 1.863424 26.834345 -270.670807
v 2.164405 28.347475 -284.182251
v 1.863424 26.834341 -284.182251
v 1.863424 26.834341 -284.182251
v 2.164404 25.321213 -270.670898
v 1.863424 26.834345 -270.670807
v 2.164404 25.321213 -270.670898
v 1.863424 26.834341 -284.182251
v 2.164403 25.321211 -284.182251
v 2.164403 25.321211 -284.182251
v 3.021525 24.038439 -270.670959
v 2.164404 25.321213 -270.670898
v 3.021525 24.038439 -270.670959
v 2.164403 25.321211 -284.182251
v 3.021525 24.038439 -284.182251
v 4.304296 23.181316 -284.182251
v 3.021525 24.038439 -270.670959
v 3.021525 24.038439 -284.182251
v 3.021525 24.038439 -270.670959
v 4.304296 23.181316 -284.182251
v 4.304296 23.181318 -270.670959
v 5.817430 22.880335 -284.182251
v 4.304296 23.181318 -270.670959
v 4.304296 23.181316 -284.182251
v 4.304296 23.181318 -270.670959
v 5.817430 22.880335 -284.182251
v 5.817430 22.880337 -270.670959
v -0.039135 43.886410 -48.203693
v 1.464959 43.735115 -48.665459
v -0.039210 43.694977 -48.665421
v -0.039135 43.886410 -48.203693
v 1.465034 43.926548 -48.203743
v 1.464959 43.735115 -48.665459
v 1.462757 44.374931 -44.911667
v 1.465034 43.926548 -48.203743
v -0.039135 43.886410 -48.203693
v -0.039135 43.886410 -48.203693
v -0.041412 44.334793 -44.911629
v 1.462757 44.374931 -44.911667
v 1.472083 43.573124 -48.666290
v -0.032009 43.724415 -48.204529
v -0.032081 43.532986 -48.666245
v -0.032009 43.724415 -48.204529
v 1.472083 43.573124 -48.666290
v 1.472161 43.764557 -48.204567
v 1.469884 44.212936 -44.912498
v -0.032009 43.724415 -48.204529
v 1.472161 43.764557 -48.204567
v -0.032009 43.724415 -48.204529
v 1.469884 44.212936 -44.912498
v -0.034286 44.172802 -44.912453
v 5.817430 22.880379 -80.012848
v 7.330562 23.181366 -48.122601
v 5.817430 22.880386 -48.122601
v 7.330562 23.181360 -80.012848
v 7.330562 23.181366 -48.122601
v 5.817430 22.880379 -80.012848
v 5.817430 22.880344 -243.785065
v 7.330562 23.181360 -80.012848
v 5.817430 22.880379 -80.012848
v 7.330562 23.181360 -80.012848
v 8.613334 24.038488 -48.122601
v 7.330562 23.181366 -48.122601
v 7.330563 23.181322 -243.785065
v 7.330562 23.181360 -80.012848
v 5.817430 22.880344 -243.785065
v 7.330563 23.181322 -243.785065
v 8.613335 24.038481 -80.012848
v 7.330562 23.181360 -80.012848
v 8.613335 24.038481 -80.012848
v 8.613334 24.038488 -48.122601
v 7.330562 23.181360 -80.012848
v 8.613336 24.038445 -243.785065
v 8.613335 24.038481 -80.012848
v 7.330563 23.181322 -243.785065
v 9.470456 25.321217 -243.785065
v 8.613335 24.038481 -80.012848
v 8.613336 24.038445 -243.785065
v 9.470454 25.321251 -80.012848
v 8.613334 24.038488 -48.122601
v 8.613335 24.038481 -80.012848
v 8.613335 24.038481 -80.012848
v 9.470456 25.321217 -243.785065
v 9.470454 25.321251 -80.012848
v 8.613334 24.038488 -48.122601
v 9.470454 25.321251 -80.012848
v 9.470454 25.321259 -48.122601
v 9.771438 26.834351 -243.785065
v 9.470454 25.321251 -80.012848
v 9.470456 25.321217 -243.785065
v 9.771435 26.834385 -80.012848
v 9.470454 25.321259 -48.122601
v 9.470454 25.321251 -80.012848
v 9.470454 25.321251 -80.012848
v 9.771438 26.834351 -243.785065
v 9.771435 26.834385 -80.012848
v 9.470454 25.321259 -48.122601
v 9.771435 26.834385 -80.012848
v 9.771435 26.834391 -48.122601
v 9.470455 28.347483 -243.785065
v 9.771435 26.834385 -80.012848
v 9.771438 26.834351 -243.785065
v 9.470454 28.347515 -80.012848
v 9.771435 26.834391 -48.122601
v 9.771435 26.834385 -80.012848
v 9.771435 26.834385 -80.012848
v 9.470455 28.347483 -243.785065
v 9.470454 28.347515 -80.012848
v 9.771435 26.834391 -48.122601
v 9.470454 28.347515 -80.012848
v 9.470454 28.347523 -48.122601
v 8.613336 29.630253 -243.785065
v 9.470454 28.347515 -80.012848
v 9.470455 28.347483 -243.785065
v 8.613335 29.630287 -80.012848
v 9.470454 28.347523 -48.122601
v 9.470454 28.347515 -80.012848
v 9.470454 28.347515 -80.012848
v 8.613336 29.630253 -243.785065
v 8.613335 29.630287 -80.012848
v 9.470454 28.347523 -48.122601
v 8.613335 29.630287 -80.012848
v 8.613334 29.630295 -48.122601
v 7.330564 30.487375 -243.785065
v 8.613335 29.630287 -80.012848
v 8.613336 29.630253 -243.785065
v 7.330563 30.487410 -80.012848
v 8.613334 29.630295 -48.122601
v 8.613335 29.630287 -80.012848
v 8.613335 29.630287 -80.012848
v 7.330564 30.487375 -243.785065
v 7.330563 30.487410 -80.012848
v 8.613334 29.630295 -48.122601
v 7.330563 30.487410 -80.012848
v 7.330563 30.487415 -48.122601
v 5.817431 30.788357 -243.785065
v 7.330563 30.487410 -80.012848
v 7.330564 30.487375 -243.785065
v 7.330563 30.487410 -80.012848
v 5.817431 30.788397 -48.122601
v 7.330563 30.487415 -48.122601
v 5.817431 30.788397 -48.122601
v 7.330563 30.487410 -80.012848
v 5.817431 30.788389 -80.012848
v 7.330563 30.487410 -80.012848
v 5.817431 30.788357 -243.785065
v 5.817431 30.788389 -80.012848
v 5.817431 30.788389 -80.012848
v 4.304298 30.487417 -48.122601
v 5.817431 30.788397 -48.122601
v 5.817431 30.788389 -80.012848
v 5.817431 30.788357 -243.785065
v 4.304298 30.487410 -80.012848
v 4.304298 30.487417 -48.122601
v 5.817431 30.788389 -80.012848
v 4.304298 30.487410 -80.012848
v 4.304298 30.487410 -80.012848
v 5.817431 30.788357 -243.785065
v 4.304298 30.487375 -243.785065
v 4.304298 30.487417 -48.122601
v 4.304298 30.487410 -80.012848
v 3.021527 29.630297 -48.122601
v 4.304298 30.487375 -243.785065
v 3.021526 29.630289 -80.012848
v 4.304298 30.487410 -80.012848
v 3.021527 29.630297 -48.122601
v 4.304298 30.487410 -80.012848
v 3.021526 29.630289 -80.012848
v 3.021526 29.630289 -80.012848
v 4.304298 30.487375 -243.785065
v 3.021526 29.630255 -243.785065
v 3.021526 29.630289 -80.012848
v 2.164406 28.347525 -48.122601
v 3.021527 29.630297 -48.122601
v 3.021526 29.630255 -243.785065
v 2.164406 28.347517 -80.012848
v 3.021526 29.630289 -80.012848
v 2.164406 28.347525 -48.122601
v 3.021526 29.630289 -80.012848
v 2.164406 28.347517 -80.012848
v 2.164406 28.347517 -80.012848
v 3.021526 29.630255 -243.785065
v 2.164404 28.347483 -243.785065
v 2.164406 28.347517 -80.012848
v 1.863425 26.834393 -48.122601
v 2.164406 28.347525 -48.122601
v 2.164404 28.347483 -243.785065
v 1.863425 26.834385 -80.012848
v 2.164406 28.347517 -80.012848
v 1.863425 26.834393 -48.122601
v 2.164406 28.347517 -80.012848
v 1.863425 26.834385 -80.012848
v 1.863425 26.834385 -80.012848
v 2.164404 28.347483 -243.785065
v 1.863424 26.834351 -243.785065
v 1.863425 26.834385 -80.012848
v 2.164404 25.321260 -48.122601
v 1.863425 26.834393 -48.122601
v 1.863424 26.834351 -243.785065
v 2.164404 25.321255 -80.012848
v 1.863425 26.834385 -80.012848
v 2.164404 25.321260 -48.122601
v 1.863425 26.834385 -80.012848
v 2.164404 25.321255 -80.012848
v 2.164404 25.321255 -80.012848
v 1.863424 26.834351 -243.785065
v 2.164403 25.321218 -243.785065
v 2.164404 25.321255 -80.012848
v 3.021525 24.038488 -48.122601
v 2.164404 25.321260 -48.122601
v 2.164403 25.321218 -243.785065
v 3.021525 24.038483 -80.012848
v 2.164404 25.321255 -80.012848
v 3.021525 24.038488 -48.122601
v 2.164404 25.321255 -80.012848
v 3.021525 24.038483 -80.012848
v 3.021525 24.038483 -80.012848
v 2.164403 25.321218 -243.785065
v 3.021525 24.038445 -243.785065
v 4.304296 23.181360 -80.012848
v 3.021525 24.038488 -48.122601
v 3.021525 24.038483 -80.012848
v 3.021525 24.038445 -243.785065
v 4.304296 23.181360 -80.012848
v 3.021525 24.038483 -80.012848
v 3.021525 24.038488 -48.122601
v 4.304296 23.181360 -80.012848
v 4.304296 23.181368 -48.122601
v 4.304296 23.181324 -243.785065
v 4.304296 23.181360 -80.012848
v 3.021525 24.038445 -243.785065
v 5.817430 22.880379 -80.012848
v 4.304296 23.181368 -48.122601
v 4.304296 23.181360 -80.012848
v 4.304296 23.181324 -243.785065
v 5.817430 22.880379 -80.012848
v 4.304296 23.181360 -80.012848
v 4.304296 23.181368 -48.122601
v 5.817430 22.880379 -80.012848
v 5.817430 22.880386 -48.122601
v 5.817430 22.880344 -243.785065
v 5.817430 22.880379 -80.012848
v 4.304296 23.181324 -243.785065
v 9.646268 26.598480 -91.914497
v 9.058379 29.427458 -90.614639
v 10.155203 26.584522 -91.621124
v 8.760568 23.728567 -91.245026
v 9.646268 26.598480 -91.914497
v 10.155203 26.584522 -91.621124
v 8.760568 23.728567 -91.245026
v 10.155203 26.584522 -91.621124
v 9.090320 24.243427 -90.595108
v 9.305830 26.610695 -91.914497
v 8.519276 30.029837 -90.788277
v 9.646268 26.598480 -91.914497
v 9.646268 26.598480 -91.914497
v 8.760568 23.728567 -91.245026
v 8.194833 23.368792 -91.461655
v 9.646268 26.598480 -91.914497
v 8.194833 23.368792 -91.461655
v 9.305830 26.610695 -91.914497
v 8.498584 22.822897 -84.142311
v 8.760568 23.728567 -91.245026
v 9.090320 24.243427 -90.595108
v 9.305830 26.610695 -91.914497
v 8.194833 23.368792 -91.461655
v 7.695232 23.185322 -91.461655
v 8.760568 23.728567 -91.245026
v 7.868346 22.437782 -84.206657
v 8.194833 23.368792 -91.461655
v 7.868346 22.437782 -84.206657
v 8.760568 23.728567 -91.245026
v 8.498584 22.822897 -84.142311
v 8.194833 23.368792 -91.461655
v 7.483580 22.185926 -84.280624
v 7.695232 23.185322 -91.461655
v 7.483580 22.185926 -84.280624
v 8.194833 23.368792 -91.461655
v 7.868346 22.437782 -84.206657
v 7.695232 23.185322 -91.461655
v 8.836024 26.619160 -91.914497
v 9.305830 26.610695 -91.914497
v 7.695232 23.185322 -91.461655
v 7.483580 22.185926 -84.280624
v 7.127624 23.082497 -91.461655
v 8.836024 26.619160 -91.914497
v 7.695232 23.185322 -91.461655
v 7.127624 23.082497 -91.461655
v 8.577779 21.286194 -79.476028
v 7.483580 22.185926 -84.280624
v 7.868346 22.437782 -84.206657
v 8.836024 26.619160 -91.914497
v 8.056976 30.422182 -90.788277
v 9.305830 26.610695 -91.914497
v 7.868346 22.437782 -84.206657
v 9.354025 21.602003 -79.476028
v 8.577779 21.286194 -79.476028
v 8.056976 30.422182 -90.788277
v 8.836024 26.619160 -91.914497
v 7.502100 30.699091 -90.788269
v 9.354025 21.602003 -79.476028
v 7.868346 22.437782 -84.206657
v 9.753821 22.179783 -80.587143
v 9.753821 22.179783 -80.587143
v 7.868346 22.437782 -84.206657
v 8.498584 22.822897 -84.142311
v 8.350458 26.625740 -91.914497
v 7.502100 30.699091 -90.788269
v 8.836024 26.619160 -91.914497
v 8.836024 26.619160 -91.914497
v 7.127624 23.082497 -91.461655
v 8.350458 26.625740 -91.914497
v 9.753821 22.179783 -80.587143
v 8.498584 22.822897 -84.142311
v 9.695355 22.940771 -80.378960
v 6.932691 22.908579 -91.461647
v 8.350458 26.625740 -91.914497
v 7.127624 23.082497 -91.461655
v 8.826481 23.547606 -84.166191
v 9.695355 22.940771 -80.378960
v 8.498584 22.822897 -84.142311
v 9.090320 24.243427 -90.595108
v 8.826481 23.547606 -84.166191
v 8.498584 22.822897 -84.142311
v 7.127624 23.082497 -91.461655
v 7.051717 21.922491 -84.415428
v 6.932691 22.908579 -91.461647
v 7.051717 21.922491 -84.415428
v 7.127624 23.082497 -91.461655
v 7.537090 22.046879 -84.360123
v 8.826481 23.547606 -84.166191
v 9.090320 24.243427 -90.595108
v 9.332313 24.724888 -84.248474
v 10.287768 26.570818 -90.740974
v 9.332313 24.724888 -84.248474
v 9.090320 24.243427 -90.595108
v 11.163769 23.957293 -78.423508
v 9.695355 22.940771 -80.378960
v 8.826481 23.547606 -84.166191
v 9.332313 24.724888 -84.248474
v 11.163769 23.957293 -78.423508
v 8.826481 23.547606 -84.166191
v 10.155203 26.584522 -91.621124
v 10.148750 27.910385 -91.066757
v 10.287768 26.570818 -90.740974
v 13.946704 21.577370 -76.703430
v 9.695355 22.940771 -80.378960
v 11.163769 23.957293 -78.423508
v 13.946704 21.577370 -76.703430
v 9.753821 22.179783 -80.587143
v 9.695355 22.940771 -80.378960
v 9.685658 27.986015 -84.246933
v 10.287768 26.570818 -90.740974
v 10.148750 27.910385 -91.066757
v 13.053194 20.712345 -76.638985
v 9.753821 22.179783 -80.587143
v 13.946704 21.577370 -76.703430
v 10.287768 26.570818 -90.740974
v 9.685658 27.986015 -84.246933
v 9.960424 26.574518 -84.272850
v 10.287768 26.570818 -90.740974
v 9.960424 26.574518 -84.272850
v 9.332313 24.724888 -84.248474
v 9.685658 27.986015 -84.246933
v 10.148750 27.910385 -91.066757
v 9.622823 28.836304 -84.199768
v 9.622823 28.836304 -84.199768
v 10.148750 27.910385 -91.066757
v 9.058379 29.427458 -90.614639
v 10.882007 28.083782 -78.699974
v 9.960424 26.574518 -84.272850
v 9.685658 27.986015 -84.246933
v 9.622823 28.836304 -84.199768
v 10.882007 28.083782 -78.699974
v 9.685658 27.986015 -84.246933
v 9.960424 26.574518 -84.272850
v 10.884720 25.122820 -78.300743
v 9.332313 24.724888 -84.248474
v 9.332313 24.724888 -84.248474
v 10.884720 25.122820 -78.300743
v 11.163769 23.957293 -78.423508
v 9.960424 26.574518 -84.272850
v 10.882007 28.083782 -78.699974
v 11.683875 26.577570 -77.704834
v 9.960424 26.574518 -84.272850
v 11.683875 26.577570 -77.704834
v 10.884720 25.122820 -78.300743
v 10.884720 25.122820 -78.300743
v 15.216402 23.064119 -76.575417
v 11.163769 23.957293 -78.423508
v 13.946704 21.577370 -76.703430
v 11.163769 23.957293 -78.423508
v 15.216402 23.064119 -76.575417
v 11.683875 26.577570 -77.704834
v 13.979058 25.917719 -76.460686
v 10.884720 25.122820 -78.300743
v 15.216402 23.064119 -76.575417
v 10.884720 25.122820 -78.300743
v 16.395020 24.511715 -76.527657
v 16.395020 24.511715 -76.527657
v 10.884720 25.122820 -78.300743
v 13.979058 25.917719 -76.460686
v 10.882007 28.083782 -78.699974
v 12.383514 27.432611 -76.281166
v 11.683875 26.577570 -77.704834
v 12.383514 27.432611 -76.281166
v 13.979058 25.917719 -76.460686
v 11.683875 26.577570 -77.704834
v 11.149349 29.276945 -77.900604
v 12.383514 27.432611 -76.281166
v 10.882007 28.083782 -78.699974
v 9.622823 28.836304 -84.199768
v 11.149349 29.276945 -77.900604
v 10.882007 28.083782 -78.699974
v 12.383514 27.432611 -76.281166
v 16.193710 27.620045 -75.229202
v 13.979058 25.917719 -76.460686
v 9.622823 28.836304 -84.199768
v 10.484653 30.055893 -78.485786
v 11.149349 29.276945 -77.900604
v 12.383514 27.432611 -76.281166
v 11.149349 29.276945 -77.900604
v 12.084774 28.959723 -75.954620
v 8.775008 30.269053 -83.829323
v 10.484653 30.055893 -78.485786
v 9.622823 28.836304 -84.199768
v 9.058379 29.427458 -90.614639
v 8.775008 30.269053 -83.829323
v 9.622823 28.836304 -84.199768
v 14.152454 29.357691 -74.623909
v 12.383514 27.432611 -76.281166
v 12.084774 28.959723 -75.954620
v 12.383514 27.432611 -76.281166
v 14.152454 29.357691 -74.623909
v 16.193710 27.620045 -75.229202
v 11.149349 29.276945 -77.900604
v 11.817476 30.402376 -76.017288
v 12.084774 28.959723 -75.954620
v 11.817476 30.402376 -76.017288
v 14.152454 29.357691 -74.623909
v 12.084774 28.959723 -75.954620
v 10.484653 30.055893 -78.485786
v 11.817476 30.402376 -76.017288
v 11.149349 29.276945 -77.900604
v 8.775008 30.269053 -83.829323
v 9.967614 30.928743 -78.510620
v 10.484653 30.055893 -78.485786
v 9.967614 30.928743 -78.510620
v 11.817476 30.402376 -76.017288
v 10.484653 30.055893 -78.485786
v 9.058379 29.427458 -90.614639
v 8.246316 30.720247 -84.174515
v 8.775008 30.269053 -83.829323
v 8.246316 30.720247 -84.174515
v 9.058379 29.427458 -90.614639
v 8.519276 30.029837 -90.788277
v 8.056976 30.422182 -90.788277
v 8.246316 30.720247 -84.174515
v 8.519276 30.029837 -90.788277
v 8.775008 30.269053 -83.829323
v 9.317450 31.466024 -78.518890
v 9.967614 30.928743 -78.510620
v 9.317450 31.466024 -78.518890
v 8.775008 30.269053 -83.829323
v 8.246316 30.720247 -84.174515
v 8.246316 30.720247 -84.174515
v 8.056976 30.422182 -90.788277
v 7.642969 30.991169 -84.157150
v 7.502100 30.699091 -90.788269
v 7.642969 30.991169 -84.157150
v 8.056976 30.422182 -90.788277
v 9.317450 31.466024 -78.518890
v 8.246316 30.720247 -84.174515
v 8.592084 31.769194 -78.518890
v 8.592084 31.769194 -78.518890
v 8.246316 30.720247 -84.174515
v 7.642969 30.991169 -84.157150
v 9.317450 31.466024 -78.518890
v 10.681690 32.152309 -75.859047
v 9.967614 30.928743 -78.510620
v 9.505772 32.440411 -75.859047
v 9.317450 31.466024 -78.518890
v 8.592084 31.769194 -78.518890
v 9.317450 31.466024 -78.518890
v 9.505772 32.440411 -75.859047
v 10.681690 32.152309 -75.859047
v 11.680437 31.540071 -75.893997
v 9.967614 30.928743 -78.510620
v 10.681690 32.152309 -75.859047
v 9.967614 30.928743 -78.510620
v 11.680437 31.540071 -75.893997
v 11.817476 30.402376 -76.017288
v 10.681690 32.152309 -75.859047
v 12.670567 32.807545 -74.467697
v 11.680437 31.540071 -75.893997
v 13.253530 32.017197 -74.545891
v 11.817476 30.402376 -76.017288
v 11.680437 31.540071 -75.893997
v 11.680437 31.540071 -75.893997
v 12.670567 32.807545 -74.467697
v 13.253530 32.017197 -74.545891
v 11.817476 30.402376 -76.017288
v 13.253530 32.017197 -74.545891
v 13.987237 30.893270 -74.640495
v 11.817476 30.402376 -76.017288
v 13.987237 30.893270 -74.640495
v 14.152454 29.357691 -74.623909
v 12.670567 32.807545 -74.467697
v 10.681690 32.152309 -75.859047
v 11.366564 33.178417 -74.251511
v 9.505772 32.440411 -75.859047
v 11.366564 33.178417 -74.251511
v 10.681690 32.152309 -75.859047
v 13.987237 30.893270 -74.640495
v 17.640049 30.028955 -72.379364
v 14.152454 29.357691 -74.623909
v 14.152454 29.357691 -74.623909
v 17.640049 30.028955 -72.379364
v 16.193710 27.620045 -75.229202
v 13.253530 32.017197 -74.545891
v 16.289276 32.937954 -71.944336
v 13.987237 30.893270 -74.640495
v 13.987237 30.893270 -74.640495
v 17.179979 31.815331 -72.089066
v 17.640049 30.028955 -72.379364
v 16.289276 32.937954 -71.944336
v 17.179979 31.815331 -72.089066
v 13.987237 30.893270 -74.640495
v 12.670567 32.807545 -74.467697
v 15.091087 33.604984 -72.774376
v 13.253530 32.017197 -74.545891
v 15.091087 33.604984 -72.774376
v 16.289276 32.937954 -71.944336
v 13.253530 32.017197 -74.545891
v 13.076406 33.856560 -72.774376
v 12.670567 32.807545 -74.467697
v 11.366564 33.178417 -74.251511
v 15.091087 33.604984 -72.774376
v 12.670567 32.807545 -74.467697
v 13.076406 33.856560 -72.774376
v 16.289276 32.937954 -71.944336
v 18.519270 32.775394 -69.812706
v 17.179979 31.815331 -72.089066
v 15.091087 33.604984 -72.774376
v 17.432234 34.444408 -69.506470
v 16.289276 32.937954 -71.944336
v 16.289276 32.937954 -71.944336
v 17.432234 34.444408 -69.506470
v 18.519270 32.775394 -69.812706
v 19.635246 30.653753 -70.177841
v 17.179979 31.815331 -72.089066
v 18.519270 32.775394 -69.812706
v 17.179979 31.815331 -72.089066
v 19.635246 30.653753 -70.177841
v 17.640049 30.028955 -72.379364
v 21.302746 30.374846 -67.297562
v 19.635246 30.653753 -70.177841
v 18.519270 32.775394 -69.812706
v 19.635246 30.653753 -70.177841
v 19.719051 28.528503 -70.456581
v 17.640049 30.028955 -72.379364
v 19.635246 30.653753 -70.177841
v 21.302746 30.374846 -67.297562
v 19.719051 28.528503 -70.456581
v 17.640049 30.028955 -72.379364
v 19.719051 28.528503 -70.456581
v 18.004129 27.798317 -73.717361
v 17.640049 30.028955 -72.379364
v 18.004129 27.798317 -73.717361
v 16.193710 27.620045 -75.229202
v 18.297264 26.406290 -73.486809
v 16.193710 27.620045 -75.229202
v 18.004129 27.798317 -73.717361
v 19.719051 28.528503 -70.456581
v 18.297264 26.406290 -73.486809
v 18.004129 27.798317 -73.717361
v 16.193710 27.620045 -75.229202
v 18.297264 26.406290 -73.486809
v 17.842342 26.124315 -75.171127
v 13.979058 25.917719 -76.460686
v 16.193710 27.620045 -75.229202
v 17.842342 26.124315 -75.171127
v 17.842342 26.124315 -75.171127
v 16.395020 24.511715 -76.527657
v 13.979058 25.917719 -76.460686
v 18.297264 26.406290 -73.486809
v 19.719051 28.528503 -70.456581
v 18.395927 25.866430 -70.616997
v 16.395020 24.511715 -76.527657
v 17.842342 26.124315 -75.171127
v 16.815817 24.585094 -75.580208
v 17.842342 26.124315 -75.171127
v 18.297264 26.406290 -73.486809
v 17.067898 24.740088 -72.813744
v 17.842342 26.124315 -75.171127
v 17.067898 24.740088 -72.813744
v 16.815817 24.585094 -75.580208
v 18.395927 25.866430 -70.616997
v 17.067898 24.740088 -72.813744
v 18.297264 26.406290 -73.486809
v 16.815817 24.585094 -75.580208
v 15.392938 23.076864 -75.816933
v 16.395020 24.511715 -76.527657
v 16.395020 24.511715 -76.527657
v 15.392938 23.076864 -75.816933
v 15.216402 23.064119 -76.575417
v 17.067898 24.740088 -72.813744
v 16.429869 23.113430 -73.641174
v 16.815817 24.585094 -75.580208
v 16.815817 24.585094 -75.580208
v 16.429869 23.113430 -73.641174
v 15.392938 23.076864 -75.816933
v 15.216402 23.064119 -76.575417
v 15.392938 23.076864 -75.816933
v 14.630694 21.644794 -75.748734
v 15.216402 23.064119 -76.575417
v 14.630694 21.644794 -75.748734
v 13.946704 21.577370 -76.703430
v 16.429869 23.113430 -73.641174
v 15.566502 21.790279 -73.688675
v 15.392938 23.076864 -75.816933
v 15.392938 23.076864 -75.816933
v 15.566502 21.790279 -73.688675
v 14.630694 21.644794 -75.748734
v 13.840163 20.796658 -75.638260
v 13.946704 21.577370 -76.703430
v 14.630694 21.644794 -75.748734
v 13.053194 20.712345 -76.638985
v 13.946704 21.577370 -76.703430
v 13.840163 20.796658 -75.638260
v 14.630694 21.644794 -75.748734
v 15.566502 21.790279 -73.688675
v 15.533714 20.958569 -73.716537
v 14.630694 21.644794 -75.748734
v 15.533714 20.958569 -73.716537
v 13.840163 20.796658 -75.638260
v 16.429869 23.113430 -73.641174
v 18.818752 20.298122 -70.360199
v 15.566502 21.790279 -73.688675
v 18.818752 20.298122 -70.360199
v 15.533714 20.958569 -73.716537
v 15.566502 21.790279 -73.688675
v 13.276746 20.128044 -75.427032
v 13.053194 20.712345 -76.638985
v 13.840163 20.796658 -75.638260
v 15.533714 20.958569 -73.716537
v 13.276746 20.128044 -75.427032
v 13.840163 20.796658 -75.638260
v 13.276746 20.128044 -75.427032
v 12.187877 20.270002 -76.586166
v 13.053194 20.712345 -76.638985
v 9.753821 22.179783 -80.587143
v 13.053194 20.712345 -76.638985
v 12.187877 20.270002 -76.586166
v 9.753821 22.179783 -80.587143
v 12.187877 20.270002 -76.586166
v 9.354025 21.602003 -79.476028
v 9.607059 20.036154 -76.833206
v 9.354025 21.602003 -79.476028
v 12.187877 20.270002 -76.586166
v 9.354025 21.602003 -79.476028
v 9.607059 20.036154 -76.833206
v 8.577779 21.286194 -79.476028
v 11.258804 19.652176 -75.331322
v 12.187877 20.270002 -76.586166
v 13.276746 20.128044 -75.427032
v 9.607059 20.036154 -76.833206
v 12.187877 20.270002 -76.586166
v 11.258804 19.652176 -75.331322
v 13.276746 20.128044 -75.427032
v 15.533714 20.958569 -73.716537
v 14.668777 19.910061 -73.647163
v 8.577779 21.286194 -79.476028
v 9.607059 20.036154 -76.833206
v 8.419583 19.715317 -76.833206
v 13.038525 19.238449 -73.713089
v 11.258804 19.652176 -75.331322
v 13.276746 20.128044 -75.427032
v 13.276746 20.128044 -75.427032
v 14.668777 19.910061 -73.647163
v 13.038525 19.238449 -73.713089
v 9.767918 19.286348 -75.285271
v 9.607059 20.036154 -76.833206
v 11.258804 19.652176 -75.331322
v 9.767918 19.286348 -75.285271
v 8.419583 19.715317 -76.833206
v 9.607059 20.036154 -76.833206
v 11.258804 19.652176 -75.331322
v 13.038525 19.238449 -73.713089
v 11.139326 18.850039 -73.710838
v 11.139326 18.850039 -73.710838
v 9.767918 19.286348 -75.285271
v 11.258804 19.652176 -75.331322
v 8.419583 19.715317 -76.833206
v 7.818700 21.100973 -79.476028
v 8.577779 21.286194 -79.476028
v 7.818700 21.100973 -79.476028
v 7.537090 22.046879 -84.360123
v 8.577779 21.286194 -79.476028
v 8.555791 19.103523 -75.049576
v 8.419583 19.715317 -76.833206
v 9.767918 19.286348 -75.285271
v 7.537090 22.046879 -84.360123
v 7.818700 21.100973 -79.476028
v 7.135154 20.995752 -79.476028
v 7.333572 19.761024 -76.895706
v 7.818700 21.100973 -79.476028
v 8.419583 19.715317 -76.833206
v 7.818700 21.100973 -79.476028
v 7.333572 19.761024 -76.895706
v 7.135154 20.995752 -79.476028
v 8.555791 19.103523 -75.049576
v 7.333572 19.761024 -76.895706
v 8.419583 19.715317 -76.833206
v 7.135154 20.995752 -79.476028
v 7.051717 21.922491 -84.415428
v 7.537090 22.046879 -84.360123
v 8.555791 19.103523 -75.049576
v 6.502065 20.661833 -76.895706
v 7.333572 19.761024 -76.895706
v 6.502065 20.661833 -76.895706
v 7.135154 20.995752 -79.476028
v 7.333572 19.761024 -76.895706
v 7.051717 21.922491 -84.415428
v 7.135154 20.995752 -79.476028
v 6.585507 21.670725 -79.476028
v 6.502065 20.661833 -76.895706
v 6.585507 21.670725 -79.476028
v 7.135154 20.995752 -79.476028
v 6.585507 21.670725 -79.476028
v 6.547867 22.311960 -84.532532
v 7.051717 21.922491 -84.415428
v 6.547867 22.311960 -84.532532
v 6.932691 22.908579 -91.461647
v 7.051717 21.922491 -84.415428
v 6.585507 21.670725 -79.476028
v 6.502065 20.661833 -76.895706
v 6.062654 21.609974 -79.476028
v 6.547867 22.311960 -84.532532
v 6.585507 21.670725 -79.476028
v 6.062654 21.609974 -79.476028
v 6.062654 21.609974 -79.476028
v 6.502065 20.661833 -76.895706
v 5.719833 20.588865 -76.895706
v 6.062654 21.609974 -79.476028
v 6.067286 22.269178 -84.624138
v 6.547867 22.311960 -84.532532
v 6.502065 20.661833 -76.895706
v 5.502562 19.214586 -75.310547
v 5.719833 20.588865 -76.895706
v 6.067286 22.269178 -84.624138
v 6.496288 22.862520 -91.461655
v 6.547867 22.311960 -84.532532
v 6.932691 22.908579 -91.461647
v 6.547867 22.311960 -84.532532
v 6.496288 22.862520 -91.461655
v 6.496288 22.862520 -91.461655
v 6.067286 22.269178 -84.624138
v 6.073443 22.822392 -91.461655
v 6.085503 26.639288 -91.914497
v 6.496288 22.862520 -91.461655
v 6.073443 22.822392 -91.461655
v 7.120013 26.632298 -91.914497
v 6.932691 22.908579 -91.461647
v 6.496288 22.862520 -91.461655
v 6.496288 22.862520 -91.461655
v 6.085503 26.639288 -91.914497
v 7.120013 26.632298 -91.914497
v 6.932691 22.908579 -91.461647
v 7.120013 26.632298 -91.914497
v 8.350458 26.625740 -91.914497
v 5.502562 19.214586 -75.310547
v 6.502065 20.661833 -76.895706
v 8.505116 19.439901 -74.490143
v 6.502065 20.661833 -76.895706
v 8.555791 19.103523 -75.049576
v 8.505116 19.439901 -74.490143
v 5.502562 19.214586 -75.310547
v 8.505116 19.439901 -74.490143
v 5.461833 18.956957 -75.013397
v 8.555791 19.103523 -75.049576
v 9.442101 18.626728 -73.710838
v 8.505116 19.439901 -74.490143
v 9.442101 18.626728 -73.710838
v 8.555791 19.103523 -75.049576
v 9.767918 19.286348 -75.285271
v 9.767918 19.286348 -75.285271
v 11.139326 18.850039 -73.710838
v 9.442101 18.626728 -73.710838
v 9.154024 19.044044 -73.710838
v 5.461833 18.956957 -75.013397
v 8.505116 19.439901 -74.490143
v 8.505116 19.439901 -74.490143
v 9.442101 18.626728 -73.710838
v 9.154024 19.044044 -73.710838
v 9.154024 19.044044 -73.710838
v 6.752401 17.044008 -70.086334
v 5.461833 18.956957 -75.013397
v 11.139326 18.850039 -73.710838
v 9.912561 16.906605 -70.086334
v 9.442101 18.626728 -73.710838
v 9.912561 16.906605 -70.086334
v 9.154024 19.044044 -73.710838
v 9.442101 18.626728 -73.710838
v 6.752401 17.044008 -70.086334
v 9.154024 19.044044 -73.710838
v 8.264748 17.224558 -70.086334
v 9.154024 19.044044 -73.710838
v 9.912561 16.906605 -70.086334
v 8.264748 17.224558 -70.086334
v 8.264748 17.224558 -70.086334
v 6.746330 15.093232 -66.835648
v 6.752401 17.044008 -70.086334
v 6.746330 15.093232 -66.835648
v 8.264748 17.224558 -70.086334
v 8.402215 15.227731 -66.838951
v 9.912561 16.906605 -70.086334
v 8.402215 15.227731 -66.838951
v 8.264748 17.224558 -70.086334
v 8.402215 15.227731 -66.838951
v 6.743157 14.539912 -64.772278
v 6.746330 15.093232 -66.835648
v 9.912561 16.906605 -70.086334
v 11.139326 18.850039 -73.710838
v 11.948081 16.743595 -70.086334
v 11.948081 16.743595 -70.086334
v 11.139326 18.850039 -73.710838
v 13.038525 19.238449 -73.713089
v 8.402215 15.227731 -66.838951
v 9.912561 16.906605 -70.086334
v 10.226261 15.362795 -66.845123
v 11.948081 16.743595 -70.086334
v 10.226261 15.362795 -66.845123
v 9.912561 16.906605 -70.086334
v 6.743157 14.539912 -64.772278
v 8.402215 15.227731 -66.838951
v 8.446834 14.672746 -64.785461
v 8.402215 15.227731 -66.838951
v 10.226261 15.362795 -66.845123
v 8.446834 14.672746 -64.785461
v 13.038525 19.238449 -73.713089
v 13.973294 17.077591 -70.095322
v 11.948081 16.743595 -70.086334
v 14.668777 19.910061 -73.647163
v 13.973294 17.077591 -70.095322
v 13.038525 19.238449 -73.713089
v 10.226261 15.362795 -66.845123
v 11.948081 16.743595 -70.086334
v 12.503410 15.498298 -66.857040
v 13.973294 17.077591 -70.095322
v 12.503410 15.498298 -66.857040
v 11.948081 16.743595 -70.086334
v 10.226261 15.362795 -66.845123
v 10.329594 14.800546 -64.810143
v 8.446834 14.672746 -64.785461
v 12.503410 15.498298 -66.857040
v 10.329594 14.800546 -64.810143
v 10.226261 15.362795 -66.845123
v 8.443409 14.075198 -62.468693
v 6.743157 14.539912 -64.772278
v 8.446834 14.672746 -64.785461
v 6.743157 14.539912 -64.772278
v 8.443409 14.075198 -62.468693
v 6.739872 13.967419 -62.448914
v 8.446834 14.672746 -64.785461
v 10.329594 14.800546 -64.810143
v 10.326041 14.181373 -62.494843
v 8.446834 14.672746 -64.785461
v 10.326041 14.181373 -62.494843
v 8.443409 14.075198 -62.468693
v 8.443409 14.075198 -62.468693
v 8.436732 12.288558 -58.431458
v 6.739872 13.967419 -62.448914
v 6.739872 13.967419 -62.448914
v 8.436732 12.288558 -58.431458
v 6.733474 12.229863 -58.418270
v 10.319092 12.347498 -58.412651
v 8.443409 14.075198 -62.468693
v 10.326041 14.181373 -62.494843
v 8.443409 14.075198 -62.468693
v 10.319092 12.347498 -58.412651
v 8.436732 12.288558 -58.431458
v 8.427156 11.119854 -53.967098
v 6.733474 12.229863 -58.418270
v 8.436732 12.288558 -58.431458
v 10.319092 12.347498 -58.412651
v 8.427156 11.119854 -53.967098
v 8.436732 12.288558 -58.431458
v 6.733474 12.229863 -58.418270
v 8.427156 11.119854 -53.967098
v 6.726910 11.085995 -53.958675
v 12.683646 14.283643 -62.533737
v 10.319092 12.347498 -58.412651
v 10.326041 14.181373 -62.494843
v 10.329594 14.800546 -64.810143
v 12.683646 14.283643 -62.533737
v 10.326041 14.181373 -62.494843
v 8.427156 11.119854 -53.967098
v 8.415032 10.508048 -52.742733
v 6.726910 11.085995 -53.958675
v 6.726910 11.085995 -53.958675
v 8.415032 10.508048 -52.742733
v 6.723087 10.420306 -52.546795
v 8.427156 11.119854 -53.967098
v 10.319092 12.347498 -58.412651
v 10.309738 11.133821 -53.897167
v 8.427156 11.119854 -53.967098
v 10.309738 11.133821 -53.897167
v 8.415032 10.508048 -52.742733
v 10.319092 12.347498 -58.412651
v 12.683646 14.283643 -62.533737
v 12.676448 12.406245 -58.329853
v 12.676448 12.406245 -58.329853
v 10.309738 11.133821 -53.897167
v 10.319092 12.347498 -58.412651
v 12.683646 14.283643 -62.533737
v 10.329594 14.800546 -64.810143
v 12.687282 14.917580 -64.857826
v 10.329594 14.800546 -64.810143
v 12.503410 15.498298 -66.857040
v 12.687282 14.917580 -64.857826
v 12.683646 14.283643 -62.533737
v 15.354483 14.445728 -62.589218
v 12.676448 12.406245 -58.329853
v 12.687282 14.917580 -64.857826
v 15.354483 14.445728 -62.589218
v 12.683646 14.283643 -62.533737
v 12.503410 15.498298 -66.857040
v 15.078128 15.737329 -66.884842
v 12.687282 14.917580 -64.857826
v 12.503410 15.498298 -66.857040
v 13.973294 17.077591 -70.095322
v 15.078128 15.737329 -66.884842
v 12.687282 14.917580 -64.857826
v 15.356906 15.114474 -64.924049
v 15.354483 14.445728 -62.589218
v 15.078128 15.737329 -66.884842
v 15.356906 15.114474 -64.924049
v 12.687282 14.917580 -64.857826
v 16.383944 17.648375 -70.122307
v 15.078128 15.737329 -66.884842
v 13.973294 17.077591 -70.095322
v 13.973294 17.077591 -70.095322
v 14.668777 19.910061 -73.647163
v 16.383944 17.648375 -70.122307
v 17.794870 16.182962 -66.938660
v 15.356906 15.114474 -64.924049
v 15.078128 15.737329 -66.884842
v 15.078128 15.737329 -66.884842
v 16.383944 17.648375 -70.122307
v 17.794870 16.182962 -66.938660
v 14.668777 19.910061 -73.647163
v 17.225899 18.542732 -70.199776
v 16.383944 17.648375 -70.122307
v 17.225899 18.542732 -70.199776
v 17.794870 16.182962 -66.938660
v 16.383944 17.648375 -70.122307
v 17.225899 18.542732 -70.199776
v 14.668777 19.910061 -73.647163
v 15.533714 20.958569 -73.716537
v 17.225899 18.542732 -70.199776
v 15.533714 20.958569 -73.716537
v 18.818752 20.298122 -70.360199
v 15.356906 15.114474 -64.924049
v 17.794870 16.182962 -66.938660
v 18.067886 15.729889 -64.884346
v 18.067886 15.729889 -64.884346
v 15.354483 14.445728 -62.589218
v 15.356906 15.114474 -64.924049
v 17.794870 16.182962 -66.938660
v 17.225899 18.542732 -70.199776
v 20.437536 17.302776 -66.488991
v 17.794870 16.182962 -66.938660
v 20.437536 17.302776 -66.488991
v 18.067886 15.729889 -64.884346
v 20.437536 17.302776 -66.488991
v 17.225899 18.542732 -70.199776
v 18.818752 20.298122 -70.360199
v 15.354483 14.445728 -62.589218
v 18.067886 15.729889 -64.884346
v 18.176807 14.731338 -62.665123
v 20.437536 17.302776 -66.488991
v 20.246761 16.628668 -64.270729
v 18.067886 15.729889 -64.884346
v 20.246761 16.628668 -64.270729
v 18.176807 14.731338 -62.665123
v 18.067886 15.729889 -64.884346
v 20.900623 18.777615 -67.867088
v 20.437536 17.302776 -66.488991
v 18.818752 20.298122 -70.360199
v 18.176807 14.731338 -62.665123
v 20.246761 16.628668 -64.270729
v 20.687544 15.111850 -62.758694
v 20.900623 18.777615 -67.867088
v 18.818752 20.298122 -70.360199
v 21.309851 21.681059 -66.763908
v 20.925348 12.971148 -58.355423
v 18.176807 14.731338 -62.665123
v 20.687544 15.111850 -62.758694
v 20.900623 18.777615 -67.867088
v 22.722469 19.195536 -64.400024
v 20.437536 17.302776 -66.488991
v 21.309851 21.681059 -66.763908
v 22.722469 19.195536 -64.400024
v 20.900623 18.777615 -67.867088
v 21.644678 17.649136 -64.415604
v 20.246761 16.628668 -64.270729
v 20.437536 17.302776 -66.488991
v 20.437536 17.302776 -66.488991
v 22.722469 19.195536 -64.400024
v 21.644678 17.649136 -64.415604
v 20.246761 16.628668 -64.270729
v 21.981304 16.070097 -62.624283
v 20.687544 15.111850 -62.758694
v 21.981304 16.070097 -62.624283
v 20.925348 12.971148 -58.355423
v 20.687544 15.111850 -62.758694
v 20.246761 16.628668 -64.270729
v 21.644678 17.649136 -64.415604
v 21.188925 17.073351 -64.082077
v 21.981304 16.070097 -62.624283
v 20.246761 16.628668 -64.270729
v 21.188925 17.073351 -64.082077
v 21.644678 17.649136 -64.415604
v 21.981304 16.070097 -62.624283
v 21.188925 17.073351 -64.082077
v 21.981304 16.070097 -62.624283
v 21.644678 17.649136 -64.415604
v 23.178177 17.028236 -62.920109
v 23.178177 17.028236 -62.920109
v 21.644678 17.649136 -64.415604
v 22.722469 19.195536 -64.400024
v 20.925348 12.971148 -58.355423
v 21.981304 16.070097 -62.624283
v 23.317337 13.587859 -58.519417
v 23.317337 13.587859 -58.519417
v 21.981304 16.070097 -62.624283
v 23.178177 17.028236 -62.920109
v 18.176807 14.731338 -62.665123
v 20.925348 12.971148 -58.355423
v 18.185331 12.645304 -58.266476
v 18.176807 14.731338 -62.665123
v 18.185331 12.645304 -58.266476
v 15.354483 14.445728 -62.589218
v 23.317337 13.587859 -58.519417
v 21.148186 11.463838 -53.453018
v 20.925348 12.971148 -58.355423
v 18.185331 12.645304 -58.266476
v 20.925348 12.971148 -58.355423
v 21.148186 11.463838 -53.453018
v 15.354483 14.445728 -62.589218
v 18.185331 12.645304 -58.266476
v 15.351096 12.495335 -58.256611
v 15.354483 14.445728 -62.589218
v 15.351096 12.495335 -58.256611
v 12.676448 12.406245 -58.329853
v 15.351096 12.495335 -58.256611
v 12.670498 11.149195 -53.680759
v 12.676448 12.406245 -58.329853
v 10.309738 11.133821 -53.897167
v 12.676448 12.406245 -58.329853
v 12.670498 11.149195 -53.680759
v 18.185331 12.645304 -58.266476
v 15.352739 11.169271 -53.466740
v 15.351096 12.495335 -58.256611
v 12.670498 11.149195 -53.680759
v 15.351096 12.495335 -58.256611
v 15.352739 11.169271 -53.466740
v 12.670498 11.149195 -53.680759
v 10.298961 10.507166 -52.655754
v 10.309738 11.133821 -53.897167
v 10.309738 11.133821 -53.897167
v 10.298961 10.507166 -52.655754
v 8.415032 10.508048 -52.742733
v 12.670498 11.149195 -53.680759
v 15.352739 11.169271 -53.466740
v 12.670600 10.508240 -52.394810
v 10.298961 10.507166 -52.655754
v 12.670498 11.149195 -53.680759
v 12.670600 10.508240 -52.394810
v 15.352739 11.169271 -53.466740
v 18.185331 12.645304 -58.266476
v 18.199760 11.197327 -53.403961
v 18.185331 12.645304 -58.266476
v 21.148186 11.463838 -53.453018
v 18.199760 11.197327 -53.403961
v 15.365402 10.505441 -52.133865
v 12.670600 10.508240 -52.394810
v 15.352739 11.169271 -53.466740
v 18.199760 11.197327 -53.403961
v 15.365402 10.505441 -52.133865
v 15.352739 11.169271 -53.466740
v 12.672951 10.258559 -52.253731
v 10.298961 10.507166 -52.655754
v 12.670600 10.508240 -52.394810
v 15.365402 10.505441 -52.133865
v 12.672951 10.258559 -52.253731
v 12.670600 10.508240 -52.394810
v 15.365402 10.505441 -52.133865
v 18.199760 11.197327 -53.403961
v 18.218803 10.492907 -52.046886
v 18.199760 11.197327 -53.403961
v 21.148186 11.463838 -53.453018
v 18.218803 10.492907 -52.046886
v 12.672951 10.258559 -52.253731
v 15.365402 10.505441 -52.133865
v 15.379035 10.255909 -51.992790
v 18.218803 10.492907 -52.046886
v 15.379035 10.255909 -51.992790
v 15.365402 10.505441 -52.133865
v 10.298961 10.507166 -52.655754
v 12.672951 10.258559 -52.253731
v 10.290344 10.257304 -52.514675
v 8.415032 10.508048 -52.742733
v 10.298961 10.507166 -52.655754
v 10.290344 10.257304 -52.514675
v 8.415032 10.508048 -52.742733
v 10.290344 10.257304 -52.514675
v 8.404985 10.258034 -52.601658
v 6.723087 10.420306 -52.546795
v 8.415032 10.508048 -52.742733
v 8.404985 10.258034 -52.601658
v 6.723087 10.420306 -52.546795
v 8.404985 10.258034 -52.601658
v 8.401640 10.174691 -52.178436
v 8.404985 10.258034 -52.601658
v 10.290344 10.257304 -52.514675
v 8.401640 10.174691 -52.178436
v 6.723087 10.420306 -52.546795
v 8.401640 10.174691 -52.178436
v 6.722181 10.262032 -52.178436
v 8.401640 10.174691 -52.178436
v 6.723090 10.420306 -51.810078
v 6.722181 10.262032 -52.178436
v 12.672951 10.258559 -52.253731
v 10.287472 10.174018 -52.091457
v 10.290344 10.257304 -52.514675
v 10.287472 10.174018 -52.091457
v 8.401640 10.174691 -52.178436
v 10.290344 10.257304 -52.514675
v 6.723090 10.420306 -51.810078
v 8.401640 10.174691 -52.178436
v 8.404987 10.258037 -51.755215
v 10.287472 10.174018 -52.091457
v 8.404987 10.258037 -51.755215
v 8.401640 10.174691 -52.178436
v 8.404987 10.258037 -51.755215
v 8.415032 10.508048 -51.614151
v 6.723090 10.420306 -51.810078
v 6.731260 11.843959 -51.750092
v 6.723090 10.420306 -51.810078
v 8.415032 10.508048 -51.614151
v 8.449900 11.838848 -51.609013
v 6.731260 11.843959 -51.750092
v 8.415032 10.508048 -51.614151
v 8.404987 10.258037 -51.755215
v 10.287472 10.174018 -52.091457
v 10.290344 10.257307 -51.668236
v 10.290344 10.257307 -51.668236
v 8.415032 10.508048 -51.614151
v 8.404987 10.258037 -51.755215
v 10.287472 10.174018 -52.091457
v 12.672951 10.258559 -52.253731
v 12.673731 10.175332 -51.830513
v 12.673731 10.175332 -51.830513
v 10.290344 10.257307 -51.668236
v 10.287472 10.174018 -52.091457
v 12.672951 10.258559 -52.253731
v 15.379035 10.255909 -51.992790
v 12.673731 10.175332 -51.830513
v 10.298961 10.507167 -51.527168
v 8.449900 11.838848 -51.609013
v 8.415032 10.508048 -51.614151
v 8.415032 10.508048 -51.614151
v 10.290344 10.257307 -51.668236
v 10.298961 10.507167 -51.527168
v 8.449900 11.838848 -51.609013
v 10.298961 10.507167 -51.527168
v 10.353699 11.836424 -51.532906
v 10.290344 10.257307 -51.668236
v 12.673731 10.175332 -51.830513
v 12.672951 10.258561 -51.407291
v 12.672951 10.258561 -51.407291
v 10.298961 10.507167 -51.527168
v 10.290344 10.257307 -51.668236
v 10.298961 10.507167 -51.527168
v 12.670602 10.508239 -51.266216
v 10.353699 11.836424 -51.532906
v 10.298961 10.507167 -51.527168
v 12.672951 10.258561 -51.407291
v 12.670602 10.508239 -51.266216
v 12.741052 11.835315 -51.304585
v 10.353699 11.836424 -51.532906
v 12.670602 10.508239 -51.266216
v 15.365402 10.505441 -51.005272
v 12.741052 11.835315 -51.304585
v 12.670602 10.508239 -51.266216
v 12.672951 10.258561 -51.407291
v 15.365402 10.505441 -51.005272
v 12.670602 10.508239 -51.266216
v 12.741052 11.835315 -51.304585
v 15.365402 10.505441 -51.005272
v 15.453365 11.830589 -51.076256
v 15.383579 10.172726 -51.569569
v 12.672951 10.258561 -51.407291
v 12.673731 10.175332 -51.830513
v 15.383579 10.172726 -51.569569
v 12.673731 10.175332 -51.830513
v 15.379035 10.255909 -51.992790
v 15.365402 10.505441 -51.005272
v 12.672951 10.258561 -51.407291
v 15.379034 10.255906 -51.146347
v 12.672951 10.258561 -51.407291
v 15.383579 10.172726 -51.569569
v 15.379034 10.255906 -51.146347
v 15.365402 10.505441 -51.005272
v 18.218803 10.492904 -50.918289
v 15.453365 11.830589 -51.076256
v 18.218803 10.492904 -50.918289
v 15.365402 10.505441 -51.005272
v 15.379034 10.255906 -51.146347
v 18.332033 11.817295 -51.000145
v 15.453365 11.830589 -51.076256
v 18.218803 10.492904 -50.918289
v 18.234816 10.243434 -51.905807
v 15.383579 10.172726 -51.569569
v 15.379035 10.255909 -51.992790
v 15.379035 10.255909 -51.992790
v 18.218803 10.492907 -52.046886
v 18.234816 10.243434 -51.905807
v 21.247185 10.743426 -50.954044
v 18.332033 11.817295 -51.000145
v 18.218803 10.492904 -50.918289
v 18.332033 11.817295 -51.000145
v 21.247185 10.743426 -50.954044
v 21.389509 12.030483 -51.031734
v 18.218803 10.492904 -50.918289
v 15.379034 10.255906 -51.146347
v 18.234814 10.243433 -51.059368
v 18.234814 10.243433 -51.059368
v 21.247185 10.743426 -50.954044
v 18.218803 10.492904 -50.918289
v 18.240152 10.160275 -51.482586
v 15.379034 10.255906 -51.146347
v 15.383579 10.172726 -51.569569
v 15.379034 10.255906 -51.146347
v 18.240152 10.160275 -51.482586
v 18.234814 10.243433 -51.059368
v 15.383579 10.172726 -51.569569
v 18.234816 10.243434 -51.905807
v 18.240152 10.160275 -51.482586
v 21.247185 10.743426 -50.954044
v 18.234814 10.243433 -51.059368
v 21.274994 10.498201 -51.095119
v 18.240152 10.160275 -51.482586
v 21.274994 10.498201 -51.095119
v 18.234814 10.243433 -51.059368
v 21.247185 10.743426 -50.954044
v 24.466940 11.529757 -51.061314
v 21.389509 12.030483 -51.031734
v 24.638229 12.705158 -51.126495
v 21.389509 12.030483 -51.031734
v 24.466940 11.529757 -51.061314
v 24.534266 11.297271 -51.202381
v 21.247185 10.743426 -50.954044
v 21.274994 10.498201 -51.095119
v 21.247185 10.743426 -50.954044
v 24.534266 11.297271 -51.202381
v 24.466940 11.529757 -51.061314
v 18.240152 10.160275 -51.482586
v 21.284264 10.416461 -51.518341
v 21.274994 10.498201 -51.095119
v 21.284264 10.416461 -51.518341
v 24.534266 11.297271 -51.202381
v 21.274994 10.498201 -51.095119
v 27.281467 13.148654 -51.217079
v 24.638229 12.705158 -51.126495
v 24.466940 11.529757 -51.061314
v 24.638229 12.705158 -51.126495
v 27.281467 13.148654 -51.217079
v 26.780210 13.790750 -51.234406
v 24.534266 11.297271 -51.202381
v 27.394102 12.941750 -51.358147
v 24.466940 11.529757 -51.061314
v 24.466940 11.529757 -51.061314
v 27.394102 12.941750 -51.358147
v 27.281467 13.148654 -51.217079
v 24.534266 11.297271 -51.202381
v 21.284264 10.416461 -51.518341
v 24.556711 11.219771 -51.625603
v 24.556711 11.219771 -51.625603
v 27.394102 12.941750 -51.358147
v 24.534266 11.297271 -51.202381
v 21.284264 10.416461 -51.518341
v 18.240152 10.160275 -51.482586
v 21.274994 10.498200 -51.941563
v 18.234816 10.243434 -51.905807
v 21.274994 10.498200 -51.941563
v 18.240152 10.160275 -51.482586
v 21.284264 10.416461 -51.518341
v 24.534269 11.297271 -52.048824
v 24.556711 11.219771 -51.625603
v 24.534269 11.297271 -52.048824
v 21.284264 10.416461 -51.518341
v 21.274994 10.498200 -51.941563
v 18.234816 10.243434 -51.905807
v 21.247185 10.743425 -52.082638
v 21.274994 10.498200 -51.941563
v 21.247185 10.743425 -52.082638
v 24.534269 11.297271 -52.048824
v 21.274994 10.498200 -51.941563
v 21.247185 10.743425 -52.082638
v 18.234816 10.243434 -51.905807
v 18.218803 10.492907 -52.046886
v 21.247185 10.743425 -52.082638
v 18.218803 10.492907 -52.046886
v 21.148186 11.463838 -53.453018
v 24.134657 12.199276 -53.574467
v 21.247185 10.743425 -52.082638
v 21.148186 11.463838 -53.453018
v 21.148186 11.463838 -53.453018
v 23.317337 13.587859 -58.519417
v 24.134657 12.199276 -53.574467
v 24.534269 11.297271 -52.048824
v 21.247185 10.743425 -52.082638
v 24.466944 11.529757 -52.189911
v 21.247185 10.743425 -52.082638
v 24.134657 12.199276 -53.574467
v 24.466944 11.529757 -52.189911
v 25.273746 15.446211 -58.722145
v 24.134657 12.199276 -53.574467
v 23.317337 13.587859 -58.519417
v 23.178177 17.028236 -62.920109
v 25.273746 15.446211 -58.722145
v 23.317337 13.587859 -58.519417
v 24.134657 12.199276 -53.574467
v 26.704445 13.705302 -53.741974
v 24.466944 11.529757 -52.189911
v 24.134657 12.199276 -53.574467
v 25.273746 15.446211 -58.722145
v 26.704445 13.705302 -53.741974
v 24.466944 11.529757 -52.189911
v 27.394102 12.941750 -52.204597
v 24.534269 11.297271 -52.048824
v 24.534269 11.297271 -52.048824
v 27.394102 12.941750 -52.204597
v 24.556711 11.219771 -51.625603
v 26.704445 13.705302 -53.741974
v 27.281467 13.148655 -52.345665
v 24.466944 11.529757 -52.189911
v 27.394102 12.941750 -52.204597
v 24.466944 11.529757 -52.189911
v 27.281467 13.148655 -52.345665
v 27.431644 12.872785 -51.781380
v 24.556711 11.219771 -51.625603
v 27.394102 12.941750 -52.204597
v 24.556711 11.219771 -51.625603
v 27.431644 12.872785 -51.781380
v 27.394102 12.941750 -51.358147
v 27.394102 12.941750 -52.204597
v 29.283228 16.300760 -51.962658
v 27.431644 12.872785 -51.781380
v 29.283228 16.300760 -51.962658
v 27.394102 12.941750 -51.358147
v 27.431644 12.872785 -51.781380
v 27.281467 13.148655 -52.345665
v 29.235960 16.355459 -52.385876
v 27.394102 12.941750 -52.204597
v 29.283228 16.300760 -51.962658
v 27.394102 12.941750 -52.204597
v 29.235960 16.355459 -52.385876
v 29.094137 16.519541 -52.526955
v 27.281467 13.148655 -52.345665
v 26.704445 13.705302 -53.741974
v 29.235960 16.355459 -52.385876
v 27.281467 13.148655 -52.345665
v 29.094137 16.519541 -52.526955
v 29.235960 16.355457 -51.539436
v 27.394102 12.941750 -51.358147
v 29.283228 16.300760 -51.962658
v 29.235960 16.355457 -51.539436
v 27.281467 13.148654 -51.217079
v 27.394102 12.941750 -51.358147
v 29.235960 16.355459 -52.385876
v 30.296021 19.724548 -52.068630
v 29.283228 16.300760 -51.962658
v 30.296021 19.724548 -52.068630
v 29.235960 16.355457 -51.539436
v 29.283228 16.300760 -51.962658
v 30.243425 19.761719 -52.491848
v 29.235960 16.355459 -52.385876
v 29.094137 16.519541 -52.526955
v 30.296021 19.724548 -52.068630
v 29.235960 16.355459 -52.385876
v 30.243425 19.761719 -52.491848
v 27.281467 13.148654 -51.217079
v 29.235960 16.355457 -51.539436
v 29.094137 16.519541 -51.398357
v 29.094137 16.519541 -51.398357
v 26.780210 13.790750 -51.234406
v 27.281467 13.148654 -51.217079
v 26.780210 13.790750 -51.234406
v 29.094137 16.519541 -51.398357
v 28.058969 16.557560 -51.379280
v 28.991560 19.957457 -51.496349
v 28.058969 16.557560 -51.379280
v 29.094137 16.519541 -51.398357
v 29.235960 16.355457 -51.539436
v 30.296021 19.724548 -52.068630
v 30.243412 19.761721 -51.645409
v 29.235960 16.355457 -51.539436
v 30.243412 19.761721 -51.645409
v 29.094137 16.519541 -51.398357
v 29.094137 16.519541 -51.398357
v 30.085644 19.873234 -51.504333
v 28.991560 19.957457 -51.496349
v 30.085644 19.873234 -51.504333
v 29.094137 16.519541 -51.398357
v 30.243412 19.761721 -51.645409
v 30.085644 19.873234 -51.504333
v 29.372618 23.370628 -51.426147
v 28.991560 19.957457 -51.496349
v 30.654560 23.233046 -51.998497
v 30.243412 19.761721 -51.645409
v 30.296021 19.724548 -52.068630
v 30.243425 19.761719 -52.491848
v 30.654560 23.233046 -51.998497
v 30.296021 19.724548 -52.068630
v 30.600086 23.251938 -51.575279
v 30.085644 19.873234 -51.504333
v 30.243412 19.761721 -51.645409
v 30.600086 23.251938 -51.575279
v 30.243412 19.761721 -51.645409
v 30.654560 23.233046 -51.998497
v 29.372618 23.370628 -51.426147
v 30.085644 19.873234 -51.504333
v 30.436663 23.308615 -51.434200
v 30.085644 19.873234 -51.504333
v 30.600086 23.251938 -51.575279
v 30.436663 23.308615 -51.434200
v 30.228857 26.827148 -51.146507
v 29.372618 23.370628 -51.426147
v 30.436663 23.308615 -51.434200
v 29.372618 23.370628 -51.426147
v 30.228857 26.827148 -51.146507
v 29.236128 26.832108 -51.134811
v 30.600086 23.251938 -51.575279
v 30.388943 26.827124 -51.287582
v 30.436663 23.308615 -51.434200
v 30.228857 26.827148 -51.146507
v 30.436663 23.308615 -51.434200
v 30.388943 26.827124 -51.287582
v 29.236128 26.832108 -51.134811
v 30.228857 26.827148 -51.146507
v 29.543917 30.430300 -50.599785
v 28.616072 30.376925 -50.588440
v 29.236128 26.832108 -51.134811
v 29.543917 30.430300 -50.599785
v 30.228857 26.827148 -51.146507
v 29.692972 30.488291 -50.740852
v 29.543917 30.430300 -50.599785
v 29.692972 30.488291 -50.740852
v 30.228857 26.827148 -51.146507
v 30.388943 26.827124 -51.287582
v 28.561602 33.698414 -49.916203
v 28.616072 30.376925 -50.588440
v 29.543917 30.430300 -50.599785
v 29.692972 30.488291 -50.740852
v 28.561602 33.698414 -49.916203
v 29.543917 30.430300 -50.599785
v 28.616072 30.376925 -50.588440
v 28.561602 33.698414 -49.916203
v 27.703074 33.649662 -49.897560
v 30.600086 23.251938 -51.575279
v 30.442307 26.827116 -51.710793
v 30.388943 26.827124 -51.287582
v 30.442307 26.827116 -51.710793
v 30.600086 23.251938 -51.575279
v 30.654560 23.233046 -51.998497
v 28.561602 33.698414 -49.916203
v 27.461655 36.211861 -49.217964
v 27.703074 33.649662 -49.897560
v 26.687756 36.294922 -49.172684
v 27.703074 33.649662 -49.897560
v 27.461655 36.211861 -49.217964
v 27.461655 36.211861 -49.217964
v 28.561602 33.698414 -49.916203
v 28.694843 33.810913 -50.057281
v 28.561602 33.698414 -49.916203
v 29.692972 30.488291 -50.740852
v 28.694843 33.810913 -50.057281
v 25.995073 38.300701 -48.607204
v 26.687756 36.294922 -49.172684
v 27.461655 36.211861 -49.217964
v 26.687756 36.294922 -49.172684
v 25.995073 38.300701 -48.607204
v 25.659950 38.018223 -48.697075
v 25.995073 38.300701 -48.607204
v 24.064243 39.313885 -48.398758
v 25.659950 38.018223 -48.697075
v 28.694843 33.810913 -50.057281
v 27.577227 36.370495 -49.359039
v 27.461655 36.211861 -49.217964
v 27.577227 36.370495 -49.359039
v 25.995073 38.300701 -48.607204
v 27.461655 36.211861 -49.217964
v 24.064243 39.313885 -48.398758
v 25.995073 38.300701 -48.607204
v 23.912844 40.295006 -47.847874
v 21.500641 40.616116 -48.181232
v 24.064243 39.313885 -48.398758
v 23.912844 40.295006 -47.847874
v 25.995073 38.300701 -48.607204
v 27.577227 36.370495 -49.359039
v 26.087049 38.496578 -48.748272
v 23.912844 40.295006 -47.847874
v 25.995073 38.300701 -48.607204
v 26.087049 38.496578 -48.748272
v 23.912844 40.295006 -47.847874
v 21.379795 42.378922 -47.298641
v 21.500641 40.616116 -48.181232
v 21.379795 42.378922 -47.298641
v 18.660206 41.730614 -48.108730
v 21.500641 40.616116 -48.181232
v 26.087049 38.496578 -48.748272
v 23.971272 40.518719 -47.988937
v 23.912844 40.295006 -47.847874
v 23.971272 40.518719 -47.988937
v 21.379795 42.378922 -47.298641
v 23.912844 40.295006 -47.847874
v 18.660206 41.730614 -48.108730
v 21.379795 42.378922 -47.298641
v 18.560764 42.993904 -47.439060
v 18.560764 42.993904 -47.439060
v 15.758819 41.852013 -47.892597
v 18.660206 41.730614 -48.108730
v 21.379795 42.378922 -47.298641
v 23.971272 40.518719 -47.988937
v 21.406313 42.620792 -47.439720
v 18.560764 42.993904 -47.439060
v 21.379795 42.378922 -47.298641
v 21.406313 42.620792 -47.439720
v 18.560764 42.993904 -47.439060
v 15.679839 43.132404 -47.643612
v 15.758819 41.852013 -47.892597
v 15.679839 43.132404 -47.643612
v 13.012373 41.917641 -48.108730
v 15.758819 41.852013 -47.892597
v 21.406313 42.620792 -47.439720
v 18.568623 43.243965 -47.580135
v 18.560764 42.993904 -47.439060
v 18.568623 43.243965 -47.580135
v 15.679839 43.132404 -47.643612
v 18.560764 42.993904 -47.439060
v 23.971272 40.518719 -47.988937
v 21.415154 42.701424 -47.862930
v 21.406313 42.620792 -47.439720
v 21.415154 42.701424 -47.862930
v 18.568623 43.243965 -47.580135
v 21.406313 42.620792 -47.439720
v 13.012373 41.917641 -48.108730
v 15.679839 43.132404 -47.643612
v 12.961113 43.205956 -47.859734
v 12.961113 43.205956 -47.859734
v 10.587136 41.949795 -48.108730
v 13.012373 41.917641 -48.108730
v 15.679839 43.132404 -47.643612
v 18.568623 43.243965 -47.580135
v 15.680044 43.384956 -47.784679
v 15.680044 43.384956 -47.784679
v 12.961113 43.205956 -47.859734
v 15.679839 43.132404 -47.643612
v 18.568623 43.243965 -47.580135
v 21.415154 42.701424 -47.862930
v 18.571239 43.327320 -48.003357
v 15.680044 43.384956 -47.784679
v 18.568623 43.243965 -47.580135
v 18.571239 43.327320 -48.003357
v 21.415154 42.701424 -47.862930
v 23.971272 40.518719 -47.988937
v 23.990742 40.593296 -48.412159
v 23.971272 40.518719 -47.988937
v 26.087049 38.496578 -48.748272
v 23.990742 40.593296 -48.412159
v 18.571239 43.327320 -48.003357
v 21.415154 42.701424 -47.862930
v 21.406315 42.620796 -48.286160
v 23.990742 40.593296 -48.412159
v 21.406315 42.620796 -48.286160
v 21.415154 42.701424 -47.862930
v 26.117708 38.561871 -49.171494
v 23.990742 40.593296 -48.412159
v 26.087049 38.496578 -48.748272
v 27.577227 36.370495 -49.359039
v 26.117708 38.561871 -49.171494
v 26.087049 38.496578 -48.748272
v 23.971272 40.518723 -48.835381
v 21.406315 42.620796 -48.286160
v 23.990742 40.593296 -48.412159
v 26.117708 38.561871 -49.171494
v 23.971272 40.518723 -48.835381
v 23.990742 40.593296 -48.412159
v 26.117708 38.561871 -49.171494
v 27.577227 36.370495 -49.359039
v 27.615755 36.423367 -49.782261
v 27.577227 36.370495 -49.359039
v 28.694843 33.810913 -50.057281
v 27.615755 36.423367 -49.782261
v 23.971272 40.518723 -48.835381
v 26.117708 38.561871 -49.171494
v 26.087048 38.496578 -49.594711
v 26.117708 38.561871 -49.171494
v 27.615755 36.423367 -49.782261
v 26.087048 38.496578 -49.594711
v 28.739260 33.848415 -50.480503
v 27.615755 36.423367 -49.782261
v 28.694843 33.810913 -50.057281
v 29.692972 30.488291 -50.740852
v 28.739260 33.848415 -50.480503
v 28.694843 33.810913 -50.057281
v 26.087048 38.496578 -49.594711
v 27.615755 36.423367 -49.782261
v 27.577223 36.370491 -50.205479
v 28.739260 33.848415 -50.480503
v 27.577223 36.370491 -50.205479
v 27.615755 36.423367 -49.782261
v 28.739260 33.848415 -50.480503
v 29.692972 30.488291 -50.740852
v 29.742655 30.507620 -51.164074
v 29.692972 30.488291 -50.740852
v 30.388943 26.827124 -51.287582
v 29.742655 30.507620 -51.164074
v 30.442307 26.827116 -51.710793
v 29.742655 30.507620 -51.164074
v 30.388943 26.827124 -51.287582
v 28.739260 33.848415 -50.480503
v 29.742655 30.507620 -51.164074
v 28.694839 33.810913 -50.903721
v 27.577223 36.370491 -50.205479
v 28.739260 33.848415 -50.480503
v 28.694839 33.810913 -50.903721
v 30.442307 26.827116 -51.710793
v 29.692970 30.488289 -51.587296
v 29.742655 30.507620 -51.164074
v 28.694839 33.810913 -50.903721
v 29.742655 30.507620 -51.164074
v 29.692970 30.488289 -51.587296
v 29.692970 30.488289 -51.587296
v 30.442307 26.827116 -51.710793
v 30.388935 26.827122 -52.134022
v 30.442307 26.827116 -51.710793
v 30.654560 23.233046 -51.998497
v 30.388935 26.827122 -52.134022
v 27.577223 36.370491 -50.205479
v 28.694839 33.810913 -50.903721
v 27.461655 36.211861 -50.346558
v 30.388935 26.827122 -52.134022
v 30.654560 23.233046 -51.998497
v 30.600086 23.251938 -52.421719
v 30.654560 23.233046 -51.998497
v 30.243425 19.761719 -52.491848
v 30.600086 23.251938 -52.421719
v 25.995073 38.300701 -49.735790
v 27.577223 36.370491 -50.205479
v 27.461655 36.211861 -50.346558
v 27.577223 36.370491 -50.205479
v 25.995073 38.300701 -49.735790
v 26.087048 38.496578 -49.594711
v 30.085646 19.873234 -52.632927
v 30.600086 23.251938 -52.421719
v 30.243425 19.761719 -52.491848
v 29.094137 16.519541 -52.526955
v 30.085646 19.873234 -52.632927
v 30.243425 19.761719 -52.491848
v 25.995073 38.300701 -49.735790
v 23.912846 40.295006 -48.976456
v 26.087048 38.496578 -49.594711
v 26.087048 38.496578 -49.594711
v 23.912846 40.295006 -48.976456
v 23.971272 40.518723 -48.835381
v 28.402817 16.906269 -53.929234
v 30.085646 19.873234 -52.632927
v 29.094137 16.519541 -52.526955
v 29.094137 16.519541 -52.526955
v 26.704445 13.705302 -53.741974
v 28.402817 16.906269 -53.929234
v 25.273746 15.446211 -58.722145
v 28.402817 16.906269 -53.929234
v 26.704445 13.705302 -53.741974
v 21.379797 41.798027 -48.427235
v 23.971272 40.518723 -48.835381
v 23.912846 40.295006 -48.976456
v 23.971272 40.518723 -48.835381
v 21.379797 41.798027 -48.427235
v 21.406315 42.620796 -48.286160
v 28.402817 16.906269 -53.929234
v 25.273746 15.446211 -58.722145
v 26.707037 17.628891 -58.927299
v 23.178177 17.028236 -62.920109
v 26.707037 17.628891 -58.927299
v 25.273746 15.446211 -58.722145
v 30.085646 19.873234 -52.632927
v 28.402817 16.906269 -53.929234
v 29.376692 20.087944 -54.044285
v 28.402817 16.906269 -53.929234
v 26.707037 17.628891 -58.927299
v 29.376692 20.087944 -54.044285
v 26.707037 17.628891 -58.927299
v 23.178177 17.028236 -62.920109
v 24.035803 18.769346 -63.183018
v 24.035803 18.769346 -63.183018
v 23.178177 17.028236 -62.920109
v 22.722469 19.195536 -64.400024
v 24.035803 18.769346 -63.183018
v 27.670553 20.434704 -59.069607
v 26.707037 17.628891 -58.927299
v 27.670553 20.434704 -59.069607
v 29.376692 20.087944 -54.044285
v 26.707037 17.628891 -58.927299
v 25.329777 20.834368 -62.646580
v 24.035803 18.769346 -63.183018
v 22.722469 19.195536 -64.400024
v 27.670553 20.434704 -59.069607
v 24.035803 18.769346 -63.183018
v 25.329777 20.834368 -62.646580
v 29.376692 20.087944 -54.044285
v 30.436663 23.308615 -52.562794
v 30.085646 19.873234 -52.632927
v 30.600086 23.251938 -52.421719
v 30.085646 19.873234 -52.632927
v 30.436663 23.308615 -52.562794
v 30.388935 26.827122 -52.134022
v 30.600086 23.251938 -52.421719
v 30.436663 23.308615 -52.562794
v 27.670553 20.434704 -59.069607
v 29.772961 23.404182 -53.995228
v 29.376692 20.087944 -54.044285
v 30.436663 23.308615 -52.562794
v 29.376692 20.087944 -54.044285
v 29.772961 23.404182 -53.995228
v 30.436663 23.308615 -52.562794
v 30.228861 26.827147 -52.275089
v 30.388935 26.827122 -52.134022
v 30.228861 26.827147 -52.275089
v 29.692970 30.488289 -51.587296
v 30.388935 26.827122 -52.134022
v 29.645958 26.829853 -53.737881
v 30.436663 23.308615 -52.562794
v 29.772961 23.404182 -53.995228
v 30.228861 26.827147 -52.275089
v 30.436663 23.308615 -52.562794
v 29.645958 26.829853 -53.737881
v 29.772961 23.404182 -53.995228
v 27.670553 20.434704 -59.069607
v 28.217648 23.539753 -59.083782
v 25.329777 20.834368 -62.646580
v 28.217648 23.539753 -59.083782
v 27.670553 20.434704 -59.069607
v 29.772961 23.404182 -53.995228
v 28.324150 26.837904 -58.917496
v 29.645958 26.829853 -53.737881
v 28.324150 26.837904 -58.917496
v 29.772961 23.404182 -53.995228
v 28.217648 23.539753 -59.083782
v 29.050039 30.339825 -53.228054
v 30.228861 26.827147 -52.275089
v 29.645958 26.829853 -53.737881
v 27.965870 30.223042 -58.518391
v 29.645958 26.829853 -53.737881
v 28.324150 26.837904 -58.917496
v 27.965870 30.223042 -58.518391
v 29.050039 30.339825 -53.228054
v 29.645958 26.829853 -53.737881
v 29.692970 30.488289 -51.587296
v 30.228861 26.827147 -52.275089
v 29.543921 30.430298 -51.728371
v 30.228861 26.827147 -52.275089
v 29.050039 30.339825 -53.228054
v 29.543921 30.430298 -51.728371
v 28.561602 33.698414 -51.044800
v 29.692970 30.488289 -51.587296
v 29.543921 30.430298 -51.728371
v 29.692970 30.488289 -51.587296
v 28.561602 33.698414 -51.044800
v 28.694839 33.810913 -50.903721
v 27.461655 36.211861 -50.346558
v 28.694839 33.810913 -50.903721
v 28.561602 33.698414 -51.044800
v 28.143381 33.523594 -52.578407
v 29.543921 30.430298 -51.728371
v 29.050039 30.339825 -53.228054
v 28.561602 33.698414 -51.044800
v 29.543921 30.430298 -51.728371
v 28.143381 33.523594 -52.578407
v 28.561602 33.698414 -51.044800
v 26.482353 36.484600 -51.901539
v 27.461655 36.211861 -50.346558
v 26.482353 36.484600 -51.901539
v 28.561602 33.698414 -51.044800
v 28.143381 33.523594 -52.578407
v 29.050039 30.339825 -53.228054
v 27.244080 33.299129 -57.970470
v 28.143381 33.523594 -52.578407
v 27.244080 33.299129 -57.970470
v 29.050039 30.339825 -53.228054
v 27.965870 30.223042 -58.518391
v 25.897449 35.670151 -57.357727
v 26.482353 36.484600 -51.901539
v 28.143381 33.523594 -52.578407
v 28.143381 33.523594 -52.578407
v 27.244080 33.299129 -57.970470
v 25.897449 35.670151 -57.357727
v 25.676537 37.960888 -51.305172
v 27.461655 36.211861 -50.346558
v 26.482353 36.484600 -51.901539
v 25.995073 38.300701 -49.735790
v 27.461655 36.211861 -50.346558
v 25.676537 37.960888 -51.305172
v 24.364311 37.977726 -56.804573
v 26.482353 36.484600 -51.901539
v 25.897449 35.670151 -57.357727
v 26.482353 36.484600 -51.901539
v 24.364311 37.977726 -56.804573
v 25.676537 37.960888 -51.305172
v 23.724400 39.494263 -50.897038
v 25.995073 38.300701 -49.735790
v 25.676537 37.960888 -51.305172
v 25.995073 38.300701 -49.735790
v 23.724400 39.494263 -50.897038
v 23.912846 40.295006 -48.976456
v 23.724400 39.494263 -50.897038
v 21.379797 41.798027 -48.427235
v 23.912846 40.295006 -48.976456
v 25.676537 37.960888 -51.305172
v 24.364311 37.977726 -56.804573
v 22.967297 38.886234 -56.435440
v 22.967297 38.886234 -56.435440
v 23.724400 39.494263 -50.897038
v 25.676537 37.960888 -51.305172
v 22.774605 36.889820 -61.562405
v 24.364311 37.977726 -56.804573
v 25.897449 35.670151 -57.357727
v 24.364311 37.977726 -56.804573
v 22.774605 36.889820 -61.562405
v 22.967297 38.886234 -56.435440
v 21.379797 41.798027 -48.427235
v 23.724400 39.494263 -50.897038
v 20.707806 40.292065 -55.684486
v 20.707806 40.292065 -55.684486
v 23.724400 39.494263 -50.897038
v 22.967297 38.886234 -56.435440
v 22.774605 36.889820 -61.562405
v 25.897449 35.670151 -57.357727
v 23.826603 35.227871 -62.106400
v 27.244080 33.299129 -57.970470
v 23.826603 35.227871 -62.106400
v 25.897449 35.670151 -57.357727
v 21.266813 39.593307 -57.600086
v 20.707806 40.292065 -55.684486
v 22.967297 38.886234 -56.435440
v 23.826603 35.227871 -62.106400
v 27.244080 33.299129 -57.970470
v 25.946918 32.897209 -61.965294
v 27.244080 33.299129 -57.970470
v 27.965870 30.223042 -58.518391
v 25.946918 32.897209 -61.965294
v 18.812067 42.996620 -58.876831
v 20.707806 40.292065 -55.684486
v 21.266813 39.593307 -57.600086
v 25.946918 32.897209 -61.965294
v 27.965870 30.223042 -58.518391
v 26.496359 29.978477 -62.412533
v 28.324150 26.837904 -58.917496
v 26.496359 29.978477 -62.412533
v 27.965870 30.223042 -58.518391
v 18.812067 42.996620 -58.876831
v 18.627119 41.176132 -54.708492
v 20.707806 40.292065 -55.684486
v 18.627119 41.176132 -54.708492
v 21.379797 41.798027 -48.427235
v 20.707806 40.292065 -55.684486
v 26.496359 29.978477 -62.412533
v 28.324150 26.837904 -58.917496
v 26.645594 26.803055 -62.693359
v 28.324150 26.837904 -58.917496
v 28.217648 23.539753 -59.083782
v 26.645594 26.803055 -62.693359
v 21.379797 41.798027 -48.427235
v 18.627119 41.176132 -54.708492
v 18.560762 42.993904 -48.567646
v 21.379797 41.798027 -48.427235
v 18.560762 42.993904 -48.567646
v 21.406315 42.620796 -48.286160
v 17.123158 40.976418 -56.118076
v 18.627119 41.176132 -54.708492
v 18.812067 42.996620 -58.876831
v 21.266813 39.593307 -57.600086
v 18.998169 42.526520 -61.133709
v 18.812067 42.996620 -58.876831
v 18.627119 41.176132 -54.708492
v 17.123158 40.976418 -56.118076
v 17.295547 41.152145 -54.564953
v 17.295547 41.152145 -54.564953
v 18.560762 42.993904 -48.567646
v 18.627119 41.176132 -54.708492
v 18.998169 42.526520 -61.133709
v 21.266813 39.593307 -57.600086
v 20.025507 38.644444 -61.376835
v 18.568623 43.243965 -48.426579
v 21.406315 42.620796 -48.286160
v 18.560762 42.993904 -48.567646
v 18.571239 43.327320 -48.003357
v 21.406315 42.620796 -48.286160
v 18.568623 43.243965 -48.426579
v 18.560762 42.993904 -48.567646
v 17.295547 41.152145 -54.564953
v 15.679839 43.132404 -48.772198
v 15.679839 43.132404 -48.772198
v 18.568623 43.243965 -48.426579
v 18.560762 42.993904 -48.567646
v 18.568623 43.243965 -48.426579
v 15.680118 43.469143 -48.207909
v 18.571239 43.327320 -48.003357
v 15.680044 43.384956 -47.784679
v 18.571239 43.327320 -48.003357
v 15.680118 43.469143 -48.207909
v 18.568623 43.243965 -48.426579
v 15.679839 43.132404 -48.772198
v 15.680047 43.384949 -48.631119
v 15.680118 43.469143 -48.207909
v 18.568623 43.243965 -48.426579
v 15.680047 43.384949 -48.631119
v 15.680118 43.469143 -48.207909
v 12.962452 43.459591 -48.000809
v 15.680044 43.384956 -47.784679
v 15.680044 43.384956 -47.784679
v 12.962452 43.459591 -48.000809
v 12.961113 43.205956 -47.859734
v 12.962901 43.544136 -48.424030
v 15.680118 43.469143 -48.207909
v 15.680047 43.384949 -48.631119
v 12.962452 43.459591 -48.000809
v 15.680118 43.469143 -48.207909
v 12.962901 43.544136 -48.424030
v 15.679839 43.132404 -48.772198
v 12.961109 43.205952 -48.988316
v 15.680047 43.384949 -48.631119
v 12.962901 43.544136 -48.424030
v 15.680047 43.384949 -48.631119
v 12.962453 43.459591 -48.847248
v 12.962453 43.459591 -48.847248
v 15.680047 43.384949 -48.631119
v 12.961109 43.205952 -48.988316
v 10.568915 43.579403 -48.424030
v 12.962452 43.459591 -48.000809
v 12.962901 43.544136 -48.424030
v 12.962453 43.459591 -48.847248
v 10.568915 43.579403 -48.424030
v 12.962901 43.544136 -48.424030
v 12.962452 43.459591 -48.000809
v 10.562675 43.240803 -47.859734
v 12.961113 43.205956 -47.859734
v 12.961113 43.205956 -47.859734
v 10.562675 43.240803 -47.859734
v 10.587136 41.949795 -48.108730
v 12.962452 43.459591 -48.000809
v 10.568915 43.579403 -48.424030
v 10.567355 43.494747 -48.000809
v 10.562675 43.240803 -47.859734
v 12.962452 43.459591 -48.000809
v 10.567355 43.494747 -48.000809
v 10.568915 43.579403 -48.424030
v 12.962453 43.459591 -48.847248
v 10.567355 43.494747 -48.847248
v 8.642618 43.263195 -47.859734
v 10.587136 41.949795 -48.108730
v 10.562675 43.240803 -47.859734
v 10.587136 41.949795 -48.108730
v 8.642618 43.263195 -47.859734
v 8.649382 41.389866 -48.108730
v 8.642618 43.263195 -47.859734
v 6.897328 41.405590 -48.108730
v 8.649382 41.389866 -48.108730
v 8.642618 43.263195 -47.859734
v 6.904745 43.279682 -47.859734
v 6.897328 41.405590 -48.108730
v 6.904745 43.279682 -47.859734
v 8.642618 43.263195 -47.859734
v 6.906204 43.533932 -48.000809
v 10.562675 43.240803 -47.859734
v 8.646264 43.517326 -48.000809
v 8.642618 43.263195 -47.859734
v 8.646264 43.517326 -48.000809
v 6.906204 43.533932 -48.000809
v 8.642618 43.263195 -47.859734
v 8.646264 43.517326 -48.000809
v 10.562675 43.240803 -47.859734
v 10.567355 43.494747 -48.000809
v 8.646264 43.517326 -48.000809
v 6.906693 43.618679 -48.424030
v 6.906204 43.533932 -48.000809
v 8.646264 43.517326 -48.000809
v 10.567355 43.494747 -48.000809
v 8.647483 43.602036 -48.424030
v 10.568915 43.579403 -48.424030
v 8.647483 43.602036 -48.424030
v 10.567355 43.494747 -48.000809
v 6.906693 43.618679 -48.424030
v 8.646264 43.517326 -48.000809
v 8.647483 43.602036 -48.424030
v 8.647483 43.602036 -48.424030
v 10.568915 43.579403 -48.424030
v 10.567355 43.494747 -48.847248
v 8.646264 43.517323 -48.847248
v 6.906693 43.618679 -48.424030
v 8.647483 43.602036 -48.424030
v 8.647483 43.602036 -48.424030
v 10.567355 43.494747 -48.847248
v 8.646264 43.517323 -48.847248
v 12.962453 43.459591 -48.847248
v 10.562675 43.240803 -48.988327
v 10.567355 43.494747 -48.847248
v 10.562675 43.240803 -48.988327
v 8.646264 43.517323 -48.847248
v 10.567355 43.494747 -48.847248
v 10.562675 43.240803 -48.988327
v 12.962453 43.459591 -48.847248
v 12.961109 43.205952 -48.988316
v 6.906693 43.618679 -48.424030
v 8.646264 43.517323 -48.847248
v 6.906204 43.533936 -48.847248
v 8.646264 43.517323 -48.847248
v 10.562675 43.240803 -48.988327
v 8.642621 43.263191 -48.988316
v 8.642621 43.263191 -48.988316
v 6.906204 43.533936 -48.847248
v 8.646264 43.517323 -48.847248
v 12.961109 43.205952 -48.988316
v 10.563367 42.533791 -50.544762
v 10.562675 43.240803 -48.988327
v 10.562675 43.240803 -48.988327
v 8.641874 42.573559 -50.529675
v 8.642621 43.263191 -48.988316
v 8.641874 42.573559 -50.529675
v 10.562675 43.240803 -48.988327
v 10.563367 42.533791 -50.544762
v 6.906204 43.533936 -48.847248
v 8.642621 43.263191 -48.988316
v 6.904745 43.279682 -48.988327
v 6.901158 42.608479 -50.514793
v 8.642621 43.263191 -48.988316
v 8.641874 42.573559 -50.529675
v 8.642621 43.263191 -48.988316
v 6.901158 42.608479 -50.514793
v 6.904745 43.279682 -48.988327
v 6.904745 43.279682 -48.988327
v 5.166801 43.283798 -48.988316
v 6.906204 43.533936 -48.847248
v 5.166801 43.283798 -48.988316
v 6.904745 43.279682 -48.988327
v 6.901158 42.608479 -50.514793
v 5.165828 43.622673 -48.424030
v 6.906693 43.618679 -48.424030
v 6.906204 43.533936 -48.847248
v 6.906693 43.618679 -48.424030
v 5.165828 43.622673 -48.424030
v 6.906204 43.533932 -48.000809
v 5.166070 43.537952 -48.847248
v 6.906204 43.533936 -48.847248
v 5.166801 43.283798 -48.988316
v 5.165828 43.622673 -48.424030
v 6.906204 43.533936 -48.847248
v 5.166070 43.537952 -48.847248
v 5.166801 43.283798 -48.988316
v 6.901158 42.608479 -50.514793
v 5.160154 42.594196 -50.529675
v 3.246619 43.284168 -48.988327
v 5.166070 43.537952 -48.847248
v 5.166801 43.283798 -48.988316
v 5.160154 42.594196 -50.529675
v 3.246619 43.284168 -48.988327
v 5.166801 43.283798 -48.988316
v 3.244855 43.538158 -48.847240
v 5.165828 43.622673 -48.424030
v 5.166070 43.537952 -48.847248
v 5.166070 43.537952 -48.847248
v 3.246619 43.284168 -48.988327
v 3.244855 43.538158 -48.847240
v 6.894280 41.017017 -55.885483
v 5.160154 42.594196 -50.529675
v 6.901158 42.608479 -50.514793
v 8.641874 42.573559 -50.529675
v 6.894280 41.017017 -55.885483
v 6.901158 42.608479 -50.514793
v 3.246619 43.284168 -48.988327
v 5.160154 42.594196 -50.529675
v 3.238341 42.577206 -50.544762
v 6.894280 41.017017 -55.885483
v 8.641874 42.573559 -50.529675
v 8.649369 40.926498 -55.944977
v 8.649369 40.926498 -55.944977
v 8.641874 42.573559 -50.529675
v 10.563367 42.533791 -50.544762
v 5.160154 42.594196 -50.529675
v 6.894280 41.017017 -55.885483
v 5.138271 40.947315 -55.944977
v 5.160154 42.594196 -50.529675
v 5.138271 40.947315 -55.944977
v 3.238341 42.577206 -50.544762
v 8.649369 40.926498 -55.944977
v 6.886449 39.207680 -60.952450
v 6.894280 41.017017 -55.885483
v 6.894280 41.017017 -55.885483
v 6.886449 39.207680 -60.952450
v 5.138271 40.947315 -55.944977
v 10.563367 42.533791 -50.544762
v 10.577914 40.834087 -56.005329
v 8.649369 40.926498 -55.944977
v 6.886449 39.207680 -60.952450
v 8.649369 40.926498 -55.944977
v 8.657854 39.113617 -61.041698
v 10.577914 40.834087 -56.005329
v 8.657854 39.113617 -61.041698
v 8.649369 40.926498 -55.944977
v 12.962483 42.483635 -50.560276
v 10.577914 40.834087 -56.005329
v 10.563367 42.533791 -50.544762
v 10.563367 42.533791 -50.544762
v 12.961109 43.205952 -48.988316
v 12.962483 42.483635 -50.560276
v 15.679839 43.132404 -48.772198
v 12.962483 42.483635 -50.560276
v 12.961109 43.205952 -48.988316
v 12.962483 42.483635 -50.560276
v 15.679839 43.132404 -48.772198
v 17.295547 41.152145 -54.564953
v 12.962483 42.483635 -50.560276
v 17.295547 41.152145 -54.564953
v 12.970169 40.737209 -56.067390
v 10.577914 40.834087 -56.005329
v 12.962483 42.483635 -50.560276
v 12.970169 40.737209 -56.067390
v 17.123158 40.976418 -56.118076
v 12.970169 40.737209 -56.067390
v 17.295547 41.152145 -54.564953
v 12.970169 40.737209 -56.067390
v 10.594442 39.228207 -61.132236
v 10.577914 40.834087 -56.005329
v 8.657854 39.113617 -61.041698
v 10.577914 40.834087 -56.005329
v 10.594442 39.228207 -61.132236
v 17.123158 40.976418 -56.118076
v 12.978170 39.379677 -61.225323
v 12.970169 40.737209 -56.067390
v 10.594442 39.228207 -61.132236
v 12.970169 40.737209 -56.067390
v 12.978170 39.379677 -61.225323
v 12.978170 39.379677 -61.225323
v 17.123158 40.976418 -56.118076
v 17.122175 38.906311 -61.301353
v 8.657854 39.113617 -61.041698
v 10.594442 39.228207 -61.132236
v 8.660114 39.330624 -63.049328
v 12.978170 39.379677 -61.225323
v 10.601068 39.213814 -63.109684
v 10.594442 39.228207 -61.132236
v 10.594442 39.228207 -61.132236
v 10.601068 39.213814 -63.109684
v 8.660114 39.330624 -63.049328
v 15.850894 37.807373 -63.415264
v 12.978170 39.379677 -61.225323
v 17.122175 38.906311 -61.301353
v 10.601068 39.213814 -63.109684
v 12.978170 39.379677 -61.225323
v 12.980496 39.068813 -63.171741
v 12.978170 39.379677 -61.225323
v 15.850894 37.807373 -63.415264
v 12.980496 39.068813 -63.171741
v 12.980496 39.068813 -63.171741
v 10.460830 37.857815 -64.303436
v 10.601068 39.213814 -63.109684
v 8.660114 39.330624 -63.049328
v 10.601068 39.213814 -63.109684
v 10.460830 37.857815 -64.303436
v 17.122175 38.906311 -61.301353
v 18.523895 38.084812 -62.547112
v 15.850894 37.807373 -63.415264
v 18.998169 42.526520 -61.133709
v 18.523895 38.084812 -62.547112
v 17.122175 38.906311 -61.301353
v 20.025507 38.644444 -61.376835
v 18.523895 38.084812 -62.547112
v 18.998169 42.526520 -61.133709
v 15.850894 37.807373 -63.415264
v 13.469578 35.786034 -67.237816
v 12.980496 39.068813 -63.171741
v 19.539965 37.498215 -63.139942
v 18.523895 38.084812 -62.547112
v 20.025507 38.644444 -61.376835
v 16.224878 35.480938 -67.244377
v 15.850894 37.807373 -63.415264
v 18.523895 38.084812 -62.547112
v 15.850894 37.807373 -63.415264
v 16.224878 35.480938 -67.244377
v 13.469578 35.786034 -67.237816
v 19.539965 37.498215 -63.139942
v 19.200272 34.922127 -67.121597
v 18.523895 38.084812 -62.547112
v 19.200272 34.922127 -67.121597
v 16.224878 35.480938 -67.244377
v 18.523895 38.084812 -62.547112
v 21.842142 37.802395 -61.443157
v 19.539965 37.498215 -63.139942
v 20.025507 38.644444 -61.376835
v 21.266813 39.593307 -57.600086
v 21.842142 37.802395 -61.443157
v 20.025507 38.644444 -61.376835
v 21.842142 37.802395 -61.443157
v 21.266813 39.593307 -57.600086
v 22.967297 38.886234 -56.435440
v 21.842142 37.802395 -61.443157
v 22.967297 38.886234 -56.435440
v 22.774605 36.889820 -61.562405
v 19.539965 37.498215 -63.139942
v 21.842142 37.802395 -61.443157
v 19.912863 36.892548 -63.818630
v 19.200272 34.922127 -67.121597
v 19.539965 37.498215 -63.139942
v 19.912863 36.892548 -63.818630
v 21.842142 37.802395 -61.443157
v 21.015203 36.319328 -63.743645
v 19.912863 36.892548 -63.818630
v 21.015203 36.319328 -63.743645
v 21.842142 37.802395 -61.443157
v 22.774605 36.889820 -61.562405
v 21.015203 36.319328 -63.743645
v 19.200272 34.922127 -67.121597
v 19.912863 36.892548 -63.818630
v 22.774605 36.889820 -61.562405
v 22.712177 34.561413 -63.961452
v 21.015203 36.319328 -63.743645
v 19.200272 34.922127 -67.121597
v 21.015203 36.319328 -63.743645
v 22.712177 34.561413 -63.961452
v 22.712177 34.561413 -63.961452
v 22.774605 36.889820 -61.562405
v 23.826603 35.227871 -62.106400
v 23.826603 35.227871 -62.106400
v 23.610447 32.190010 -64.118927
v 22.712177 34.561413 -63.961452
v 23.610447 32.190010 -64.118927
v 23.826603 35.227871 -62.106400
v 25.946918 32.897209 -61.965294
v 20.517618 32.724461 -67.260071
v 19.200272 34.922127 -67.121597
v 22.712177 34.561413 -63.961452
v 23.610447 32.190010 -64.118927
v 20.517618 32.724461 -67.260071
v 22.712177 34.561413 -63.961452
v 20.517618 32.724461 -67.260071
v 17.432234 34.444408 -69.506470
v 19.200272 34.922127 -67.121597
v 17.432234 34.444408 -69.506470
v 16.224878 35.480938 -67.244377
v 19.200272 34.922127 -67.121597
v 17.432234 34.444408 -69.506470
v 20.517618 32.724461 -67.260071
v 18.519270 32.775394 -69.812706
v 18.519270 32.775394 -69.812706
v 20.517618 32.724461 -67.260071
v 21.302746 30.374846 -67.297562
v 20.517618 32.724461 -67.260071
v 23.610447 32.190010 -64.118927
v 21.302746 30.374846 -67.297562
v 16.224878 35.480938 -67.244377
v 17.432234 34.444408 -69.506470
v 16.571054 35.211735 -69.404388
v 17.432234 34.444408 -69.506470
v 15.091087 33.604984 -72.774376
v 16.571054 35.211735 -69.404388
v 14.122395 35.873058 -68.113541
v 16.224878 35.480938 -67.244377
v 16.571054 35.211735 -69.404388
v 15.091087 33.604984 -72.774376
v 14.122395 35.873058 -68.113541
v 16.571054 35.211735 -69.404388
v 16.224878 35.480938 -67.244377
v 14.122395 35.873058 -68.113541
v 13.469578 35.786034 -67.237816
v 14.122395 35.873058 -68.113541
v 15.091087 33.604984 -72.774376
v 13.076406 33.856560 -72.774376
v 13.469578 35.786034 -67.237816
v 14.122395 35.873058 -68.113541
v 12.079365 36.477123 -68.113541
v 14.122395 35.873058 -68.113541
v 13.076406 33.856560 -72.774376
v 12.079365 36.477123 -68.113541
v 13.469578 35.786034 -67.237816
v 12.079365 36.477123 -68.113541
v 12.754953 35.988605 -67.225151
v 12.980496 39.068813 -63.171741
v 13.469578 35.786034 -67.237816
v 12.754953 35.988605 -67.225151
v 12.980496 39.068813 -63.171741
v 12.754953 35.988605 -67.225151
v 10.460830 37.857815 -64.303436
v 13.076406 33.856560 -72.774376
v 11.162513 34.008450 -72.774376
v 12.079365 36.477123 -68.113541
v 13.076406 33.856560 -72.774376
v 11.366564 33.178417 -74.251511
v 11.162513 34.008450 -72.774376
v 10.036789 36.588020 -68.113541
v 12.754953 35.988605 -67.225151
v 12.079365 36.477123 -68.113541
v 12.754953 35.988605 -67.225151
v 10.036789 36.588020 -68.113541
v 10.460830 37.857815 -64.303436
v 11.162513 34.008450 -72.774376
v 10.036789 36.588020 -68.113541
v 12.079365 36.477123 -68.113541
v 10.036789 36.588020 -68.113541
v 8.590463 37.943127 -64.288345
v 10.460830 37.857815 -64.303436
v 8.660114 39.330624 -63.049328
v 10.460830 37.857815 -64.303436
v 8.590463 37.943127 -64.288345
v 11.162513 34.008450 -72.774376
v 11.366564 33.178417 -74.251511
v 10.028238 33.439228 -74.026085
v 11.366564 33.178417 -74.251511
v 9.505772 32.440411 -75.859047
v 10.028238 33.439228 -74.026085
v 10.036789 36.588020 -68.113541
v 11.162513 34.008450 -72.774376
v 9.467070 33.346085 -72.774376
v 11.162513 34.008450 -72.774376
v 10.028238 33.439228 -74.026085
v 9.467070 33.346085 -72.774376
v 8.590463 37.943127 -64.288345
v 10.036789 36.588020 -68.113541
v 8.383242 36.670563 -68.113533
v 10.036789 36.588020 -68.113541
v 9.467070 33.346085 -72.774376
v 8.383242 36.670563 -68.113533
v 8.367253 32.605694 -75.859047
v 10.028238 33.439228 -74.026085
v 9.505772 32.440411 -75.859047
v 9.505772 32.440411 -75.859047
v 8.592084 31.769194 -78.518890
v 8.367253 32.605694 -75.859047
v 9.467070 33.346085 -72.774376
v 10.028238 33.439228 -74.026085
v 8.577831 33.077621 -74.070030
v 10.028238 33.439228 -74.026085
v 8.367253 32.605694 -75.859047
v 8.577831 33.077621 -74.070030
v 9.467070 33.346085 -72.774376
v 8.577831 33.077621 -74.070030
v 8.107735 33.352749 -72.774368
v 8.383242 36.670563 -68.113533
v 9.467070 33.346085 -72.774376
v 8.107735 33.352749 -72.774368
v 7.349971 32.706932 -75.859047
v 8.577831 33.077621 -74.070030
v 8.367253 32.605694 -75.859047
v 8.592084 31.769194 -78.518890
v 7.849453 31.939699 -78.518890
v 8.367253 32.605694 -75.859047
v 7.849453 31.939699 -78.518890
v 7.349971 32.706932 -75.859047
v 8.367253 32.605694 -75.859047
v 8.592084 31.769194 -78.518890
v 7.642969 30.991169 -84.157150
v 7.849453 31.939699 -78.518890
v 8.577831 33.077621 -74.070030
v 7.349971 32.706932 -75.859047
v 7.432040 33.116104 -74.101974
v 8.107735 33.352749 -72.774368
v 8.577831 33.077621 -74.070030
v 7.432040 33.116104 -74.101974
v 7.849453 31.939699 -78.518890
v 7.642969 30.991169 -84.157150
v 7.203604 31.145189 -84.137360
v 7.642969 30.991169 -84.157150
v 7.502100 30.699091 -90.788269
v 7.203604 31.145189 -84.137360
v 7.349971 32.706932 -75.859047
v 7.849453 31.939699 -78.518890
v 7.166978 32.038742 -78.518890
v 6.955973 30.773289 -90.788269
v 7.203604 31.145189 -84.137360
v 7.502100 30.699091 -90.788269
v 7.502100 30.699091 -90.788269
v 8.350458 26.625740 -91.914497
v 6.955973 30.773289 -90.788269
v 7.120013 26.632298 -91.914497
v 6.955973 30.773289 -90.788269
v 8.350458 26.625740 -91.914497
v 7.070681 31.235592 -84.118301
v 7.849453 31.939699 -78.518890
v 7.203604 31.145189 -84.137360
v 7.203604 31.145189 -84.137360
v 6.955973 30.773289 -90.788269
v 7.070681 31.235592 -84.118301
v 7.849453 31.939699 -78.518890
v 7.070681 31.235592 -84.118301
v 7.166978 32.038742 -78.518890
v 6.955973 30.773289 -90.788269
v 7.120013 26.632298 -91.914497
v 6.519922 30.838264 -90.788269
v 6.519922 30.838264 -90.788269
v 7.070681 31.235592 -84.118301
v 6.955973 30.773289 -90.788269
v 6.085503 26.639288 -91.914497
v 6.519922 30.838264 -90.788269
v 7.120013 26.632298 -91.914497
v 6.519922 30.838264 -90.788269
v 6.085503 26.639288 -91.914497
v 6.097394 30.899084 -90.788269
v 7.070681 31.235592 -84.118301
v 6.519922 30.838264 -90.788269
v 6.575580 31.315712 -84.103119
v 6.097394 30.899084 -90.788269
v 6.575580 31.315712 -84.103119
v 6.519922 30.838264 -90.788269
v 6.575580 31.315712 -84.103119
v 7.166978 32.038742 -78.518890
v 7.070681 31.235592 -84.118301
v 6.575580 31.315712 -84.103119
v 6.097394 30.899084 -90.788269
v 6.101977 31.391298 -84.088593
v 7.166978 32.038742 -78.518890
v 6.575580 31.315712 -84.103119
v 6.622072 32.127510 -78.518890
v 6.101977 31.391298 -84.088593
v 6.622072 32.127510 -78.518890
v 6.575580 31.315712 -84.103119
v 6.537758 32.802902 -75.859047
v 7.166978 32.038742 -78.518890
v 6.622072 32.127510 -78.518890
v 7.349971 32.706932 -75.859047
v 7.166978 32.038742 -78.518890
v 6.537758 32.802902 -75.859047
v 6.537758 32.802902 -75.859047
v 7.432040 33.116104 -74.101974
v 7.349971 32.706932 -75.859047
v 6.622072 32.127510 -78.518890
v 6.101977 31.391298 -84.088593
v 6.105788 32.211514 -78.518890
v 6.105788 32.211514 -78.518890
v 6.537758 32.802902 -75.859047
v 6.622072 32.127510 -78.518890
v 5.674513 30.847370 -90.788269
v 6.101977 31.391298 -84.088593
v 6.097394 30.899084 -90.788269
v 6.097394 30.899084 -90.788269
v 6.085503 26.639288 -91.914497
v 5.674513 30.847370 -90.788269
v 5.627663 31.329250 -84.073158
v 6.105788 32.211514 -78.518890
v 6.101977 31.391298 -84.088593
v 6.101977 31.391298 -84.088593
v 5.674513 30.847370 -90.788269
v 5.627663 31.329250 -84.073158
v 6.537758 32.802902 -75.859047
v 6.105788 32.211514 -78.518890
v 5.783199 32.896580 -75.859047
v 7.432040 33.116104 -74.101974
v 6.537758 32.802902 -75.859047
v 6.166344 33.151337 -74.137329
v 6.537758 32.802902 -75.859047
v 5.783199 32.896580 -75.859047
v 6.166344 33.151337 -74.137329
v 6.166344 33.151337 -74.137329
v 8.107735 33.352749 -72.774368
v 7.432040 33.116104 -74.101974
v 5.588906 32.136765 -78.518890
v 5.783199 32.896580 -75.859047
v 6.105788 32.211514 -78.518890
v 6.105788 32.211514 -78.518890
v 5.627663 31.329250 -84.073158
v 5.588906 32.136765 -78.518890
v 6.166344 33.151337 -74.137329
v 6.858056 33.611259 -71.029060
v 8.107735 33.352749 -72.774368
v 8.383242 36.670563 -68.113533
v 8.107735 33.352749 -72.774368
v 6.858056 33.611259 -71.029060
v 6.166344 33.151337 -74.137329
v 5.783199 32.896580 -75.859047
v 5.231215 33.068195 -74.164383
v 8.383242 36.670563 -68.113533
v 6.858056 33.611259 -71.029060
v 6.865818 36.739281 -68.113533
v 6.858056 33.611259 -71.029060
v 6.166344 33.151337 -74.137329
v 5.607447 33.537483 -71.029060
v 5.607447 33.537483 -71.029060
v 6.166344 33.151337 -74.137329
v 5.231215 33.068195 -74.164383
v 6.865818 36.739281 -68.113533
v 6.858056 33.611259 -71.029060
v 5.347708 36.688557 -68.113541
v 5.347708 36.688557 -68.113541
v 6.858056 33.611259 -71.029060
v 5.607447 33.537483 -71.029060
v 6.873581 38.006779 -64.273476
v 8.383242 36.670563 -68.113533
v 6.865818 36.739281 -68.113533
v 6.873581 38.006779 -64.273476
v 6.865818 36.739281 -68.113533
v 5.347708 36.688557 -68.113541
v 8.383242 36.670563 -68.113533
v 6.873581 38.006779 -64.273476
v 8.590463 37.943127 -64.288345
v 6.873581 38.006779 -64.273476
v 8.660114 39.330624 -63.049328
v 8.590463 37.943127 -64.288345
v 4.247149 33.461906 -71.029053
v 5.347708 36.688557 -68.113541
v 5.607447 33.537483 -71.029060
v 5.607447 33.537483 -71.029060
v 5.231215 33.068195 -74.164383
v 4.247149 33.461906 -71.029053
v 8.660114 39.330624 -63.049328
v 6.873581 38.006779 -64.273476
v 6.880003 39.433681 -62.989834
v 6.880003 39.433681 -62.989834
v 8.657854 39.113617 -61.041698
v 8.660114 39.330624 -63.049328
v 8.657854 39.113617 -61.041698
v 6.880003 39.433681 -62.989834
v 6.886449 39.207680 -60.952450
v 5.347708 36.688557 -68.113541
v 5.156084 37.963486 -64.288345
v 6.873581 38.006779 -64.273476
v 6.880003 39.433681 -62.989834
v 5.113660 39.077251 -61.041698
v 6.886449 39.207680 -60.952450
v 5.138271 40.947315 -55.944977
v 6.886449 39.207680 -60.952450
v 5.113660 39.077251 -61.041698
v 5.098830 39.351738 -63.049339
v 6.880003 39.433681 -62.989834
v 6.873581 38.006779 -64.273476
v 5.098830 39.351738 -63.049339
v 6.873581 38.006779 -64.273476
v 5.156084 37.963486 -64.288345
v 5.113660 39.077251 -61.041698
v 6.880003 39.433681 -62.989834
v 5.098830 39.351738 -63.049339
v 3.693332 36.625622 -68.113533
v 5.156084 37.963486 -64.288345
v 5.347708 36.688557 -68.113541
v 5.347708 36.688557 -68.113541
v 4.247149 33.461906 -71.029053
v 3.693332 36.625622 -68.113533
v 3.284864 37.900349 -64.303436
v 5.098830 39.351738 -63.049339
v 5.156084 37.963486 -64.288345
v 5.156084 37.963486 -64.288345
v 3.693332 36.625622 -68.113533
v 3.284864 37.900349 -64.303436
v 3.156674 39.257938 -63.109684
v 5.113660 39.077251 -61.041698
v 5.098830 39.351738 -63.049339
v 5.098830 39.351738 -63.049339
v 3.284864 37.900349 -64.303436
v 3.156674 39.257938 -63.109684
v 5.113660 39.077251 -61.041698
v 3.208793 40.627163 -56.005329
v 5.138271 40.947315 -55.944977
v 3.238341 42.577206 -50.544762
v 5.138271 40.947315 -55.944977
v 3.208793 40.627163 -56.005329
v 5.113660 39.077251 -61.041698
v 3.156674 39.257938 -63.109684
v 2.697870 38.786251 -61.132236
v 3.208793 40.627163 -56.005329
v 5.113660 39.077251 -61.041698
v 2.697870 38.786251 -61.132236
v 0.989413 37.798237 -64.318947
v 3.156674 39.257938 -63.109684
v 3.284864 37.900349 -64.303436
v 3.208793 40.627163 -56.005329
v 0.838805 42.579483 -50.560265
v 3.238341 42.577206 -50.544762
v 1.649620 36.538944 -68.113541
v 0.989413 37.798237 -64.318947
v 3.284864 37.900349 -64.303436
v 3.284864 37.900349 -64.303436
v 3.693332 36.625622 -68.113533
v 1.649620 36.538944 -68.113541
v 3.156674 39.257938 -63.109684
v 0.989413 37.798237 -64.318947
v 0.775734 39.141155 -63.171741
v 2.697870 38.786251 -61.132236
v 3.156674 39.257938 -63.109684
v 0.775734 39.141155 -63.171741
v 3.693332 36.625622 -68.113533
v 2.550693 33.251793 -71.029053
v 1.649620 36.538944 -68.113541
v 2.550693 33.251793 -71.029053
v 3.693332 36.625622 -68.113533
v 4.247149 33.461906 -71.029053
v -0.659828 35.731247 -68.113541
v 0.989413 37.798237 -64.318947
v 1.649620 36.538944 -68.113541
v 2.550693 33.251793 -71.029053
v -0.659828 35.731247 -68.113541
v 1.649620 36.538944 -68.113541
v -1.601838 37.626369 -64.331619
v 0.775734 39.141155 -63.171741
v 0.989413 37.798237 -64.318947
v 0.989413 37.798237 -64.318947
v -0.659828 35.731247 -68.113541
v -1.601838 37.626369 -64.331619
v 0.790489 38.356430 -61.225311
v 2.697870 38.786251 -61.132236
v 0.775734 39.141155 -63.171741
v 3.208793 40.627163 -56.005329
v 2.697870 38.786251 -61.132236
v 0.815592 40.254482 -56.067379
v 0.815592 40.254482 -56.067379
v 2.697870 38.786251 -61.132236
v 0.790489 38.356430 -61.225311
v 0.838805 42.579483 -50.560265
v 3.208793 40.627163 -56.005329
v 0.815592 40.254482 -56.067379
v -1.911730 38.829334 -63.222427
v 0.790489 38.356430 -61.225311
v 0.775734 39.141155 -63.171741
v 0.775734 39.141155 -63.171741
v -1.601838 37.626369 -64.331619
v -1.911730 38.829334 -63.222427
v 0.790489 38.356430 -61.225311
v -3.779716 40.386040 -56.118065
v 0.815592 40.254482 -56.067379
v 0.790489 38.356430 -61.225311
v -1.911730 38.829334 -63.222427
v -4.768384 39.286800 -60.868492
v -3.779716 40.386040 -56.118065
v 0.790489 38.356430 -61.225311
v -4.768384 39.286800 -60.868492
v 0.838805 42.579483 -50.560265
v 0.815592 40.254482 -56.067379
v -1.877942 42.496895 -50.572948
v -1.877942 42.496895 -50.572948
v 0.815592 40.254482 -56.067379
v -3.779716 40.386040 -56.118065
v -1.871434 43.236431 -48.988316
v 0.838805 42.579483 -50.560265
v -1.877942 42.496895 -50.572948
v -4.768384 39.286800 -60.868492
v -6.081002 43.255505 -58.478970
v -3.779716 40.386040 -56.118065
v 0.838805 42.579483 -50.560265
v -1.871434 43.236431 -48.988316
v 0.847947 43.277748 -48.988327
v 0.847947 43.277748 -48.988327
v 3.238341 42.577206 -50.544762
v 0.838805 42.579483 -50.560265
v 0.847947 43.277748 -48.988327
v 3.246619 43.284168 -48.988327
v 3.238341 42.577206 -50.544762
v -6.683572 41.242725 -54.854122
v -1.877942 42.496895 -50.572948
v -3.779716 40.386040 -56.118065
v -6.683572 41.242725 -54.854122
v -3.779716 40.386040 -56.118065
v -6.081002 43.255505 -58.478970
v 0.849515 43.531387 -48.847248
v 3.246619 43.284168 -48.988327
v 0.847947 43.277748 -48.988327
v 3.246619 43.284168 -48.988327
v 0.849515 43.531387 -48.847248
v 3.244855 43.538158 -48.847240
v -1.868750 43.488968 -48.847248
v 0.847947 43.277748 -48.988327
v -1.871434 43.236431 -48.988316
v -1.868750 43.488968 -48.847248
v 0.849515 43.531387 -48.847248
v 0.847947 43.277748 -48.988327
v -4.753755 43.132099 -48.878147
v -1.871434 43.236431 -48.988316
v -1.877942 42.496895 -50.572948
v -1.877942 42.496895 -50.572948
v -6.683572 41.242725 -54.854122
v -4.753755 43.132099 -48.878147
v -1.871434 43.236431 -48.988316
v -4.758747 43.382236 -48.737083
v -1.868750 43.488968 -48.847248
v -4.758747 43.382236 -48.737083
v -1.871434 43.236431 -48.988316
v -4.753755 43.132099 -48.878147
v -1.867853 43.573151 -48.424030
v 0.849515 43.531387 -48.847248
v -1.868750 43.488968 -48.847248
v -4.758747 43.382236 -48.737083
v -1.867853 43.573151 -48.424030
v -1.868750 43.488968 -48.847248
v 0.849515 43.531387 -48.847248
v 3.244271 43.622814 -48.424030
v 3.244855 43.538158 -48.847240
v 5.165828 43.622673 -48.424030
v 3.244855 43.538158 -48.847240
v 3.244271 43.622814 -48.424030
v 0.849515 43.531387 -48.847248
v -1.867853 43.573151 -48.424030
v 0.850040 43.615929 -48.424030
v 3.244271 43.622814 -48.424030
v 0.849515 43.531387 -48.847248
v 0.850040 43.615929 -48.424030
v -1.867853 43.573151 -48.424030
v 0.849517 43.531387 -48.000809
v 0.850040 43.615929 -48.424030
v 0.849517 43.531387 -48.000809
v 3.244271 43.622814 -48.424030
v 0.850040 43.615929 -48.424030
v 3.244853 43.538158 -48.000809
v 5.165828 43.622673 -48.424030
v 3.244271 43.622814 -48.424030
v 3.244271 43.622814 -48.424030
v 0.849517 43.531387 -48.000809
v 3.244853 43.538158 -48.000809
v 3.244853 43.538158 -48.000809
v 5.166072 43.537952 -48.000809
v 5.165828 43.622673 -48.424030
v 5.166072 43.537952 -48.000809
v 6.906204 43.533932 -48.000809
v 5.165828 43.622673 -48.424030
v 3.246621 43.284168 -47.859734
v 5.166072 43.537952 -48.000809
v 3.244853 43.538158 -48.000809
v 0.849517 43.531387 -48.000809
v 3.246621 43.284168 -47.859734
v 3.244853 43.538158 -48.000809
v 6.906204 43.533932 -48.000809
v 5.166072 43.537952 -48.000809
v 5.166799 43.283798 -47.859734
v 5.166072 43.537952 -48.000809
v 3.246621 43.284168 -47.859734
v 5.166799 43.283798 -47.859734
v 6.906204 43.533932 -48.000809
v 5.166799 43.283798 -47.859734
v 6.904745 43.279682 -47.859734
v 5.166799 43.283798 -47.859734
v 6.897328 41.405590 -48.108730
v 6.904745 43.279682 -47.859734
v 6.897328 41.405590 -48.108730
v 5.166799 43.283798 -47.859734
v 5.145213 41.410641 -48.108730
v 3.246621 43.284168 -47.859734
v 5.145213 41.410641 -48.108730
v 5.166799 43.283798 -47.859734
v 5.145213 41.410641 -48.108730
v 3.246621 43.284168 -47.859734
v 3.207347 41.412640 -48.108730
v 0.847945 43.277752 -47.859734
v 3.207347 41.412640 -48.108730
v 3.246621 43.284168 -47.859734
v 3.246621 43.284168 -47.859734
v 0.849517 43.531387 -48.000809
v 0.847945 43.277752 -47.859734
v 3.207347 41.412640 -48.108730
v 0.847945 43.277752 -47.859734
v 0.781905 41.409237 -48.108730
v 0.849517 43.531387 -48.000809
v -1.868752 43.488968 -48.000801
v 0.847945 43.277752 -47.859734
v 0.849517 43.531387 -48.000809
v -1.867853 43.573151 -48.424030
v -1.868752 43.488968 -48.000801
v -1.871431 43.236431 -47.859734
v 0.781905 41.409237 -48.108730
v 0.847945 43.277752 -47.859734
v -1.871431 43.236431 -47.859734
v 0.847945 43.277752 -47.859734
v -1.868752 43.488968 -48.000801
v 0.781905 41.409237 -48.108730
v -1.871431 43.236431 -47.859734
v -1.965110 41.376171 -48.108719
v -1.867853 43.573151 -48.424030
v -4.760397 43.465611 -48.313862
v -1.868752 43.488968 -48.000801
v -1.867853 43.573151 -48.424030
v -4.758747 43.382236 -48.737083
v -4.760397 43.465611 -48.313862
v -4.758745 43.382236 -47.890640
v -1.871431 43.236431 -47.859734
v -1.868752 43.488968 -48.000801
v -4.758745 43.382236 -47.890640
v -1.868752 43.488968 -48.000801
v -4.760397 43.465611 -48.313862
v -4.753755 43.132095 -47.749565
v -1.965110 41.376171 -48.108719
v -1.871431 43.236431 -47.859734
v -1.871431 43.236431 -47.859734
v -4.758745 43.382236 -47.890640
v -4.753755 43.132095 -47.749565
v -1.965110 41.376171 -48.108719
v -4.753755 43.132095 -47.749565
v -4.867680 41.289173 -47.998562
v -8.813550 42.852200 -48.599949
v -4.760397 43.465611 -48.313862
v -4.758747 43.382236 -48.737083
v -8.813550 42.852200 -48.599949
v -4.758747 43.382236 -48.737083
v -4.753755 43.132099 -48.878147
v -8.819519 42.916294 -48.133465
v -4.758745 43.382236 -47.890640
v -4.760397 43.465611 -48.313862
v -4.760397 43.465611 -48.313862
v -8.813550 42.852200 -48.599949
v -8.819519 42.916294 -48.133465
v -4.758745 43.382236 -47.890640
v -8.813548 42.852200 -47.753510
v -4.753755 43.132095 -47.749565
v -4.758745 43.382236 -47.890640
v -8.819519 42.916294 -48.133465
v -8.813548 42.852200 -47.753510
v -8.789819 42.610031 -47.612431
v -4.867680 41.289173 -47.998562
v -4.753755 43.132095 -47.749565
v -8.789819 42.610031 -47.612431
v -4.753755 43.132095 -47.749565
v -8.813548 42.852200 -47.753510
v -4.867680 41.289173 -47.998562
v -8.789819 42.610031 -47.612431
v -8.924217 41.547935 -48.181232
v -12.516067 40.815662 -48.082848
v -8.813548 42.852200 -47.753510
v -8.819519 42.916294 -48.133465
v -12.516067 40.815662 -48.082848
v -8.789819 42.610031 -47.612431
v -8.813548 42.852200 -47.753510
v -12.460208 40.591263 -47.941772
v -8.924217 41.547935 -48.181232
v -8.789819 42.610031 -47.612431
v -8.789819 42.610031 -47.612431
v -12.516067 40.815662 -48.082848
v -12.460208 40.591263 -47.941772
v -12.240866 39.517525 -48.398758
v -8.924217 41.547935 -48.181232
v -12.460208 40.591263 -47.941772
v -12.516067 40.815662 -48.082848
v -8.819519 42.916294 -48.133465
v -12.534685 40.890457 -48.506069
v -12.534685 40.890457 -48.506069
v -8.819519 42.916294 -48.133465
v -8.813550 42.852200 -48.599949
v -14.272917 38.724247 -48.648075
v -12.460208 40.591263 -47.941772
v -12.516067 40.815662 -48.082848
v -12.534685 40.890457 -48.506069
v -14.272917 38.724247 -48.648075
v -12.516067 40.815662 -48.082848
v -14.183204 38.527294 -48.507008
v -12.240866 39.517525 -48.398758
v -12.460208 40.591263 -47.941772
v -14.183204 38.527294 -48.507008
v -12.460208 40.591263 -47.941772
v -14.272917 38.724247 -48.648075
v -12.240866 39.517525 -48.398758
v -14.183204 38.527294 -48.507008
v -13.851354 38.240871 -48.596886
v -14.183204 38.527294 -48.507008
v -14.898863 36.529865 -49.172684
v -13.851354 38.240871 -48.596886
v -14.898863 36.529865 -49.172684
v -14.183204 38.527294 -48.507008
v -15.673665 36.455986 -49.217964
v -15.673665 36.455986 -49.217964
v -15.944468 33.896824 -49.897552
v -14.898863 36.529865 -49.172684
v -15.787398 36.615974 -49.359028
v -14.183204 38.527294 -48.507008
v -14.272917 38.724247 -48.648075
v -14.183204 38.527294 -48.507008
v -15.787398 36.615974 -49.359028
v -15.673665 36.455986 -49.217964
v -14.272917 38.724247 -48.648075
v -12.534685 40.890457 -48.506069
v -14.302828 38.789906 -49.071304
v -14.302828 38.789906 -49.071304
v -15.787398 36.615974 -49.359028
v -14.272917 38.724247 -48.648075
v -15.944468 33.896824 -49.897552
v -15.673665 36.455986 -49.217964
v -16.802376 33.955746 -49.916203
v -16.802376 33.955746 -49.916203
v -16.894953 30.635130 -50.588440
v -15.944468 33.896824 -49.897552
v -15.787398 36.615974 -49.359028
v -16.934315 34.069820 -50.057270
v -15.673665 36.455986 -49.217964
v -15.673665 36.455986 -49.217964
v -16.934315 34.069820 -50.057270
v -16.802376 33.955746 -49.916203
v -16.894953 30.635130 -50.588440
v -16.802376 33.955746 -49.916203
v -17.822134 30.699499 -50.599777
v -17.822134 30.699499 -50.599777
v -17.555658 27.097902 -51.134800
v -16.894953 30.635130 -50.588440
v -16.802376 33.955746 -49.916203
v -17.970522 30.759256 -50.740845
v -17.822134 30.699499 -50.599777
v -17.970522 30.759256 -50.740845
v -16.802376 33.955746 -49.916203
v -16.934315 34.069820 -50.057270
v -17.555658 27.097902 -51.134800
v -17.822134 30.699499 -50.599777
v -18.548368 27.104713 -51.146496
v -17.970522 30.759256 -50.740845
v -18.548368 27.104713 -51.146496
v -17.822134 30.699499 -50.599777
v -18.548368 27.104713 -51.146496
v -17.731859 23.638277 -51.426147
v -17.555658 27.097902 -51.134800
v -15.825314 36.669308 -49.782249
v -16.934315 34.069820 -50.057270
v -15.787398 36.615974 -49.359028
v -15.787398 36.615974 -49.359028
v -14.302828 38.789906 -49.071304
v -15.825314 36.669308 -49.782249
v -17.731859 23.638277 -51.426147
v -18.548368 27.104713 -51.146496
v -18.796547 23.588882 -51.434193
v -16.934315 34.069820 -50.057270
v -15.825314 36.669308 -49.782249
v -16.978300 34.107845 -50.480503
v -16.978300 34.107845 -50.480503
v -17.970522 30.759256 -50.740845
v -16.934315 34.069820 -50.057270
v -18.548368 27.104713 -51.146496
v -17.970522 30.759256 -50.740845
v -18.708456 27.106586 -51.287575
v -18.796547 23.588882 -51.434193
v -18.548368 27.104713 -51.146496
v -18.708456 27.106586 -51.287575
v -17.970522 30.759256 -50.740845
v -16.978300 34.107845 -50.480503
v -18.019966 30.779173 -51.164062
v -18.019966 30.779173 -51.164062
v -18.708456 27.106586 -51.287575
v -17.970522 30.759256 -50.740845
v -18.484983 20.149572 -51.504333
v -17.731859 23.638277 -51.426147
v -18.796547 23.588882 -51.434193
v -17.731859 23.638277 -51.426147
v -18.484983 20.149572 -51.504333
v -17.390001 20.220823 -51.496349
v -18.708456 27.106586 -51.287575
v -18.960611 23.534147 -51.575279
v -18.796547 23.588882 -51.434193
v -18.960611 23.534147 -51.575279
v -18.484983 20.149572 -51.504333
v -18.796547 23.588882 -51.434193
v -18.708456 27.106586 -51.287575
v -18.019966 30.779173 -51.164062
v -18.761806 27.107210 -51.710793
v -18.761806 27.107210 -51.710793
v -18.960611 23.534147 -51.575279
v -18.708456 27.106586 -51.287575
v -17.532028 16.784353 -51.398350
v -17.390001 20.220823 -51.496349
v -18.484983 20.149572 -51.504333
v -17.390001 20.220823 -51.496349
v -17.532028 16.784353 -51.398350
v -16.496490 16.810099 -51.379272
v -17.532028 16.784353 -51.398350
v -15.242435 14.650968 -51.234406
v -16.496490 16.810099 -51.379272
v -18.484983 20.149572 -51.504333
v -18.960611 23.534147 -51.575279
v -18.644028 20.039936 -51.645397
v -17.532028 16.784353 -51.398350
v -18.484983 20.149572 -51.504333
v -18.644028 20.039936 -51.645397
v -17.532028 16.784353 -51.398350
v -15.751023 13.392167 -51.217072
v -15.242435 14.650968 -51.234406
v -15.751023 13.392167 -51.217072
v -13.113055 12.917369 -51.126484
v -15.242435 14.650968 -51.234406
v -18.644028 20.039936 -51.645397
v -17.675716 16.621964 -51.539425
v -17.532028 16.784353 -51.398350
v -17.675716 16.621964 -51.539425
v -15.751023 13.392167 -51.217072
v -17.532028 16.784353 -51.398350
v -19.015303 23.515903 -51.998497
v -18.644028 20.039936 -51.645397
v -18.960611 23.534147 -51.575279
v -18.960611 23.534147 -51.575279
v -18.761806 27.107210 -51.710793
v -19.015303 23.515903 -51.998497
v -18.697044 20.003391 -52.068619
v -17.675716 16.621964 -51.539425
v -18.644028 20.039936 -51.645397
v -18.644028 20.039936 -51.645397
v -19.015303 23.515903 -51.998497
v -18.697044 20.003391 -52.068619
v -13.113055 12.917369 -51.126484
v -15.751023 13.392167 -51.217072
v -12.955264 11.740016 -51.061306
v -7.923840 12.204229 -51.031734
v -13.113055 12.917369 -51.126484
v -12.955264 11.740016 -51.061306
v -15.751023 13.392167 -51.217072
v -17.675716 16.621964 -51.539425
v -15.866026 13.186615 -51.358139
v -15.866026 13.186615 -51.358139
v -12.955264 11.740016 -51.061306
v -15.751023 13.392167 -51.217072
v -17.675716 16.621964 -51.539425
v -18.697044 20.003391 -52.068619
v -17.723619 16.567833 -51.962658
v -17.723619 16.567833 -51.962658
v -15.866026 13.186615 -51.358139
v -17.675716 16.621964 -51.539425
v -7.923840 12.204229 -51.031734
v -12.955264 11.740016 -51.061306
v -7.796304 10.915575 -50.954044
v -7.796304 10.915575 -50.954044
v -4.869033 11.954819 -50.889988
v -7.923840 12.204229 -51.031734
v -12.955264 11.740016 -51.061306
v -15.866026 13.186615 -51.358139
v -13.025250 11.508342 -51.202381
v -4.869033 11.954819 -50.889988
v -7.796304 10.915575 -50.954044
v -4.770999 10.629172 -50.918289
v -1.990406 11.933979 -51.076256
v -4.869033 11.954819 -50.889988
v -4.770999 10.629172 -50.918289
v -12.955264 11.740016 -51.061306
v -7.826930 10.670695 -51.095119
v -7.796304 10.915575 -50.954044
v -7.826930 10.670695 -51.095119
v -12.955264 11.740016 -51.061306
v -13.025250 11.508342 -51.202381
v -7.796304 10.915575 -50.954044
v -4.789875 10.379908 -51.059368
v -4.770999 10.629172 -50.918289
v -4.789875 10.379908 -51.059368
v -7.796304 10.915575 -50.954044
v -7.826930 10.670695 -51.095119
v -1.990406 11.933979 -51.076256
v -4.770999 10.629172 -50.918289
v -1.917659 10.607879 -51.005283
v -1.917659 10.607879 -51.005283
v 0.721775 11.906554 -51.088463
v -1.990406 11.933979 -51.076256
v -1.934153 10.358525 -51.146347
v -4.770999 10.629172 -50.918289
v -4.789875 10.379908 -51.059368
v -4.770999 10.629172 -50.918289
v -1.934153 10.358525 -51.146347
v -1.917659 10.607879 -51.005283
v -7.826930 10.670695 -51.095119
v -4.796170 10.296818 -51.372421
v -4.789875 10.379908 -51.059368
v -4.796170 10.296818 -51.372421
v -1.934153 10.358525 -51.146347
v -4.789875 10.379908 -51.059368
v 0.721775 11.906554 -51.088463
v -1.917659 10.607879 -51.005283
v 0.776985 10.578737 -51.050106
v 3.108982 11.879363 -51.532906
v 0.721775 11.906554 -51.088463
v 0.776985 10.578737 -51.050106
v 0.771777 10.329102 -51.407291
v -1.917659 10.607879 -51.005283
v -1.934153 10.358525 -51.146347
v -1.917659 10.607879 -51.005283
v 0.771777 10.329102 -51.407291
v 0.776985 10.578737 -51.050106
v 3.108982 11.879363 -51.532906
v 0.776985 10.578737 -51.050106
v 3.148458 10.549548 -51.527168
v 0.771777 10.329102 -51.407291
v 3.148458 10.549548 -51.527168
v 0.776985 10.578737 -51.050106
v 3.148458 10.549548 -51.527168
v 5.012676 11.859221 -51.609013
v 3.108982 11.879363 -51.532906
v -1.939656 10.275405 -51.569569
v 0.771777 10.329102 -51.407291
v -1.934153 10.358525 -51.146347
v -4.796170 10.296818 -51.372421
v -1.939656 10.275405 -51.569569
v -1.934153 10.358525 -51.146347
v 5.012676 11.859221 -51.609013
v 3.148458 10.549548 -51.527168
v 5.032265 10.528098 -51.614140
v 5.012676 11.859221 -51.609013
v 5.032265 10.528098 -51.614140
v 6.731260 11.843959 -51.750092
v 6.731260 11.843959 -51.750092
v 5.032265 10.528098 -51.614140
v 6.723090 10.420306 -51.810078
v 3.148458 10.549548 -51.527168
v 0.771777 10.329102 -51.407291
v 3.154209 10.299604 -51.668236
v 5.032265 10.528098 -51.614140
v 3.148458 10.549548 -51.527168
v 3.154209 10.299604 -51.668236
v 6.723090 10.420306 -51.810078
v 5.032265 10.528098 -51.614140
v 5.039447 10.277983 -51.755215
v 5.032265 10.528098 -51.614140
v 3.154209 10.299604 -51.668236
v 5.039447 10.277983 -51.755215
v 5.041833 10.194608 -52.178436
v 6.723090 10.420306 -51.810078
v 5.039447 10.277983 -51.755215
v 5.041833 10.194608 -52.178436
v 6.722181 10.262032 -52.178436
v 6.723090 10.420306 -51.810078
v 6.722181 10.262032 -52.178436
v 5.041833 10.194608 -52.178436
v 6.723087 10.420306 -52.546795
v 3.156125 10.216293 -52.091457
v 5.039447 10.277983 -51.755215
v 3.154209 10.299604 -51.668236
v 5.039447 10.277983 -51.755215
v 3.156125 10.216293 -52.091457
v 5.041833 10.194608 -52.178436
v 0.770035 10.245890 -51.830513
v 3.154209 10.299604 -51.668236
v 0.771777 10.329102 -51.407291
v 0.770035 10.245890 -51.830513
v 3.156125 10.216293 -52.091457
v 3.154209 10.299604 -51.668236
v 0.771777 10.329102 -51.407291
v -1.939656 10.275405 -51.569569
v 0.770035 10.245890 -51.830513
v 3.154209 10.299604 -52.514675
v 5.041833 10.194608 -52.178436
v 3.156125 10.216293 -52.091457
v 5.039445 10.277983 -52.601658
v 6.723087 10.420306 -52.546795
v 5.041833 10.194608 -52.178436
v 3.154209 10.299604 -52.514675
v 5.039445 10.277983 -52.601658
v 5.041833 10.194608 -52.178436
v 6.723087 10.420306 -52.546795
v 5.039445 10.277983 -52.601658
v 5.032265 10.528098 -52.742733
v 3.154209 10.299604 -52.514675
v 5.032265 10.528098 -52.742733
v 5.039445 10.277983 -52.601658
v 6.726910 11.085995 -53.958675
v 6.723087 10.420306 -52.546795
v 5.032265 10.528098 -52.742733
v 3.156125 10.216293 -52.091457
v 0.771774 10.329103 -52.253731
v 3.154209 10.299604 -52.514675
v 0.771774 10.329103 -52.253731
v 3.156125 10.216293 -52.091457
v 0.770035 10.245890 -51.830513
v 5.032265 10.528098 -52.742733
v 3.154209 10.299604 -52.514675
v 3.148458 10.549547 -52.655754
v 0.771774 10.329103 -52.253731
v 3.148458 10.549547 -52.655754
v 3.154209 10.299604 -52.514675
v 5.027168 11.140005 -54.758358
v 6.726910 11.085995 -53.958675
v 5.032265 10.528098 -52.742733
v 5.027168 11.140005 -54.758358
v 6.733474 12.229863 -58.418270
v 6.726910 11.085995 -53.958675
v 3.144876 11.176288 -54.688419
v 5.032265 10.528098 -52.742733
v 3.148458 10.549547 -52.655754
v 5.027168 11.140005 -54.758358
v 5.032265 10.528098 -52.742733
v 3.144876 11.176288 -54.688419
v 6.733474 12.229863 -58.418270
v 5.027168 11.140005 -54.758358
v 5.031008 12.308748 -58.431458
v 6.739872 13.967419 -62.448914
v 6.733474 12.229863 -58.418270
v 5.031008 12.308748 -58.431458
v 5.027168 11.140005 -54.758358
v 3.149447 12.389995 -58.412651
v 5.031008 12.308748 -58.431458
v 3.149447 12.389995 -58.412651
v 5.027168 11.140005 -54.758358
v 3.144876 11.176288 -54.688419
v 5.031008 12.308748 -58.431458
v 5.037687 14.095387 -62.468693
v 6.739872 13.967419 -62.448914
v 3.149447 12.389995 -58.412651
v 5.037687 14.095387 -62.468693
v 5.031008 12.308748 -58.431458
v 5.037687 14.095387 -62.468693
v 6.743157 14.539912 -64.772278
v 6.739872 13.967419 -62.448914
v 0.792927 12.476684 -58.329845
v 3.149447 12.389995 -58.412651
v 3.144876 11.176288 -54.688419
v 6.743157 14.539912 -64.772278
v 5.037687 14.095387 -62.468693
v 5.041117 14.692934 -64.785461
v 5.037687 14.095387 -62.468693
v 3.149447 12.389995 -58.412651
v 3.156399 14.223869 -62.494843
v 3.156399 14.223869 -62.494843
v 5.041117 14.692934 -64.785461
v 5.037687 14.095387 -62.468693
v 3.149447 12.389995 -58.412651
v 0.800128 14.354081 -62.533737
v 3.156399 14.223869 -62.494843
v 0.800128 14.354081 -62.533737
v 3.149447 12.389995 -58.412651
v 0.792927 12.476684 -58.329845
v 5.041117 14.692934 -64.785461
v 3.156399 14.223869 -62.494843
v 3.159958 14.843040 -64.810143
v 0.800128 14.354081 -62.533737
v 3.159958 14.843040 -64.810143
v 3.156399 14.223869 -62.494843
v 5.092104 15.247350 -66.838951
v 6.743157 14.539912 -64.772278
v 5.041117 14.692934 -64.785461
v 6.743157 14.539912 -64.772278
v 5.092104 15.247350 -66.838951
v 6.746330 15.093232 -66.835648
v 3.269733 15.404030 -66.845116
v 5.041117 14.692934 -64.785461
v 3.159958 14.843040 -64.810143
v 5.092104 15.247350 -66.838951
v 5.041117 14.692934 -64.785461
v 3.269733 15.404030 -66.845116
v 5.241451 17.075745 -70.086334
v 6.746330 15.093232 -66.835648
v 5.092104 15.247350 -66.838951
v 6.752401 17.044008 -70.086334
v 6.746330 15.093232 -66.835648
v 5.241451 17.075745 -70.086334
v 3.595355 16.999668 -70.086334
v 5.092104 15.247350 -66.838951
v 3.269733 15.404030 -66.845116
v 5.092104 15.247350 -66.838951
v 3.595355 16.999668 -70.086334
v 5.241451 17.075745 -70.086334
v 6.752401 17.044008 -70.086334
v 5.241451 17.075745 -70.086334
v 5.468492 19.059368 -73.710838
v 5.461833 18.956957 -75.013397
v 6.752401 17.044008 -70.086334
v 5.468492 19.059368 -73.710838
v 5.468492 19.059368 -73.710838
v 5.241451 17.075745 -70.086334
v 4.081316 19.208546 -73.710838
v 4.081316 19.208546 -73.710838
v 5.241451 17.075745 -70.086334
v 3.595355 16.999668 -70.086334
v 5.461833 18.956957 -75.013397
v 5.468492 19.059368 -73.710838
v 5.298706 19.576395 -74.730743
v 5.298706 19.576395 -74.730743
v 5.468492 19.059368 -73.710838
v 4.081316 19.208546 -73.710838
v 5.502562 19.214586 -75.310547
v 5.461833 18.956957 -75.013397
v 5.298706 19.576395 -74.730743
v 3.595355 16.999668 -70.086334
v 2.386779 19.451960 -73.710838
v 4.081316 19.208546 -73.710838
v 5.298706 19.576395 -74.730743
v 4.938302 20.673893 -76.895706
v 5.502562 19.214586 -75.310547
v 5.502562 19.214586 -75.310547
v 4.938302 20.673893 -76.895706
v 5.719833 20.588865 -76.895706
v 4.093699 19.950098 -75.199814
v 5.298706 19.576395 -74.730743
v 4.081316 19.208546 -73.710838
v 4.093699 19.950098 -75.199814
v 4.081316 19.208546 -73.710838
v 2.386779 19.451960 -73.710838
v 5.298706 19.576395 -74.730743
v 4.093699 19.950098 -75.199814
v 4.093826 19.957586 -75.214836
v 4.938302 20.673893 -76.895706
v 5.298706 19.576395 -74.730743
v 4.093826 19.957586 -75.214836
v 4.093699 19.950098 -75.199814
v 2.386779 19.451960 -73.710838
v 2.815459 20.388700 -75.653374
v 4.093699 19.950098 -75.199814
v 2.815459 20.388700 -75.653374
v 4.093826 19.957586 -75.214836
v 2.386779 19.451960 -73.710838
v 3.595355 16.999668 -70.086334
v 1.562154 17.032118 -70.086334
v 3.595355 16.999668 -70.086334
v 3.269733 15.404030 -66.845116
v 1.562154 17.032118 -70.086334
v 0.492161 19.862858 -73.713089
v 2.815459 20.388700 -75.653374
v 2.386779 19.451960 -73.710838
v 2.386779 19.451960 -73.710838
v 1.562154 17.032118 -70.086334
v 0.492161 19.862858 -73.713089
v 3.269733 15.404030 -66.845116
v 0.994296 15.566516 -66.857033
v 1.562154 17.032118 -70.086334
v 3.159958 14.843040 -64.810143
v 0.994296 15.566516 -66.857033
v 3.269733 15.404030 -66.845116
v 0.492161 19.862858 -73.713089
v 1.562154 17.032118 -70.086334
v -0.723659 17.393240 -70.095322
v 0.994296 15.566516 -66.857033
v -0.723659 17.393240 -70.095322
v 1.562154 17.032118 -70.086334
v 0.994296 15.566516 -66.857033
v 3.159958 14.843040 -64.810143
v 0.803772 14.988012 -64.857811
v 3.159958 14.843040 -64.810143
v 0.800128 14.354081 -62.533737
v 0.803772 14.988012 -64.857811
v -0.723659 17.393240 -70.095322
v 0.994296 15.566516 -66.857033
v -1.577505 15.836054 -66.884842
v 0.994296 15.566516 -66.857033
v 0.803772 14.988012 -64.857811
v -1.577505 15.836054 -66.884842
v -1.868664 14.547813 -62.589218
v 0.803772 14.988012 -64.857811
v 0.800128 14.354081 -62.533737
v 0.792927 12.476684 -58.329845
v -1.868664 14.547813 -62.589218
v 0.800128 14.354081 -62.533737
v -1.577505 15.836054 -66.884842
v 0.803772 14.988012 -64.857811
v -1.863418 15.216539 -64.924049
v 0.803772 14.988012 -64.857811
v -1.868664 14.547813 -62.589218
v -1.863418 15.216539 -64.924049
v -1.577505 15.836054 -66.884842
v -1.863418 15.216539 -64.924049
v -4.677577 15.617299 -65.004387
v -1.868664 14.547813 -62.589218
v 0.792927 12.476684 -58.329845
v -1.880517 12.597473 -58.256603
v -4.687523 14.866859 -62.665123
v -1.863418 15.216539 -64.924049
v -1.868664 14.547813 -62.589218
v -1.863418 15.216539 -64.924049
v -4.687523 14.866859 -62.665123
v -4.677577 15.617299 -65.004387
v 0.784451 11.219645 -53.680759
v -1.880517 12.597473 -58.256603
v 0.792927 12.476684 -58.329845
v 0.792927 12.476684 -58.329845
v 3.144876 11.176288 -54.688419
v 0.784451 11.219645 -53.680759
v 3.148458 10.549547 -52.655754
v 0.784451 11.219645 -53.680759
v 3.144876 11.176288 -54.688419
v -1.868664 14.547813 -62.589218
v -1.880517 12.597473 -58.256603
v -4.712842 12.781029 -58.266476
v -4.687523 14.866859 -62.665123
v -1.868664 14.547813 -62.589218
v -4.712842 12.781029 -58.266476
v 0.784451 11.219645 -53.680759
v 3.148458 10.549547 -52.655754
v 0.776990 10.578736 -52.394810
v 3.148458 10.549547 -52.655754
v 0.771774 10.329103 -52.253731
v 0.776990 10.578736 -52.394810
v -1.880517 12.597473 -58.256603
v 0.784451 11.219645 -53.680759
v -1.897379 11.271514 -53.466740
v -1.897379 11.271514 -53.466740
v 0.784451 11.219645 -53.680759
v 0.776990 10.578736 -52.394810
v -4.712842 12.781029 -58.266476
v -1.880517 12.597473 -58.256603
v -1.897379 11.271514 -53.466740
v 0.771774 10.329103 -52.253731
v -1.917661 10.607879 -52.133865
v 0.776990 10.578736 -52.394810
v -1.897379 11.271514 -53.466740
v 0.776990 10.578736 -52.394810
v -1.917661 10.607879 -52.133865
v -4.712842 12.781029 -58.266476
v -1.897379 11.271514 -53.466740
v -4.743879 11.333319 -53.403973
v -1.917661 10.607879 -52.133865
v -4.743879 11.333319 -53.403973
v -1.897379 11.271514 -53.466740
v -1.917661 10.607879 -52.133865
v 0.771774 10.329103 -52.253731
v -1.934153 10.358525 -51.992798
v -1.934153 10.358525 -51.992798
v 0.771774 10.329103 -52.253731
v 0.770035 10.245890 -51.830513
v -1.934153 10.358525 -51.992798
v 0.770035 10.245890 -51.830513
v -1.939656 10.275405 -51.569569
v -4.743879 11.333319 -53.403973
v -1.917661 10.607879 -52.133865
v -4.771002 10.629172 -51.936718
v -4.771002 10.629172 -51.936718
v -1.917661 10.607879 -52.133865
v -1.934153 10.358525 -51.992798
v -1.939656 10.275405 -51.569569
v -4.789872 10.379906 -51.795639
v -1.934153 10.358525 -51.992798
v -4.771002 10.629172 -51.936718
v -1.934153 10.358525 -51.992798
v -4.789872 10.379906 -51.795639
v -4.789872 10.379906 -51.795639
v -1.939656 10.275405 -51.569569
v -4.796170 10.296818 -51.372421
v -4.771002 10.629172 -51.936718
v -7.689045 11.634761 -53.453018
v -4.743879 11.333319 -53.403973
v -7.689045 11.634761 -53.453018
v -4.712842 12.781029 -58.266476
v -4.743879 11.333319 -53.403973
v -4.789872 10.379906 -51.795639
v -7.796307 10.915570 -52.082638
v -4.771002 10.629172 -51.936718
v -7.689045 11.634761 -53.453018
v -4.771002 10.629172 -51.936718
v -7.796307 10.915570 -52.082638
v -7.837142 10.589071 -51.518341
v -4.789872 10.379906 -51.795639
v -4.796170 10.296818 -51.372421
v -4.796170 10.296818 -51.372421
v -7.826930 10.670695 -51.095119
v -7.837142 10.589071 -51.518341
v -13.025250 11.508342 -51.202381
v -7.837142 10.589071 -51.518341
v -7.826930 10.670695 -51.095119
v -7.796307 10.915570 -52.082638
v -4.789872 10.379906 -51.795639
v -7.826930 10.670694 -51.941563
v -4.789872 10.379906 -51.795639
v -7.837142 10.589071 -51.518341
v -7.826930 10.670694 -51.941563
v -7.837142 10.589071 -51.518341
v -13.025250 11.508342 -51.202381
v -13.048582 11.431116 -51.625603
v -15.866026 13.186615 -51.358139
v -13.048582 11.431116 -51.625603
v -13.025250 11.508342 -51.202381
v -7.837142 10.589071 -51.518341
v -13.025250 11.508344 -52.048824
v -7.826930 10.670694 -51.941563
v -13.025250 11.508344 -52.048824
v -7.837142 10.589071 -51.518341
v -13.048582 11.431116 -51.625603
v -13.048582 11.431116 -51.625603
v -15.866026 13.186615 -51.358139
v -15.904367 13.118100 -51.781368
v -15.866026 13.186615 -51.358139
v -17.723619 16.567833 -51.962658
v -15.904367 13.118100 -51.781368
v -15.866026 13.186614 -52.204578
v -13.048582 11.431116 -51.625603
v -15.904367 13.118100 -51.781368
v -15.866026 13.186614 -52.204578
v -15.904367 13.118100 -51.781368
v -17.723619 16.567833 -51.962658
v -13.048582 11.431116 -51.625603
v -15.866026 13.186614 -52.204578
v -13.025250 11.508344 -52.048824
v -7.826930 10.670694 -51.941563
v -13.025250 11.508344 -52.048824
v -12.955264 11.740017 -52.189899
v -13.025250 11.508344 -52.048824
v -15.866026 13.186614 -52.204578
v -12.955264 11.740017 -52.189899
v -12.955264 11.740017 -52.189899
v -7.796307 10.915570 -52.082638
v -7.826930 10.670694 -51.941563
v -17.675730 16.621967 -52.385876
v -15.866026 13.186614 -52.204578
v -17.723619 16.567833 -51.962658
v -18.697044 20.003391 -52.068619
v -17.675730 16.621967 -52.385876
v -17.723619 16.567833 -51.962658
v -15.866026 13.186614 -52.204578
v -15.751028 14.014861 -52.345665
v -12.955264 11.740017 -52.189899
v -17.675730 16.621967 -52.385876
v -15.751028 14.014861 -52.345665
v -15.866026 13.186614 -52.204578
v -10.666877 12.405553 -54.365715
v -7.796307 10.915570 -52.082638
v -12.955264 11.740017 -52.189899
v -7.796307 10.915570 -52.082638
v -10.666877 12.405553 -54.365715
v -7.689045 11.634761 -53.453018
v -15.167653 14.564636 -54.533234
v -12.955264 11.740017 -52.189899
v -15.751028 14.014861 -52.345665
v -12.955264 11.740017 -52.189899
v -15.167653 14.564636 -54.533234
v -10.666877 12.405553 -54.365715
v -15.751028 14.014861 -52.345665
v -17.675730 16.621967 -52.385876
v -17.532038 16.784355 -52.526943
v -17.532038 16.784355 -52.526943
v -15.167653 14.564636 -54.533234
v -15.751028 14.014861 -52.345665
v -17.675730 16.621967 -52.385876
v -18.697044 20.003391 -52.068619
v -18.644024 20.039936 -52.491848
v -17.675730 16.621967 -52.385876
v -18.644024 20.039936 -52.491848
v -17.532038 16.784355 -52.526943
v -19.015303 23.515903 -51.998497
v -18.644024 20.039936 -52.491848
v -18.697044 20.003391 -52.068619
v -17.532038 16.784355 -52.526943
v -16.456192 17.162859 -54.550869
v -15.167653 14.564636 -54.533234
v -18.960611 23.534145 -52.421707
v -18.644024 20.039936 -52.491848
v -19.015303 23.515903 -51.998497
v -18.484987 20.149570 -52.632915
v -17.532038 16.784355 -52.526943
v -18.644024 20.039936 -52.491848
v -18.960611 23.534145 -52.421707
v -18.484987 20.149570 -52.632915
v -18.644024 20.039936 -52.491848
v -18.484987 20.149570 -52.632915
v -16.456192 17.162859 -54.550869
v -17.532038 16.784355 -52.526943
v -18.708447 27.106586 -52.134014
v -18.960611 23.534145 -52.421707
v -19.015303 23.515903 -51.998497
v -19.015303 23.515903 -51.998497
v -18.761806 27.107210 -51.710793
v -18.708447 27.106586 -52.134014
v -18.484987 20.149570 -52.632915
v -18.960611 23.534145 -52.421707
v -18.796543 23.588882 -52.562786
v -18.960611 23.534145 -52.421707
v -18.708447 27.106586 -52.134014
v -18.796543 23.588882 -52.562786
v -16.456192 17.162859 -54.550869
v -18.484987 20.149570 -52.632915
v -17.265575 20.355865 -54.835533
v -18.796543 23.588882 -52.562786
v -17.265575 20.355865 -54.835533
v -18.484987 20.149570 -52.632915
v -18.761806 27.107210 -51.710793
v -17.970522 30.759256 -51.587284
v -18.708447 27.106586 -52.134014
v -17.970522 30.759256 -51.587284
v -18.761806 27.107210 -51.710793
v -18.019966 30.779173 -51.164062
v -18.548384 27.104715 -52.275089
v -18.796543 23.588882 -52.562786
v -18.708447 27.106586 -52.134014
v -17.970522 30.759256 -51.587284
v -18.548384 27.104715 -52.275089
v -18.708447 27.106586 -52.134014
v -16.934319 34.069820 -50.903713
v -17.970522 30.759256 -51.587284
v -18.019966 30.779173 -51.164062
v -18.019966 30.779173 -51.164062
v -16.978300 34.107845 -50.480503
v -16.934319 34.069820 -50.903713
v -18.548384 27.104715 -52.275089
v -17.970522 30.759256 -51.587284
v -17.822134 30.699497 -51.728359
v -16.978300 34.107845 -50.480503
v -15.787398 36.615978 -50.205471
v -16.934319 34.069820 -50.903713
v -15.787398 36.615978 -50.205471
v -16.978300 34.107845 -50.480503
v -15.825314 36.669308 -49.782249
v -16.802376 33.955750 -51.044800
v -17.970522 30.759256 -51.587284
v -16.934319 34.069820 -50.903713
v -17.970522 30.759256 -51.587284
v -16.802376 33.955750 -51.044800
v -17.822134 30.699497 -51.728359
v -16.934319 34.069820 -50.903713
v -15.787398 36.615978 -50.205471
v -15.673665 36.455982 -50.346558
v -15.673665 36.455982 -50.346558
v -16.802376 33.955750 -51.044800
v -16.934319 34.069820 -50.903713
v -14.272923 38.724251 -49.494514
v -15.787398 36.615978 -50.205471
v -15.825314 36.669308 -49.782249
v -15.825314 36.669308 -49.782249
v -14.302828 38.789906 -49.071304
v -14.272923 38.724251 -49.494514
v -15.787398 36.615978 -50.205471
v -14.183204 38.527298 -49.635593
v -15.673665 36.455982 -50.346558
v -14.183204 38.527298 -49.635593
v -15.787398 36.615978 -50.205471
v -14.272923 38.724251 -49.494514
v -15.299013 36.210342 -51.901527
v -16.802376 33.955750 -51.044800
v -15.673665 36.455982 -50.346558
v -14.302828 38.789906 -49.071304
v -12.516071 40.815659 -48.929287
v -14.272923 38.724251 -49.494514
v -12.516071 40.815659 -48.929287
v -14.302828 38.789906 -49.071304
v -12.534685 40.890457 -48.506069
v -12.534685 40.890457 -48.506069
v -8.813550 42.852200 -48.599949
v -12.516071 40.815659 -48.929287
v -14.272923 38.724251 -49.494514
v -12.516071 40.815659 -48.929287
v -12.460213 40.591259 -49.070354
v -12.460213 40.591259 -49.070354
v -14.183204 38.527298 -49.635593
v -14.272923 38.724251 -49.494514
v -8.789814 42.610027 -48.741024
v -12.516071 40.815659 -48.929287
v -8.813550 42.852200 -48.599949
v -12.516071 40.815659 -48.929287
v -8.789814 42.610027 -48.741024
v -12.460213 40.591259 -49.070354
v -4.753755 43.132099 -48.878147
v -8.789814 42.610027 -48.741024
v -8.813550 42.852200 -48.599949
v -6.683572 41.242725 -54.854122
v -8.789814 42.610027 -48.741024
v -4.753755 43.132099 -48.878147
v -12.277767 40.154755 -50.897026
v -14.183204 38.527298 -49.635593
v -12.460213 40.591259 -49.070354
v -8.789814 42.610027 -48.741024
v -12.277767 40.154755 -50.897026
v -12.460213 40.591259 -49.070354
v -8.789814 42.610027 -48.741024
v -6.683572 41.242725 -54.854122
v -8.059386 40.693722 -54.890125
v -12.277767 40.154755 -50.897026
v -8.789814 42.610027 -48.741024
v -8.059386 40.693722 -54.890125
v -6.683572 41.242725 -54.854122
v -7.768055 40.551052 -56.224094
v -8.059386 40.693722 -54.890125
v -7.768055 40.551052 -56.224094
v -6.683572 41.242725 -54.854122
v -6.081002 43.255505 -58.478970
v -12.277767 40.154755 -50.897026
v -8.059386 40.693722 -54.890125
v -9.947958 39.002552 -56.435440
v -8.059386 40.693722 -54.890125
v -7.768055 40.551052 -56.224094
v -9.947958 39.002552 -56.435440
v -14.183204 38.527298 -49.635593
v -12.277767 40.154755 -50.897026
v -13.868582 38.183735 -51.305161
v -9.947958 39.002552 -56.435440
v -13.868582 38.183735 -51.305161
v -12.277767 40.154755 -50.897026
v -15.673665 36.455982 -50.346558
v -14.183204 38.527298 -49.635593
v -13.868582 38.183735 -51.305161
v -13.868582 38.183735 -51.305161
v -15.299013 36.210342 -51.901527
v -15.673665 36.455982 -50.346558
v -7.768055 40.551052 -56.224094
v -8.011531 39.041870 -61.376823
v -9.947958 39.002552 -56.435440
v -8.011531 39.041870 -61.376823
v -7.768055 40.551052 -56.224094
v -6.081002 43.255505 -58.478970
v -13.868582 38.183735 -51.305161
v -9.947958 39.002552 -56.435440
v -10.839106 37.678261 -56.804562
v -6.081002 43.255505 -58.478970
v -6.090289 42.163738 -61.469124
v -8.011531 39.041870 -61.376823
v -6.081002 43.255505 -58.478970
v -4.768384 39.286800 -60.868492
v -6.090289 42.163738 -61.469124
v -6.090289 42.163738 -61.469124
v -4.768384 39.286800 -60.868492
v -5.909722 38.983246 -61.848511
v -8.011531 39.041870 -61.376823
v -6.090289 42.163738 -61.469124
v -5.909722 38.983246 -61.848511
v -4.768384 39.286800 -60.868492
v -1.911730 38.829334 -63.222427
v -5.909722 38.983246 -61.848511
v -9.947958 39.002552 -56.435440
v -8.011531 39.041870 -61.376823
v -9.059517 37.991318 -61.443165
v -9.059517 37.991318 -61.443165
v -10.839106 37.678261 -56.804562
v -9.947958 39.002552 -56.435440
v -1.911730 38.829334 -63.222427
v -4.360449 38.919128 -64.338181
v -5.909722 38.983246 -61.848511
v -4.360449 38.919128 -64.338181
v -1.911730 38.829334 -63.222427
v -1.601838 37.626369 -64.331619
v -8.011531 39.041870 -61.376823
v -5.909722 38.983246 -61.848511
v -7.205612 38.604885 -63.157383
v -7.205612 38.604885 -63.157383
v -5.909722 38.983246 -61.848511
v -4.360449 38.919128 -64.338181
v -8.461479 37.605869 -62.855503
v -9.059517 37.991318 -61.443165
v -8.011531 39.041870 -61.376823
v -8.011531 39.041870 -61.376823
v -7.205612 38.604885 -63.157383
v -8.461479 37.605869 -62.855503
v -10.839106 37.678261 -56.804562
v -9.059517 37.991318 -61.443165
v -10.535108 37.092781 -61.852493
v -10.535108 37.092781 -61.852493
v -9.059517 37.991318 -61.443165
v -8.461479 37.605869 -62.855503
v -13.868582 38.183735 -51.305161
v -10.839106 37.678261 -56.804562
v -13.177374 35.900070 -57.357716
v -13.177374 35.900070 -57.357716
v -10.839106 37.678261 -56.804562
v -10.535108 37.092781 -61.852493
v -13.177374 35.900070 -57.357716
v -15.299013 36.210342 -51.901527
v -13.868582 38.183735 -51.305161
v -8.492156 37.242031 -63.489487
v -10.535108 37.092781 -61.852493
v -8.461479 37.605869 -62.855503
v -13.177374 35.900070 -57.357716
v -16.386204 33.775982 -52.578396
v -15.299013 36.210342 -51.901527
v -16.802376 33.955750 -51.044800
v -15.299013 36.210342 -51.901527
v -16.386204 33.775982 -52.578396
v -17.822134 30.699497 -51.728359
v -16.802376 33.955750 -51.044800
v -16.386204 33.775982 -52.578396
v -8.054705 37.603176 -64.526474
v -8.492156 37.242031 -63.489487
v -8.461479 37.605869 -62.855503
v -7.205612 38.604885 -63.157383
v -8.054705 37.603176 -64.526474
v -8.461479 37.605869 -62.855503
v -16.386204 33.775982 -52.578396
v -16.821295 30.603176 -54.019306
v -17.822134 30.699497 -51.728359
v -16.821295 30.603176 -54.019306
v -18.548384 27.104715 -52.275089
v -17.822134 30.699497 -51.728359
v -7.205612 38.604885 -63.157383
v -7.674331 37.917194 -65.428154
v -8.054705 37.603176 -64.526474
v -7.205612 38.604885 -63.157383
v -4.360449 38.919128 -64.338181
v -7.674331 37.917194 -65.428154
v -18.548384 27.104715 -52.275089
v -16.821295 30.603176 -54.019306
v -17.457453 27.100510 -54.529129
v -18.796543 23.588882 -52.562786
v -18.548384 27.104715 -52.275089
v -17.457453 27.100510 -54.529129
v -14.945256 33.540874 -57.970470
v -16.821295 30.603176 -54.019306
v -16.386204 33.775982 -52.578396
v -16.386204 33.775982 -52.578396
v -13.177374 35.900070 -57.357716
v -14.945256 33.540874 -57.970470
v -17.457453 27.100510 -54.529129
v -17.623760 23.676577 -54.786476
v -18.796543 23.588882 -52.562786
v -18.796543 23.588882 -52.562786
v -17.623760 23.676577 -54.786476
v -17.265575 20.355865 -54.835533
v -15.524412 30.473549 -58.518391
v -17.457453 27.100510 -54.529129
v -16.821295 30.603176 -54.019306
v -16.821295 30.603176 -54.019306
v -14.945256 33.540874 -57.970470
v -15.524412 30.473549 -58.518391
v -15.698520 27.092888 -58.917484
v -17.623760 23.676577 -54.786476
v -17.457453 27.100510 -54.529129
v -17.457453 27.100510 -54.529129
v -15.524412 30.473549 -58.518391
v -15.698520 27.092888 -58.917484
v -15.629886 23.793699 -59.083775
v -17.265575 20.355865 -54.835533
v -17.623760 23.676577 -54.786476
v -17.623760 23.676577 -54.786476
v -15.698520 27.092888 -58.917484
v -15.629886 23.793699 -59.083775
v -14.945256 33.540874 -57.970470
v -12.248613 33.123600 -62.953140
v -15.524412 30.473549 -58.518391
v -12.437057 30.211584 -63.004765
v -15.698520 27.092888 -58.917484
v -15.524412 30.473549 -58.518391
v -12.248613 33.123600 -62.953140
v -12.437057 30.211584 -63.004765
v -15.524412 30.473549 -58.518391
v -11.349983 35.443771 -62.396500
v -14.945256 33.540874 -57.970470
v -13.177374 35.900070 -57.357716
v -14.945256 33.540874 -57.970470
v -11.349983 35.443771 -62.396500
v -12.248613 33.123600 -62.953140
v -13.177374 35.900070 -57.357716
v -10.535108 37.092781 -61.852493
v -11.349983 35.443771 -62.396500
v -10.645063 33.136059 -63.623409
v -12.437057 30.211584 -63.004765
v -12.248613 33.123600 -62.953140
v -11.349983 35.443771 -62.396500
v -10.645063 33.136059 -63.623409
v -12.248613 33.123600 -62.953140
v -15.698520 27.092888 -58.917484
v -12.437057 30.211584 -63.004765
v -13.017191 27.038145 -63.681206
v -15.698520 27.092888 -58.917484
v -13.017191 27.038145 -63.681206
v -15.629886 23.793699 -59.083775
v -12.437057 30.211584 -63.004765
v -10.645063 33.136059 -63.623409
v -11.187164 29.718237 -66.048813
v -11.187164 29.718237 -66.048813
v -13.017191 27.038145 -63.681206
v -12.437057 30.211584 -63.004765
v -10.645063 33.136059 -63.623409
v -11.349983 35.443771 -62.396500
v -9.897567 34.891823 -64.868362
v -9.258076 35.961208 -64.240944
v -11.349983 35.443771 -62.396500
v -10.535108 37.092781 -61.852493
v -11.349983 35.443771 -62.396500
v -9.258076 35.961208 -64.240944
v -9.897567 34.891823 -64.868362
v -10.535108 37.092781 -61.852493
v -8.492156 37.242031 -63.489487
v -9.258076 35.961208 -64.240944
v -8.589000 31.561773 -67.823219
v -10.645063 33.136059 -63.623409
v -9.897567 34.891823 -64.868362
v -10.645063 33.136059 -63.623409
v -8.589000 31.561773 -67.823219
v -11.187164 29.718237 -66.048813
v -8.757368 35.728622 -64.967072
v -9.897567 34.891823 -64.868362
v -9.258076 35.961208 -64.240944
v -9.258076 35.961208 -64.240944
v -8.492156 37.242031 -63.489487
v -8.194423 36.374130 -64.751427
v -8.757368 35.728622 -64.967072
v -9.258076 35.961208 -64.240944
v -8.194423 36.374130 -64.751427
v -8.194423 36.374130 -64.751427
v -8.492156 37.242031 -63.489487
v -8.054705 37.603176 -64.526474
v -8.874592 35.131470 -65.538513
v -9.897567 34.891823 -64.868362
v -8.757368 35.728622 -64.967072
v -8.194423 36.374130 -64.751427
v -8.874592 35.131470 -65.538513
v -8.757368 35.728622 -64.967072
v -8.589000 31.561773 -67.823219
v -9.897567 34.891823 -64.868362
v -8.874592 35.131470 -65.538513
v -7.753408 36.774002 -65.778984
v -8.194423 36.374130 -64.751427
v -8.054705 37.603176 -64.526474
v -7.753408 36.774002 -65.778984
v -8.054705 37.603176 -64.526474
v -7.674331 37.917194 -65.428154
v -8.874592 35.131470 -65.538513
v -8.194423 36.374130 -64.751427
v -7.850428 35.371395 -66.209442
v -7.753408 36.774002 -65.778984
v -7.850428 35.371395 -66.209442
v -8.194423 36.374130 -64.751427
v -8.874592 35.131470 -65.538513
v -7.850428 35.371395 -66.209442
v -8.589000 31.561773 -67.823219
v -7.720123 37.212837 -66.557648
v -7.753408 36.774002 -65.778984
v -7.674331 37.917194 -65.428154
v -7.498060 35.795322 -67.705887
v -7.850428 35.371395 -66.209442
v -7.753408 36.774002 -65.778984
v -7.498060 35.795322 -67.705887
v -7.753408 36.774002 -65.778984
v -7.720123 37.212837 -66.557648
v -7.498060 35.795322 -67.705887
v -8.589000 31.561773 -67.823219
v -7.850428 35.371395 -66.209442
v -7.674331 37.917194 -65.428154
v -6.993362 37.594322 -65.940453
v -7.720123 37.212837 -66.557648
v -6.993362 37.594322 -65.940453
v -7.498060 35.795322 -67.705887
v -7.720123 37.212837 -66.557648
v -4.360449 38.919128 -64.338181
v -6.993362 37.594322 -65.940453
v -7.674331 37.917194 -65.428154
v -6.993362 37.594322 -65.940453
v -4.360449 38.919128 -64.338181
v -3.242557 37.154968 -66.609291
v -4.360449 38.919128 -64.338181
v -1.601838 37.626369 -64.331619
v -3.242557 37.154968 -66.609291
v -1.601838 37.626369 -64.331619
v -0.659828 35.731247 -68.113541
v -3.242557 37.154968 -66.609291
v -3.242557 37.154968 -66.609291
v -5.161870 36.725952 -67.318306
v -6.993362 37.594322 -65.940453
v -6.993362 37.594322 -65.940453
v -5.161870 36.725952 -67.318306
v -7.498060 35.795322 -67.705887
v -3.242557 37.154968 -66.609291
v -3.013373 34.261650 -72.207565
v -5.161870 36.725952 -67.318306
v -3.013373 34.261650 -72.207565
v -7.498060 35.795322 -67.705887
v -5.161870 36.725952 -67.318306
v -0.659828 35.731247 -68.113541
v -1.629209 34.624432 -72.300133
v -3.242557 37.154968 -66.609291
v -3.013373 34.261650 -72.207565
v -3.242557 37.154968 -66.609291
v -1.629209 34.624432 -72.300133
v -1.629209 34.624432 -72.300133
v -0.659828 35.731247 -68.113541
v 0.635190 33.930302 -72.774368
v -0.659828 35.731247 -68.113541
v 2.550693 33.251793 -71.029053
v 0.635190 33.930302 -72.774368
v -0.909851 33.325188 -74.335220
v -3.013373 34.261650 -72.207565
v -1.629209 34.624432 -72.300133
v 2.550693 33.251793 -71.029053
v 2.978811 32.850067 -74.229691
v 0.635190 33.930302 -72.774368
v 4.247149 33.461906 -71.029053
v 2.978811 32.850067 -74.229691
v 2.550693 33.251793 -71.029053
v -1.629209 34.624432 -72.300133
v 0.635190 33.930302 -72.774368
v 0.283101 33.664043 -74.298744
v -0.909851 33.325188 -74.335220
v -1.629209 34.624432 -72.300133
v 0.283101 33.664043 -74.298744
v 0.635190 33.930302 -72.774368
v 2.978811 32.850067 -74.229691
v 1.510141 33.539268 -74.265228
v 0.283101 33.664043 -74.298744
v 0.635190 33.930302 -72.774368
v 1.510141 33.539268 -74.265228
v 2.978811 32.850067 -74.229691
v 4.247149 33.461906 -71.029053
v 4.225995 32.983124 -74.193428
v 4.247149 33.461906 -71.029053
v 5.231215 33.068195 -74.164383
v 4.225995 32.983124 -74.193428
v 2.052220 32.775574 -76.147690
v 0.283101 33.664043 -74.298744
v 1.510141 33.539268 -74.265228
v 5.231215 33.068195 -74.164383
v 5.027862 32.814545 -75.859047
v 4.225995 32.983124 -74.193428
v 5.783199 32.896580 -75.859047
v 5.027862 32.814545 -75.859047
v 5.231215 33.068195 -74.164383
v 5.783199 32.896580 -75.859047
v 5.588906 32.136765 -78.518890
v 5.027862 32.814545 -75.859047
v 1.763185 32.178776 -76.182648
v 0.283101 33.664043 -74.298744
v 2.052220 32.775574 -76.147690
v 1.763185 32.178776 -76.182648
v -0.909851 33.325188 -74.335220
v 0.283101 33.664043 -74.298744
v 1.510141 33.539268 -74.265228
v 2.614919 33.045517 -76.147690
v 2.052220 32.775574 -76.147690
v 2.614919 33.045517 -76.147690
v 1.510141 33.539268 -74.265228
v 2.978811 32.850067 -74.229691
v 2.888685 31.523573 -78.518890
v 1.763185 32.178776 -76.182648
v 2.052220 32.775574 -76.147690
v 2.614919 33.045517 -76.147690
v 2.888685 31.523573 -78.518890
v 2.052220 32.775574 -76.147690
v 2.614919 33.045517 -76.147690
v 2.978811 32.850067 -74.229691
v 3.196753 32.645561 -75.859047
v 2.978811 32.850067 -74.229691
v 4.225995 32.983124 -74.193428
v 3.196753 32.645561 -75.859047
v 2.888685 31.523573 -78.518890
v 2.614919 33.045517 -76.147690
v 3.616301 31.813736 -78.518890
v 3.196753 32.645561 -75.859047
v 3.616301 31.813736 -78.518890
v 2.614919 33.045517 -76.147690
v 4.225995 32.983124 -74.193428
v 4.214859 32.731110 -75.859047
v 3.196753 32.645561 -75.859047
v 4.225995 32.983124 -74.193428
v 5.027862 32.814545 -75.859047
v 4.214859 32.731110 -75.859047
v 3.616301 31.813736 -78.518890
v 3.196753 32.645561 -75.859047
v 4.360178 31.970936 -78.518890
v 4.214859 32.731110 -75.859047
v 4.360178 31.970936 -78.518890
v 3.196753 32.645561 -75.859047
v 5.027862 32.814545 -75.859047
v 5.043363 32.057751 -78.518890
v 4.214859 32.731110 -75.859047
v 4.360178 31.970936 -78.518890
v 4.214859 32.731110 -75.859047
v 5.043363 32.057751 -78.518890
v 5.043363 32.057751 -78.518890
v 5.027862 32.814545 -75.859047
v 5.588906 32.136765 -78.518890
v 4.360178 31.970936 -78.518890
v 3.849046 31.054289 -84.014984
v 3.616301 31.813736 -78.518890
v 5.588906 32.136765 -78.518890
v 5.131252 31.263165 -84.056984
v 5.043363 32.057751 -78.518890
v 5.131252 31.263165 -84.056984
v 5.588906 32.136765 -78.518890
v 5.627663 31.329250 -84.073158
v 5.043363 32.057751 -78.518890
v 4.509194 31.190212 -84.036789
v 4.360178 31.970936 -78.518890
v 4.509194 31.190212 -84.036789
v 5.043363 32.057751 -78.518890
v 5.131252 31.263165 -84.056984
v 3.849046 31.054289 -84.014984
v 4.360178 31.970936 -78.518890
v 4.509194 31.190212 -84.036789
v 5.627663 31.329250 -84.073158
v 5.238079 30.791788 -90.788269
v 5.131252 31.263165 -84.056984
v 5.238079 30.791788 -90.788269
v 5.627663 31.329250 -84.073158
v 5.674513 30.847370 -90.788269
v 5.131252 31.263165 -84.056984
v 4.691523 30.583473 -90.788269
v 4.509194 31.190212 -84.036789
v 4.691523 30.583473 -90.788269
v 5.131252 31.263165 -84.056984
v 5.238079 30.791788 -90.788269
v 4.509194 31.190212 -84.036789
v 4.135874 30.379915 -90.788269
v 3.849046 31.054289 -84.014984
v 4.135874 30.379915 -90.788269
v 4.509194 31.190212 -84.036789
v 4.691523 30.583473 -90.788269
v 5.705194 26.640488 -91.914497
v 5.238079 30.791788 -90.788269
v 5.674513 30.847370 -90.788269
v 5.674513 30.847370 -90.788269
v 6.085503 26.639288 -91.914497
v 5.705194 26.640488 -91.914497
v 5.238079 30.791788 -90.788269
v 5.317471 26.642281 -91.914497
v 4.691523 30.583473 -90.788269
v 5.238079 30.791788 -90.788269
v 5.705194 26.640488 -91.914497
v 5.317471 26.642281 -91.914497
v 4.831902 26.646158 -91.914497
v 4.135874 30.379915 -90.788269
v 4.691523 30.583473 -90.788269
v 4.691523 30.583473 -90.788269
v 5.317471 26.642281 -91.914497
v 4.831902 26.646158 -91.914497
v 5.650882 22.871622 -91.461655
v 5.705194 26.640488 -91.914497
v 6.085503 26.639288 -91.914497
v 6.085503 26.639288 -91.914497
v 6.073443 22.822392 -91.461655
v 5.650882 22.871622 -91.461655
v 5.705194 26.640488 -91.914497
v 5.214797 22.927078 -91.461655
v 5.317471 26.642281 -91.914497
v 5.214797 22.927078 -91.461655
v 5.705194 26.640488 -91.914497
v 5.650882 22.871622 -91.461655
v 5.317471 26.642281 -91.914497
v 4.854984 23.021133 -91.461670
v 4.831902 26.646158 -91.914497
v 4.854984 23.021133 -91.461670
v 5.317471 26.642281 -91.914497
v 5.214797 22.927078 -91.461655
v 6.073443 22.822392 -91.461655
v 5.588689 22.339933 -84.720856
v 5.650882 22.871622 -91.461655
v 5.588689 22.339933 -84.720856
v 6.073443 22.822392 -91.461655
v 6.067286 22.269178 -84.624138
v 5.650882 22.871622 -91.461655
v 5.457141 22.422159 -84.821869
v 5.214797 22.927078 -91.461655
v 5.650882 22.871622 -91.461655
v 5.588689 22.339933 -84.720856
v 5.457141 22.422159 -84.821869
v 5.214797 22.927078 -91.461655
v 4.472948 22.391130 -84.947540
v 4.854984 23.021133 -91.461670
v 4.472948 22.391130 -84.947540
v 5.214797 22.927078 -91.461655
v 5.457141 22.422159 -84.821869
v 4.621398 23.110912 -91.461655
v 4.831902 26.646158 -91.914497
v 4.854984 23.021133 -91.461670
v 4.854984 23.021133 -91.461670
v 4.472948 22.391130 -84.947540
v 4.621398 23.110912 -91.461655
v 4.831902 26.646158 -91.914497
v 4.621398 23.110912 -91.461655
v 4.362071 26.647808 -91.914497
v 4.135874 30.379915 -90.788269
v 4.831902 26.646158 -91.914497
v 4.362071 26.647808 -91.914497
v 4.621398 23.110912 -91.461655
v 4.472948 22.391130 -84.947540
v 3.801933 22.550854 -84.937737
v 4.135874 30.379915 -90.788269
v 4.362071 26.647808 -91.914497
v 3.672162 30.095072 -90.788269
v 3.672162 30.095072 -90.788269
v 3.849046 31.054289 -84.014984
v 4.135874 30.379915 -90.788269
v 4.362071 26.647808 -91.914497
v 4.621398 23.110912 -91.461655
v 4.122989 23.305126 -91.461655
v 4.621398 23.110912 -91.461655
v 3.801933 22.550854 -84.937737
v 4.122989 23.305126 -91.461655
v 3.672162 30.095072 -90.788269
v 4.362071 26.647808 -91.914497
v 4.021581 26.642927 -91.914497
v 4.122989 23.305126 -91.461655
v 4.021581 26.642927 -91.914497
v 4.362071 26.647808 -91.914497
v 3.849046 31.054289 -84.014984
v 3.672162 30.095072 -90.788269
v 3.238303 30.799212 -83.993958
v 3.238303 30.799212 -83.993958
v 3.616301 31.813736 -78.518890
v 3.849046 31.054289 -84.014984
v 3.616301 31.813736 -78.518890
v 3.238303 30.799212 -83.993958
v 2.888685 31.523573 -78.518890
v 3.238303 30.799212 -83.993958
v 3.672162 30.095072 -90.788269
v 3.130676 29.725204 -90.614639
v 4.021581 26.642927 -91.914497
v 3.130676 29.725204 -90.614639
v 3.672162 30.095072 -90.788269
v 2.638841 30.335213 -83.971939
v 2.888685 31.523573 -78.518890
v 3.238303 30.799212 -83.993958
v 3.130676 29.725204 -90.614639
v 2.638841 30.335213 -83.971939
v 3.238303 30.799212 -83.993958
v 2.888685 31.523573 -78.518890
v 2.638841 30.335213 -83.971939
v 2.234481 30.997965 -78.510620
v 1.763185 32.178776 -76.182648
v 2.888685 31.523573 -78.518890
v 2.234481 30.997965 -78.510620
v 3.130676 29.725204 -90.614639
v 4.021581 26.642927 -91.914497
v 3.512591 26.639929 -91.621109
v 1.763185 32.178776 -76.182648
v 2.234481 30.997965 -78.510620
v 0.960528 31.050522 -76.287498
v 0.960528 31.050522 -76.287498
v -0.909851 33.325188 -74.335220
v 1.763185 32.178776 -76.182648
v 2.638841 30.335213 -83.971939
v 1.710841 30.134434 -78.485786
v 2.234481 30.997965 -78.510620
v 1.710841 30.134434 -78.485786
v 0.960528 31.050522 -76.287498
v 2.234481 30.997965 -78.510620
v 2.341710 28.952965 -90.093712
v 2.638841 30.335213 -83.971939
v 3.130676 29.725204 -90.614639
v 3.130676 29.725204 -90.614639
v 3.512591 26.639929 -91.621109
v 2.341710 28.952965 -90.093712
v 1.710841 30.134434 -78.485786
v 2.638841 30.335213 -83.971939
v 2.007647 29.578585 -83.947014
v 2.638841 30.335213 -83.971939
v 2.341710 28.952965 -90.093712
v 2.007647 29.578585 -83.947014
v 1.710841 30.134434 -78.485786
v 0.430001 29.614061 -76.426208
v 0.960528 31.050522 -76.287498
v 1.256806 29.367439 -77.900604
v 1.710841 30.134434 -78.485786
v 2.007647 29.578585 -83.947014
v 0.430001 29.614061 -76.426208
v 1.710841 30.134434 -78.485786
v 1.256806 29.367439 -77.900604
v 2.007647 29.578585 -83.947014
v 2.341710 28.952965 -90.093712
v 1.791633 28.539875 -83.240494
v 1.256806 29.367439 -77.900604
v 2.007647 29.578585 -83.947014
v 1.791633 28.539875 -83.240494
v 0.430001 29.614061 -76.426208
v -1.206633 31.356192 -74.366791
v 0.960528 31.050522 -76.287498
v -0.909851 33.325188 -74.335220
v 0.960528 31.050522 -76.287498
v -1.206633 31.356192 -74.366791
v 0.430001 29.614061 -76.426208
v 1.256806 29.367439 -77.900604
v -0.059800 28.092651 -76.562721
v -3.426437 31.669291 -72.399429
v -0.909851 33.325188 -74.335220
v -1.206633 31.356192 -74.366791
v -0.909851 33.325188 -74.335220
v -3.426437 31.669291 -72.399429
v -3.013373 34.261650 -72.207565
v -1.206633 31.356192 -74.366791
v 0.430001 29.614061 -76.426208
v -2.180755 29.893793 -74.634651
v -3.426437 31.669291 -72.399429
v -1.206633 31.356192 -74.366791
v -2.180755 29.893793 -74.634651
v -0.059800 28.092651 -76.562721
v -2.180755 29.893793 -74.634651
v 0.430001 29.614061 -76.426208
v -3.426437 31.669291 -72.399429
v -7.498060 35.795322 -67.705887
v -3.013373 34.261650 -72.207565
v -7.498060 35.795322 -67.705887
v -3.426437 31.669291 -72.399429
v -6.058672 32.641556 -69.606171
v -8.589000 31.561773 -67.823219
v -7.498060 35.795322 -67.705887
v -6.058672 32.641556 -69.606171
v -2.180755 29.893793 -74.634651
v -4.658404 30.165909 -72.251541
v -3.426437 31.669291 -72.399429
v -3.426437 31.669291 -72.399429
v -4.658404 30.165909 -72.251541
v -6.058672 32.641556 -69.606171
v -6.058672 32.641556 -69.606171
v -7.430233 28.698498 -71.038567
v -8.589000 31.561773 -67.823219
v -4.658404 30.165909 -72.251541
v -7.430233 28.698498 -71.038567
v -6.058672 32.641556 -69.606171
v -4.658404 30.165909 -72.251541
v -2.180755 29.893793 -74.634651
v -2.697798 28.227285 -74.747581
v -2.180755 29.893793 -74.634651
v -0.059800 28.092651 -76.562721
v -2.697798 28.227285 -74.747581
v -4.658404 30.165909 -72.251541
v -4.939390 28.341686 -73.205208
v -7.430233 28.698498 -71.038567
v -4.658404 30.165909 -72.251541
v -2.697798 28.227285 -74.747581
v -4.939390 28.341686 -73.205208
v -8.589000 31.561773 -67.823219
v -7.430233 28.698498 -71.038567
v -9.402867 29.158787 -67.916580
v -8.589000 31.561773 -67.823219
v -9.402867 29.158787 -67.916580
v -11.187164 29.718237 -66.048813
v -7.430233 28.698498 -71.038567
v -9.660814 26.725824 -68.107513
v -9.402867 29.158787 -67.916580
v -9.402867 29.158787 -67.916580
v -11.365643 26.892559 -66.270058
v -11.187164 29.718237 -66.048813
v -11.365643 26.892559 -66.270058
v -9.402867 29.158787 -67.916580
v -9.660814 26.725824 -68.107513
v -13.017191 27.038145 -63.681206
v -11.187164 29.718237 -66.048813
v -11.365643 26.892559 -66.270058
v -9.660814 26.725824 -68.107513
v -7.430233 28.698498 -71.038567
v -7.138655 26.607635 -70.479027
v -4.939390 28.341686 -73.205208
v -7.138655 26.607635 -70.479027
v -7.430233 28.698498 -71.038567
v -11.365643 26.892559 -66.270058
v -12.678163 23.933729 -63.746181
v -13.017191 27.038145 -63.681206
v -13.017191 27.038145 -63.681206
v -12.678163 23.933729 -63.746181
v -15.629886 23.793699 -59.083775
v -9.344330 24.293629 -68.054451
v -11.365643 26.892559 -66.270058
v -9.660814 26.725824 -68.107513
v -7.138655 26.607635 -70.479027
v -9.344330 24.293629 -68.054451
v -9.660814 26.725824 -68.107513
v -12.678163 23.933729 -63.746181
v -11.365643 26.892559 -66.270058
v -11.022285 24.090145 -66.243538
v -11.365643 26.892559 -66.270058
v -9.344330 24.293629 -68.054451
v -11.022285 24.090145 -66.243538
v -7.138655 26.607635 -70.479027
v -4.939390 28.341686 -73.205208
v -5.290260 26.553894 -73.677483
v -2.697798 28.227285 -74.747581
v -5.290260 26.553894 -73.677483
v -4.939390 28.341686 -73.205208
v -9.344330 24.293629 -68.054451
v -7.138655 26.607635 -70.479027
v -6.909639 24.574869 -70.780914
v -5.290260 26.553894 -73.677483
v -2.697798 28.227285 -74.747581
v -2.249136 26.568172 -75.962563
v -2.697798 28.227285 -74.747581
v -0.059800 28.092651 -76.562721
v -2.249136 26.568172 -75.962563
v -5.095559 24.884163 -72.769478
v -7.138655 26.607635 -70.479027
v -5.290260 26.553894 -73.677483
v -7.138655 26.607635 -70.479027
v -5.095559 24.884163 -72.769478
v -6.909639 24.574869 -70.780914
v -2.249136 26.568172 -75.962563
v -5.095559 24.884163 -72.769478
v -5.290260 26.553894 -73.677483
v -6.887329 22.542408 -70.527885
v -9.344330 24.293629 -68.054451
v -6.909639 24.574869 -70.780914
v -5.095559 24.884163 -72.769478
v -6.887329 22.542408 -70.527885
v -6.909639 24.574869 -70.780914
v -11.022285 24.090145 -66.243538
v -9.344330 24.293629 -68.054451
v -9.636040 21.864855 -67.842674
v -9.344330 24.293629 -68.054451
v -6.887329 22.542408 -70.527885
v -9.636040 21.864855 -67.842674
v -11.022285 24.090145 -66.243538
v -9.636040 21.864855 -67.842674
v -10.360722 21.411005 -66.038063
v -10.360722 21.411005 -66.038063
v -12.678163 23.933729 -63.746181
v -11.022285 24.090145 -66.243538
v -9.636040 21.864855 -67.842674
v -6.887329 22.542408 -70.527885
v -6.243389 20.452469 -70.360199
v -12.678163 23.933729 -63.746181
v -10.360722 21.411005 -66.038063
v -12.553727 21.057848 -63.532570
v -15.629886 23.793699 -59.083775
v -12.678163 23.933729 -63.746181
v -12.553727 21.057848 -63.532570
v -9.695123 19.442156 -67.628502
v -10.360722 21.411005 -66.038063
v -9.636040 21.864855 -67.842674
v -9.636040 21.864855 -67.842674
v -6.243389 20.452469 -70.360199
v -9.695123 19.442156 -67.628502
v -10.360722 21.411005 -66.038063
v -9.695123 19.442156 -67.628502
v -9.324763 18.955149 -65.018021
v -10.360722 21.411005 -66.038063
v -9.324763 18.955149 -65.018021
v -12.553727 21.057848 -63.532570
v -15.629886 23.793699 -59.083775
v -12.553727 21.057848 -63.532570
v -15.234795 20.682377 -59.527245
v -17.265575 20.355865 -54.835533
v -15.629886 23.793699 -59.083775
v -15.234795 20.682377 -59.527245
v -10.650457 18.570015 -63.252045
v -15.234795 20.682377 -59.527245
v -12.553727 21.057848 -63.532570
v -12.553727 21.057848 -63.532570
v -9.324763 18.955149 -65.018021
v -10.650457 18.570015 -63.252045
v -17.265575 20.355865 -54.835533
v -15.234795 20.682377 -59.527245
v -14.297023 17.865334 -59.384945
v -15.234795 20.682377 -59.527245
v -10.650457 18.570015 -63.252045
v -14.297023 17.865334 -59.384945
v -17.265575 20.355865 -54.835533
v -14.297023 17.865334 -59.384945
v -16.456192 17.162859 -54.550869
v -12.888877 15.665810 -59.179794
v -16.456192 17.162859 -54.550869
v -14.297023 17.865334 -59.384945
v -10.650457 18.570015 -63.252045
v -12.888877 15.665810 -59.179794
v -14.297023 17.865334 -59.384945
v -16.456192 17.162859 -54.550869
v -12.888877 15.665810 -59.179794
v -15.167653 14.564636 -54.533234
v -12.888877 15.665810 -59.179794
v -10.666877 12.405553 -54.365715
v -15.167653 14.564636 -54.533234
v -12.888877 15.665810 -59.179794
v -10.650457 18.570015 -63.252045
v -8.974274 16.716722 -62.984367
v -10.666877 12.405553 -54.365715
v -12.888877 15.665810 -59.179794
v -10.946784 14.407043 -58.977062
v -8.974274 16.716722 -62.984367
v -10.946784 14.407043 -58.977062
v -12.888877 15.665810 -59.179794
v -7.573570 13.604925 -59.463253
v -10.666877 12.405553 -54.365715
v -10.946784 14.407043 -58.977062
v -10.666877 12.405553 -54.365715
v -7.573570 13.604925 -59.463253
v -7.689045 11.634761 -53.453018
v -4.712842 12.781029 -58.266476
v -7.689045 11.634761 -53.453018
v -7.573570 13.604925 -59.463253
v -7.573570 13.604925 -59.463253
v -4.687523 14.866859 -62.665123
v -4.712842 12.781029 -58.266476
v -7.788475 15.744461 -62.688534
v -7.573570 13.604925 -59.463253
v -10.946784 14.407043 -58.977062
v -10.946784 14.407043 -58.977062
v -8.974274 16.716722 -62.984367
v -7.788475 15.744461 -62.688534
v -4.687523 14.866859 -62.665123
v -7.573570 13.604925 -59.463253
v -6.388187 15.277108 -62.656830
v -7.573570 13.604925 -59.463253
v -7.788475 15.744461 -62.688534
v -6.388187 15.277108 -62.656830
v -8.974274 16.716722 -62.984367
v -7.339747 16.285858 -64.003960
v -7.788475 15.744461 -62.688534
v -6.388187 15.277108 -62.656830
v -7.788475 15.744461 -62.688534
v -7.339747 16.285858 -64.003960
v -10.650457 18.570015 -63.252045
v -8.282962 17.386709 -64.790184
v -8.974274 16.716722 -62.984367
v -8.974274 16.716722 -62.984367
v -8.282962 17.386709 -64.790184
v -7.339747 16.285858 -64.003960
v -8.282962 17.386709 -64.790184
v -10.650457 18.570015 -63.252045
v -9.324763 18.955149 -65.018021
v -6.314419 16.298862 -65.037682
v -6.388187 15.277108 -62.656830
v -7.339747 16.285858 -64.003960
v -8.282962 17.386709 -64.790184
v -6.314419 16.298862 -65.037682
v -7.339747 16.285858 -64.003960
v -6.314419 16.298862 -65.037682
v -4.687523 14.866859 -62.665123
v -6.388187 15.277108 -62.656830
v -4.687523 14.866859 -62.665123
v -6.314419 16.298862 -65.037682
v -4.677577 15.617299 -65.004387
v -9.324763 18.955149 -65.018021
v -7.705545 17.452003 -67.917862
v -8.282962 17.386709 -64.790184
v -6.314419 16.298862 -65.037682
v -8.282962 17.386709 -64.790184
v -7.705545 17.452003 -67.917862
v -9.324763 18.955149 -65.018021
v -9.695123 19.442156 -67.628502
v -7.705545 17.452003 -67.917862
v -6.314419 16.298862 -65.037682
v -5.653840 16.680502 -68.420502
v -4.677577 15.617299 -65.004387
v -5.653840 16.680502 -68.420502
v -6.314419 16.298862 -65.037682
v -7.705545 17.452003 -67.917862
v -5.653840 16.680502 -68.420502
v -1.577505 15.836054 -66.884842
v -4.677577 15.617299 -65.004387
v -9.695123 19.442156 -67.628502
v -6.243389 20.452469 -70.360199
v -7.705545 17.452003 -67.917862
v -1.577505 15.836054 -66.884842
v -5.653840 16.680502 -68.420502
v -3.127603 17.615370 -69.427467
v -0.723659 17.393240 -70.095322
v -1.577505 15.836054 -66.884842
v -3.127603 17.615370 -69.427467
v -5.138047 18.683857 -69.504929
v -5.653840 16.680502 -68.420502
v -7.705545 17.452003 -67.917862
v -5.653840 16.680502 -68.420502
v -5.138047 18.683857 -69.504929
v -3.127603 17.615370 -69.427467
v -7.705545 17.452003 -67.917862
v -6.243389 20.452469 -70.360199
v -5.138047 18.683857 -69.504929
v -0.659907 20.514486 -74.250572
v -0.723659 17.393240 -70.095322
v -3.127603 17.615370 -69.427467
v -0.723659 17.393240 -70.095322
v -0.659907 20.514486 -74.250572
v 0.492161 19.862858 -73.713089
v -2.339904 21.519258 -74.247284
v -3.127603 17.615370 -69.427467
v -5.138047 18.683857 -69.504929
v -0.659907 20.514486 -74.250572
v -3.127603 17.615370 -69.427467
v -2.339904 21.519258 -74.247284
v -6.243389 20.452469 -70.360199
v -2.339904 21.519258 -74.247284
v -5.138047 18.683857 -69.504929
v -0.659907 20.514486 -74.250572
v 0.511211 21.281055 -76.695526
v 0.492161 19.862858 -73.713089
v -2.339904 21.519258 -74.247284
v -6.243389 20.452469 -70.360199
v -2.970878 22.546850 -74.219406
v -0.659907 20.514486 -74.250572
v -2.339904 21.519258 -74.247284
v -0.890697 22.037628 -77.167259
v 0.511211 21.281055 -76.695526
v -0.659907 20.514486 -74.250572
v -0.890697 22.037628 -77.167259
v -1.709073 22.761650 -76.995392
v -2.339904 21.519258 -74.247284
v -2.970878 22.546850 -74.219406
v -2.339904 21.519258 -74.247284
v -1.709073 22.761650 -76.995392
v -0.890697 22.037628 -77.167259
v -6.243389 20.452469 -70.360199
v -3.439056 23.250362 -74.171921
v -2.970878 22.546850 -74.219406
v -6.887329 22.542408 -70.527885
v -3.439056 23.250362 -74.171921
v -6.243389 20.452469 -70.360199
v -6.887329 22.542408 -70.527885
v -5.095559 24.884163 -72.769478
v -3.439056 23.250362 -74.171921
v -1.509872 23.529560 -76.735161
v -2.970878 22.546850 -74.219406
v -3.439056 23.250362 -74.171921
v -2.970878 22.546850 -74.219406
v -1.509872 23.529560 -76.735161
v -1.709073 22.761650 -76.995392
v -5.095559 24.884163 -72.769478
v -1.828353 25.059303 -76.069939
v -3.439056 23.250362 -74.171921
v -3.439056 23.250362 -74.171921
v -1.828353 25.059303 -76.069939
v -1.509872 23.529560 -76.735161
v -5.095559 24.884163 -72.769478
v -2.249136 26.568172 -75.962563
v -1.828353 25.059303 -76.069939
v 1.481808 23.795410 -76.628593
v -1.709073 22.761650 -76.995392
v -1.509872 23.529560 -76.735161
v -2.249136 26.568172 -75.962563
v -0.300120 26.580503 -76.693825
v -1.828353 25.059303 -76.069939
v -0.059800 28.092651 -76.562721
v -0.300120 26.580503 -76.693825
v -2.249136 26.568172 -75.962563
v -1.828353 25.059303 -76.069939
v 0.083253 25.171822 -76.816315
v -1.509872 23.529560 -76.735161
v -0.300120 26.580503 -76.693825
v 0.083253 25.171822 -76.816315
v -1.828353 25.059303 -76.069939
v 0.083253 25.171822 -76.816315
v 1.481808 23.795410 -76.628593
v -1.509872 23.529560 -76.735161
v 0.919326 28.169571 -78.699966
v -0.300120 26.580503 -76.693825
v -0.059800 28.092651 -76.562721
v 1.256806 29.367439 -77.900604
v 0.919326 28.169571 -78.699966
v -0.059800 28.092651 -76.562721
v 1.256806 29.367439 -77.900604
v 1.791633 28.539875 -83.240494
v 0.919326 28.169571 -78.699966
v -0.300120 26.580503 -76.693825
v 0.919326 28.169571 -78.699966
v 0.876817 26.664013 -78.935028
v 1.791633 28.539875 -83.240494
v 0.876817 26.664013 -78.935028
v 0.919326 28.169571 -78.699966
v -0.300120 26.580503 -76.693825
v 0.876817 26.664013 -78.935028
v 0.083253 25.171822 -76.816315
v 0.876817 26.664013 -78.935028
v 1.791633 28.539875 -83.240494
v 1.379257 26.656307 -83.510895
v 1.791633 28.539875 -83.240494
v 2.341710 28.952965 -90.093712
v 1.379257 26.656307 -83.510895
v 0.876817 26.664013 -78.935028
v 0.894107 25.208858 -79.002876
v 0.083253 25.171822 -76.816315
v 1.379257 26.656307 -83.510895
v 0.894107 25.208858 -79.002876
v 0.876817 26.664013 -78.935028
v 2.537270 26.647228 -90.740967
v 1.379257 26.656307 -83.510895
v 2.341710 28.952965 -90.093712
v 2.341710 28.952965 -90.093712
v 3.512591 26.639929 -91.621109
v 2.537270 26.647228 -90.740967
v 0.894107 25.208858 -79.002876
v 1.379257 26.656307 -83.510895
v 1.754648 24.780737 -83.774338
v 1.379257 26.656307 -83.510895
v 2.537270 26.647228 -90.740967
v 1.754648 24.780737 -83.774338
v 0.083253 25.171822 -76.816315
v 0.894107 25.208858 -79.002876
v 1.233403 23.981535 -79.198456
v 1.754648 24.780737 -83.774338
v 1.233403 23.981535 -79.198456
v 0.894107 25.208858 -79.002876
v 0.083253 25.171822 -76.816315
v 1.233403 23.981535 -79.198456
v 1.481808 23.795410 -76.628593
v 2.797602 24.325266 -90.595100
v 1.754648 24.780737 -83.774338
v 2.537270 26.647228 -90.740967
v 2.797602 24.325266 -90.595100
v 2.537270 26.647228 -90.740967
v 3.512591 26.639929 -91.621109
v 1.233403 23.981535 -79.198456
v 1.754648 24.780737 -83.774338
v 1.929516 24.148064 -83.874619
v 1.754648 24.780737 -83.774338
v 2.797602 24.325266 -90.595100
v 1.929516 24.148064 -83.874619
v 1.233403 23.981535 -79.198456
v 2.579575 22.927803 -76.418289
v 1.481808 23.795410 -76.628593
v 2.579575 22.927803 -76.418289
v -1.709073 22.761650 -76.995392
v 1.481808 23.795410 -76.628593
v -1.709073 22.761650 -76.995392
v 2.579575 22.927803 -76.418289
v -0.890697 22.037628 -77.167259
v 2.825040 22.377228 -76.718437
v -0.890697 22.037628 -77.167259
v 2.579575 22.927803 -76.418289
v 1.233403 23.981535 -79.198456
v 2.825040 22.377228 -76.718437
v 2.579575 22.927803 -76.418289
v -0.890697 22.037628 -77.167259
v 2.825040 22.377228 -76.718437
v 0.511211 21.281055 -76.695526
v 2.825040 22.377228 -76.718437
v 1.233403 23.981535 -79.198456
v 1.715873 23.001696 -79.406639
v 1.929516 24.148064 -83.874619
v 1.715873 23.001696 -79.406639
v 1.233403 23.981535 -79.198456
v 3.267770 21.702564 -77.193489
v 0.511211 21.281055 -76.695526
v 2.825040 22.377228 -76.718437
v 2.825040 22.377228 -76.718437
v 1.715873 23.001696 -79.406639
v 3.267770 21.702564 -77.193489
v 1.715873 23.001696 -79.406639
v 1.929516 24.148064 -83.874619
v 2.528990 23.311857 -83.998192
v 1.929516 24.148064 -83.874619
v 2.797602 24.325266 -90.595100
v 2.528990 23.311857 -83.998192
v 2.777145 22.201527 -79.476028
v 3.267770 21.702564 -77.193489
v 1.715873 23.001696 -79.406639
v 2.777145 22.201527 -79.476028
v 1.715873 23.001696 -79.406639
v 2.528990 23.311857 -83.998192
v 0.511211 21.281055 -76.695526
v 3.267770 21.702564 -77.193489
v 1.566563 20.738861 -76.743698
v 1.566563 20.738861 -76.743698
v 0.492161 19.862858 -73.713089
v 0.511211 21.281055 -76.695526
v 2.815459 20.388700 -75.653374
v 0.492161 19.862858 -73.713089
v 1.566563 20.738861 -76.743698
v 3.267770 21.702564 -77.193489
v 3.247279 21.366974 -77.226830
v 1.566563 20.738861 -76.743698
v 1.566563 20.738861 -76.743698
v 3.247279 21.366974 -77.226830
v 3.089614 20.987776 -76.895706
v 3.267770 21.702564 -77.193489
v 2.777145 22.201527 -79.476028
v 3.550940 21.871840 -79.476028
v 2.816762 20.391548 -75.659286
v 2.815459 20.388700 -75.653374
v 1.566563 20.738861 -76.743698
v 3.089614 20.987776 -76.895706
v 2.816762 20.391548 -75.659286
v 1.566563 20.738861 -76.743698
v 2.816762 20.391548 -75.659286
v 4.093826 19.957586 -75.214836
v 2.815459 20.388700 -75.653374
v 4.107802 20.794704 -76.895706
v 2.816762 20.391548 -75.659286
v 3.089614 20.987776 -76.895706
v 2.816762 20.391548 -75.659286
v 4.107802 20.794704 -76.895706
v 4.093826 19.957586 -75.214836
v 4.308558 21.673040 -79.476028
v 4.107802 20.794704 -76.895706
v 3.089614 20.987776 -76.895706
v 4.938302 20.673893 -76.895706
v 4.093826 19.957586 -75.214836
v 4.107802 20.794704 -76.895706
v 3.247279 21.366974 -77.226830
v 3.550940 21.871840 -79.476028
v 4.308558 21.673040 -79.476028
v 4.991264 21.555595 -79.476028
v 4.938302 20.673893 -76.895706
v 4.107802 20.794704 -76.895706
v 4.107802 20.794704 -76.895706
v 4.308558 21.673040 -79.476028
v 4.991264 21.555595 -79.476028
v 5.540298 21.680082 -79.476028
v 4.938302 20.673893 -76.895706
v 4.991264 21.555595 -79.476028
v 5.540298 21.680082 -79.476028
v 5.719833 20.588865 -76.895706
v 4.938302 20.673893 -76.895706
v 5.719833 20.588865 -76.895706
v 5.540298 21.680082 -79.476028
v 6.062654 21.609974 -79.476028
v 6.067286 22.269178 -84.624138
v 6.062654 21.609974 -79.476028
v 5.540298 21.680082 -79.476028
v 5.540298 21.680082 -79.476028
v 5.588689 22.339933 -84.720856
v 6.067286 22.269178 -84.624138
v 5.588689 22.339933 -84.720856
v 5.540298 21.680082 -79.476028
v 4.991264 21.555595 -79.476028
v 4.991264 21.555595 -79.476028
v 5.457141 22.422159 -84.821869
v 5.588689 22.339933 -84.720856
v 5.457141 22.422159 -84.821869
v 4.991264 21.555595 -79.476028
v 4.308558 21.673040 -79.476028
v 4.308558 21.673040 -79.476028
v 4.472948 22.391130 -84.947540
v 5.457141 22.422159 -84.821869
v 4.472948 22.391130 -84.947540
v 4.308558 21.673040 -79.476028
v 3.801933 22.550854 -84.937737
v 4.308558 21.673040 -79.476028
v 3.550940 21.871840 -79.476028
v 3.801933 22.550854 -84.937737
v 3.801933 22.550854 -84.937737
v 3.550940 21.871840 -79.476028
v 3.151708 22.816729 -84.909866
v 3.550940 21.871840 -79.476028
v 2.777145 22.201527 -79.476028
v 3.151708 22.816729 -84.909866
v 4.122989 23.305126 -91.461655
v 3.801933 22.550854 -84.937737
v 3.151708 22.816729 -84.909866
v 3.151708 22.816729 -84.909866
v 2.777145 22.201527 -79.476028
v 2.528990 23.311857 -83.998192
v 4.122989 23.305126 -91.461655
v 3.151708 22.816729 -84.909866
v 3.559571 23.677059 -91.245003
v 2.528990 23.311857 -83.998192
v 3.559571 23.677059 -91.245003
v 3.151708 22.816729 -84.909866
v 3.559571 23.677059 -91.245003
v 4.021581 26.642927 -91.914497
v 4.122989 23.305126 -91.461655
v 3.559571 23.677059 -91.245003
v 2.528990 23.311857 -83.998192
v 2.797602 24.325266 -90.595100
v 4.021581 26.642927 -91.914497
v 3.559571 23.677059 -91.245003
v 3.512591 26.639929 -91.621109
v 3.512591 26.639929 -91.621109
v 3.559571 23.677059 -91.245003
v 2.797602 24.325266 -90.595100
v 18.818752 20.298122 -70.360199
v 16.429869 23.113430 -73.641174
v 19.486629 22.380287 -70.527885
v 17.067898 24.740088 -72.813744
v 19.486629 22.380287 -70.527885
v 16.429869 23.113430 -73.641174
v 19.486629 22.380287 -70.527885
v 21.309851 21.681059 -66.763908
v 18.818752 20.298122 -70.360199
v 19.486629 22.380287 -70.527885
v 17.067898 24.740088 -72.813744
v 19.053617 24.405186 -70.627136
v 17.067898 24.740088 -72.813744
v 18.395927 25.866430 -70.616997
v 19.053617 24.405186 -70.627136
v 21.965710 24.102262 -66.541588
v 19.486629 22.380287 -70.527885
v 19.053617 24.405186 -70.627136
v 18.395927 25.866430 -70.616997
v 21.965710 24.102262 -66.541588
v 19.053617 24.405186 -70.627136
v 19.486629 22.380287 -70.527885
v 21.965710 24.102262 -66.541588
v 21.309851 21.681059 -66.763908
v 21.965710 24.102262 -66.541588
v 18.395927 25.866430 -70.616997
v 22.268751 26.530542 -66.369614
v 19.719051 28.528503 -70.456581
v 22.268751 26.530542 -66.369614
v 18.395927 25.866430 -70.616997
v 21.965710 24.102262 -66.541588
v 23.938612 21.207785 -64.669525
v 21.309851 21.681059 -66.763908
v 22.722469 19.195536 -64.400024
v 21.309851 21.681059 -66.763908
v 23.938612 21.207785 -64.669525
v 23.938612 21.207785 -64.669525
v 25.329777 20.834368 -62.646580
v 22.722469 19.195536 -64.400024
v 23.938612 21.207785 -64.669525
v 21.965710 24.102262 -66.541588
v 24.646601 23.878902 -64.527374
v 22.268751 26.530542 -66.369614
v 24.646601 23.878902 -64.527374
v 21.965710 24.102262 -66.541588
v 23.938612 21.207785 -64.669525
v 26.014967 23.702324 -62.750740
v 25.329777 20.834368 -62.646580
v 26.014967 23.702324 -62.750740
v 23.938612 21.207785 -64.669525
v 24.646601 23.878902 -64.527374
v 28.217648 23.539753 -59.083782
v 25.329777 20.834368 -62.646580
v 26.014967 23.702324 -62.750740
v 26.645594 26.803055 -62.693359
v 28.217648 23.539753 -59.083782
v 26.014967 23.702324 -62.750740
v 24.990904 26.677055 -64.375214
v 26.014967 23.702324 -62.750740
v 24.646601 23.878902 -64.527374
v 26.014967 23.702324 -62.750740
v 24.990904 26.677055 -64.375214
v 26.645594 26.803055 -62.693359
v 24.990904 26.677055 -64.375214
v 24.646601 23.878902 -64.527374
v 22.268751 26.530542 -66.369614
v 24.758345 29.504658 -64.247948
v 26.645594 26.803055 -62.693359
v 24.990904 26.677055 -64.375214
v 22.268751 26.530542 -66.369614
v 24.758345 29.504658 -64.247948
v 24.990904 26.677055 -64.375214
v 26.496359 29.978477 -62.412533
v 26.645594 26.803055 -62.693359
v 24.758345 29.504658 -64.247948
v 25.946918 32.897209 -61.965294
v 26.496359 29.978477 -62.412533
v 24.758345 29.504658 -64.247948
v 24.758345 29.504658 -64.247948
v 23.610447 32.190010 -64.118927
v 25.946918 32.897209 -61.965294
v 21.302746 30.374846 -67.297562
v 23.610447 32.190010 -64.118927
v 24.758345 29.504658 -64.247948
v 24.758345 29.504658 -64.247948
v 22.268751 26.530542 -66.369614
v 21.216181 28.966394 -66.362518
v 21.302746 30.374846 -67.297562
v 24.758345 29.504658 -64.247948
v 21.216181 28.966394 -66.362518
v 19.719051 28.528503 -70.456581
v 21.216181 28.966394 -66.362518
v 22.268751 26.530542 -66.369614
v 21.216181 28.966394 -66.362518
v 19.719051 28.528503 -70.456581
v 21.302746 30.374846 -67.297562
v 3.753393 28.898212 -283.823181
v 3.120721 27.951351 -283.823212
v 2.774002 28.094971 -284.182251
v 2.898555 26.834450 -283.823181
v 2.774002 28.094971 -284.182251
v 3.120721 27.951351 -283.823212
v 2.774002 28.094971 -284.182251
v 3.488091 29.163681 -284.182251
v 3.753393 28.898212 -283.823181
v 4.700256 29.530888 -283.823181
v 3.753393 28.898212 -283.823181
v 3.488091 29.163681 -284.182251
v 2.774002 28.094971 -284.182251
v 2.898555 26.834450 -283.823181
v 2.523247 26.834341 -284.182251
v 3.120719 25.717550 -283.823181
v 2.523247 26.834341 -284.182251
v 2.898555 26.834450 -283.823181
v 3.488091 29.163681 -284.182251
v 2.774002 28.094971 -284.182251
v 2.164405 28.347475 -284.182251
v 2.774002 28.094971 -284.182251
v 1.863424 26.834341 -284.182251
v 2.164405 28.347475 -284.182251
v 1.863424 26.834341 -284.182251
v 2.774002 28.094971 -284.182251
v 2.523247 26.834341 -284.182251
v 2.164405 28.347475 -284.182251
v 3.021526 29.630247 -284.182251
v 3.488091 29.163681 -284.182251
v 2.523247 26.834341 -284.182251
v 2.164403 25.321211 -284.182251
v 1.863424 26.834341 -284.182251
v 4.556801 29.877771 -284.182251
v 3.488091 29.163681 -284.182251
v 3.021526 29.630247 -284.182251
v 3.488091 29.163681 -284.182251
v 4.556801 29.877771 -284.182251
v 4.700256 29.530888 -283.823181
v 3.021526 29.630247 -284.182251
v 4.304298 30.487368 -284.182251
v 4.556801 29.877771 -284.182251
v 4.556801 29.877771 -284.182251
v 5.817157 29.753052 -283.823181
v 4.700256 29.530888 -283.823181
v 5.817431 30.788347 -284.182251
v 4.556801 29.877771 -284.182251
v 4.304298 30.487368 -284.182251
v 4.556801 29.877771 -284.182251
v 5.817430 30.128525 -284.182251
v 5.817157 29.753052 -283.823181
v 4.556801 29.877771 -284.182251
v 5.817431 30.788347 -284.182251
v 5.817430 30.128525 -284.182251
v 5.817430 30.128525 -284.182251
v 6.934058 29.530888 -283.823151
v 5.817157 29.753052 -283.823181
v 5.817431 30.788347 -284.182251
v 7.078061 29.877769 -284.182251
v 5.817430 30.128525 -284.182251
v 6.934058 29.530888 -283.823151
v 5.817430 30.128525 -284.182251
v 7.078061 29.877769 -284.182251
v 7.078061 29.877769 -284.182251
v 5.817431 30.788347 -284.182251
v 7.330564 30.487368 -284.182251
v 7.078061 29.877769 -284.182251
v 7.880920 28.898212 -283.823120
v 6.934058 29.530888 -283.823151
v 8.613335 29.630245 -284.182251
v 7.078061 29.877769 -284.182251
v 7.330564 30.487368 -284.182251
v 7.880920 28.898212 -283.823120
v 7.078061 29.877769 -284.182251
v 8.146770 29.163681 -284.182251
v 7.078061 29.877769 -284.182251
v 8.613335 29.630245 -284.182251
v 8.146770 29.163681 -284.182251
v 8.146770 29.163681 -284.182251
v 8.513593 27.951349 -283.823120
v 7.880920 28.898212 -283.823120
v 9.470454 28.347473 -284.182251
v 8.146770 29.163681 -284.182251
v 8.613335 29.630245 -284.182251
v 8.513593 27.951349 -283.823120
v 8.146770 29.163681 -284.182251
v 8.860858 28.094969 -284.182251
v 8.146770 29.163681 -284.182251
v 9.470454 28.347473 -284.182251
v 8.860858 28.094969 -284.182251
v 8.735758 26.834450 -283.823120
v 8.513593 27.951349 -283.823120
v 8.860858 28.094969 -284.182251
v 9.771436 26.834341 -284.182251
v 8.860858 28.094969 -284.182251
v 9.470454 28.347473 -284.182251
v 8.860858 28.094969 -284.182251
v 9.111613 26.834341 -284.182251
v 8.735758 26.834450 -283.823120
v 8.860858 28.094969 -284.182251
v 9.771436 26.834341 -284.182251
v 9.111613 26.834341 -284.182251
v 8.513594 25.717548 -283.814880
v 8.735758 26.834450 -283.823120
v 9.111613 26.834341 -284.182251
v 9.470455 25.321209 -284.182251
v 9.111613 26.834341 -284.182251
v 9.771436 26.834341 -284.182251
v 9.111613 26.834341 -284.182251
v 9.470455 25.321209 -284.182251
v 8.860860 25.573711 -284.175873
v 9.111613 26.834341 -284.182251
v 8.860860 25.573711 -284.175873
v 8.513594 25.717548 -283.814880
v 8.613335 24.038437 -284.182251
v 8.860860 25.573711 -284.175873
v 9.470455 25.321209 -284.182251
v 8.146770 24.505001 -284.182251
v 8.513594 25.717548 -283.814880
v 8.860860 25.573711 -284.175873
v 8.860860 25.573711 -284.175873
v 8.613335 24.038437 -284.182251
v 8.146770 24.505001 -284.182251
v 8.513594 25.717548 -283.814880
v 8.146770 24.505001 -284.182251
v 7.880920 24.770687 -283.823120
v 7.330563 23.181316 -284.182251
v 8.146770 24.505001 -284.182251
v 8.613335 24.038437 -284.182251
v 7.078060 23.790913 -284.182251
v 7.880920 24.770687 -283.823120
v 8.146770 24.505001 -284.182251
v 8.146770 24.505001 -284.182251
v 7.330563 23.181316 -284.182251
v 7.078060 23.790913 -284.182251
v 7.880920 24.770687 -283.823120
v 7.078060 23.790913 -284.182251
v 6.934057 24.138012 -283.823120
v 7.330563 23.181316 -284.182251
v 5.817430 23.540157 -284.182251
v 7.078060 23.790913 -284.182251
v 5.817430 23.540157 -284.182251
v 6.934057 24.138012 -283.823120
v 7.078060 23.790913 -284.182251
v 5.817430 23.540157 -284.182251
v 7.330563 23.181316 -284.182251
v 5.817430 22.880335 -284.182251
v 6.934057 24.138012 -283.823120
v 5.817430 23.540157 -284.182251
v 5.817156 23.915848 -283.823120
v 4.556799 23.790913 -284.182251
v 5.817430 23.540157 -284.182251
v 5.817430 22.880335 -284.182251
v 4.556799 23.790913 -284.182251
v 5.817156 23.915848 -283.823120
v 5.817430 23.540157 -284.182251
v 5.817430 22.880335 -284.182251
v 4.304296 23.181316 -284.182251
v 4.556799 23.790913 -284.182251
v 5.817156 23.915848 -283.823120
v 4.556799 23.790913 -284.182251
v 4.700254 24.138014 -283.823151
v 3.488089 24.505003 -284.182251
v 4.556799 23.790913 -284.182251
v 4.304296 23.181316 -284.182251
v 3.488089 24.505003 -284.182251
v 4.700254 24.138014 -283.823151
v 4.556799 23.790913 -284.182251
v 4.304296 23.181316 -284.182251
v 3.021525 24.038439 -284.182251
v 3.488089 24.505003 -284.182251
v 4.700254 24.138014 -283.823151
v 3.488089 24.505003 -284.182251
v 3.753392 24.770687 -283.823181
v 3.021525 24.038439 -284.182251
v 2.774001 25.573713 -284.182251
v 3.488089 24.505003 -284.182251
v 2.774001 25.573713 -284.182251
v 3.753392 24.770687 -283.823181
v 3.488089 24.505003 -284.182251
v 3.021525 24.038439 -284.182251
v 2.164403 25.321211 -284.182251
v 2.774001 25.573713 -284.182251
v 3.753392 24.770687 -283.823181
v 2.774001 25.573713 -284.182251
v 3.120719 25.717550 -283.823181
v 2.164403 25.321211 -284.182251
v 2.523247 26.834341 -284.182251
v 2.774001 25.573713 -284.182251
v 2.523247 26.834341 -284.182251
v 3.120719 25.717550 -283.823181
v 2.774001 25.573713 -284.182251

vt 0.650879 0.035156
vt 0.668945 0.035645
vt 0.659668 0.033691
vt 0.641113 0.023926
vt 0.650879 0.035156
vt 0.651855 0.035156
vt 0.650879 0.032715
vt 0.675293 0.037598
vt 0.672852 0.036621
vt 0.668945 0.035645
vt 0.650879 0.033691
vt 0.672852 0.036621
vt 0.857910 0.346191
vt 0.851074 0.345703
vt 0.857910 0.345215
vt 0.851074 0.345703
vt 0.857910 0.346191
vt 0.851074 0.346191
vt 0.979980 0.064453
vt 0.972656 0.063965
vt 0.979980 0.063477
vt 0.972656 0.062988
vt 0.979980 0.063477
vt 0.972656 0.063965
vt 0.711426 0.352051
vt 0.704590 0.351562
vt 0.711426 0.351074
vt 0.704590 0.351562
vt 0.711426 0.352051
vt 0.704590 0.352051
vt 0.972656 0.095215
vt 0.979980 0.095703
vt 0.972656 0.096191
vt 0.972656 0.096191
vt 0.979980 0.095703
vt 0.979980 0.096680
vt 0.784668 0.346191
vt 0.777832 0.345703
vt 0.784668 0.345215
vt 0.777832 0.345703
vt 0.784668 0.346191
vt 0.777832 0.346191
vt 0.981934 0.095215
vt 0.989258 0.095703
vt 0.981934 0.096191
vt 0.981934 0.096191
vt 0.989258 0.095703
vt 0.989258 0.096680
vt 0.748047 0.340332
vt 0.741211 0.339844
vt 0.748047 0.339355
vt 0.741211 0.339844
vt 0.748047 0.340332
vt 0.741211 0.340332
vt 0.972656 0.128418
vt 0.979980 0.127930
vt 0.979980 0.128906
vt 0.979980 0.127930
vt 0.972656 0.128418
vt 0.972656 0.127441
vt 0.887695 0.339844
vt 0.894531 0.340332
vt 0.887695 0.340332
vt 0.894531 0.340332
vt 0.887695 0.339844
vt 0.894531 0.339355
vt 0.981934 0.128418
vt 0.989258 0.127930
vt 0.989258 0.128906
vt 0.989258 0.127930
vt 0.981934 0.128418
vt 0.981934 0.127441
vt 0.711426 0.346191
vt 0.704590 0.345703
vt 0.711426 0.345215
vt 0.704590 0.345703
vt 0.711426 0.346191
vt 0.704590 0.346191
vt 0.979980 0.193359
vt 0.972656 0.192871
vt 0.979980 0.192383
vt 0.972656 0.191895
vt 0.979980 0.192383
vt 0.972656 0.192871
vt 0.711426 0.340332
vt 0.704590 0.339844
vt 0.711426 0.339355
vt 0.704590 0.339844
vt 0.711426 0.340332
vt 0.704590 0.340332
vt 0.989258 0.257812
vt 0.981934 0.257324
vt 0.989258 0.256836
vt 0.981934 0.256348
vt 0.989258 0.256836
vt 0.981934 0.257324
vt 0.857910 0.340332
vt 0.851074 0.339844
vt 0.857910 0.339355
vt 0.851074 0.339844
vt 0.857910 0.340332
vt 0.851074 0.340332
vt 0.979980 0.290039
vt 0.972656 0.289551
vt 0.979980 0.289062
vt 0.972656 0.288574
vt 0.979980 0.289062
vt 0.972656 0.289551
vt 0.931152 0.340332
vt 0.924316 0.339844
vt 0.931152 0.339355
vt 0.924316 0.339844
vt 0.931152 0.340332
vt 0.924316 0.340332
vt 0.989258 0.193359
vt 0.981934 0.192871
vt 0.989258 0.192383
vt 0.981934 0.191895
vt 0.989258 0.192383
vt 0.981934 0.192871
vt 0.821289 0.340332
vt 0.814453 0.339844
vt 0.821289 0.339355
vt 0.814453 0.339844
vt 0.821289 0.340332
vt 0.814453 0.340332
vt 0.979980 0.225586
vt 0.972656 0.225098
vt 0.979980 0.224609
vt 0.972656 0.224121
vt 0.979980 0.224609
vt 0.972656 0.225098
vt 0.784668 0.340332
vt 0.777832 0.339844
vt 0.784668 0.339355
vt 0.777832 0.339844
vt 0.784668 0.340332
vt 0.777832 0.340332
vt 0.989258 0.161133
vt 0.981934 0.160645
vt 0.989258 0.160156
vt 0.981934 0.159668
vt 0.989258 0.160156
vt 0.981934 0.160645
vt 0.967773 0.340332
vt 0.960938 0.339844
vt 0.967773 0.339355
vt 0.960938 0.339844
vt 0.967773 0.340332
vt 0.960938 0.340332
vt 0.981934 0.224121
vt 0.989258 0.224609
vt 0.981934 0.225098
vt 0.989258 0.224609
vt 0.989258 0.225586
vt 0.981934 0.225098
vt 0.814453 0.345703
vt 0.821289 0.346191
vt 0.821289 0.345215
vt 0.821289 0.346191
vt 0.814453 0.345703
vt 0.814453 0.346191
vt 0.989258 0.063477
vt 0.981934 0.063965
vt 0.989258 0.064453
vt 0.981934 0.063965
vt 0.989258 0.063477
vt 0.981934 0.062988
vt 0.967773 0.346191
vt 0.960938 0.345703
vt 0.960938 0.346191
vt 0.960938 0.345703
vt 0.967773 0.346191
vt 0.967773 0.345215
vt 0.972656 0.031738
vt 0.979980 0.032227
vt 0.979980 0.031250
vt 0.972656 0.031738
vt 0.979980 0.031250
vt 0.972656 0.030762
vt 0.931152 0.346191
vt 0.924316 0.345703
vt 0.924316 0.346191
vt 0.924316 0.345703
vt 0.931152 0.346191
vt 0.931152 0.345215
vt 0.989258 0.031250
vt 0.981934 0.030762
vt 0.981934 0.031738
vt 0.981934 0.031738
vt 0.989258 0.032227
vt 0.989258 0.031250
vt 0.748047 0.346191
vt 0.741211 0.345703
vt 0.741211 0.346191
vt 0.741211 0.345703
vt 0.748047 0.346191
vt 0.748047 0.345215
vt 0.979980 0.256836
vt 0.972656 0.256348
vt 0.972656 0.257324
vt 0.972656 0.257324
vt 0.979980 0.257812
vt 0.979980 0.256836
vt 0.887695 0.345703
vt 0.894531 0.346191
vt 0.894531 0.345215
vt 0.894531 0.346191
vt 0.887695 0.345703
vt 0.887695 0.346191
vt 0.979980 0.160156
vt 0.972656 0.159668
vt 0.972656 0.160645
vt 0.979980 0.160156
vt 0.972656 0.160645
vt 0.979980 0.161133
vt 0.610352 0.253418
vt 0.617188 0.236328
vt 0.609375 0.257812
vt 0.617188 0.236328
vt 0.615723 0.272949
vt 0.609375 0.257812
vt 0.267822 0.859863
vt 0.316162 0.000977
vt 0.277832 0.860352
vt 0.257812 0.859253
vt 0.316162 0.000977
vt 0.267822 0.859863
vt 0.277832 0.860352
vt 0.316162 0.000977
vt 0.287842 0.860840
vt 0.247925 0.858521
vt 0.316162 0.000977
vt 0.257812 0.859253
vt 0.237915 0.857666
vt 0.316162 0.000977
vt 0.247925 0.858521
vt 0.287842 0.860840
vt 0.316162 0.000977
vt 0.297852 0.861084
vt 0.297852 0.861084
vt 0.316162 0.000977
vt 0.307861 0.861206
vt 0.307861 0.861206
vt 0.316162 0.000977
vt 0.314697 0.861206
vt 0.314697 0.861206
vt 0.316162 0.000977
vt 0.317871 0.861206
vt 0.317871 0.861206
vt 0.316162 0.000977
vt 0.324707 0.861206
vt 0.324707 0.861206
vt 0.316162 0.000977
vt 0.334717 0.861084
vt 0.334717 0.861084
vt 0.316162 0.000977
vt 0.344727 0.860840
vt 0.344727 0.860840
vt 0.316162 0.000977
vt 0.354736 0.860352
vt 0.354736 0.860352
vt 0.316162 0.000977
vt 0.364746 0.859863
vt 0.364746 0.859863
vt 0.316162 0.000977
vt 0.374756 0.859253
vt 0.374756 0.859253
vt 0.316162 0.000977
vt 0.384766 0.858521
vt 0.989258 0.127930
vt 0.981934 0.127441
vt 0.982422 0.124023
vt 0.982422 0.124023
vt 0.989258 0.124023
vt 0.989258 0.127930
vt 0.982910 0.097656
vt 0.989258 0.124023
vt 0.982422 0.124023
vt 0.989258 0.124023
vt 0.982910 0.097656
vt 0.990234 0.098145
vt 0.665527 0.369141
vt 0.658203 0.369141
vt 0.658203 0.365234
vt 0.665527 0.369141
vt 0.658203 0.365234
vt 0.665039 0.365234
vt 0.657227 0.339355
vt 0.665039 0.365234
vt 0.658203 0.365234
vt 0.665039 0.365234
vt 0.657227 0.339355
vt 0.664551 0.339355
vt 0.972656 0.256348
vt 0.979980 0.256836
vt 0.973145 0.252930
vt 0.973145 0.252930
vt 0.979980 0.256836
vt 0.979980 0.252930
vt 0.979980 0.252930
vt 0.973633 0.226562
vt 0.973145 0.252930
vt 0.973633 0.226562
vt 0.979980 0.252930
vt 0.980957 0.227051
vt 0.972656 0.159668
vt 0.979980 0.160156
vt 0.973145 0.156250
vt 0.973145 0.156250
vt 0.979980 0.160156
vt 0.979980 0.156250
vt 0.979980 0.156250
vt 0.973633 0.129883
vt 0.973145 0.156250
vt 0.973633 0.129883
vt 0.979980 0.156250
vt 0.980957 0.130371
vt 0.413086 0.339355
vt 0.419922 0.339355
vt 0.426758 0.339355
vt 0.426758 0.339355
vt 0.406250 0.339355
vt 0.413086 0.339355
vt 0.406250 0.339355
vt 0.426758 0.339355
vt 0.433594 0.339355
vt 0.406250 0.339355
vt 0.433594 0.339355
vt 0.385986 0.339355
vt 0.406250 0.339355
vt 0.385986 0.339355
vt 0.399414 0.339355
vt 0.385986 0.339355
vt 0.392578 0.339355
vt 0.399414 0.339355
vt 0.440186 0.394043
vt 0.440186 0.339355
vt 0.433594 0.394043
vt 0.433594 0.339355
vt 0.433594 0.394043
vt 0.440186 0.339355
vt 0.433594 0.394043
vt 0.433594 0.339355
vt 0.426758 0.394043
vt 0.426758 0.339355
vt 0.426758 0.394043
vt 0.433594 0.339355
vt 0.419922 0.339355
vt 0.426758 0.394043
vt 0.426758 0.339355
vt 0.426758 0.394043
vt 0.419922 0.339355
vt 0.419922 0.394043
vt 0.419922 0.339355
vt 0.413086 0.394043
vt 0.419922 0.394043
vt 0.413086 0.339355
vt 0.413086 0.394043
vt 0.419922 0.339355
vt 0.406250 0.339355
vt 0.413086 0.394043
vt 0.413086 0.339355
vt 0.413086 0.394043
vt 0.406250 0.339355
vt 0.406250 0.394043
vt 0.399414 0.339355
vt 0.406250 0.394043
vt 0.406250 0.339355
vt 0.406250 0.394043
vt 0.399414 0.339355
vt 0.399414 0.394043
vt 0.392578 0.339355
vt 0.399414 0.394043
vt 0.399414 0.339355
vt 0.399414 0.394043
vt 0.392578 0.339355
vt 0.392578 0.394043
vt 0.385986 0.339355
vt 0.392578 0.394043
vt 0.392578 0.339355
vt 0.392578 0.394043
vt 0.385986 0.339355
vt 0.385986 0.394043
vt 0.467773 0.339355
vt 0.474365 0.339355
vt 0.480957 0.339355
vt 0.480957 0.339355
vt 0.461182 0.339355
vt 0.467773 0.339355
vt 0.461182 0.339355
vt 0.480957 0.339355
vt 0.487305 0.339355
vt 0.461182 0.339355
vt 0.487305 0.339355
vt 0.441650 0.339355
vt 0.461182 0.339355
vt 0.441650 0.339355
vt 0.454590 0.339355
vt 0.441650 0.339355
vt 0.448242 0.339355
vt 0.454590 0.339355
vt 0.493896 0.392090
vt 0.493896 0.339355
vt 0.487305 0.392090
vt 0.487305 0.339355
vt 0.487305 0.392090
vt 0.493896 0.339355
vt 0.487305 0.392090
vt 0.487305 0.339355
vt 0.480957 0.392090
vt 0.480957 0.339355
vt 0.480957 0.392090
vt 0.487305 0.339355
vt 0.480957 0.339355
vt 0.474365 0.392090
vt 0.480957 0.392090
vt 0.474365 0.339355
vt 0.474365 0.392090
vt 0.480957 0.339355
vt 0.474365 0.339355
vt 0.467773 0.392090
vt 0.474365 0.392090
vt 0.467773 0.392090
vt 0.474365 0.339355
vt 0.467773 0.339355
vt 0.461182 0.339355
vt 0.467773 0.392090
vt 0.467773 0.339355
vt 0.467773 0.392090
vt 0.461182 0.339355
vt 0.461182 0.392090
vt 0.454590 0.339355
vt 0.461182 0.392090
vt 0.461182 0.339355
vt 0.461182 0.392090
vt 0.454590 0.339355
vt 0.454590 0.392090
vt 0.454590 0.392090
vt 0.454590 0.339355
vt 0.448242 0.392090
vt 0.448242 0.392090
vt 0.454590 0.339355
vt 0.448242 0.339355
vt 0.448242 0.392090
vt 0.448242 0.339355
vt 0.441650 0.392090
vt 0.441650 0.392090
vt 0.448242 0.339355
vt 0.441650 0.339355
vt 0.973145 0.059570
vt 0.979980 0.063477
vt 0.972656 0.062988
vt 0.979980 0.063477
vt 0.973145 0.059570
vt 0.979980 0.059570
vt 0.973633 0.033203
vt 0.979980 0.059570
vt 0.973145 0.059570
vt 0.979980 0.059570
vt 0.973633 0.033203
vt 0.980957 0.033691
vt 0.989258 0.258789
vt 0.982910 0.284668
vt 0.981934 0.258789
vt 0.989258 0.258789
vt 0.989746 0.284668
vt 0.982910 0.284668
vt 0.989746 0.284668
vt 0.982910 0.288574
vt 0.982910 0.284668
vt 0.982910 0.288574
vt 0.989746 0.284668
vt 0.990234 0.288574
vt 0.822266 0.349121
vt 0.825684 0.348633
vt 0.822266 0.350098
vt 0.825684 0.348633
vt 0.822266 0.349121
vt 0.825684 0.348145
vt 0.825684 0.348145
vt 0.851074 0.346191
vt 0.825684 0.348633
vt 0.851074 0.346191
vt 0.825684 0.348145
vt 0.851074 0.345703
vt 0.788086 0.361328
vt 0.784668 0.360352
vt 0.788086 0.360352
vt 0.784668 0.359375
vt 0.788086 0.360352
vt 0.784668 0.360352
vt 0.784668 0.360352
vt 0.760742 0.357910
vt 0.784668 0.359375
vt 0.760742 0.356934
vt 0.784668 0.359375
vt 0.760742 0.357910
vt 0.973145 0.091797
vt 0.979980 0.095703
vt 0.972656 0.095215
vt 0.979980 0.095703
vt 0.973145 0.091797
vt 0.979980 0.091797
vt 0.973633 0.065430
vt 0.979980 0.091797
vt 0.973145 0.091797
vt 0.979980 0.091797
vt 0.973633 0.065430
vt 0.980957 0.065918
vt 0.581055 0.339355
vt 0.574707 0.365234
vt 0.573730 0.339355
vt 0.581055 0.339355
vt 0.581543 0.365234
vt 0.574707 0.365234
vt 0.581543 0.365234
vt 0.574707 0.369141
vt 0.574707 0.365234
vt 0.574707 0.369141
vt 0.581543 0.365234
vt 0.582031 0.369141
vt 0.675781 0.354980
vt 0.679199 0.354492
vt 0.675781 0.355957
vt 0.679199 0.354492
vt 0.675781 0.354980
vt 0.679199 0.354004
vt 0.679199 0.354004
vt 0.704590 0.352051
vt 0.679199 0.354492
vt 0.704590 0.352051
vt 0.679199 0.354004
vt 0.704590 0.351562
vt 0.703125 0.361328
vt 0.699707 0.360352
vt 0.703125 0.360352
vt 0.699707 0.359375
vt 0.703125 0.360352
vt 0.699707 0.360352
vt 0.699707 0.360352
vt 0.675781 0.357910
vt 0.699707 0.359375
vt 0.675781 0.356934
vt 0.699707 0.359375
vt 0.675781 0.357910
vt 0.982422 0.091797
vt 0.982910 0.065430
vt 0.990234 0.065918
vt 0.982422 0.091797
vt 0.990234 0.065918
vt 0.989258 0.091797
vt 0.989258 0.091797
vt 0.981934 0.095215
vt 0.982422 0.091797
vt 0.981934 0.095215
vt 0.989258 0.091797
vt 0.989258 0.095703
vt 0.618652 0.365234
vt 0.610840 0.339355
vt 0.618164 0.339355
vt 0.610840 0.339355
vt 0.618652 0.365234
vt 0.611816 0.365234
vt 0.619141 0.369141
vt 0.611816 0.365234
vt 0.618652 0.365234
vt 0.611816 0.365234
vt 0.619141 0.369141
vt 0.611816 0.369141
vt 0.749023 0.349121
vt 0.752441 0.348633
vt 0.749023 0.350098
vt 0.752441 0.348633
vt 0.749023 0.349121
vt 0.752441 0.348145
vt 0.752441 0.348145
vt 0.777832 0.346191
vt 0.752441 0.348633
vt 0.777832 0.346191
vt 0.752441 0.348145
vt 0.777832 0.345703
vt 0.881348 0.355469
vt 0.877930 0.354492
vt 0.881348 0.354492
vt 0.877930 0.353516
vt 0.881348 0.354492
vt 0.877930 0.354492
vt 0.877930 0.354492
vt 0.854004 0.352051
vt 0.877930 0.353516
vt 0.854004 0.351074
vt 0.877930 0.353516
vt 0.854004 0.352051
vt 0.973145 0.124023
vt 0.973633 0.097656
vt 0.980957 0.098145
vt 0.980957 0.098145
vt 0.979980 0.124023
vt 0.973145 0.124023
vt 0.979980 0.124023
vt 0.972656 0.127441
vt 0.973145 0.124023
vt 0.972656 0.127441
vt 0.979980 0.124023
vt 0.979980 0.127930
vt 0.655762 0.365234
vt 0.647949 0.339355
vt 0.655273 0.339355
vt 0.647949 0.339355
vt 0.655762 0.365234
vt 0.648926 0.365234
vt 0.656250 0.369141
vt 0.648926 0.365234
vt 0.655762 0.365234
vt 0.648926 0.365234
vt 0.656250 0.369141
vt 0.648926 0.369141
vt 0.712402 0.343262
vt 0.715820 0.342773
vt 0.712402 0.344238
vt 0.715820 0.342773
vt 0.712402 0.343262
vt 0.715820 0.342285
vt 0.715820 0.342285
vt 0.741211 0.340332
vt 0.715820 0.342773
vt 0.741211 0.340332
vt 0.715820 0.342285
vt 0.741211 0.339844
vt 0.996094 0.349609
vt 0.992676 0.348633
vt 0.996094 0.348633
vt 0.992676 0.347656
vt 0.996094 0.348633
vt 0.992676 0.348633
vt 0.992676 0.348633
vt 0.968750 0.346191
vt 0.992676 0.347656
vt 0.968750 0.345215
vt 0.992676 0.347656
vt 0.968750 0.346191
vt 0.546875 0.369141
vt 0.553711 0.365234
vt 0.554199 0.369141
vt 0.553711 0.365234
vt 0.546875 0.369141
vt 0.546875 0.365234
vt 0.553223 0.339355
vt 0.553711 0.365234
vt 0.546875 0.365234
vt 0.546875 0.365234
vt 0.545898 0.339355
vt 0.553223 0.339355
vt 0.887695 0.340332
vt 0.862305 0.342285
vt 0.887695 0.339844
vt 0.862305 0.342285
vt 0.887695 0.340332
vt 0.862305 0.342773
vt 0.862305 0.342773
vt 0.858887 0.343262
vt 0.862305 0.342285
vt 0.858887 0.343262
vt 0.862305 0.342773
vt 0.858887 0.344238
vt 0.966309 0.355469
vt 0.962891 0.354492
vt 0.966309 0.354492
vt 0.962891 0.353516
vt 0.966309 0.354492
vt 0.962891 0.354492
vt 0.962891 0.354492
vt 0.938965 0.352051
vt 0.962891 0.353516
vt 0.938965 0.351074
vt 0.962891 0.353516
vt 0.938965 0.352051
vt 0.973145 0.188477
vt 0.979980 0.192383
vt 0.972656 0.191895
vt 0.973145 0.188477
vt 0.979980 0.188477
vt 0.979980 0.192383
vt 0.973633 0.162109
vt 0.979980 0.188477
vt 0.973145 0.188477
vt 0.979980 0.188477
vt 0.973633 0.162109
vt 0.980957 0.162598
vt 0.973633 0.320801
vt 0.980469 0.316895
vt 0.980957 0.320801
vt 0.980469 0.316895
vt 0.973633 0.320801
vt 0.973633 0.316895
vt 0.979980 0.291016
vt 0.980469 0.316895
vt 0.973633 0.316895
vt 0.973633 0.316895
vt 0.972656 0.291016
vt 0.979980 0.291016
vt 0.675781 0.349121
vt 0.679199 0.348633
vt 0.675781 0.350098
vt 0.679199 0.348633
vt 0.675781 0.349121
vt 0.679199 0.348145
vt 0.679199 0.348145
vt 0.704590 0.346191
vt 0.679199 0.348633
vt 0.704590 0.346191
vt 0.679199 0.348145
vt 0.704590 0.345703
vt 0.816406 0.361328
vt 0.812988 0.360352
vt 0.816406 0.360352
vt 0.812988 0.359375
vt 0.816406 0.360352
vt 0.812988 0.360352
vt 0.812988 0.360352
vt 0.789062 0.357910
vt 0.812988 0.359375
vt 0.789062 0.356934
vt 0.812988 0.359375
vt 0.789062 0.357910
vt 0.982422 0.252930
vt 0.989258 0.256836
vt 0.981934 0.256348
vt 0.982422 0.252930
vt 0.989258 0.252930
vt 0.989258 0.256836
vt 0.982910 0.226562
vt 0.989258 0.252930
vt 0.982422 0.252930
vt 0.989258 0.252930
vt 0.982910 0.226562
vt 0.990234 0.227051
vt 0.583984 0.369141
vt 0.590820 0.365234
vt 0.591309 0.369141
vt 0.590820 0.365234
vt 0.583984 0.369141
vt 0.583984 0.365234
vt 0.590332 0.339355
vt 0.590820 0.365234
vt 0.583984 0.365234
vt 0.583984 0.365234
vt 0.583008 0.339355
vt 0.590332 0.339355
vt 0.675781 0.343262
vt 0.679199 0.342773
vt 0.675781 0.344238
vt 0.679199 0.342773
vt 0.675781 0.343262
vt 0.679199 0.342285
vt 0.679199 0.342285
vt 0.704590 0.340332
vt 0.679199 0.342773
vt 0.704590 0.340332
vt 0.679199 0.342285
vt 0.704590 0.339844
vt 0.994629 0.355469
vt 0.991211 0.354492
vt 0.994629 0.354492
vt 0.991211 0.353516
vt 0.994629 0.354492
vt 0.991211 0.354492
vt 0.991211 0.354492
vt 0.967285 0.352051
vt 0.991211 0.353516
vt 0.967285 0.351074
vt 0.991211 0.353516
vt 0.967285 0.352051
vt 0.973145 0.285156
vt 0.979980 0.289062
vt 0.972656 0.288574
vt 0.973145 0.285156
vt 0.979980 0.285156
vt 0.979980 0.289062
vt 0.973633 0.258789
vt 0.979980 0.285156
vt 0.973145 0.285156
vt 0.979980 0.285156
vt 0.973633 0.258789
vt 0.980957 0.259277
vt 0.556152 0.369141
vt 0.562988 0.365234
vt 0.563477 0.369141
vt 0.562988 0.365234
vt 0.556152 0.369141
vt 0.556152 0.365234
vt 0.562500 0.339355
vt 0.562988 0.365234
vt 0.556152 0.365234
vt 0.556152 0.365234
vt 0.555176 0.339355
vt 0.562500 0.339355
vt 0.822266 0.343262
vt 0.825684 0.342773
vt 0.822266 0.344238
vt 0.825684 0.342773
vt 0.822266 0.343262
vt 0.825684 0.342285
vt 0.825684 0.342285
vt 0.851074 0.340332
vt 0.825684 0.342773
vt 0.851074 0.340332
vt 0.825684 0.342285
vt 0.851074 0.339844
vt 0.853027 0.355469
vt 0.849609 0.354492
vt 0.853027 0.354492
vt 0.849609 0.353516
vt 0.853027 0.354492
vt 0.849609 0.354492
vt 0.849609 0.354492
vt 0.825684 0.352051
vt 0.849609 0.353516
vt 0.825684 0.351074
vt 0.849609 0.353516
vt 0.825684 0.352051
vt 0.982422 0.188477
vt 0.989258 0.192383
vt 0.981934 0.191895
vt 0.982422 0.188477
vt 0.989258 0.188477
vt 0.989258 0.192383
vt 0.982910 0.162109
vt 0.989258 0.188477
vt 0.982422 0.188477
vt 0.989258 0.188477
vt 0.982910 0.162109
vt 0.990234 0.162598
vt 0.630371 0.369141
vt 0.637207 0.365234
vt 0.637695 0.369141
vt 0.637207 0.365234
vt 0.630371 0.369141
vt 0.630371 0.365234
vt 0.636719 0.339355
vt 0.637207 0.365234
vt 0.630371 0.365234
vt 0.630371 0.365234
vt 0.629395 0.339355
vt 0.636719 0.339355
vt 0.895508 0.343262
vt 0.898926 0.342773
vt 0.895508 0.344238
vt 0.898926 0.342773
vt 0.895508 0.343262
vt 0.898926 0.342285
vt 0.898926 0.342285
vt 0.924316 0.340332
vt 0.898926 0.342773
vt 0.924316 0.340332
vt 0.898926 0.342285
vt 0.924316 0.339844
vt 0.796387 0.355469
vt 0.792969 0.354492
vt 0.796387 0.354492
vt 0.792969 0.353516
vt 0.796387 0.354492
vt 0.792969 0.354492
vt 0.792969 0.354492
vt 0.769043 0.352051
vt 0.792969 0.353516
vt 0.769043 0.351074
vt 0.792969 0.353516
vt 0.769043 0.352051
vt 0.785645 0.343262
vt 0.789062 0.342773
vt 0.785645 0.344238
vt 0.789062 0.342773
vt 0.785645 0.343262
vt 0.789062 0.342285
vt 0.789062 0.342285
vt 0.814453 0.340332
vt 0.789062 0.342773
vt 0.814453 0.340332
vt 0.789062 0.342285
vt 0.814453 0.339844
vt 0.759766 0.361328
vt 0.756348 0.360352
vt 0.759766 0.360352
vt 0.756348 0.359375
vt 0.759766 0.360352
vt 0.756348 0.360352
vt 0.756348 0.360352
vt 0.732422 0.357910
vt 0.756348 0.359375
vt 0.732422 0.356934
vt 0.756348 0.359375
vt 0.732422 0.357910
vt 0.982422 0.156250
vt 0.989258 0.160156
vt 0.981934 0.159668
vt 0.982422 0.156250
vt 0.989258 0.156250
vt 0.989258 0.160156
vt 0.982910 0.129883
vt 0.989258 0.156250
vt 0.982422 0.156250
vt 0.989258 0.156250
vt 0.982910 0.129883
vt 0.990234 0.130371
vt 0.593262 0.369141
vt 0.600098 0.365234
vt 0.600586 0.369141
vt 0.600098 0.365234
vt 0.593262 0.369141
vt 0.593262 0.365234
vt 0.599609 0.339355
vt 0.600098 0.365234
vt 0.593262 0.365234
vt 0.593262 0.365234
vt 0.592285 0.339355
vt 0.599609 0.339355
vt 0.749023 0.343262
vt 0.752441 0.342773
vt 0.749023 0.344238
vt 0.752441 0.342773
vt 0.749023 0.343262
vt 0.752441 0.342285
vt 0.752441 0.342285
vt 0.777832 0.340332
vt 0.752441 0.342773
vt 0.777832 0.340332
vt 0.752441 0.342285
vt 0.777832 0.339844
vt 0.739746 0.355469
vt 0.736328 0.354492
vt 0.739746 0.354492
vt 0.736328 0.353516
vt 0.739746 0.354492
vt 0.736328 0.354492
vt 0.736328 0.354492
vt 0.712402 0.352051
vt 0.736328 0.353516
vt 0.712402 0.351074
vt 0.736328 0.353516
vt 0.712402 0.352051
vt 0.982422 0.220703
vt 0.982910 0.194336
vt 0.990234 0.194824
vt 0.990234 0.194824
vt 0.989258 0.220703
vt 0.982422 0.220703
vt 0.989258 0.220703
vt 0.981934 0.224121
vt 0.982422 0.220703
vt 0.981934 0.224121
vt 0.989258 0.220703
vt 0.989258 0.224609
vt 0.932129 0.343262
vt 0.935547 0.342773
vt 0.932129 0.344238
vt 0.935547 0.342773
vt 0.932129 0.343262
vt 0.935547 0.342285
vt 0.935547 0.342285
vt 0.960938 0.340332
vt 0.935547 0.342773
vt 0.960938 0.340332
vt 0.935547 0.342285
vt 0.960938 0.339844
vt 0.768066 0.355469
vt 0.764648 0.354492
vt 0.768066 0.354492
vt 0.764648 0.353516
vt 0.768066 0.354492
vt 0.764648 0.354492
vt 0.764648 0.354492
vt 0.740723 0.352051
vt 0.764648 0.353516
vt 0.740723 0.351074
vt 0.764648 0.353516
vt 0.740723 0.352051
vt 0.982910 0.033203
vt 0.989258 0.059570
vt 0.990234 0.033691
vt 0.989258 0.059570
vt 0.982910 0.033203
vt 0.982422 0.059570
vt 0.982422 0.059570
vt 0.989258 0.063477
vt 0.989258 0.059570
vt 0.989258 0.063477
vt 0.982422 0.059570
vt 0.981934 0.062988
vt 0.674316 0.365234
vt 0.667480 0.369141
vt 0.674805 0.369141
vt 0.667480 0.369141
vt 0.674316 0.365234
vt 0.667480 0.365234
vt 0.673828 0.339355
vt 0.667480 0.365234
vt 0.674316 0.365234
vt 0.667480 0.365234
vt 0.673828 0.339355
vt 0.666504 0.339355
vt 0.789062 0.348145
vt 0.814453 0.346191
vt 0.814453 0.345703
vt 0.814453 0.346191
vt 0.789062 0.348145
vt 0.789062 0.348633
vt 0.785645 0.349121
vt 0.789062 0.348633
vt 0.789062 0.348145
vt 0.789062 0.348633
vt 0.785645 0.349121
vt 0.785645 0.350098
vt 0.992676 0.341797
vt 0.968750 0.339355
vt 0.968750 0.340332
vt 0.992676 0.341797
vt 0.968750 0.340332
vt 0.992676 0.342773
vt 0.996094 0.342773
vt 0.992676 0.341797
vt 0.992676 0.342773
vt 0.996094 0.342773
vt 0.992676 0.342773
vt 0.996094 0.343750
vt 0.973145 0.027344
vt 0.980957 0.001465
vt 0.973633 0.000977
vt 0.980957 0.001465
vt 0.973145 0.027344
vt 0.979980 0.027344
vt 0.972656 0.030762
vt 0.979980 0.027344
vt 0.973145 0.027344
vt 0.979980 0.027344
vt 0.972656 0.030762
vt 0.979980 0.031250
vt 0.646973 0.369141
vt 0.639648 0.365234
vt 0.639648 0.369141
vt 0.646484 0.365234
vt 0.639648 0.365234
vt 0.646973 0.369141
vt 0.646484 0.365234
vt 0.638672 0.339355
vt 0.639648 0.365234
vt 0.638672 0.339355
vt 0.646484 0.365234
vt 0.645996 0.339355
vt 0.935547 0.348633
vt 0.932129 0.349121
vt 0.932129 0.350098
vt 0.932129 0.349121
vt 0.935547 0.348633
vt 0.935547 0.348145
vt 0.960938 0.346191
vt 0.935547 0.348145
vt 0.935547 0.348633
vt 0.935547 0.348145
vt 0.960938 0.346191
vt 0.960938 0.345703
vt 0.906250 0.353516
vt 0.882324 0.351074
vt 0.882324 0.352051
vt 0.882324 0.352051
vt 0.906250 0.354492
vt 0.906250 0.353516
vt 0.909668 0.354492
vt 0.906250 0.353516
vt 0.906250 0.354492
vt 0.906250 0.354492
vt 0.909668 0.355469
vt 0.909668 0.354492
vt 0.982422 0.027344
vt 0.990234 0.001465
vt 0.982910 0.000977
vt 0.990234 0.001465
vt 0.982422 0.027344
vt 0.989258 0.027344
vt 0.981934 0.030762
vt 0.989258 0.027344
vt 0.982422 0.027344
vt 0.989258 0.027344
vt 0.981934 0.030762
vt 0.989258 0.031250
vt 0.609863 0.369141
vt 0.602539 0.365234
vt 0.602539 0.369141
vt 0.609375 0.365234
vt 0.602539 0.365234
vt 0.609863 0.369141
vt 0.609375 0.365234
vt 0.601562 0.339355
vt 0.602539 0.365234
vt 0.601562 0.339355
vt 0.609375 0.365234
vt 0.608887 0.339355
vt 0.898926 0.348633
vt 0.895508 0.349121
vt 0.895508 0.350098
vt 0.895508 0.349121
vt 0.898926 0.348633
vt 0.898926 0.348145
vt 0.924316 0.346191
vt 0.898926 0.348145
vt 0.898926 0.348633
vt 0.898926 0.348145
vt 0.924316 0.346191
vt 0.924316 0.345703
vt 0.821289 0.353516
vt 0.797363 0.351074
vt 0.797363 0.352051
vt 0.797363 0.352051
vt 0.821289 0.354492
vt 0.821289 0.353516
vt 0.824707 0.354492
vt 0.821289 0.353516
vt 0.821289 0.354492
vt 0.821289 0.354492
vt 0.824707 0.355469
vt 0.824707 0.354492
vt 0.989746 0.316895
vt 0.982910 0.320801
vt 0.990234 0.320801
vt 0.982910 0.320801
vt 0.989746 0.316895
vt 0.982910 0.316895
vt 0.989258 0.291016
vt 0.982910 0.316895
vt 0.989746 0.316895
vt 0.982910 0.316895
vt 0.989258 0.291016
vt 0.981934 0.291016
vt 0.715820 0.348633
vt 0.712402 0.349121
vt 0.712402 0.350098
vt 0.712402 0.349121
vt 0.715820 0.348633
vt 0.715820 0.348145
vt 0.741211 0.346191
vt 0.715820 0.348145
vt 0.715820 0.348633
vt 0.715820 0.348145
vt 0.741211 0.346191
vt 0.741211 0.345703
vt 0.728027 0.359375
vt 0.704102 0.356934
vt 0.704102 0.357910
vt 0.704102 0.357910
vt 0.728027 0.360352
vt 0.728027 0.359375
vt 0.731445 0.360352
vt 0.728027 0.359375
vt 0.728027 0.360352
vt 0.728027 0.360352
vt 0.731445 0.361328
vt 0.731445 0.360352
vt 0.572266 0.365234
vt 0.565430 0.369141
vt 0.572754 0.369141
vt 0.565430 0.369141
vt 0.572266 0.365234
vt 0.565430 0.365234
vt 0.571777 0.339355
vt 0.565430 0.365234
vt 0.572266 0.365234
vt 0.565430 0.365234
vt 0.571777 0.339355
vt 0.564453 0.339355
vt 0.862305 0.348633
vt 0.858887 0.349121
vt 0.858887 0.350098
vt 0.858887 0.349121
vt 0.862305 0.348633
vt 0.862305 0.348145
vt 0.887695 0.346191
vt 0.862305 0.348145
vt 0.862305 0.348633
vt 0.862305 0.348145
vt 0.887695 0.346191
vt 0.887695 0.345703
vt 0.934570 0.353516
vt 0.910645 0.351074
vt 0.910645 0.352051
vt 0.910645 0.352051
vt 0.934570 0.354492
vt 0.934570 0.353516
vt 0.937988 0.354492
vt 0.934570 0.353516
vt 0.934570 0.354492
vt 0.934570 0.354492
vt 0.937988 0.355469
vt 0.937988 0.354492
vt 0.220825 0.929199
vt 0.235840 0.826050
vt 0.236694 0.929749
vt 0.235840 0.826050
vt 0.220825 0.929199
vt 0.220093 0.826782
vt 0.205688 0.929260
vt 0.220093 0.826782
vt 0.220825 0.929199
vt 0.220093 0.826782
vt 0.205688 0.929260
vt 0.205200 0.826782
vt 0.190674 0.929382
vt 0.205200 0.826782
vt 0.205688 0.929260
vt 0.205200 0.826782
vt 0.190674 0.929382
vt 0.190430 0.826782
vt 0.175903 0.929443
vt 0.190430 0.826782
vt 0.190674 0.929382
vt 0.190430 0.826782
vt 0.175903 0.929443
vt 0.175659 0.826782
vt 0.161255 0.929443
vt 0.175659 0.826782
vt 0.175903 0.929443
vt 0.175659 0.826782
vt 0.161255 0.929443
vt 0.161133 0.826782
vt 0.161133 0.826782
vt 0.161255 0.929443
vt 0.146851 0.826904
vt 0.146973 0.929443
vt 0.146851 0.826904
vt 0.161255 0.929443
vt 0.146851 0.826904
vt 0.146973 0.929443
vt 0.132812 0.827026
vt 0.132812 0.827026
vt 0.146973 0.929443
vt 0.132935 0.929504
vt 0.132812 0.827026
vt 0.132935 0.929504
vt 0.119080 0.827148
vt 0.119080 0.827148
vt 0.132935 0.929504
vt 0.119080 0.929504
vt 0.119080 0.929504
vt 0.105286 0.827148
vt 0.119080 0.827148
vt 0.105286 0.827148
vt 0.119080 0.929504
vt 0.105225 0.929565
vt 0.105225 0.929565
vt 0.091248 0.827148
vt 0.105286 0.827148
vt 0.091248 0.827148
vt 0.105225 0.929565
vt 0.091187 0.929626
vt 0.091187 0.929626
vt 0.076904 0.827026
vt 0.091248 0.827148
vt 0.076904 0.827026
vt 0.091187 0.929626
vt 0.076843 0.929688
vt 0.076843 0.929688
vt 0.062256 0.827026
vt 0.076904 0.827026
vt 0.062256 0.827026
vt 0.076843 0.929688
vt 0.062134 0.929688
vt 0.062134 0.929688
vt 0.047424 0.827026
vt 0.062256 0.827026
vt 0.047424 0.827026
vt 0.062134 0.929688
vt 0.047241 0.929688
vt 0.047241 0.929688
vt 0.032623 0.827148
vt 0.047424 0.827026
vt 0.032623 0.827148
vt 0.047241 0.929688
vt 0.032196 0.929688
vt 0.032196 0.929688
vt 0.017639 0.827271
vt 0.032623 0.827148
vt 0.017639 0.827271
vt 0.032196 0.929688
vt 0.016937 0.929688
vt 0.001123 0.930298
vt 0.017639 0.827271
vt 0.016937 0.929688
vt 0.017639 0.827271
vt 0.001123 0.930298
vt 0.001925 0.826538
vt 0.007874 0.814697
vt 0.019852 0.820068
vt 0.005741 0.818848
vt 0.007874 0.814697
vt 0.020966 0.815430
vt 0.019852 0.820068
vt 0.034058 0.820068
vt 0.019852 0.820068
vt 0.020966 0.815430
vt 0.020966 0.815430
vt 0.034973 0.815552
vt 0.034058 0.820068
vt 0.048370 0.819946
vt 0.034058 0.820068
vt 0.034973 0.815552
vt 0.048370 0.819946
vt 0.034973 0.815552
vt 0.049042 0.815552
vt 0.062866 0.815552
vt 0.048370 0.819946
vt 0.049042 0.815552
vt 0.048370 0.819946
vt 0.062866 0.815552
vt 0.062622 0.819946
vt 0.076721 0.815430
vt 0.062622 0.819946
vt 0.062866 0.815552
vt 0.076843 0.819824
vt 0.062622 0.819946
vt 0.076721 0.815430
vt 0.076721 0.815430
vt 0.090698 0.815186
vt 0.076843 0.819824
vt 0.091003 0.819824
vt 0.076843 0.819824
vt 0.090698 0.815186
vt 0.090698 0.815186
vt 0.104736 0.815063
vt 0.091003 0.819824
vt 0.104736 0.815063
vt 0.104980 0.819824
vt 0.091003 0.819824
vt 0.118896 0.814819
vt 0.104980 0.819824
vt 0.104736 0.815063
vt 0.104980 0.819824
vt 0.118896 0.814819
vt 0.118958 0.819702
vt 0.132935 0.819702
vt 0.118958 0.819702
vt 0.118896 0.814819
vt 0.132935 0.819702
vt 0.118896 0.814819
vt 0.133057 0.814819
vt 0.133057 0.814819
vt 0.146973 0.819580
vt 0.132935 0.819702
vt 0.146973 0.819580
vt 0.133057 0.814819
vt 0.147095 0.814941
vt 0.147095 0.814941
vt 0.161011 0.819580
vt 0.146973 0.819580
vt 0.161011 0.819580
vt 0.147095 0.814941
vt 0.161133 0.815063
vt 0.175293 0.819580
vt 0.161011 0.819580
vt 0.161133 0.815063
vt 0.161133 0.815063
vt 0.175049 0.815063
vt 0.175293 0.819580
vt 0.189575 0.819580
vt 0.175293 0.819580
vt 0.175049 0.815063
vt 0.189575 0.819580
vt 0.175049 0.815063
vt 0.188843 0.815063
vt 0.203003 0.815063
vt 0.189575 0.819580
vt 0.188843 0.815063
vt 0.189575 0.819580
vt 0.203003 0.815063
vt 0.203857 0.819580
vt 0.217041 0.814819
vt 0.203857 0.819580
vt 0.203003 0.815063
vt 0.203857 0.819580
vt 0.217041 0.814819
vt 0.218018 0.819580
vt 0.217041 0.814819
vt 0.232178 0.818237
vt 0.218018 0.819580
vt 0.232178 0.818237
vt 0.217041 0.814819
vt 0.230103 0.814209
vt 0.018692 0.936035
vt 0.006962 0.943207
vt 0.004391 0.937775
vt 0.006962 0.943207
vt 0.018692 0.936035
vt 0.019974 0.941833
vt 0.018692 0.936035
vt 0.033081 0.935730
vt 0.019974 0.941833
vt 0.019974 0.941833
vt 0.033081 0.935730
vt 0.033783 0.941223
vt 0.047577 0.935730
vt 0.033783 0.941223
vt 0.033081 0.935730
vt 0.033783 0.941223
vt 0.047577 0.935730
vt 0.047974 0.941040
vt 0.047577 0.935730
vt 0.062103 0.941162
vt 0.047974 0.941040
vt 0.047577 0.935730
vt 0.062103 0.935791
vt 0.062103 0.941162
vt 0.076172 0.941376
vt 0.062103 0.941162
vt 0.062103 0.935791
vt 0.062103 0.935791
vt 0.076538 0.935852
vt 0.076172 0.941376
vt 0.076538 0.935852
vt 0.090332 0.941620
vt 0.076172 0.941376
vt 0.090332 0.941620
vt 0.076538 0.935852
vt 0.090820 0.935852
vt 0.090820 0.935852
vt 0.104614 0.941833
vt 0.090332 0.941620
vt 0.104614 0.941833
vt 0.090820 0.935852
vt 0.104980 0.935913
vt 0.104980 0.935913
vt 0.118958 0.941925
vt 0.104614 0.941833
vt 0.104980 0.935913
vt 0.119019 0.935913
vt 0.118958 0.941925
vt 0.133057 0.935913
vt 0.118958 0.941925
vt 0.119019 0.935913
vt 0.118958 0.941925
vt 0.133057 0.935913
vt 0.133301 0.941833
vt 0.133301 0.941833
vt 0.133057 0.935913
vt 0.147217 0.935791
vt 0.147705 0.941620
vt 0.133301 0.941833
vt 0.147217 0.935791
vt 0.147217 0.935791
vt 0.161499 0.935730
vt 0.147705 0.941620
vt 0.161865 0.941376
vt 0.147705 0.941620
vt 0.161499 0.935730
vt 0.161499 0.935730
vt 0.175903 0.935669
vt 0.161865 0.941376
vt 0.161865 0.941376
vt 0.175903 0.935669
vt 0.176025 0.941162
vt 0.190430 0.935547
vt 0.176025 0.941162
vt 0.175903 0.935669
vt 0.176025 0.941162
vt 0.190430 0.935547
vt 0.190063 0.941040
vt 0.190430 0.935547
vt 0.204224 0.941010
vt 0.190063 0.941040
vt 0.190430 0.935547
vt 0.204834 0.935425
vt 0.204224 0.941010
vt 0.218140 0.941437
vt 0.204224 0.941010
vt 0.204834 0.935425
vt 0.204834 0.935425
vt 0.219238 0.935547
vt 0.218140 0.941437
vt 0.233521 0.937134
vt 0.218140 0.941437
vt 0.219238 0.935547
vt 0.218140 0.941437
vt 0.233521 0.937134
vt 0.231201 0.942566
vt 0.220093 0.826782
vt 0.233276 0.819702
vt 0.235840 0.826050
vt 0.233276 0.819702
vt 0.220093 0.826782
vt 0.218994 0.821045
vt 0.205200 0.826782
vt 0.218994 0.821045
vt 0.220093 0.826782
vt 0.218994 0.821045
vt 0.205200 0.826782
vt 0.204468 0.821167
vt 0.190430 0.826782
vt 0.204468 0.821167
vt 0.205200 0.826782
vt 0.204468 0.821167
vt 0.190430 0.826782
vt 0.190063 0.821167
vt 0.190430 0.826782
vt 0.175659 0.821167
vt 0.190063 0.821167
vt 0.175659 0.821167
vt 0.190430 0.826782
vt 0.175659 0.826782
vt 0.175659 0.826782
vt 0.161377 0.821045
vt 0.175659 0.821167
vt 0.161377 0.821045
vt 0.175659 0.826782
vt 0.161133 0.826782
vt 0.147095 0.821045
vt 0.161377 0.821045
vt 0.161133 0.826782
vt 0.161133 0.826782
vt 0.146851 0.826904
vt 0.147095 0.821045
vt 0.133057 0.820923
vt 0.147095 0.821045
vt 0.146851 0.826904
vt 0.146851 0.826904
vt 0.132812 0.827026
vt 0.133057 0.820923
vt 0.132812 0.827026
vt 0.118958 0.821045
vt 0.133057 0.820923
vt 0.132812 0.827026
vt 0.119080 0.827148
vt 0.118958 0.821045
vt 0.105286 0.827148
vt 0.118958 0.821045
vt 0.119080 0.827148
vt 0.118958 0.821045
vt 0.105286 0.827148
vt 0.104919 0.821045
vt 0.104919 0.821045
vt 0.105286 0.827148
vt 0.091248 0.827148
vt 0.090759 0.821289
vt 0.104919 0.821045
vt 0.091248 0.827148
vt 0.091248 0.827148
vt 0.076904 0.827026
vt 0.090759 0.821289
vt 0.076599 0.821411
vt 0.090759 0.821289
vt 0.076904 0.827026
vt 0.076904 0.827026
vt 0.062256 0.827026
vt 0.076599 0.821411
vt 0.076599 0.821411
vt 0.062256 0.827026
vt 0.062286 0.821533
vt 0.047424 0.827026
vt 0.062286 0.821533
vt 0.062256 0.827026
vt 0.062286 0.821533
vt 0.047424 0.827026
vt 0.047882 0.821533
vt 0.047424 0.827026
vt 0.033417 0.821533
vt 0.047882 0.821533
vt 0.033417 0.821533
vt 0.047424 0.827026
vt 0.032623 0.827148
vt 0.032623 0.827148
vt 0.018906 0.821533
vt 0.033417 0.821533
vt 0.018906 0.821533
vt 0.032623 0.827148
vt 0.017639 0.827271
vt 0.017639 0.827271
vt 0.004593 0.820190
vt 0.018906 0.821533
vt 0.004593 0.820190
vt 0.017639 0.827271
vt 0.001925 0.826538
vt 0.233276 0.819702
vt 0.218994 0.821045
vt 0.232178 0.818237
vt 0.218018 0.819580
vt 0.232178 0.818237
vt 0.218994 0.821045
vt 0.218994 0.821045
vt 0.204468 0.821167
vt 0.218018 0.819580
vt 0.203857 0.819580
vt 0.218018 0.819580
vt 0.204468 0.821167
vt 0.204468 0.821167
vt 0.189575 0.819580
vt 0.203857 0.819580
vt 0.189575 0.819580
vt 0.204468 0.821167
vt 0.190063 0.821167
vt 0.190063 0.821167
vt 0.175293 0.819580
vt 0.189575 0.819580
vt 0.175293 0.819580
vt 0.190063 0.821167
vt 0.175659 0.821167
vt 0.161377 0.821045
vt 0.175293 0.819580
vt 0.175659 0.821167
vt 0.161011 0.819580
vt 0.175293 0.819580
vt 0.161377 0.821045
vt 0.147095 0.821045
vt 0.161011 0.819580
vt 0.161377 0.821045
vt 0.146973 0.819580
vt 0.161011 0.819580
vt 0.147095 0.821045
vt 0.147095 0.821045
vt 0.132935 0.819702
vt 0.146973 0.819580
vt 0.132935 0.819702
vt 0.147095 0.821045
vt 0.133057 0.820923
vt 0.133057 0.820923
vt 0.118958 0.819702
vt 0.132935 0.819702
vt 0.118958 0.819702
vt 0.133057 0.820923
vt 0.118958 0.821045
vt 0.104919 0.821045
vt 0.118958 0.819702
vt 0.118958 0.821045
vt 0.118958 0.819702
vt 0.104919 0.821045
vt 0.104980 0.819824
vt 0.090759 0.821289
vt 0.104980 0.819824
vt 0.104919 0.821045
vt 0.104980 0.819824
vt 0.090759 0.821289
vt 0.091003 0.819824
vt 0.090759 0.821289
vt 0.076843 0.819824
vt 0.091003 0.819824
vt 0.076843 0.819824
vt 0.090759 0.821289
vt 0.076599 0.821411
vt 0.076599 0.821411
vt 0.062622 0.819946
vt 0.076843 0.819824
vt 0.062622 0.819946
vt 0.076599 0.821411
vt 0.062286 0.821533
vt 0.062286 0.821533
vt 0.047882 0.821533
vt 0.062622 0.819946
vt 0.062622 0.819946
vt 0.047882 0.821533
vt 0.048370 0.819946
vt 0.047882 0.821533
vt 0.033417 0.821533
vt 0.048370 0.819946
vt 0.048370 0.819946
vt 0.033417 0.821533
vt 0.034058 0.820068
vt 0.033417 0.821533
vt 0.018906 0.821533
vt 0.034058 0.820068
vt 0.019852 0.820068
vt 0.034058 0.820068
vt 0.018906 0.821533
vt 0.018906 0.821533
vt 0.004593 0.820190
vt 0.019852 0.820068
vt 0.005741 0.818848
vt 0.019852 0.820068
vt 0.004593 0.820190
vt 0.234619 0.935547
vt 0.220825 0.929199
vt 0.236694 0.929749
vt 0.220825 0.929199
vt 0.234619 0.935547
vt 0.219971 0.934204
vt 0.219971 0.934204
vt 0.205688 0.929260
vt 0.220825 0.929199
vt 0.205688 0.929260
vt 0.219971 0.934204
vt 0.205322 0.934143
vt 0.205322 0.934143
vt 0.190674 0.929382
vt 0.205688 0.929260
vt 0.190674 0.929382
vt 0.205322 0.934143
vt 0.190674 0.934204
vt 0.176025 0.934265
vt 0.190674 0.929382
vt 0.190674 0.934204
vt 0.190674 0.929382
vt 0.176025 0.934265
vt 0.175903 0.929443
vt 0.161621 0.934387
vt 0.175903 0.929443
vt 0.176025 0.934265
vt 0.161255 0.929443
vt 0.175903 0.929443
vt 0.161621 0.934387
vt 0.161621 0.934387
vt 0.147339 0.934570
vt 0.161255 0.929443
vt 0.146973 0.929443
vt 0.161255 0.929443
vt 0.147339 0.934570
vt 0.147339 0.934570
vt 0.133179 0.934753
vt 0.146973 0.929443
vt 0.133179 0.934753
vt 0.132935 0.929504
vt 0.146973 0.929443
vt 0.119019 0.934814
vt 0.132935 0.929504
vt 0.133179 0.934753
vt 0.132935 0.929504
vt 0.119019 0.934814
vt 0.119080 0.929504
vt 0.105225 0.929565
vt 0.119080 0.929504
vt 0.119019 0.934814
vt 0.105225 0.929565
vt 0.119019 0.934814
vt 0.104919 0.934814
vt 0.091187 0.929626
vt 0.105225 0.929565
vt 0.104919 0.934814
vt 0.104919 0.934814
vt 0.090698 0.934631
vt 0.091187 0.929626
vt 0.076843 0.929688
vt 0.091187 0.929626
vt 0.090698 0.934631
vt 0.090698 0.934631
vt 0.076355 0.934509
vt 0.076843 0.929688
vt 0.076355 0.934509
vt 0.062134 0.929688
vt 0.076843 0.929688
vt 0.062134 0.929688
vt 0.076355 0.934509
vt 0.061920 0.934448
vt 0.061920 0.934448
vt 0.047241 0.929688
vt 0.062134 0.929688
vt 0.047241 0.929688
vt 0.061920 0.934448
vt 0.047363 0.934387
vt 0.032684 0.934387
vt 0.047241 0.929688
vt 0.047363 0.934387
vt 0.047241 0.929688
vt 0.032684 0.934387
vt 0.032196 0.929688
vt 0.017929 0.934631
vt 0.032196 0.929688
vt 0.032684 0.934387
vt 0.016937 0.929688
vt 0.032196 0.929688
vt 0.017929 0.934631
vt 0.003365 0.936096
vt 0.016937 0.929688
vt 0.017929 0.934631
vt 0.016937 0.929688
vt 0.003365 0.936096
vt 0.001123 0.930298
vt 0.219238 0.935547
vt 0.234619 0.935547
vt 0.233521 0.937134
vt 0.234619 0.935547
vt 0.219238 0.935547
vt 0.219971 0.934204
vt 0.204834 0.935425
vt 0.219971 0.934204
vt 0.219238 0.935547
vt 0.219971 0.934204
vt 0.204834 0.935425
vt 0.205322 0.934143
vt 0.190430 0.935547
vt 0.205322 0.934143
vt 0.204834 0.935425
vt 0.190674 0.934204
vt 0.205322 0.934143
vt 0.190430 0.935547
vt 0.190430 0.935547
vt 0.176025 0.934265
vt 0.190674 0.934204
vt 0.176025 0.934265
vt 0.190430 0.935547
vt 0.175903 0.935669
vt 0.175903 0.935669
vt 0.161621 0.934387
vt 0.176025 0.934265
vt 0.161621 0.934387
vt 0.175903 0.935669
vt 0.161499 0.935730
vt 0.161499 0.935730
vt 0.147339 0.934570
vt 0.161621 0.934387
vt 0.147339 0.934570
vt 0.161499 0.935730
vt 0.147217 0.935791
vt 0.147217 0.935791
vt 0.133179 0.934753
vt 0.147339 0.934570
vt 0.133179 0.934753
vt 0.147217 0.935791
vt 0.133057 0.935913
vt 0.133057 0.935913
vt 0.119019 0.934814
vt 0.133179 0.934753
vt 0.119019 0.934814
vt 0.133057 0.935913
vt 0.119019 0.935913
vt 0.119019 0.935913
vt 0.104980 0.935913
vt 0.119019 0.934814
vt 0.104919 0.934814
vt 0.119019 0.934814
vt 0.104980 0.935913
vt 0.104980 0.935913
vt 0.090698 0.934631
vt 0.104919 0.934814
vt 0.090698 0.934631
vt 0.104980 0.935913
vt 0.090820 0.935852
vt 0.090820 0.935852
vt 0.076355 0.934509
vt 0.090698 0.934631
vt 0.076355 0.934509
vt 0.090820 0.935852
vt 0.076538 0.935852
vt 0.076538 0.935852
vt 0.061920 0.934448
vt 0.076355 0.934509
vt 0.061920 0.934448
vt 0.076538 0.935852
vt 0.062103 0.935791
vt 0.062103 0.935791
vt 0.047363 0.934387
vt 0.061920 0.934448
vt 0.047363 0.934387
vt 0.062103 0.935791
vt 0.047577 0.935730
vt 0.047577 0.935730
vt 0.032684 0.934387
vt 0.047363 0.934387
vt 0.032684 0.934387
vt 0.047577 0.935730
vt 0.033081 0.935730
vt 0.033081 0.935730
vt 0.017929 0.934631
vt 0.032684 0.934387
vt 0.017929 0.934631
vt 0.033081 0.935730
vt 0.018692 0.936035
vt 0.004391 0.937775
vt 0.017929 0.934631
vt 0.018692 0.936035
vt 0.017929 0.934631
vt 0.004391 0.937775
vt 0.003365 0.936096
vt 0.215454 0.997688
vt 0.231201 0.942566
vt 0.228027 0.998409
vt 0.231201 0.942566
vt 0.215454 0.997688
vt 0.218140 0.941437
vt 0.203003 0.997225
vt 0.218140 0.941437
vt 0.215454 0.997688
vt 0.218140 0.941437
vt 0.203003 0.997225
vt 0.204224 0.941010
vt 0.203003 0.997225
vt 0.190063 0.941040
vt 0.204224 0.941010
vt 0.190063 0.941040
vt 0.203003 0.997225
vt 0.189941 0.997278
vt 0.189941 0.997278
vt 0.176025 0.941162
vt 0.190063 0.941040
vt 0.176025 0.941162
vt 0.189941 0.997278
vt 0.176025 0.997395
vt 0.176025 0.997395
vt 0.161865 0.941376
vt 0.176025 0.941162
vt 0.161865 0.941376
vt 0.176025 0.997395
vt 0.161865 0.997576
vt 0.161865 0.997576
vt 0.147705 0.941620
vt 0.161865 0.941376
vt 0.147705 0.941620
vt 0.161865 0.997576
vt 0.147705 0.997784
vt 0.147705 0.997784
vt 0.133301 0.941833
vt 0.147705 0.941620
vt 0.133301 0.941833
vt 0.147705 0.997784
vt 0.133423 0.997965
vt 0.133423 0.997965
vt 0.118958 0.941925
vt 0.133301 0.941833
vt 0.118958 0.941925
vt 0.133423 0.997965
vt 0.119019 0.998037
vt 0.118958 0.941925
vt 0.119019 0.998037
vt 0.104675 0.997969
vt 0.104675 0.997969
vt 0.104614 0.941833
vt 0.118958 0.941925
vt 0.104675 0.997969
vt 0.090332 0.941620
vt 0.104614 0.941833
vt 0.090332 0.941620
vt 0.104675 0.997969
vt 0.090393 0.997789
vt 0.090393 0.997789
vt 0.076172 0.941376
vt 0.090332 0.941620
vt 0.076172 0.941376
vt 0.090393 0.997789
vt 0.076233 0.997574
vt 0.076233 0.997574
vt 0.062103 0.941162
vt 0.076172 0.941376
vt 0.062103 0.941162
vt 0.076233 0.997574
vt 0.062256 0.997379
vt 0.062256 0.997379
vt 0.047974 0.941040
vt 0.062103 0.941162
vt 0.047974 0.941040
vt 0.062256 0.997379
vt 0.048950 0.997210
vt 0.048950 0.997210
vt 0.033783 0.941223
vt 0.047974 0.941040
vt 0.033783 0.941223
vt 0.048950 0.997210
vt 0.036316 0.997419
vt 0.023804 0.998067
vt 0.033783 0.941223
vt 0.036316 0.997419
vt 0.033783 0.941223
vt 0.023804 0.998067
vt 0.019974 0.941833
vt 0.011292 0.999012
vt 0.019974 0.941833
vt 0.023804 0.998067
vt 0.019974 0.941833
vt 0.011292 0.999012
vt 0.006962 0.943207
vt 0.973145 0.220703
vt 0.979980 0.224609
vt 0.972656 0.224121
vt 0.973145 0.220703
vt 0.979980 0.220703
vt 0.979980 0.224609
vt 0.980957 0.194824
vt 0.979980 0.220703
vt 0.973145 0.220703
vt 0.973145 0.220703
vt 0.973633 0.194336
vt 0.980957 0.194824
vt 0.621094 0.369141
vt 0.627930 0.365234
vt 0.628418 0.369141
vt 0.627930 0.365234
vt 0.621094 0.369141
vt 0.621094 0.365234
vt 0.620117 0.339355
vt 0.627930 0.365234
vt 0.621094 0.365234
vt 0.627930 0.365234
vt 0.620117 0.339355
vt 0.627441 0.339355
vt 0.226440 0.133789
vt 0.213501 0.000977
vt 0.226074 0.000977
vt 0.213867 0.133789
vt 0.213501 0.000977
vt 0.226440 0.133789
vt 0.230103 0.814209
vt 0.213867 0.133789
vt 0.226440 0.133789
vt 0.213867 0.133789
vt 0.200928 0.000977
vt 0.213501 0.000977
vt 0.217041 0.814819
vt 0.213867 0.133789
vt 0.230103 0.814209
vt 0.217041 0.814819
vt 0.201294 0.133789
vt 0.213867 0.133789
vt 0.201294 0.133789
vt 0.200928 0.000977
vt 0.213867 0.133789
vt 0.203003 0.815063
vt 0.201294 0.133789
vt 0.217041 0.814819
vt 0.188843 0.815063
vt 0.201294 0.133789
vt 0.203003 0.815063
vt 0.188232 0.133789
vt 0.200928 0.000977
vt 0.201294 0.133789
vt 0.201294 0.133789
vt 0.188843 0.815063
vt 0.188232 0.133789
vt 0.200928 0.000977
vt 0.188232 0.133789
vt 0.187988 0.001465
vt 0.175049 0.815063
vt 0.188232 0.133789
vt 0.188843 0.815063
vt 0.174683 0.133789
vt 0.187988 0.001465
vt 0.188232 0.133789
vt 0.188232 0.133789
vt 0.175049 0.815063
vt 0.174683 0.133789
vt 0.187988 0.001465
vt 0.174683 0.133789
vt 0.174561 0.001465
vt 0.161133 0.815063
vt 0.174683 0.133789
vt 0.175049 0.815063
vt 0.160889 0.133789
vt 0.174561 0.001465
vt 0.174683 0.133789
vt 0.174683 0.133789
vt 0.161133 0.815063
vt 0.160889 0.133789
vt 0.174561 0.001465
vt 0.160889 0.133789
vt 0.160767 0.001465
vt 0.147095 0.814941
vt 0.160889 0.133789
vt 0.161133 0.815063
vt 0.146973 0.133789
vt 0.160767 0.001465
vt 0.160889 0.133789
vt 0.160889 0.133789
vt 0.147095 0.814941
vt 0.146973 0.133789
vt 0.160767 0.001465
vt 0.146973 0.133789
vt 0.146851 0.001465
vt 0.133057 0.814819
vt 0.146973 0.133789
vt 0.147095 0.814941
vt 0.132935 0.133789
vt 0.146851 0.001465
vt 0.146973 0.133789
vt 0.146973 0.133789
vt 0.133057 0.814819
vt 0.132935 0.133789
vt 0.146851 0.001465
vt 0.132935 0.133789
vt 0.132935 0.001465
vt 0.118896 0.814819
vt 0.132935 0.133789
vt 0.133057 0.814819
vt 0.132935 0.133789
vt 0.118896 0.001465
vt 0.132935 0.001465
vt 0.118896 0.001465
vt 0.132935 0.133789
vt 0.118958 0.133789
vt 0.132935 0.133789
vt 0.118896 0.814819
vt 0.118958 0.133789
vt 0.118958 0.133789
vt 0.104919 0.001465
vt 0.118896 0.001465
vt 0.118958 0.133789
vt 0.118896 0.814819
vt 0.104919 0.133789
vt 0.104919 0.001465
vt 0.118958 0.133789
vt 0.104919 0.133789
vt 0.104919 0.133789
vt 0.118896 0.814819
vt 0.104736 0.815063
vt 0.104919 0.001465
vt 0.104919 0.133789
vt 0.090942 0.001465
vt 0.104736 0.815063
vt 0.090881 0.134277
vt 0.104919 0.133789
vt 0.090942 0.001465
vt 0.104919 0.133789
vt 0.090881 0.134277
vt 0.090881 0.134277
vt 0.104736 0.815063
vt 0.090698 0.815186
vt 0.090881 0.134277
vt 0.077026 0.001465
vt 0.090942 0.001465
vt 0.090698 0.815186
vt 0.076965 0.134277
vt 0.090881 0.134277
vt 0.077026 0.001465
vt 0.090881 0.134277
vt 0.076965 0.134277
vt 0.076965 0.134277
vt 0.090698 0.815186
vt 0.076721 0.815430
vt 0.076965 0.134277
vt 0.063354 0.001953
vt 0.077026 0.001465
vt 0.076721 0.815430
vt 0.063171 0.134277
vt 0.076965 0.134277
vt 0.063354 0.001953
vt 0.076965 0.134277
vt 0.063171 0.134277
vt 0.063171 0.134277
vt 0.076721 0.815430
vt 0.062866 0.815552
vt 0.063171 0.134277
vt 0.049927 0.001953
vt 0.063354 0.001953
vt 0.062866 0.815552
vt 0.049652 0.134277
vt 0.063171 0.134277
vt 0.049927 0.001953
vt 0.063171 0.134277
vt 0.049652 0.134277
vt 0.049652 0.134277
vt 0.062866 0.815552
vt 0.049042 0.815552
vt 0.049652 0.134277
vt 0.037018 0.001953
vt 0.049927 0.001953
vt 0.049042 0.815552
vt 0.036652 0.134277
vt 0.049652 0.134277
vt 0.037018 0.001953
vt 0.049652 0.134277
vt 0.036652 0.134277
vt 0.036652 0.134277
vt 0.049042 0.815552
vt 0.034973 0.815552
vt 0.024048 0.134277
vt 0.037018 0.001953
vt 0.036652 0.134277
vt 0.034973 0.815552
vt 0.024048 0.134277
vt 0.036652 0.134277
vt 0.037018 0.001953
vt 0.024048 0.134277
vt 0.024445 0.001465
vt 0.020966 0.815430
vt 0.024048 0.134277
vt 0.034973 0.815552
vt 0.011452 0.134277
vt 0.024445 0.001465
vt 0.024048 0.134277
vt 0.020966 0.815430
vt 0.011452 0.134277
vt 0.024048 0.134277
vt 0.024445 0.001465
vt 0.011452 0.134277
vt 0.011864 0.001465
vt 0.007874 0.814697
vt 0.011452 0.134277
vt 0.020966 0.815430
vt 0.650879 0.033691
vt 0.668945 0.035645
vt 0.650879 0.035156
vt 0.642090 0.018066
vt 0.650879 0.033691
vt 0.650879 0.035156
vt 0.642090 0.018066
vt 0.650879 0.035156
vt 0.641113 0.023926
vt 0.650879 0.032715
vt 0.672852 0.036621
vt 0.650879 0.033691
vt 0.650879 0.033691
vt 0.642090 0.018066
vt 0.641602 0.014160
vt 0.650879 0.033691
vt 0.641602 0.014160
vt 0.650879 0.032715
vt 0.611816 0.049805
vt 0.642090 0.018066
vt 0.641113 0.023926
vt 0.650879 0.032715
vt 0.641602 0.014160
vt 0.640625 0.011719
vt 0.642090 0.018066
vt 0.609863 0.045410
vt 0.641602 0.014160
vt 0.609863 0.045410
vt 0.642090 0.018066
vt 0.611816 0.049805
vt 0.641602 0.014160
vt 0.609375 0.042480
vt 0.640625 0.011719
vt 0.609375 0.042480
vt 0.641602 0.014160
vt 0.609863 0.045410
vt 0.640625 0.011719
vt 0.651855 0.030762
vt 0.650879 0.032715
vt 0.640625 0.011719
vt 0.609375 0.042480
vt 0.640625 0.009277
vt 0.651855 0.030762
vt 0.640625 0.011719
vt 0.640625 0.009277
vt 0.583496 0.058594
vt 0.609375 0.042480
vt 0.609863 0.045410
vt 0.651855 0.030762
vt 0.675293 0.037598
vt 0.650879 0.032715
vt 0.609863 0.045410
vt 0.585938 0.064453
vt 0.583496 0.058594
vt 0.675293 0.037598
vt 0.651855 0.030762
vt 0.677246 0.038086
vt 0.585938 0.064453
vt 0.609863 0.045410
vt 0.594727 0.066406
vt 0.594727 0.066406
vt 0.609863 0.045410
vt 0.611816 0.049805
vt 0.652832 0.028320
vt 0.677246 0.038086
vt 0.651855 0.030762
vt 0.651855 0.030762
vt 0.640625 0.009277
vt 0.652832 0.028320
vt 0.594727 0.066406
vt 0.611816 0.049805
vt 0.599121 0.070312
vt 0.640137 0.007812
vt 0.652832 0.028320
vt 0.640625 0.009277
vt 0.615723 0.053223
vt 0.599121 0.070312
vt 0.611816 0.049805
vt 0.641113 0.023926
vt 0.615723 0.053223
vt 0.611816 0.049805
vt 0.640625 0.009277
vt 0.609375 0.039062
vt 0.640137 0.007812
vt 0.609375 0.039062
vt 0.640625 0.009277
vt 0.610352 0.041992
vt 0.615723 0.053223
vt 0.641113 0.023926
vt 0.622070 0.058105
vt 0.651855 0.035156
vt 0.622070 0.058105
vt 0.641113 0.023926
vt 0.597656 0.085938
vt 0.599121 0.070312
vt 0.615723 0.053223
vt 0.622070 0.058105
vt 0.597656 0.085938
vt 0.615723 0.053223
vt 0.650879 0.035156
vt 0.659668 0.033691
vt 0.651855 0.035156
vt 0.572754 0.093750
vt 0.599121 0.070312
vt 0.597656 0.085938
vt 0.572754 0.093750
vt 0.594727 0.066406
vt 0.599121 0.070312
vt 0.641113 0.070312
vt 0.651855 0.035156
vt 0.659668 0.033691
vt 0.569336 0.087402
vt 0.594727 0.066406
vt 0.572754 0.093750
vt 0.651855 0.035156
vt 0.641113 0.070312
vt 0.632324 0.065918
vt 0.651855 0.035156
vt 0.632324 0.065918
vt 0.622070 0.058105
vt 0.641113 0.070312
vt 0.659668 0.033691
vt 0.646973 0.072754
vt 0.646973 0.072754
vt 0.659668 0.033691
vt 0.668945 0.035645
vt 0.624023 0.099609
vt 0.632324 0.065918
vt 0.641113 0.070312
vt 0.646973 0.072754
vt 0.624023 0.099609
vt 0.641113 0.070312
vt 0.632324 0.065918
vt 0.604492 0.089844
vt 0.622070 0.058105
vt 0.622070 0.058105
vt 0.604492 0.089844
vt 0.597656 0.085938
vt 0.632324 0.065918
vt 0.624023 0.099609
vt 0.610840 0.100586
vt 0.632324 0.065918
vt 0.610840 0.100586
vt 0.604492 0.089844
vt 0.604492 0.089844
vt 0.577637 0.104492
vt 0.597656 0.085938
vt 0.572754 0.093750
vt 0.597656 0.085938
vt 0.577637 0.104492
vt 0.610840 0.100586
vt 0.598633 0.110840
vt 0.604492 0.089844
vt 0.577637 0.104492
vt 0.604492 0.089844
vt 0.582031 0.115234
vt 0.582031 0.115234
vt 0.604492 0.089844
vt 0.598633 0.110840
vt 0.624023 0.099609
vt 0.612793 0.112305
vt 0.610840 0.100586
vt 0.612793 0.112305
vt 0.598633 0.110840
vt 0.610840 0.100586
vt 0.628906 0.108398
vt 0.612793 0.112305
vt 0.624023 0.099609
vt 0.646973 0.072754
vt 0.628906 0.108398
vt 0.624023 0.099609
vt 0.612793 0.112305
vt 0.595703 0.128906
vt 0.598633 0.110840
vt 0.646973 0.072754
vt 0.636719 0.107422
vt 0.628906 0.108398
vt 0.612793 0.112305
vt 0.628906 0.108398
vt 0.620605 0.118652
vt 0.656250 0.078125
vt 0.636719 0.107422
vt 0.646973 0.072754
vt 0.668945 0.035645
vt 0.656250 0.078125
vt 0.646973 0.072754
vt 0.612305 0.131348
vt 0.612793 0.112305
vt 0.620605 0.118652
vt 0.612793 0.112305
vt 0.612305 0.131348
vt 0.595703 0.128906
vt 0.628906 0.108398
vt 0.629395 0.123535
vt 0.620605 0.118652
vt 0.629395 0.123535
vt 0.612305 0.131348
vt 0.620605 0.118652
vt 0.636719 0.107422
vt 0.629395 0.123535
vt 0.628906 0.108398
vt 0.656250 0.078125
vt 0.644043 0.109863
vt 0.636719 0.107422
vt 0.644043 0.109863
vt 0.629395 0.123535
vt 0.636719 0.107422
vt 0.668945 0.035645
vt 0.661621 0.076660
vt 0.656250 0.078125
vt 0.661621 0.076660
vt 0.668945 0.035645
vt 0.672852 0.036621
vt 0.675293 0.037598
vt 0.661621 0.076660
vt 0.672852 0.036621
vt 0.656250 0.078125
vt 0.650879 0.111328
vt 0.644043 0.109863
vt 0.650879 0.111328
vt 0.656250 0.078125
vt 0.661621 0.076660
vt 0.661621 0.076660
vt 0.675293 0.037598
vt 0.666504 0.077637
vt 0.677246 0.038086
vt 0.666504 0.077637
vt 0.675293 0.037598
vt 0.650879 0.111328
vt 0.661621 0.076660
vt 0.657227 0.112305
vt 0.657227 0.112305
vt 0.661621 0.076660
vt 0.666504 0.077637
vt 0.650879 0.111328
vt 0.644043 0.129883
vt 0.644043 0.109863
vt 0.652344 0.129883
vt 0.650879 0.111328
vt 0.657227 0.112305
vt 0.650879 0.111328
vt 0.652344 0.129883
vt 0.644043 0.129883
vt 0.635742 0.128418
vt 0.644043 0.109863
vt 0.644043 0.129883
vt 0.644043 0.109863
vt 0.635742 0.128418
vt 0.629395 0.123535
vt 0.644043 0.129883
vt 0.634766 0.143066
vt 0.635742 0.128418
vt 0.628418 0.140625
vt 0.629395 0.123535
vt 0.635742 0.128418
vt 0.635742 0.128418
vt 0.634766 0.143066
vt 0.628418 0.140625
vt 0.629395 0.123535
vt 0.628418 0.140625
vt 0.620117 0.137207
vt 0.629395 0.123535
vt 0.620117 0.137207
vt 0.612305 0.131348
vt 0.634766 0.143066
vt 0.644043 0.129883
vt 0.644043 0.144043
vt 0.652344 0.129883
vt 0.644043 0.144043
vt 0.644043 0.129883
vt 0.620117 0.137207
vt 0.595703 0.151855
vt 0.612305 0.131348
vt 0.612305 0.131348
vt 0.595703 0.151855
vt 0.595703 0.128906
vt 0.628418 0.140625
vt 0.613281 0.161133
vt 0.620117 0.137207
vt 0.620117 0.137207
vt 0.604980 0.158203
vt 0.595703 0.151855
vt 0.613281 0.161133
vt 0.604980 0.158203
vt 0.620117 0.137207
vt 0.634766 0.143066
vt 0.623047 0.157715
vt 0.628418 0.140625
vt 0.623047 0.157715
vt 0.613281 0.161133
vt 0.628418 0.140625
vt 0.635254 0.156250
vt 0.634766 0.143066
vt 0.644043 0.144043
vt 0.623047 0.157715
vt 0.634766 0.143066
vt 0.635254 0.156250
vt 0.613281 0.161133
vt 0.598633 0.174805
vt 0.604980 0.158203
vt 0.623047 0.157715
vt 0.609375 0.180176
vt 0.613281 0.161133
vt 0.613281 0.161133
vt 0.609375 0.180176
vt 0.598633 0.174805
vt 0.585938 0.167480
vt 0.604980 0.158203
vt 0.598633 0.174805
vt 0.604980 0.158203
vt 0.585938 0.167480
vt 0.595703 0.151855
vt 0.571777 0.182617
vt 0.585938 0.167480
vt 0.598633 0.174805
vt 0.585938 0.167480
vt 0.576660 0.159180
vt 0.595703 0.151855
vt 0.585938 0.167480
vt 0.571777 0.182617
vt 0.576660 0.159180
vt 0.595703 0.151855
vt 0.576660 0.159180
vt 0.586914 0.139160
vt 0.595703 0.151855
vt 0.586914 0.139160
vt 0.595703 0.128906
vt 0.578613 0.136230
vt 0.595703 0.128906
vt 0.586914 0.139160
vt 0.576660 0.159180
vt 0.578613 0.136230
vt 0.586914 0.139160
vt 0.595703 0.128906
vt 0.578613 0.136230
vt 0.583008 0.128418
vt 0.598633 0.110840
vt 0.595703 0.128906
vt 0.583008 0.128418
vt 0.583008 0.128418
vt 0.582031 0.115234
vt 0.598633 0.110840
vt 0.578613 0.136230
vt 0.576660 0.159180
vt 0.565430 0.145508
vt 0.582031 0.115234
vt 0.583008 0.128418
vt 0.579590 0.118652
vt 0.583008 0.128418
vt 0.578613 0.136230
vt 0.567871 0.129395
vt 0.583008 0.128418
vt 0.567871 0.129395
vt 0.579590 0.118652
vt 0.565430 0.145508
vt 0.567871 0.129395
vt 0.578613 0.136230
vt 0.579590 0.118652
vt 0.574219 0.107422
vt 0.582031 0.115234
vt 0.582031 0.115234
vt 0.574219 0.107422
vt 0.577637 0.104492
vt 0.567871 0.129395
vt 0.564453 0.118164
vt 0.579590 0.118652
vt 0.579590 0.118652
vt 0.564453 0.118164
vt 0.574219 0.107422
vt 0.577637 0.104492
vt 0.574219 0.107422
vt 0.568359 0.099609
vt 0.577637 0.104492
vt 0.568359 0.099609
vt 0.572754 0.093750
vt 0.564453 0.118164
vt 0.559082 0.109375
vt 0.574219 0.107422
vt 0.574219 0.107422
vt 0.559082 0.109375
vt 0.568359 0.099609
vt 0.564453 0.093750
vt 0.572754 0.093750
vt 0.568359 0.099609
vt 0.569336 0.087402
vt 0.572754 0.093750
vt 0.564453 0.093750
vt 0.568359 0.099609
vt 0.559082 0.109375
vt 0.555176 0.106445
vt 0.568359 0.099609
vt 0.555176 0.106445
vt 0.564453 0.093750
vt 0.564453 0.118164
vt 0.536133 0.128418
vt 0.559082 0.109375
vt 0.536133 0.128418
vt 0.555176 0.106445
vt 0.559082 0.109375
vt 0.560547 0.089355
vt 0.569336 0.087402
vt 0.564453 0.093750
vt 0.555176 0.106445
vt 0.560547 0.089355
vt 0.564453 0.093750
vt 0.560547 0.089355
vt 0.566895 0.082031
vt 0.569336 0.087402
vt 0.594727 0.066406
vt 0.569336 0.087402
vt 0.566895 0.082031
vt 0.594727 0.066406
vt 0.566895 0.082031
vt 0.585938 0.064453
vt 0.565918 0.066406
vt 0.585938 0.064453
vt 0.566895 0.082031
vt 0.585938 0.064453
vt 0.565918 0.066406
vt 0.583496 0.058594
vt 0.557129 0.077148
vt 0.566895 0.082031
vt 0.560547 0.089355
vt 0.565918 0.066406
vt 0.566895 0.082031
vt 0.557129 0.077148
vt 0.560547 0.089355
vt 0.555176 0.106445
vt 0.550293 0.099121
vt 0.583496 0.058594
vt 0.565918 0.066406
vt 0.563965 0.059082
vt 0.547363 0.088867
vt 0.557129 0.077148
vt 0.560547 0.089355
vt 0.560547 0.089355
vt 0.550293 0.099121
vt 0.547363 0.088867
vt 0.554688 0.067871
vt 0.565918 0.066406
vt 0.557129 0.077148
vt 0.554688 0.067871
vt 0.563965 0.059082
vt 0.565918 0.066406
vt 0.557129 0.077148
vt 0.547363 0.088867
vt 0.544922 0.077148
vt 0.544922 0.077148
vt 0.554688 0.067871
vt 0.557129 0.077148
vt 0.563965 0.059082
vt 0.582031 0.053711
vt 0.583496 0.058594
vt 0.582031 0.053711
vt 0.610352 0.041992
vt 0.583496 0.058594
vt 0.551758 0.060547
vt 0.563965 0.059082
vt 0.554688 0.067871
vt 0.610352 0.041992
vt 0.582031 0.053711
vt 0.580566 0.049316
vt 0.563477 0.052734
vt 0.582031 0.053711
vt 0.563965 0.059082
vt 0.582031 0.053711
vt 0.563477 0.052734
vt 0.580566 0.049316
vt 0.551758 0.060547
vt 0.563477 0.052734
vt 0.563965 0.059082
vt 0.580566 0.049316
vt 0.609375 0.039062
vt 0.610352 0.041992
vt 0.551758 0.060547
vt 0.563477 0.045410
vt 0.563477 0.052734
vt 0.563477 0.045410
vt 0.580566 0.049316
vt 0.563477 0.052734
vt 0.609375 0.039062
vt 0.580566 0.049316
vt 0.580078 0.043945
vt 0.563477 0.045410
vt 0.580078 0.043945
vt 0.580566 0.049316
vt 0.580078 0.043945
vt 0.609375 0.035156
vt 0.609375 0.039062
vt 0.609375 0.035156
vt 0.640137 0.007812
vt 0.609375 0.039062
vt 0.580078 0.043945
vt 0.563477 0.045410
vt 0.579102 0.041016
vt 0.609375 0.035156
vt 0.580078 0.043945
vt 0.579102 0.041016
vt 0.579102 0.041016
vt 0.563477 0.045410
vt 0.562500 0.040527
vt 0.579102 0.041016
vt 0.608398 0.032227
vt 0.609375 0.035156
vt 0.563477 0.045410
vt 0.549805 0.040039
vt 0.562500 0.040527
vt 0.608398 0.032227
vt 0.640137 0.006348
vt 0.609375 0.035156
vt 0.640137 0.007812
vt 0.609375 0.035156
vt 0.640137 0.006348
vt 0.640137 0.006348
vt 0.608398 0.032227
vt 0.640137 0.004395
vt 0.661133 0.017578
vt 0.640137 0.006348
vt 0.640137 0.004395
vt 0.657227 0.022461
vt 0.640137 0.007812
vt 0.640137 0.006348
vt 0.640137 0.006348
vt 0.661133 0.017578
vt 0.657227 0.022461
vt 0.640137 0.007812
vt 0.657227 0.022461
vt 0.652832 0.028320
vt 0.549805 0.040039
vt 0.563477 0.045410
vt 0.548340 0.059082
vt 0.563477 0.045410
vt 0.551758 0.060547
vt 0.548340 0.059082
vt 0.549805 0.040039
vt 0.548340 0.059082
vt 0.547363 0.040039
vt 0.551758 0.060547
vt 0.543457 0.066406
vt 0.548340 0.059082
vt 0.543457 0.066406
vt 0.551758 0.060547
vt 0.554688 0.067871
vt 0.554688 0.067871
vt 0.544922 0.077148
vt 0.543457 0.066406
vt 0.543457 0.063477
vt 0.547363 0.040039
vt 0.548340 0.059082
vt 0.548340 0.059082
vt 0.543457 0.066406
vt 0.543457 0.063477
vt 0.543457 0.063477
vt 0.516113 0.052246
vt 0.547363 0.040039
vt 0.544922 0.077148
vt 0.518555 0.071289
vt 0.543457 0.066406
vt 0.518555 0.071289
vt 0.543457 0.063477
vt 0.543457 0.066406
vt 0.516113 0.052246
vt 0.543457 0.063477
vt 0.518066 0.061035
vt 0.543457 0.063477
vt 0.518555 0.071289
vt 0.518066 0.061035
vt 0.518066 0.061035
vt 0.492920 0.054688
vt 0.516113 0.052246
vt 0.492920 0.054688
vt 0.518066 0.061035
vt 0.494629 0.064941
vt 0.518555 0.071289
vt 0.494629 0.064941
vt 0.518066 0.061035
vt 0.494629 0.064941
vt 0.479492 0.056641
vt 0.492920 0.054688
vt 0.518555 0.071289
vt 0.544922 0.077148
vt 0.519531 0.083496
vt 0.519531 0.083496
vt 0.544922 0.077148
vt 0.547363 0.088867
vt 0.494629 0.064941
vt 0.518555 0.071289
vt 0.496338 0.075684
vt 0.519531 0.083496
vt 0.496338 0.075684
vt 0.518555 0.071289
vt 0.479492 0.056641
vt 0.494629 0.064941
vt 0.481201 0.066895
vt 0.494629 0.064941
vt 0.496338 0.075684
vt 0.481201 0.066895
vt 0.547363 0.088867
vt 0.521973 0.095703
vt 0.519531 0.083496
vt 0.550293 0.099121
vt 0.521973 0.095703
vt 0.547363 0.088867
vt 0.496338 0.075684
vt 0.519531 0.083496
vt 0.498535 0.089355
vt 0.521973 0.095703
vt 0.498535 0.089355
vt 0.519531 0.083496
vt 0.496338 0.075684
vt 0.483398 0.078125
vt 0.481201 0.066895
vt 0.498535 0.089355
vt 0.483398 0.078125
vt 0.496338 0.075684
vt 0.466309 0.069336
vt 0.479492 0.056641
vt 0.481201 0.066895
vt 0.479492 0.056641
vt 0.466309 0.069336
vt 0.464355 0.059082
vt 0.481201 0.066895
vt 0.483398 0.078125
vt 0.468506 0.080566
vt 0.481201 0.066895
vt 0.468506 0.080566
vt 0.466309 0.069336
vt 0.466309 0.069336
vt 0.439453 0.074219
vt 0.464355 0.059082
vt 0.464355 0.059082
vt 0.439453 0.074219
vt 0.437500 0.063965
vt 0.441406 0.085449
vt 0.466309 0.069336
vt 0.468506 0.080566
vt 0.466309 0.069336
vt 0.441406 0.085449
vt 0.439453 0.074219
vt 0.411621 0.079590
vt 0.437500 0.063965
vt 0.439453 0.074219
vt 0.441406 0.085449
vt 0.411621 0.079590
vt 0.439453 0.074219
vt 0.437500 0.063965
vt 0.411621 0.079590
vt 0.409424 0.069336
vt 0.471191 0.094727
vt 0.441406 0.085449
vt 0.468506 0.080566
vt 0.483398 0.078125
vt 0.471191 0.094727
vt 0.468506 0.080566
vt 0.411621 0.079590
vt 0.403320 0.081543
vt 0.409424 0.069336
vt 0.409424 0.069336
vt 0.403320 0.081543
vt 0.399902 0.071777
vt 0.411621 0.079590
vt 0.441406 0.085449
vt 0.413330 0.091309
vt 0.411621 0.079590
vt 0.413330 0.091309
vt 0.403320 0.081543
vt 0.441406 0.085449
vt 0.471191 0.094727
vt 0.443359 0.099609
vt 0.443359 0.099609
vt 0.413330 0.091309
vt 0.441406 0.085449
vt 0.471191 0.094727
vt 0.483398 0.078125
vt 0.485840 0.092285
vt 0.483398 0.078125
vt 0.498535 0.089355
vt 0.485840 0.092285
vt 0.471191 0.094727
vt 0.474121 0.110840
vt 0.443359 0.099609
vt 0.485840 0.092285
vt 0.474121 0.110840
vt 0.471191 0.094727
vt 0.498535 0.089355
vt 0.500977 0.104492
vt 0.485840 0.092285
vt 0.498535 0.089355
vt 0.521973 0.095703
vt 0.500977 0.104492
vt 0.485840 0.092285
vt 0.488770 0.108398
vt 0.474121 0.110840
vt 0.500977 0.104492
vt 0.488770 0.108398
vt 0.485840 0.092285
vt 0.524902 0.109863
vt 0.500977 0.104492
vt 0.521973 0.095703
vt 0.521973 0.095703
vt 0.550293 0.099121
vt 0.524902 0.109863
vt 0.504395 0.120605
vt 0.488770 0.108398
vt 0.500977 0.104492
vt 0.500977 0.104492
vt 0.524902 0.109863
vt 0.504395 0.120605
vt 0.550293 0.099121
vt 0.528809 0.116211
vt 0.524902 0.109863
vt 0.528809 0.116211
vt 0.504395 0.120605
vt 0.524902 0.109863
vt 0.528809 0.116211
vt 0.550293 0.099121
vt 0.555176 0.106445
vt 0.528809 0.116211
vt 0.555176 0.106445
vt 0.536133 0.128418
vt 0.488770 0.108398
vt 0.504395 0.120605
vt 0.492188 0.125000
vt 0.492188 0.125000
vt 0.474121 0.110840
vt 0.488770 0.108398
vt 0.504395 0.120605
vt 0.528809 0.116211
vt 0.506836 0.137207
vt 0.504395 0.120605
vt 0.506836 0.137207
vt 0.492188 0.125000
vt 0.506836 0.137207
vt 0.528809 0.116211
vt 0.536133 0.128418
vt 0.474121 0.110840
vt 0.492188 0.125000
vt 0.477783 0.127441
vt 0.506836 0.137207
vt 0.493164 0.139648
vt 0.492188 0.125000
vt 0.493164 0.139648
vt 0.477783 0.127441
vt 0.492188 0.125000
vt 0.518066 0.139160
vt 0.506836 0.137207
vt 0.536133 0.128418
vt 0.477783 0.127441
vt 0.493164 0.139648
vt 0.480713 0.142578
vt 0.518066 0.139160
vt 0.536133 0.128418
vt 0.527344 0.154297
vt 0.451904 0.148926
vt 0.477783 0.127441
vt 0.480713 0.142578
vt 0.518066 0.139160
vt 0.504395 0.158691
vt 0.506836 0.137207
vt 0.527344 0.154297
vt 0.504395 0.158691
vt 0.518066 0.139160
vt 0.498291 0.148926
vt 0.493164 0.139648
vt 0.506836 0.137207
vt 0.506836 0.137207
vt 0.504395 0.158691
vt 0.498291 0.148926
vt 0.493164 0.139648
vt 0.483887 0.151367
vt 0.480713 0.142578
vt 0.483887 0.151367
vt 0.451904 0.148926
vt 0.480713 0.142578
vt 0.493164 0.139648
vt 0.498291 0.148926
vt 0.494629 0.145996
vt 0.483887 0.151367
vt 0.493164 0.139648
vt 0.494629 0.145996
vt 0.498291 0.148926
vt 0.483887 0.151367
vt 0.494629 0.145996
vt 0.483887 0.151367
vt 0.498291 0.148926
vt 0.488770 0.158691
vt 0.488770 0.158691
vt 0.498291 0.148926
vt 0.504395 0.158691
vt 0.451904 0.148926
vt 0.483887 0.151367
vt 0.456055 0.162598
vt 0.456055 0.162598
vt 0.483887 0.151367
vt 0.488770 0.158691
vt 0.477783 0.127441
vt 0.451904 0.148926
vt 0.448486 0.132812
vt 0.477783 0.127441
vt 0.448486 0.132812
vt 0.474121 0.110840
vt 0.456055 0.162598
vt 0.421875 0.156738
vt 0.451904 0.148926
vt 0.448486 0.132812
vt 0.451904 0.148926
vt 0.421875 0.156738
vt 0.474121 0.110840
vt 0.448486 0.132812
vt 0.445557 0.115723
vt 0.474121 0.110840
vt 0.445557 0.115723
vt 0.443359 0.099609
vt 0.445557 0.115723
vt 0.414307 0.105469
vt 0.443359 0.099609
vt 0.413330 0.091309
vt 0.443359 0.099609
vt 0.414307 0.105469
vt 0.448486 0.132812
vt 0.415771 0.122070
vt 0.445557 0.115723
vt 0.414307 0.105469
vt 0.445557 0.115723
vt 0.415771 0.122070
vt 0.414307 0.105469
vt 0.404785 0.092773
vt 0.413330 0.091309
vt 0.413330 0.091309
vt 0.404785 0.092773
vt 0.403320 0.081543
vt 0.414307 0.105469
vt 0.415771 0.122070
vt 0.405762 0.107422
vt 0.404785 0.092773
vt 0.414307 0.105469
vt 0.405762 0.107422
vt 0.415771 0.122070
vt 0.448486 0.132812
vt 0.418213 0.139160
vt 0.448486 0.132812
vt 0.421875 0.156738
vt 0.418213 0.139160
vt 0.406982 0.123535
vt 0.405762 0.107422
vt 0.415771 0.122070
vt 0.418213 0.139160
vt 0.406982 0.123535
vt 0.415771 0.122070
vt 0.404053 0.107910
vt 0.404785 0.092773
vt 0.405762 0.107422
vt 0.406982 0.123535
vt 0.404053 0.107910
vt 0.405762 0.107422
vt 0.406982 0.123535
vt 0.418213 0.139160
vt 0.409180 0.141113
vt 0.418213 0.139160
vt 0.421875 0.156738
vt 0.409180 0.141113
vt 0.404053 0.107910
vt 0.406982 0.123535
vt 0.405273 0.124512
vt 0.409180 0.141113
vt 0.405273 0.124512
vt 0.406982 0.123535
vt 0.404785 0.092773
vt 0.404053 0.107910
vt 0.403076 0.093262
vt 0.403320 0.081543
vt 0.404785 0.092773
vt 0.403076 0.093262
vt 0.403320 0.081543
vt 0.403076 0.093262
vt 0.401611 0.081543
vt 0.399902 0.071777
vt 0.403320 0.081543
vt 0.401611 0.081543
vt 0.399902 0.071777
vt 0.401611 0.081543
vt 0.399170 0.082520
vt 0.401611 0.081543
vt 0.403076 0.093262
vt 0.399170 0.082520
vt 0.399902 0.071777
vt 0.399170 0.082520
vt 0.397217 0.072266
vt 0.399170 0.082520
vt 0.394775 0.072754
vt 0.397217 0.072266
vt 0.404053 0.107910
vt 0.400391 0.093750
vt 0.403076 0.093262
vt 0.400391 0.093750
vt 0.399170 0.082520
vt 0.403076 0.093262
vt 0.394775 0.072754
vt 0.399170 0.082520
vt 0.396484 0.083008
vt 0.400391 0.093750
vt 0.396484 0.083008
vt 0.399170 0.082520
vt 0.396484 0.083008
vt 0.394775 0.083496
vt 0.394775 0.072754
vt 0.385986 0.073730
vt 0.394775 0.072754
vt 0.394775 0.083496
vt 0.386719 0.083984
vt 0.385986 0.073730
vt 0.394775 0.083496
vt 0.396484 0.083008
vt 0.400391 0.093750
vt 0.397705 0.094238
vt 0.397705 0.094238
vt 0.394775 0.083496
vt 0.396484 0.083008
vt 0.400391 0.093750
vt 0.404053 0.107910
vt 0.401367 0.108398
vt 0.401367 0.108398
vt 0.397705 0.094238
vt 0.400391 0.093750
vt 0.404053 0.107910
vt 0.405273 0.124512
vt 0.401367 0.108398
vt 0.395996 0.094727
vt 0.386719 0.083984
vt 0.394775 0.083496
vt 0.394775 0.083496
vt 0.397705 0.094238
vt 0.395996 0.094727
vt 0.386719 0.083984
vt 0.395996 0.094727
vt 0.387695 0.096191
vt 0.397705 0.094238
vt 0.401367 0.108398
vt 0.398682 0.109375
vt 0.398682 0.109375
vt 0.395996 0.094727
vt 0.397705 0.094238
vt 0.395996 0.094727
vt 0.396973 0.109863
vt 0.387695 0.096191
vt 0.395996 0.094727
vt 0.398682 0.109375
vt 0.396973 0.109863
vt 0.388916 0.110840
vt 0.387695 0.096191
vt 0.396973 0.109863
vt 0.398438 0.126465
vt 0.388916 0.110840
vt 0.396973 0.109863
vt 0.398682 0.109375
vt 0.398438 0.126465
vt 0.396973 0.109863
vt 0.388916 0.110840
vt 0.398438 0.126465
vt 0.390625 0.128418
vt 0.402832 0.125000
vt 0.398682 0.109375
vt 0.401367 0.108398
vt 0.402832 0.125000
vt 0.401367 0.108398
vt 0.405273 0.124512
vt 0.398438 0.126465
vt 0.398682 0.109375
vt 0.400146 0.125977
vt 0.398682 0.109375
vt 0.402832 0.125000
vt 0.400146 0.125977
vt 0.398438 0.126465
vt 0.401611 0.144043
vt 0.390625 0.128418
vt 0.401611 0.144043
vt 0.398438 0.126465
vt 0.400146 0.125977
vt 0.394043 0.146973
vt 0.390625 0.128418
vt 0.401611 0.144043
vt 0.407715 0.141602
vt 0.402832 0.125000
vt 0.405273 0.124512
vt 0.405273 0.124512
vt 0.409180 0.141113
vt 0.407715 0.141602
vt 0.406006 0.162598
vt 0.394043 0.146973
vt 0.401611 0.144043
vt 0.394043 0.146973
vt 0.406006 0.162598
vt 0.399658 0.166992
vt 0.401611 0.144043
vt 0.400146 0.125977
vt 0.403076 0.143066
vt 0.403076 0.143066
vt 0.406006 0.162598
vt 0.401611 0.144043
vt 0.405273 0.142578
vt 0.400146 0.125977
vt 0.402832 0.125000
vt 0.400146 0.125977
vt 0.405273 0.142578
vt 0.403076 0.143066
vt 0.402832 0.125000
vt 0.407715 0.141602
vt 0.405273 0.142578
vt 0.406006 0.162598
vt 0.403076 0.143066
vt 0.407227 0.161621
vt 0.405273 0.142578
vt 0.407227 0.161621
vt 0.403076 0.143066
vt 0.406006 0.162598
vt 0.412354 0.182129
vt 0.399658 0.166992
vt 0.408203 0.187988
vt 0.399658 0.166992
vt 0.412354 0.182129
vt 0.413330 0.181152
vt 0.406006 0.162598
vt 0.407227 0.161621
vt 0.406006 0.162598
vt 0.413330 0.181152
vt 0.412354 0.182129
vt 0.405273 0.142578
vt 0.409424 0.160645
vt 0.407227 0.161621
vt 0.409424 0.160645
vt 0.413330 0.181152
vt 0.407227 0.161621
vt 0.421143 0.200684
vt 0.408203 0.187988
vt 0.412354 0.182129
vt 0.408203 0.187988
vt 0.421143 0.200684
vt 0.417725 0.203613
vt 0.413330 0.181152
vt 0.422119 0.199707
vt 0.412354 0.182129
vt 0.412354 0.182129
vt 0.422119 0.199707
vt 0.421143 0.200684
vt 0.413330 0.181152
vt 0.409424 0.160645
vt 0.415527 0.180176
vt 0.415527 0.180176
vt 0.422119 0.199707
vt 0.413330 0.181152
vt 0.409424 0.160645
vt 0.405273 0.142578
vt 0.411621 0.159668
vt 0.407715 0.141602
vt 0.411621 0.159668
vt 0.405273 0.142578
vt 0.409424 0.160645
vt 0.417480 0.179199
vt 0.415527 0.180176
vt 0.417480 0.179199
vt 0.409424 0.160645
vt 0.411621 0.159668
vt 0.407715 0.141602
vt 0.413086 0.159180
vt 0.411621 0.159668
vt 0.413086 0.159180
vt 0.417480 0.179199
vt 0.411621 0.159668
vt 0.413086 0.159180
vt 0.407715 0.141602
vt 0.409180 0.141113
vt 0.413086 0.159180
vt 0.409180 0.141113
vt 0.421875 0.156738
vt 0.427490 0.174805
vt 0.413086 0.159180
vt 0.421875 0.156738
vt 0.421875 0.156738
vt 0.456055 0.162598
vt 0.427490 0.174805
vt 0.417480 0.179199
vt 0.413086 0.159180
vt 0.418945 0.178711
vt 0.413086 0.159180
vt 0.427490 0.174805
vt 0.418945 0.178711
vt 0.464355 0.175781
vt 0.427490 0.174805
vt 0.456055 0.162598
vt 0.488770 0.158691
vt 0.464355 0.175781
vt 0.456055 0.162598
vt 0.427490 0.174805
vt 0.435303 0.191406
vt 0.418945 0.178711
vt 0.427490 0.174805
vt 0.464355 0.175781
vt 0.435303 0.191406
vt 0.418945 0.178711
vt 0.425781 0.197266
vt 0.417480 0.179199
vt 0.417480 0.179199
vt 0.425781 0.197266
vt 0.415527 0.180176
vt 0.435303 0.191406
vt 0.427002 0.196777
vt 0.418945 0.178711
vt 0.425781 0.197266
vt 0.418945 0.178711
vt 0.427002 0.196777
vt 0.423828 0.198242
vt 0.415527 0.180176
vt 0.425781 0.197266
vt 0.415527 0.180176
vt 0.423828 0.198242
vt 0.422119 0.199707
vt 0.425781 0.197266
vt 0.438721 0.216797
vt 0.423828 0.198242
vt 0.438721 0.216797
vt 0.422119 0.199707
vt 0.423828 0.198242
vt 0.427002 0.196777
vt 0.440674 0.215332
vt 0.425781 0.197266
vt 0.438721 0.216797
vt 0.425781 0.197266
vt 0.440674 0.215332
vt 0.441895 0.214844
vt 0.427002 0.196777
vt 0.435303 0.191406
vt 0.440674 0.215332
vt 0.427002 0.196777
vt 0.441895 0.214844
vt 0.437012 0.218262
vt 0.422119 0.199707
vt 0.438721 0.216797
vt 0.437012 0.218262
vt 0.421143 0.200684
vt 0.422119 0.199707
vt 0.440674 0.215332
vt 0.454102 0.232422
vt 0.438721 0.216797
vt 0.454102 0.232422
vt 0.437012 0.218262
vt 0.438721 0.216797
vt 0.455811 0.230469
vt 0.440674 0.215332
vt 0.441895 0.214844
vt 0.454102 0.232422
vt 0.440674 0.215332
vt 0.455811 0.230469
vt 0.421143 0.200684
vt 0.437012 0.218262
vt 0.436279 0.219238
vt 0.436279 0.219238
vt 0.417725 0.203613
vt 0.421143 0.200684
vt 0.417725 0.203613
vt 0.436279 0.219238
vt 0.430176 0.221680
vt 0.446533 0.239258
vt 0.430176 0.221680
vt 0.436279 0.219238
vt 0.437012 0.218262
vt 0.454102 0.232422
vt 0.452393 0.233887
vt 0.437012 0.218262
vt 0.452393 0.233887
vt 0.436279 0.219238
vt 0.436279 0.219238
vt 0.451904 0.234863
vt 0.446533 0.239258
vt 0.451904 0.234863
vt 0.436279 0.219238
vt 0.452393 0.233887
vt 0.451904 0.234863
vt 0.463623 0.254883
vt 0.446533 0.239258
vt 0.469971 0.246582
vt 0.452393 0.233887
vt 0.454102 0.232422
vt 0.455811 0.230469
vt 0.469971 0.246582
vt 0.454102 0.232422
vt 0.468506 0.249023
vt 0.451904 0.234863
vt 0.452393 0.233887
vt 0.468506 0.249023
vt 0.452393 0.233887
vt 0.469971 0.246582
vt 0.463623 0.254883
vt 0.451904 0.234863
vt 0.467773 0.250000
vt 0.451904 0.234863
vt 0.468506 0.249023
vt 0.467773 0.250000
vt 0.484863 0.264648
vt 0.463623 0.254883
vt 0.467773 0.250000
vt 0.463623 0.254883
vt 0.484863 0.264648
vt 0.481445 0.269531
vt 0.468506 0.249023
vt 0.485596 0.263184
vt 0.467773 0.250000
vt 0.484863 0.264648
vt 0.467773 0.250000
vt 0.485596 0.263184
vt 0.481445 0.269531
vt 0.484863 0.264648
vt 0.502930 0.279297
vt 0.500488 0.284180
vt 0.481445 0.269531
vt 0.502930 0.279297
vt 0.484863 0.264648
vt 0.503906 0.278320
vt 0.502930 0.279297
vt 0.503906 0.278320
vt 0.484863 0.264648
vt 0.485596 0.263184
vt 0.520508 0.292480
vt 0.500488 0.284180
vt 0.502930 0.279297
vt 0.503906 0.278320
vt 0.520508 0.292480
vt 0.502930 0.279297
vt 0.500488 0.284180
vt 0.520508 0.292480
vt 0.518555 0.297363
vt 0.468506 0.249023
vt 0.486816 0.261230
vt 0.485596 0.263184
vt 0.486816 0.261230
vt 0.468506 0.249023
vt 0.469971 0.246582
vt 0.520508 0.292480
vt 0.534668 0.303711
vt 0.518555 0.297363
vt 0.534668 0.308594
vt 0.518555 0.297363
vt 0.534668 0.303711
vt 0.534668 0.303711
vt 0.520508 0.292480
vt 0.521484 0.291504
vt 0.520508 0.292480
vt 0.503906 0.278320
vt 0.521484 0.291504
vt 0.548828 0.312988
vt 0.534668 0.308594
vt 0.534668 0.303711
vt 0.534668 0.308594
vt 0.548828 0.312988
vt 0.547363 0.315430
vt 0.548828 0.312988
vt 0.559570 0.324219
vt 0.547363 0.315430
vt 0.521484 0.291504
vt 0.535645 0.302734
vt 0.534668 0.303711
vt 0.535645 0.302734
vt 0.548828 0.312988
vt 0.534668 0.303711
vt 0.559570 0.324219
vt 0.548828 0.312988
vt 0.565430 0.321777
vt 0.578613 0.333496
vt 0.559570 0.324219
vt 0.565430 0.321777
vt 0.548828 0.312988
vt 0.535645 0.302734
vt 0.549805 0.311523
vt 0.565430 0.321777
vt 0.548828 0.312988
vt 0.549805 0.311523
vt 0.565430 0.321777
vt 0.585938 0.324707
vt 0.578613 0.333496
vt 0.585938 0.324707
vt 0.600586 0.335449
vt 0.578613 0.333496
vt 0.549805 0.311523
vt 0.566406 0.319824
vt 0.565430 0.321777
vt 0.566406 0.319824
vt 0.585938 0.324707
vt 0.565430 0.321777
vt 0.600586 0.335449
vt 0.585938 0.324707
vt 0.603027 0.327148
vt 0.603027 0.327148
vt 0.620117 0.335938
vt 0.600586 0.335449
vt 0.585938 0.324707
vt 0.566406 0.319824
vt 0.586426 0.324707
vt 0.603027 0.327148
vt 0.585938 0.324707
vt 0.586426 0.324707
vt 0.603027 0.327148
vt 0.621094 0.328125
vt 0.620117 0.335938
vt 0.621094 0.328125
vt 0.637695 0.335449
vt 0.620117 0.335938
vt 0.586426 0.324707
vt 0.604004 0.326172
vt 0.603027 0.327148
vt 0.604004 0.326172
vt 0.621094 0.328125
vt 0.603027 0.327148
vt 0.566406 0.319824
vt 0.586914 0.323242
vt 0.586426 0.324707
vt 0.586914 0.323242
vt 0.604004 0.326172
vt 0.586426 0.324707
vt 0.637695 0.335449
vt 0.621094 0.328125
vt 0.638184 0.327148
vt 0.638184 0.327148
vt 0.652832 0.334961
vt 0.637695 0.335449
vt 0.621094 0.328125
vt 0.604004 0.326172
vt 0.621582 0.326172
vt 0.621582 0.326172
vt 0.638184 0.327148
vt 0.621094 0.328125
vt 0.604004 0.326172
vt 0.586914 0.323242
vt 0.604492 0.323730
vt 0.621582 0.326172
vt 0.604004 0.326172
vt 0.604492 0.323730
vt 0.586914 0.323242
vt 0.566406 0.319824
vt 0.567383 0.317383
vt 0.566406 0.319824
vt 0.549805 0.311523
vt 0.567383 0.317383
vt 0.604492 0.323730
vt 0.586914 0.323242
vt 0.586914 0.321777
vt 0.567383 0.317383
vt 0.586914 0.321777
vt 0.586914 0.323242
vt 0.550781 0.308594
vt 0.567383 0.317383
vt 0.549805 0.311523
vt 0.535645 0.302734
vt 0.550781 0.308594
vt 0.549805 0.311523
vt 0.567871 0.314453
vt 0.586914 0.321777
vt 0.567383 0.317383
vt 0.550781 0.308594
vt 0.567871 0.314453
vt 0.567383 0.317383
vt 0.550781 0.308594
vt 0.535645 0.302734
vt 0.536621 0.300293
vt 0.535645 0.302734
vt 0.521484 0.291504
vt 0.536621 0.300293
vt 0.567871 0.314453
vt 0.550781 0.308594
vt 0.551270 0.306152
vt 0.550781 0.308594
vt 0.536621 0.300293
vt 0.551270 0.306152
vt 0.522461 0.289551
vt 0.536621 0.300293
vt 0.521484 0.291504
vt 0.503906 0.278320
vt 0.522461 0.289551
vt 0.521484 0.291504
vt 0.551270 0.306152
vt 0.536621 0.300293
vt 0.537598 0.297852
vt 0.522461 0.289551
vt 0.537598 0.297852
vt 0.536621 0.300293
vt 0.522461 0.289551
vt 0.503906 0.278320
vt 0.504883 0.275879
vt 0.503906 0.278320
vt 0.485596 0.263184
vt 0.504883 0.275879
vt 0.486816 0.261230
vt 0.504883 0.275879
vt 0.485596 0.263184
vt 0.522461 0.289551
vt 0.504883 0.275879
vt 0.523438 0.287109
vt 0.537598 0.297852
vt 0.522461 0.289551
vt 0.523438 0.287109
vt 0.486816 0.261230
vt 0.506348 0.273926
vt 0.504883 0.275879
vt 0.523438 0.287109
vt 0.504883 0.275879
vt 0.506348 0.273926
vt 0.506348 0.273926
vt 0.486816 0.261230
vt 0.488281 0.259277
vt 0.486816 0.261230
vt 0.469971 0.246582
vt 0.488281 0.259277
vt 0.537598 0.297852
vt 0.523438 0.287109
vt 0.537598 0.296387
vt 0.488281 0.259277
vt 0.469971 0.246582
vt 0.471680 0.245117
vt 0.469971 0.246582
vt 0.455811 0.230469
vt 0.471680 0.245117
vt 0.551270 0.304688
vt 0.537598 0.297852
vt 0.537598 0.296387
vt 0.537598 0.297852
vt 0.551270 0.304688
vt 0.551270 0.306152
vt 0.457031 0.229980
vt 0.471680 0.245117
vt 0.455811 0.230469
vt 0.441895 0.214844
vt 0.457031 0.229980
vt 0.455811 0.230469
vt 0.551270 0.304688
vt 0.567871 0.312988
vt 0.551270 0.306152
vt 0.551270 0.306152
vt 0.567871 0.312988
vt 0.567871 0.314453
vt 0.449463 0.208496
vt 0.457031 0.229980
vt 0.441895 0.214844
vt 0.441895 0.214844
vt 0.435303 0.191406
vt 0.449463 0.208496
vt 0.464355 0.175781
vt 0.449463 0.208496
vt 0.435303 0.191406
vt 0.585449 0.317871
vt 0.567871 0.314453
vt 0.567871 0.312988
vt 0.567871 0.314453
vt 0.585449 0.317871
vt 0.586914 0.321777
vt 0.449463 0.208496
vt 0.464355 0.175781
vt 0.473633 0.187500
vt 0.488770 0.158691
vt 0.473633 0.187500
vt 0.464355 0.175781
vt 0.457031 0.229980
vt 0.449463 0.208496
vt 0.463623 0.223145
vt 0.449463 0.208496
vt 0.473633 0.187500
vt 0.463623 0.223145
vt 0.473633 0.187500
vt 0.488770 0.158691
vt 0.496826 0.166504
vt 0.496826 0.166504
vt 0.488770 0.158691
vt 0.504395 0.158691
vt 0.496826 0.166504
vt 0.485596 0.199219
vt 0.473633 0.187500
vt 0.485596 0.199219
vt 0.463623 0.223145
vt 0.473633 0.187500
vt 0.502441 0.179688
vt 0.496826 0.166504
vt 0.504395 0.158691
vt 0.485596 0.199219
vt 0.496826 0.166504
vt 0.502441 0.179688
vt 0.463623 0.223145
vt 0.472656 0.244141
vt 0.457031 0.229980
vt 0.471680 0.245117
vt 0.457031 0.229980
vt 0.472656 0.244141
vt 0.488281 0.259277
vt 0.471680 0.245117
vt 0.472656 0.244141
vt 0.485596 0.199219
vt 0.478760 0.236816
vt 0.463623 0.223145
vt 0.472656 0.244141
vt 0.463623 0.223145
vt 0.478760 0.236816
vt 0.472656 0.244141
vt 0.489258 0.258301
vt 0.488281 0.259277
vt 0.489258 0.258301
vt 0.506348 0.273926
vt 0.488281 0.259277
vt 0.494629 0.250488
vt 0.472656 0.244141
vt 0.478760 0.236816
vt 0.489258 0.258301
vt 0.472656 0.244141
vt 0.494629 0.250488
vt 0.478760 0.236816
vt 0.485596 0.199219
vt 0.498779 0.211426
vt 0.502441 0.179688
vt 0.498779 0.211426
vt 0.485596 0.199219
vt 0.478760 0.236816
vt 0.513184 0.223633
vt 0.494629 0.250488
vt 0.513184 0.223633
vt 0.478760 0.236816
vt 0.498779 0.211426
vt 0.511719 0.264160
vt 0.489258 0.258301
vt 0.494629 0.250488
vt 0.528320 0.235840
vt 0.494629 0.250488
vt 0.513184 0.223633
vt 0.528320 0.235840
vt 0.511719 0.264160
vt 0.494629 0.250488
vt 0.506348 0.273926
vt 0.489258 0.258301
vt 0.506836 0.272461
vt 0.489258 0.258301
vt 0.511719 0.264160
vt 0.506836 0.272461
vt 0.523926 0.285645
vt 0.506348 0.273926
vt 0.506836 0.272461
vt 0.506348 0.273926
vt 0.523926 0.285645
vt 0.523438 0.287109
vt 0.537598 0.296387
vt 0.523438 0.287109
vt 0.523926 0.285645
vt 0.527832 0.276855
vt 0.506836 0.272461
vt 0.511719 0.264160
vt 0.523926 0.285645
vt 0.506836 0.272461
vt 0.527832 0.276855
vt 0.523926 0.285645
vt 0.545410 0.288086
vt 0.537598 0.296387
vt 0.545410 0.288086
vt 0.523926 0.285645
vt 0.527832 0.276855
vt 0.511719 0.264160
vt 0.542480 0.247070
vt 0.527832 0.276855
vt 0.542480 0.247070
vt 0.511719 0.264160
vt 0.528320 0.235840
vt 0.555176 0.255371
vt 0.545410 0.288086
vt 0.527832 0.276855
vt 0.527832 0.276855
vt 0.542480 0.247070
vt 0.555176 0.255371
vt 0.554199 0.294922
vt 0.537598 0.296387
vt 0.545410 0.288086
vt 0.551270 0.304688
vt 0.537598 0.296387
vt 0.554199 0.294922
vt 0.568359 0.263184
vt 0.545410 0.288086
vt 0.555176 0.255371
vt 0.545410 0.288086
vt 0.568359 0.263184
vt 0.554199 0.294922
vt 0.568359 0.300293
vt 0.551270 0.304688
vt 0.554199 0.294922
vt 0.551270 0.304688
vt 0.568359 0.300293
vt 0.567871 0.312988
vt 0.568359 0.300293
vt 0.585449 0.317871
vt 0.567871 0.312988
vt 0.554199 0.294922
vt 0.568359 0.263184
vt 0.576172 0.266602
vt 0.576172 0.266602
vt 0.568359 0.300293
vt 0.554199 0.294922
vt 0.580078 0.233887
vt 0.568359 0.263184
vt 0.555176 0.255371
vt 0.568359 0.263184
vt 0.580078 0.233887
vt 0.576172 0.266602
vt 0.585449 0.317871
vt 0.568359 0.300293
vt 0.590820 0.273438
vt 0.590820 0.273438
vt 0.568359 0.300293
vt 0.576172 0.266602
vt 0.580078 0.233887
vt 0.555176 0.255371
vt 0.571289 0.228027
vt 0.542480 0.247070
vt 0.571289 0.228027
vt 0.555176 0.255371
vt 0.586426 0.261230
vt 0.590820 0.273438
vt 0.576172 0.266602
vt 0.571289 0.228027
vt 0.542480 0.247070
vt 0.554199 0.224609
vt 0.542480 0.247070
vt 0.528320 0.235840
vt 0.554199 0.224609
vt 0.609375 0.257812
vt 0.590820 0.273438
vt 0.586426 0.261230
vt 0.554199 0.224609
vt 0.528320 0.235840
vt 0.541504 0.214355
vt 0.513184 0.223633
vt 0.541504 0.214355
vt 0.528320 0.235840
vt 0.609375 0.257812
vt 0.604492 0.281738
vt 0.590820 0.273438
vt 0.604492 0.281738
vt 0.585449 0.317871
vt 0.590820 0.273438
vt 0.541504 0.214355
vt 0.513184 0.223633
vt 0.527832 0.203613
vt 0.513184 0.223633
vt 0.498779 0.211426
vt 0.527832 0.203613
vt 0.585449 0.317871
vt 0.604492 0.281738
vt 0.604492 0.320312
vt 0.585449 0.317871
vt 0.604492 0.320312
vt 0.586914 0.321777
vt 0.615723 0.272949
vt 0.604492 0.281738
vt 0.609375 0.257812
vt 0.586426 0.261230
vt 0.610352 0.253418
vt 0.609375 0.257812
vt 0.604492 0.281738
vt 0.615723 0.272949
vt 0.613281 0.282227
vt 0.613281 0.282227
vt 0.604492 0.320312
vt 0.604492 0.281738
vt 0.610352 0.253418
vt 0.586426 0.261230
vt 0.596191 0.237305
vt 0.604492 0.321289
vt 0.586914 0.321777
vt 0.604492 0.320312
vt 0.604492 0.323730
vt 0.586914 0.321777
vt 0.604492 0.321289
vt 0.604492 0.320312
vt 0.613281 0.282227
vt 0.622559 0.319336
vt 0.622559 0.319336
vt 0.604492 0.321289
vt 0.604492 0.320312
vt 0.604492 0.321289
vt 0.622070 0.323730
vt 0.604492 0.323730
vt 0.621582 0.326172
vt 0.604492 0.323730
vt 0.622070 0.323730
vt 0.604492 0.321289
vt 0.622559 0.319336
vt 0.622559 0.321289
vt 0.622070 0.323730
vt 0.604492 0.321289
vt 0.622559 0.321289
vt 0.622070 0.323730
vt 0.638184 0.325195
vt 0.621582 0.326172
vt 0.621582 0.326172
vt 0.638184 0.325195
vt 0.638184 0.327148
vt 0.638672 0.322754
vt 0.622070 0.323730
vt 0.622559 0.321289
vt 0.638184 0.325195
vt 0.622070 0.323730
vt 0.638672 0.322754
vt 0.622559 0.319336
vt 0.639160 0.317871
vt 0.622559 0.321289
vt 0.638672 0.322754
vt 0.622559 0.321289
vt 0.639160 0.319824
vt 0.639160 0.319824
vt 0.622559 0.321289
vt 0.639160 0.317871
vt 0.653320 0.322266
vt 0.638184 0.325195
vt 0.638672 0.322754
vt 0.639160 0.319824
vt 0.653320 0.322266
vt 0.638672 0.322754
vt 0.638184 0.325195
vt 0.652832 0.326660
vt 0.638184 0.327148
vt 0.638184 0.327148
vt 0.652832 0.326660
vt 0.652832 0.334961
vt 0.638184 0.325195
vt 0.653320 0.322266
vt 0.653320 0.324707
vt 0.652832 0.326660
vt 0.638184 0.325195
vt 0.653320 0.324707
vt 0.653320 0.322266
vt 0.639160 0.319824
vt 0.653809 0.319336
vt 0.665039 0.326660
vt 0.652832 0.334961
vt 0.652832 0.326660
vt 0.652832 0.334961
vt 0.665039 0.326660
vt 0.664551 0.338379
vt 0.665039 0.326660
vt 0.675293 0.338379
vt 0.664551 0.338379
vt 0.665039 0.326660
vt 0.675781 0.326660
vt 0.675293 0.338379
vt 0.675781 0.326660
vt 0.665039 0.326660
vt 0.675781 0.324707
vt 0.652832 0.326660
vt 0.665039 0.324707
vt 0.665039 0.326660
vt 0.665039 0.324707
vt 0.675781 0.324707
vt 0.665039 0.326660
vt 0.665039 0.324707
vt 0.652832 0.326660
vt 0.653320 0.324707
vt 0.665039 0.324707
vt 0.676270 0.322266
vt 0.675781 0.324707
vt 0.665039 0.324707
vt 0.653320 0.324707
vt 0.665527 0.321777
vt 0.653320 0.322266
vt 0.665527 0.321777
vt 0.653320 0.324707
vt 0.676270 0.322266
vt 0.665039 0.324707
vt 0.665527 0.321777
vt 0.665527 0.321777
vt 0.653320 0.322266
vt 0.653809 0.319336
vt 0.665527 0.319336
vt 0.676270 0.322266
vt 0.665527 0.321777
vt 0.665527 0.321777
vt 0.653809 0.319336
vt 0.665527 0.319336
vt 0.639160 0.319824
vt 0.653809 0.317383
vt 0.653809 0.319336
vt 0.653809 0.317383
vt 0.665527 0.319336
vt 0.653809 0.319336
vt 0.653809 0.317383
vt 0.639160 0.319824
vt 0.639160 0.317871
vt 0.676270 0.322266
vt 0.665527 0.319336
vt 0.676270 0.319336
vt 0.665527 0.319336
vt 0.653809 0.317383
vt 0.665527 0.317383
vt 0.665527 0.317383
vt 0.676270 0.319336
vt 0.665527 0.319336
vt 0.639160 0.317871
vt 0.653809 0.307129
vt 0.653809 0.317383
vt 0.653809 0.317383
vt 0.665527 0.306641
vt 0.665527 0.317383
vt 0.665527 0.306641
vt 0.653809 0.317383
vt 0.653809 0.307129
vt 0.676270 0.319336
vt 0.665527 0.317383
vt 0.676270 0.317383
vt 0.675781 0.306641
vt 0.665527 0.317383
vt 0.665527 0.306641
vt 0.665527 0.317383
vt 0.675781 0.306641
vt 0.676270 0.317383
vt 0.676270 0.317383
vt 0.686523 0.316895
vt 0.676270 0.319336
vt 0.686523 0.316895
vt 0.676270 0.317383
vt 0.675781 0.306641
vt 0.687012 0.321777
vt 0.676270 0.322266
vt 0.676270 0.319336
vt 0.676270 0.322266
vt 0.687012 0.321777
vt 0.676758 0.324707
vt 0.687012 0.318848
vt 0.676270 0.319336
vt 0.686523 0.316895
vt 0.687012 0.321777
vt 0.676270 0.319336
vt 0.687012 0.318848
vt 0.686523 0.316895
vt 0.675781 0.306641
vt 0.686523 0.306641
vt 0.698242 0.316895
vt 0.687012 0.318848
vt 0.686523 0.316895
vt 0.686523 0.306641
vt 0.698242 0.316895
vt 0.686523 0.316895
vt 0.698730 0.318848
vt 0.687012 0.321777
vt 0.687012 0.318848
vt 0.687012 0.318848
vt 0.698242 0.316895
vt 0.698730 0.318848
vt 0.674805 0.271973
vt 0.686523 0.306641
vt 0.675781 0.306641
vt 0.665527 0.306641
vt 0.674805 0.271973
vt 0.675781 0.306641
vt 0.698242 0.316895
vt 0.686523 0.306641
vt 0.697754 0.306641
vt 0.674805 0.271973
vt 0.665527 0.306641
vt 0.665039 0.271973
vt 0.665039 0.271973
vt 0.665527 0.306641
vt 0.653809 0.307129
vt 0.686523 0.306641
vt 0.674805 0.271973
vt 0.684570 0.271484
vt 0.686523 0.306641
vt 0.684570 0.271484
vt 0.697754 0.306641
vt 0.665039 0.271973
vt 0.675293 0.238770
vt 0.674805 0.271973
vt 0.674805 0.271973
vt 0.675293 0.238770
vt 0.684570 0.271484
vt 0.653809 0.307129
vt 0.653809 0.271484
vt 0.665039 0.271973
vt 0.675293 0.238770
vt 0.665039 0.271973
vt 0.665527 0.238281
vt 0.653809 0.271484
vt 0.665527 0.238281
vt 0.665039 0.271973
vt 0.639648 0.307129
vt 0.653809 0.271484
vt 0.653809 0.307129
vt 0.653809 0.307129
vt 0.639160 0.317871
vt 0.639648 0.307129
vt 0.622559 0.319336
vt 0.639648 0.307129
vt 0.639160 0.317871
vt 0.639648 0.307129
vt 0.622559 0.319336
vt 0.613281 0.282227
vt 0.639648 0.307129
vt 0.613281 0.282227
vt 0.640137 0.271484
vt 0.653809 0.271484
vt 0.639648 0.307129
vt 0.640137 0.271484
vt 0.615723 0.272949
vt 0.640137 0.271484
vt 0.613281 0.282227
vt 0.640137 0.271484
vt 0.654297 0.237793
vt 0.653809 0.271484
vt 0.665527 0.238281
vt 0.653809 0.271484
vt 0.654297 0.237793
vt 0.615723 0.272949
vt 0.640625 0.237793
vt 0.640137 0.271484
vt 0.654297 0.237793
vt 0.640137 0.271484
vt 0.640625 0.237793
vt 0.640625 0.237793
vt 0.615723 0.272949
vt 0.617188 0.236328
vt 0.665527 0.238281
vt 0.654297 0.237793
vt 0.665039 0.225098
vt 0.640625 0.237793
vt 0.654297 0.225098
vt 0.654297 0.237793
vt 0.654297 0.237793
vt 0.654297 0.225098
vt 0.665039 0.225098
vt 0.623047 0.221680
vt 0.640625 0.237793
vt 0.617188 0.236328
vt 0.654297 0.225098
vt 0.640625 0.237793
vt 0.641113 0.225586
vt 0.640625 0.237793
vt 0.623047 0.221680
vt 0.641113 0.225586
vt 0.641113 0.225586
vt 0.654297 0.213379
vt 0.654297 0.225098
vt 0.665039 0.225098
vt 0.654297 0.225098
vt 0.654297 0.213379
vt 0.617188 0.236328
vt 0.607910 0.228027
vt 0.623047 0.221680
vt 0.610352 0.253418
vt 0.607910 0.228027
vt 0.617188 0.236328
vt 0.596191 0.237305
vt 0.607910 0.228027
vt 0.610352 0.253418
vt 0.623047 0.221680
vt 0.634766 0.193848
vt 0.641113 0.225586
vt 0.600586 0.224609
vt 0.607910 0.228027
vt 0.596191 0.237305
vt 0.618164 0.194336
vt 0.623047 0.221680
vt 0.607910 0.228027
vt 0.623047 0.221680
vt 0.618164 0.194336
vt 0.634766 0.193848
vt 0.600586 0.224609
vt 0.599609 0.195801
vt 0.607910 0.228027
vt 0.599609 0.195801
vt 0.618164 0.194336
vt 0.607910 0.228027
vt 0.585938 0.235840
vt 0.600586 0.224609
vt 0.596191 0.237305
vt 0.586426 0.261230
vt 0.585938 0.235840
vt 0.596191 0.237305
vt 0.585938 0.235840
vt 0.586426 0.261230
vt 0.576172 0.266602
vt 0.585938 0.235840
vt 0.576172 0.266602
vt 0.580078 0.233887
vt 0.600586 0.224609
vt 0.585938 0.235840
vt 0.598145 0.220215
vt 0.599609 0.195801
vt 0.600586 0.224609
vt 0.598145 0.220215
vt 0.585938 0.235840
vt 0.590820 0.219727
vt 0.598145 0.220215
vt 0.590820 0.219727
vt 0.585938 0.235840
vt 0.580078 0.233887
vt 0.590820 0.219727
vt 0.599609 0.195801
vt 0.598145 0.220215
vt 0.580078 0.233887
vt 0.577148 0.215332
vt 0.590820 0.219727
vt 0.599609 0.195801
vt 0.590820 0.219727
vt 0.577148 0.215332
vt 0.577148 0.215332
vt 0.580078 0.233887
vt 0.571289 0.228027
vt 0.571289 0.228027
vt 0.564453 0.208008
vt 0.577148 0.215332
vt 0.564453 0.208008
vt 0.571289 0.228027
vt 0.554199 0.224609
vt 0.584961 0.189453
vt 0.599609 0.195801
vt 0.577148 0.215332
vt 0.564453 0.208008
vt 0.584961 0.189453
vt 0.577148 0.215332
vt 0.584961 0.189453
vt 0.609375 0.180176
vt 0.599609 0.195801
vt 0.609375 0.180176
vt 0.618164 0.194336
vt 0.599609 0.195801
vt 0.609375 0.180176
vt 0.584961 0.189453
vt 0.598633 0.174805
vt 0.598633 0.174805
vt 0.584961 0.189453
vt 0.571777 0.182617
vt 0.584961 0.189453
vt 0.564453 0.208008
vt 0.571777 0.182617
vt 0.618164 0.194336
vt 0.609375 0.180176
vt 0.615723 0.181152
vt 0.609375 0.180176
vt 0.623047 0.157715
vt 0.615723 0.181152
vt 0.631348 0.187988
vt 0.618164 0.194336
vt 0.615723 0.181152
vt 0.623047 0.157715
vt 0.631348 0.187988
vt 0.615723 0.181152
vt 0.618164 0.194336
vt 0.631348 0.187988
vt 0.634766 0.193848
vt 0.631348 0.187988
vt 0.623047 0.157715
vt 0.635254 0.156250
vt 0.634766 0.193848
vt 0.631348 0.187988
vt 0.644043 0.188477
vt 0.631348 0.187988
vt 0.635254 0.156250
vt 0.644043 0.188477
vt 0.634766 0.193848
vt 0.644043 0.188477
vt 0.638672 0.193848
vt 0.641113 0.225586
vt 0.634766 0.193848
vt 0.638672 0.193848
vt 0.641113 0.225586
vt 0.638672 0.193848
vt 0.654297 0.213379
vt 0.635254 0.156250
vt 0.647461 0.154785
vt 0.644043 0.188477
vt 0.635254 0.156250
vt 0.644043 0.144043
vt 0.647461 0.154785
vt 0.656250 0.187988
vt 0.638672 0.193848
vt 0.644043 0.188477
vt 0.638672 0.193848
vt 0.656250 0.187988
vt 0.654297 0.213379
vt 0.647461 0.154785
vt 0.656250 0.187988
vt 0.644043 0.188477
vt 0.656250 0.187988
vt 0.665039 0.212891
vt 0.654297 0.213379
vt 0.665039 0.225098
vt 0.654297 0.213379
vt 0.665039 0.212891
vt 0.647461 0.154785
vt 0.644043 0.144043
vt 0.653320 0.145020
vt 0.644043 0.144043
vt 0.652344 0.129883
vt 0.653320 0.145020
vt 0.656250 0.187988
vt 0.647461 0.154785
vt 0.658691 0.152344
vt 0.647461 0.154785
vt 0.653320 0.145020
vt 0.658691 0.152344
vt 0.665039 0.212891
vt 0.656250 0.187988
vt 0.666016 0.187500
vt 0.656250 0.187988
vt 0.658691 0.152344
vt 0.666016 0.187500
vt 0.660645 0.130371
vt 0.653320 0.145020
vt 0.652344 0.129883
vt 0.652344 0.129883
vt 0.657227 0.112305
vt 0.660645 0.130371
vt 0.658691 0.152344
vt 0.653320 0.145020
vt 0.663086 0.143066
vt 0.653320 0.145020
vt 0.660645 0.130371
vt 0.663086 0.143066
vt 0.658691 0.152344
vt 0.663086 0.143066
vt 0.666992 0.151855
vt 0.666016 0.187500
vt 0.658691 0.152344
vt 0.666992 0.151855
vt 0.668457 0.130371
vt 0.663086 0.143066
vt 0.660645 0.130371
vt 0.657227 0.112305
vt 0.663574 0.112793
vt 0.660645 0.130371
vt 0.663574 0.112793
vt 0.668457 0.130371
vt 0.660645 0.130371
vt 0.657227 0.112305
vt 0.666504 0.077637
vt 0.663574 0.112793
vt 0.663086 0.143066
vt 0.668457 0.130371
vt 0.670410 0.142578
vt 0.666992 0.151855
vt 0.663086 0.143066
vt 0.670410 0.142578
vt 0.663574 0.112793
vt 0.666504 0.077637
vt 0.669922 0.078125
vt 0.666504 0.077637
vt 0.677246 0.038086
vt 0.669922 0.078125
vt 0.668457 0.130371
vt 0.663574 0.112793
vt 0.669434 0.113281
vt 0.678711 0.037598
vt 0.669922 0.078125
vt 0.677246 0.038086
vt 0.677246 0.038086
vt 0.652832 0.028320
vt 0.678711 0.037598
vt 0.657227 0.022461
vt 0.678711 0.037598
vt 0.652832 0.028320
vt 0.671387 0.078125
vt 0.663574 0.112793
vt 0.669922 0.078125
vt 0.669922 0.078125
vt 0.678711 0.037598
vt 0.671387 0.078125
vt 0.663574 0.112793
vt 0.671387 0.078125
vt 0.669434 0.113281
vt 0.678711 0.037598
vt 0.657227 0.022461
vt 0.679688 0.037598
vt 0.679688 0.037598
vt 0.671387 0.078125
vt 0.678711 0.037598
vt 0.661133 0.017578
vt 0.679688 0.037598
vt 0.657227 0.022461
vt 0.679688 0.037598
vt 0.661133 0.017578
vt 0.680176 0.037109
vt 0.671387 0.078125
vt 0.679688 0.037598
vt 0.675293 0.078613
vt 0.680176 0.037109
vt 0.675293 0.078613
vt 0.679688 0.037598
vt 0.675293 0.078613
vt 0.669434 0.113281
vt 0.671387 0.078125
vt 0.675293 0.078613
vt 0.680176 0.037109
vt 0.679199 0.078613
vt 0.669434 0.113281
vt 0.675293 0.078613
vt 0.674805 0.113281
vt 0.679199 0.078613
vt 0.674805 0.113281
vt 0.675293 0.078613
vt 0.674805 0.130371
vt 0.669434 0.113281
vt 0.674805 0.113281
vt 0.668457 0.130371
vt 0.669434 0.113281
vt 0.674805 0.130371
vt 0.674805 0.130371
vt 0.670410 0.142578
vt 0.668457 0.130371
vt 0.674805 0.113281
vt 0.679199 0.078613
vt 0.679688 0.113281
vt 0.679688 0.113281
vt 0.674805 0.130371
vt 0.674805 0.113281
vt 0.681152 0.037598
vt 0.679199 0.078613
vt 0.680176 0.037109
vt 0.680176 0.037109
vt 0.692871 0.012207
vt 0.681152 0.037598
vt 0.682617 0.079102
vt 0.679688 0.113281
vt 0.679199 0.078613
vt 0.679199 0.078613
vt 0.681152 0.037598
vt 0.682617 0.079102
vt 0.674805 0.130371
vt 0.679688 0.113281
vt 0.680664 0.130371
vt 0.670410 0.142578
vt 0.674805 0.130371
vt 0.679199 0.141602
vt 0.674805 0.130371
vt 0.680664 0.130371
vt 0.679199 0.141602
vt 0.679199 0.141602
vt 0.666992 0.151855
vt 0.670410 0.142578
vt 0.685059 0.113281
vt 0.680664 0.130371
vt 0.679688 0.113281
vt 0.679688 0.113281
vt 0.682617 0.079102
vt 0.685059 0.113281
vt 0.679199 0.141602
vt 0.676270 0.161133
vt 0.666992 0.151855
vt 0.666016 0.187500
vt 0.666992 0.151855
vt 0.676270 0.161133
vt 0.679199 0.141602
vt 0.680664 0.130371
vt 0.686035 0.141113
vt 0.666016 0.187500
vt 0.676270 0.161133
vt 0.674805 0.187988
vt 0.676270 0.161133
vt 0.679199 0.141602
vt 0.683594 0.161133
vt 0.683594 0.161133
vt 0.679199 0.141602
vt 0.686035 0.141113
vt 0.674805 0.187988
vt 0.676270 0.161133
vt 0.684082 0.187500
vt 0.684082 0.187500
vt 0.676270 0.161133
vt 0.683594 0.161133
vt 0.674805 0.212891
vt 0.666016 0.187500
vt 0.674805 0.187988
vt 0.674805 0.212891
vt 0.674805 0.187988
vt 0.684082 0.187500
vt 0.666016 0.187500
vt 0.674805 0.212891
vt 0.665039 0.212891
vt 0.674805 0.212891
vt 0.665039 0.225098
vt 0.665039 0.212891
vt 0.691895 0.160645
vt 0.684082 0.187500
vt 0.683594 0.161133
vt 0.683594 0.161133
vt 0.686035 0.141113
vt 0.691895 0.160645
vt 0.665039 0.225098
vt 0.674805 0.212891
vt 0.675293 0.225586
vt 0.675293 0.225586
vt 0.665527 0.238281
vt 0.665039 0.225098
vt 0.665527 0.238281
vt 0.675293 0.225586
vt 0.675293 0.238770
vt 0.684082 0.187500
vt 0.685059 0.212891
vt 0.674805 0.212891
vt 0.675293 0.225586
vt 0.685059 0.237793
vt 0.675293 0.238770
vt 0.684570 0.271484
vt 0.675293 0.238770
vt 0.685059 0.237793
vt 0.685059 0.224609
vt 0.675293 0.225586
vt 0.674805 0.212891
vt 0.685059 0.224609
vt 0.674805 0.212891
vt 0.685059 0.212891
vt 0.685059 0.237793
vt 0.675293 0.225586
vt 0.685059 0.224609
vt 0.693848 0.187500
vt 0.685059 0.212891
vt 0.684082 0.187500
vt 0.684082 0.187500
vt 0.691895 0.160645
vt 0.693848 0.187500
vt 0.695801 0.212402
vt 0.685059 0.224609
vt 0.685059 0.212891
vt 0.685059 0.212891
vt 0.693848 0.187500
vt 0.695801 0.212402
vt 0.695801 0.224121
vt 0.685059 0.237793
vt 0.685059 0.224609
vt 0.685059 0.224609
vt 0.695801 0.212402
vt 0.695801 0.224121
vt 0.685059 0.237793
vt 0.695801 0.270508
vt 0.684570 0.271484
vt 0.697754 0.306641
vt 0.684570 0.271484
vt 0.695801 0.270508
vt 0.685059 0.237793
vt 0.695801 0.224121
vt 0.698730 0.236816
vt 0.695801 0.270508
vt 0.685059 0.237793
vt 0.698730 0.236816
vt 0.709473 0.212402
vt 0.695801 0.224121
vt 0.695801 0.212402
vt 0.695801 0.270508
vt 0.712402 0.306152
vt 0.697754 0.306641
vt 0.706543 0.187500
vt 0.709473 0.212402
vt 0.695801 0.212402
vt 0.695801 0.212402
vt 0.693848 0.187500
vt 0.706543 0.187500
vt 0.695801 0.224121
vt 0.709473 0.212402
vt 0.709961 0.223145
vt 0.698730 0.236816
vt 0.695801 0.224121
vt 0.709961 0.223145
vt 0.693848 0.187500
vt 0.702148 0.160645
vt 0.706543 0.187500
vt 0.702148 0.160645
vt 0.693848 0.187500
vt 0.691895 0.160645
vt 0.720215 0.186035
vt 0.709473 0.212402
vt 0.706543 0.187500
vt 0.702148 0.160645
vt 0.720215 0.186035
vt 0.706543 0.187500
vt 0.724609 0.212891
vt 0.709961 0.223145
vt 0.709473 0.212402
vt 0.709473 0.212402
vt 0.720215 0.186035
vt 0.724609 0.212891
vt 0.708984 0.235840
vt 0.698730 0.236816
vt 0.709961 0.223145
vt 0.695801 0.270508
vt 0.698730 0.236816
vt 0.708984 0.269531
vt 0.708984 0.269531
vt 0.698730 0.236816
vt 0.708984 0.235840
vt 0.712402 0.306152
vt 0.695801 0.270508
vt 0.708984 0.269531
vt 0.726562 0.223145
vt 0.708984 0.235840
vt 0.709961 0.223145
vt 0.709961 0.223145
vt 0.724609 0.212891
vt 0.726562 0.223145
vt 0.708984 0.235840
vt 0.734863 0.269043
vt 0.708984 0.269531
vt 0.708984 0.235840
vt 0.726562 0.223145
vt 0.740723 0.238281
vt 0.734863 0.269043
vt 0.708984 0.235840
vt 0.740723 0.238281
vt 0.712402 0.306152
vt 0.708984 0.269531
vt 0.729004 0.305176
vt 0.729004 0.305176
vt 0.708984 0.269531
vt 0.734863 0.269043
vt 0.729980 0.316406
vt 0.712402 0.306152
vt 0.729004 0.305176
vt 0.740723 0.238281
vt 0.752441 0.258789
vt 0.734863 0.269043
vt 0.712402 0.306152
vt 0.729980 0.316406
vt 0.712891 0.316895
vt 0.712891 0.316895
vt 0.697754 0.306641
vt 0.712402 0.306152
vt 0.712891 0.316895
vt 0.698242 0.316895
vt 0.697754 0.306641
vt 0.758301 0.278320
vt 0.729004 0.305176
vt 0.734863 0.269043
vt 0.758301 0.278320
vt 0.734863 0.269043
vt 0.752441 0.258789
vt 0.713379 0.318359
vt 0.698242 0.316895
vt 0.712891 0.316895
vt 0.698242 0.316895
vt 0.713379 0.318359
vt 0.698730 0.318848
vt 0.729980 0.317871
vt 0.712891 0.316895
vt 0.729980 0.316406
vt 0.729980 0.317871
vt 0.713379 0.318359
vt 0.712891 0.316895
vt 0.747559 0.316406
vt 0.729980 0.316406
vt 0.729004 0.305176
vt 0.729004 0.305176
vt 0.758301 0.278320
vt 0.747559 0.316406
vt 0.729980 0.316406
vt 0.748047 0.317871
vt 0.729980 0.317871
vt 0.748047 0.317871
vt 0.729980 0.316406
vt 0.747559 0.316406
vt 0.730469 0.320801
vt 0.713379 0.318359
vt 0.729980 0.317871
vt 0.748047 0.317871
vt 0.730469 0.320801
vt 0.729980 0.317871
vt 0.713379 0.318359
vt 0.699219 0.321289
vt 0.698730 0.318848
vt 0.687012 0.321777
vt 0.698730 0.318848
vt 0.699219 0.321289
vt 0.713379 0.318359
vt 0.730469 0.320801
vt 0.713867 0.321289
vt 0.699219 0.321289
vt 0.713379 0.318359
vt 0.713867 0.321289
vt 0.730469 0.320801
vt 0.714355 0.323730
vt 0.713867 0.321289
vt 0.714355 0.323730
vt 0.699219 0.321289
vt 0.713867 0.321289
vt 0.699219 0.324219
vt 0.687012 0.321777
vt 0.699219 0.321289
vt 0.699219 0.321289
vt 0.714355 0.323730
vt 0.699219 0.324219
vt 0.699219 0.324219
vt 0.687500 0.324219
vt 0.687012 0.321777
vt 0.687500 0.324219
vt 0.676758 0.324707
vt 0.687012 0.321777
vt 0.699707 0.325684
vt 0.687500 0.324219
vt 0.699219 0.324219
vt 0.714355 0.323730
vt 0.699707 0.325684
vt 0.699219 0.324219
vt 0.676758 0.324707
vt 0.687500 0.324219
vt 0.687500 0.326172
vt 0.687500 0.324219
vt 0.699707 0.325684
vt 0.687500 0.326172
vt 0.676758 0.324707
vt 0.687500 0.326172
vt 0.677246 0.326660
vt 0.687500 0.326172
vt 0.677734 0.338379
vt 0.677246 0.326660
vt 0.677734 0.338379
vt 0.687500 0.326172
vt 0.688477 0.337891
vt 0.699707 0.325684
vt 0.688477 0.337891
vt 0.687500 0.326172
vt 0.688477 0.337891
vt 0.699707 0.325684
vt 0.700195 0.337402
vt 0.714355 0.325684
vt 0.700195 0.337402
vt 0.699707 0.325684
vt 0.699707 0.325684
vt 0.714355 0.323730
vt 0.714355 0.325684
vt 0.700195 0.337402
vt 0.714355 0.325684
vt 0.715332 0.336914
vt 0.714355 0.323730
vt 0.730957 0.323242
vt 0.714355 0.325684
vt 0.714355 0.323730
vt 0.730469 0.320801
vt 0.730957 0.323242
vt 0.731445 0.325195
vt 0.715332 0.336914
vt 0.714355 0.325684
vt 0.731445 0.325195
vt 0.714355 0.325684
vt 0.730957 0.323242
vt 0.715332 0.336914
vt 0.731445 0.325195
vt 0.732910 0.336426
vt 0.730469 0.320801
vt 0.748047 0.320312
vt 0.730957 0.323242
vt 0.730469 0.320801
vt 0.748047 0.317871
vt 0.748047 0.320312
vt 0.748535 0.322754
vt 0.731445 0.325195
vt 0.730957 0.323242
vt 0.748535 0.322754
vt 0.730957 0.323242
vt 0.748047 0.320312
vt 0.749512 0.324219
vt 0.732910 0.336426
vt 0.731445 0.325195
vt 0.731445 0.325195
vt 0.748535 0.322754
vt 0.749512 0.324219
vt 0.732910 0.336426
vt 0.749512 0.324219
vt 0.751953 0.334961
vt 0.772949 0.317383
vt 0.748047 0.320312
vt 0.748047 0.317871
vt 0.772949 0.317383
vt 0.748047 0.317871
vt 0.747559 0.316406
vt 0.773438 0.319336
vt 0.748535 0.322754
vt 0.748047 0.320312
vt 0.748047 0.320312
vt 0.772949 0.317383
vt 0.773438 0.319336
vt 0.748535 0.322754
vt 0.773926 0.321289
vt 0.749512 0.324219
vt 0.748535 0.322754
vt 0.773438 0.319336
vt 0.773926 0.321289
vt 0.774414 0.322266
vt 0.751953 0.334961
vt 0.749512 0.324219
vt 0.774414 0.322266
vt 0.749512 0.324219
vt 0.773926 0.321289
vt 0.751953 0.334961
vt 0.774414 0.322266
vt 0.778320 0.328125
vt 0.798828 0.314941
vt 0.773926 0.321289
vt 0.773438 0.319336
vt 0.798828 0.314941
vt 0.774414 0.322266
vt 0.773926 0.321289
vt 0.799316 0.315918
vt 0.778320 0.328125
vt 0.774414 0.322266
vt 0.774414 0.322266
vt 0.798828 0.314941
vt 0.799316 0.315918
vt 0.804199 0.320801
vt 0.778320 0.328125
vt 0.799316 0.315918
vt 0.798828 0.314941
vt 0.773438 0.319336
vt 0.798340 0.312988
vt 0.798340 0.312988
vt 0.773438 0.319336
vt 0.772949 0.317383
vt 0.814941 0.308594
vt 0.799316 0.315918
vt 0.798828 0.314941
vt 0.798340 0.312988
vt 0.814941 0.308594
vt 0.798828 0.314941
vt 0.815918 0.310059
vt 0.804199 0.320801
vt 0.799316 0.315918
vt 0.815918 0.310059
vt 0.799316 0.315918
vt 0.814941 0.308594
vt 0.804199 0.320801
vt 0.815918 0.310059
vt 0.817383 0.312500
vt 0.815918 0.310059
vt 0.829590 0.305176
vt 0.817383 0.312500
vt 0.829590 0.305176
vt 0.815918 0.310059
vt 0.829590 0.300293
vt 0.829590 0.300293
vt 0.845703 0.293945
vt 0.829590 0.305176
vt 0.828613 0.299316
vt 0.815918 0.310059
vt 0.814941 0.308594
vt 0.815918 0.310059
vt 0.828613 0.299316
vt 0.829590 0.300293
vt 0.814941 0.308594
vt 0.798340 0.312988
vt 0.813965 0.306152
vt 0.813965 0.306152
vt 0.828613 0.299316
vt 0.814941 0.308594
vt 0.845703 0.293945
vt 0.829590 0.300293
vt 0.843750 0.289062
vt 0.843750 0.289062
vt 0.863281 0.280273
vt 0.845703 0.293945
vt 0.828613 0.299316
vt 0.842773 0.288086
vt 0.829590 0.300293
vt 0.829590 0.300293
vt 0.842773 0.288086
vt 0.843750 0.289062
vt 0.863281 0.280273
vt 0.843750 0.289062
vt 0.860840 0.275391
vt 0.860840 0.275391
vt 0.881836 0.265625
vt 0.863281 0.280273
vt 0.843750 0.289062
vt 0.859863 0.274414
vt 0.860840 0.275391
vt 0.859863 0.274414
vt 0.843750 0.289062
vt 0.842773 0.288086
vt 0.881836 0.265625
vt 0.860840 0.275391
vt 0.878418 0.260254
vt 0.859863 0.274414
vt 0.878418 0.260254
vt 0.860840 0.275391
vt 0.878418 0.260254
vt 0.899414 0.250488
vt 0.881836 0.265625
vt 0.827637 0.296875
vt 0.842773 0.288086
vt 0.828613 0.299316
vt 0.828613 0.299316
vt 0.813965 0.306152
vt 0.827637 0.296875
vt 0.899414 0.250488
vt 0.878418 0.260254
vt 0.895508 0.245605
vt 0.842773 0.288086
vt 0.827637 0.296875
vt 0.841309 0.285645
vt 0.841309 0.285645
vt 0.859863 0.274414
vt 0.842773 0.288086
vt 0.878418 0.260254
vt 0.859863 0.274414
vt 0.877930 0.259277
vt 0.895508 0.245605
vt 0.878418 0.260254
vt 0.877930 0.259277
vt 0.859863 0.274414
vt 0.841309 0.285645
vt 0.858398 0.271973
vt 0.858398 0.271973
vt 0.877930 0.259277
vt 0.859863 0.274414
vt 0.911621 0.230957
vt 0.899414 0.250488
vt 0.895508 0.245605
vt 0.899414 0.250488
vt 0.911621 0.230957
vt 0.916504 0.234863
vt 0.877930 0.259277
vt 0.894531 0.244629
vt 0.895508 0.245605
vt 0.894531 0.244629
vt 0.911621 0.230957
vt 0.895508 0.245605
vt 0.877930 0.259277
vt 0.858398 0.271973
vt 0.876465 0.257324
vt 0.876465 0.257324
vt 0.894531 0.244629
vt 0.877930 0.259277
vt 0.927246 0.215332
vt 0.916504 0.234863
vt 0.911621 0.230957
vt 0.916504 0.234863
vt 0.927246 0.215332
vt 0.933105 0.217285
vt 0.927246 0.215332
vt 0.944824 0.201660
vt 0.933105 0.217285
vt 0.911621 0.230957
vt 0.894531 0.244629
vt 0.910645 0.229980
vt 0.927246 0.215332
vt 0.911621 0.230957
vt 0.910645 0.229980
vt 0.927246 0.215332
vt 0.940430 0.195312
vt 0.944824 0.201660
vt 0.940430 0.195312
vt 0.952637 0.182617
vt 0.944824 0.201660
vt 0.910645 0.229980
vt 0.926270 0.214355
vt 0.927246 0.215332
vt 0.926270 0.214355
vt 0.940430 0.195312
vt 0.927246 0.215332
vt 0.893066 0.242676
vt 0.910645 0.229980
vt 0.894531 0.244629
vt 0.894531 0.244629
vt 0.876465 0.257324
vt 0.893066 0.242676
vt 0.909180 0.228027
vt 0.926270 0.214355
vt 0.910645 0.229980
vt 0.910645 0.229980
vt 0.893066 0.242676
vt 0.909180 0.228027
vt 0.952637 0.182617
vt 0.940430 0.195312
vt 0.948242 0.177246
vt 0.963379 0.149414
vt 0.952637 0.182617
vt 0.948242 0.177246
vt 0.940430 0.195312
vt 0.926270 0.214355
vt 0.939941 0.194824
vt 0.939941 0.194824
vt 0.948242 0.177246
vt 0.940430 0.195312
vt 0.926270 0.214355
vt 0.909180 0.228027
vt 0.924316 0.212402
vt 0.924316 0.212402
vt 0.939941 0.194824
vt 0.926270 0.214355
vt 0.963379 0.149414
vt 0.948242 0.177246
vt 0.956055 0.145508
vt 0.956055 0.145508
vt 0.967285 0.129395
vt 0.963379 0.149414
vt 0.948242 0.177246
vt 0.939941 0.194824
vt 0.947266 0.176270
vt 0.967285 0.129395
vt 0.956055 0.145508
vt 0.959961 0.126953
vt 0.969727 0.110840
vt 0.967285 0.129395
vt 0.959961 0.126953
vt 0.948242 0.177246
vt 0.954590 0.145020
vt 0.956055 0.145508
vt 0.954590 0.145020
vt 0.948242 0.177246
vt 0.947266 0.176270
vt 0.956055 0.145508
vt 0.958496 0.126465
vt 0.959961 0.126953
vt 0.958496 0.126465
vt 0.956055 0.145508
vt 0.954590 0.145020
vt 0.969727 0.110840
vt 0.959961 0.126953
vt 0.961426 0.109375
vt 0.961426 0.109375
vt 0.970215 0.093750
vt 0.969727 0.110840
vt 0.959961 0.108887
vt 0.959961 0.126953
vt 0.958496 0.126465
vt 0.959961 0.126953
vt 0.959961 0.108887
vt 0.961426 0.109375
vt 0.954590 0.145020
vt 0.956543 0.125977
vt 0.958496 0.126465
vt 0.956543 0.125977
vt 0.959961 0.108887
vt 0.958496 0.126465
vt 0.970215 0.093750
vt 0.961426 0.109375
vt 0.962402 0.092773
vt 0.970703 0.078613
vt 0.970215 0.093750
vt 0.962402 0.092773
vt 0.959961 0.092285
vt 0.961426 0.109375
vt 0.959961 0.108887
vt 0.961426 0.109375
vt 0.959961 0.092285
vt 0.962402 0.092773
vt 0.970703 0.078613
vt 0.962402 0.092773
vt 0.962891 0.077637
vt 0.959961 0.092285
vt 0.962891 0.077637
vt 0.962402 0.092773
vt 0.962891 0.077637
vt 0.971191 0.066406
vt 0.970703 0.078613
vt 0.957520 0.108398
vt 0.959961 0.092285
vt 0.959961 0.108887
vt 0.956543 0.125977
vt 0.957520 0.108398
vt 0.959961 0.108887
vt 0.971191 0.066406
vt 0.962891 0.077637
vt 0.962891 0.065918
vt 0.971191 0.066406
vt 0.962891 0.065918
vt 0.971680 0.056152
vt 0.971680 0.056152
vt 0.962891 0.065918
vt 0.962891 0.055664
vt 0.962891 0.077637
vt 0.959961 0.092285
vt 0.960938 0.077637
vt 0.962891 0.065918
vt 0.962891 0.077637
vt 0.960938 0.077637
vt 0.962891 0.055664
vt 0.962891 0.065918
vt 0.961426 0.065918
vt 0.962891 0.065918
vt 0.960938 0.077637
vt 0.961426 0.065918
vt 0.958984 0.065430
vt 0.962891 0.055664
vt 0.961426 0.065918
vt 0.958984 0.065430
vt 0.959961 0.055176
vt 0.962891 0.055664
vt 0.959961 0.055176
vt 0.958984 0.065430
vt 0.957520 0.054688
vt 0.958496 0.077148
vt 0.961426 0.065918
vt 0.960938 0.077637
vt 0.961426 0.065918
vt 0.958496 0.077148
vt 0.958984 0.065430
vt 0.957031 0.091797
vt 0.960938 0.077637
vt 0.959961 0.092285
vt 0.957031 0.091797
vt 0.958496 0.077148
vt 0.960938 0.077637
vt 0.959961 0.092285
vt 0.957520 0.108398
vt 0.957031 0.091797
vt 0.955566 0.076660
vt 0.958984 0.065430
vt 0.958496 0.077148
vt 0.956055 0.064941
vt 0.957520 0.054688
vt 0.958984 0.065430
vt 0.955566 0.076660
vt 0.956055 0.064941
vt 0.958984 0.065430
vt 0.957520 0.054688
vt 0.956055 0.064941
vt 0.954590 0.064453
vt 0.955566 0.076660
vt 0.954590 0.064453
vt 0.956055 0.064941
vt 0.947754 0.053223
vt 0.957520 0.054688
vt 0.954590 0.064453
vt 0.958496 0.077148
vt 0.954590 0.090820
vt 0.955566 0.076660
vt 0.954590 0.090820
vt 0.958496 0.077148
vt 0.957031 0.091797
vt 0.954590 0.064453
vt 0.955566 0.076660
vt 0.953613 0.076172
vt 0.954590 0.090820
vt 0.953613 0.076172
vt 0.955566 0.076660
vt 0.941895 0.062988
vt 0.947754 0.053223
vt 0.954590 0.064453
vt 0.941895 0.062988
vt 0.919434 0.048340
vt 0.947754 0.053223
vt 0.940430 0.074219
vt 0.954590 0.064453
vt 0.953613 0.076172
vt 0.941895 0.062988
vt 0.954590 0.064453
vt 0.940430 0.074219
vt 0.919434 0.048340
vt 0.941895 0.062988
vt 0.917969 0.058594
vt 0.892090 0.044922
vt 0.919434 0.048340
vt 0.917969 0.058594
vt 0.941895 0.062988
vt 0.916504 0.069824
vt 0.917969 0.058594
vt 0.916504 0.069824
vt 0.941895 0.062988
vt 0.940430 0.074219
vt 0.917969 0.058594
vt 0.890625 0.055176
vt 0.892090 0.044922
vt 0.916504 0.069824
vt 0.890625 0.055176
vt 0.917969 0.058594
vt 0.890625 0.055176
vt 0.876465 0.042969
vt 0.892090 0.044922
vt 0.915527 0.084473
vt 0.916504 0.069824
vt 0.940430 0.074219
vt 0.876465 0.042969
vt 0.890625 0.055176
vt 0.875488 0.053711
vt 0.890625 0.055176
vt 0.916504 0.069824
vt 0.889160 0.066406
vt 0.889160 0.066406
vt 0.875488 0.053711
vt 0.890625 0.055176
vt 0.916504 0.069824
vt 0.887207 0.081055
vt 0.889160 0.066406
vt 0.887207 0.081055
vt 0.916504 0.069824
vt 0.915527 0.084473
vt 0.875488 0.053711
vt 0.889160 0.066406
vt 0.874023 0.064941
vt 0.887207 0.081055
vt 0.874023 0.064941
vt 0.889160 0.066406
vt 0.861816 0.052246
vt 0.876465 0.042969
vt 0.875488 0.053711
vt 0.876465 0.042969
vt 0.861816 0.052246
vt 0.862793 0.041992
vt 0.860840 0.063477
vt 0.875488 0.053711
vt 0.874023 0.064941
vt 0.861816 0.052246
vt 0.875488 0.053711
vt 0.860840 0.063477
vt 0.838379 0.050293
vt 0.862793 0.041992
vt 0.861816 0.052246
vt 0.838867 0.041504
vt 0.862793 0.041992
vt 0.838379 0.050293
vt 0.838379 0.060547
vt 0.861816 0.052246
vt 0.860840 0.063477
vt 0.861816 0.052246
vt 0.838379 0.060547
vt 0.838379 0.050293
vt 0.838867 0.041504
vt 0.838379 0.050293
vt 0.812500 0.049316
vt 0.805664 0.046875
vt 0.838867 0.041504
vt 0.812500 0.049316
vt 0.812500 0.049316
vt 0.838379 0.050293
vt 0.811523 0.057617
vt 0.811523 0.057617
vt 0.838379 0.050293
vt 0.838379 0.060547
vt 0.805664 0.046875
vt 0.812500 0.049316
vt 0.805176 0.050293
vt 0.805176 0.050293
vt 0.812500 0.049316
vt 0.811523 0.057617
vt 0.803223 0.046875
vt 0.805664 0.046875
vt 0.805176 0.050293
vt 0.838379 0.060547
vt 0.810059 0.067871
vt 0.811523 0.057617
vt 0.805176 0.050293
vt 0.790039 0.051758
vt 0.803223 0.046875
vt 0.803223 0.046875
vt 0.790039 0.051758
vt 0.791016 0.047363
vt 0.801270 0.057617
vt 0.805176 0.050293
vt 0.811523 0.057617
vt 0.801270 0.057617
vt 0.811523 0.057617
vt 0.810059 0.067871
vt 0.805176 0.050293
vt 0.801270 0.057617
vt 0.800293 0.057617
vt 0.790039 0.051758
vt 0.805176 0.050293
vt 0.800293 0.057617
vt 0.801270 0.057617
vt 0.810059 0.067871
vt 0.796387 0.064941
vt 0.801270 0.057617
vt 0.796387 0.064941
vt 0.800293 0.057617
vt 0.810059 0.067871
vt 0.838379 0.060547
vt 0.837402 0.072754
vt 0.838379 0.060547
vt 0.860840 0.063477
vt 0.837402 0.072754
vt 0.808594 0.080078
vt 0.796387 0.064941
vt 0.810059 0.067871
vt 0.810059 0.067871
vt 0.837402 0.072754
vt 0.808594 0.080078
vt 0.860840 0.063477
vt 0.859375 0.077148
vt 0.837402 0.072754
vt 0.874023 0.064941
vt 0.859375 0.077148
vt 0.860840 0.063477
vt 0.808594 0.080078
vt 0.837402 0.072754
vt 0.835938 0.086426
vt 0.859375 0.077148
vt 0.835938 0.086426
vt 0.837402 0.072754
vt 0.859375 0.077148
vt 0.874023 0.064941
vt 0.872559 0.079102
vt 0.874023 0.064941
vt 0.887207 0.081055
vt 0.872559 0.079102
vt 0.835938 0.086426
vt 0.859375 0.077148
vt 0.857910 0.092285
vt 0.859375 0.077148
vt 0.872559 0.079102
vt 0.857910 0.092285
vt 0.885254 0.097168
vt 0.872559 0.079102
vt 0.887207 0.081055
vt 0.915527 0.084473
vt 0.885254 0.097168
vt 0.887207 0.081055
vt 0.857910 0.092285
vt 0.872559 0.079102
vt 0.870605 0.095215
vt 0.872559 0.079102
vt 0.885254 0.097168
vt 0.870605 0.095215
vt 0.857910 0.092285
vt 0.870605 0.095215
vt 0.868164 0.112305
vt 0.885254 0.097168
vt 0.915527 0.084473
vt 0.914062 0.100586
vt 0.882812 0.114258
vt 0.870605 0.095215
vt 0.885254 0.097168
vt 0.870605 0.095215
vt 0.882812 0.114258
vt 0.868164 0.112305
vt 0.944336 0.089355
vt 0.914062 0.100586
vt 0.915527 0.084473
vt 0.915527 0.084473
vt 0.940430 0.074219
vt 0.944336 0.089355
vt 0.953613 0.076172
vt 0.944336 0.089355
vt 0.940430 0.074219
vt 0.885254 0.097168
vt 0.914062 0.100586
vt 0.912109 0.117676
vt 0.882812 0.114258
vt 0.885254 0.097168
vt 0.912109 0.117676
vt 0.944336 0.089355
vt 0.953613 0.076172
vt 0.953125 0.090820
vt 0.953613 0.076172
vt 0.954590 0.090820
vt 0.953125 0.090820
vt 0.914062 0.100586
vt 0.944336 0.089355
vt 0.943848 0.105957
vt 0.943848 0.105957
vt 0.944336 0.089355
vt 0.953125 0.090820
vt 0.912109 0.117676
vt 0.914062 0.100586
vt 0.943848 0.105957
vt 0.954590 0.090820
vt 0.953125 0.106934
vt 0.953125 0.090820
vt 0.943848 0.105957
vt 0.953125 0.090820
vt 0.953125 0.106934
vt 0.912109 0.117676
vt 0.943848 0.105957
vt 0.942383 0.123047
vt 0.953125 0.106934
vt 0.942383 0.123047
vt 0.943848 0.105957
vt 0.953125 0.106934
vt 0.954590 0.090820
vt 0.954590 0.107422
vt 0.954590 0.107422
vt 0.954590 0.090820
vt 0.957031 0.091797
vt 0.954590 0.107422
vt 0.957031 0.091797
vt 0.957520 0.108398
vt 0.942383 0.123047
vt 0.953125 0.106934
vt 0.952148 0.124512
vt 0.952148 0.124512
vt 0.953125 0.106934
vt 0.954590 0.107422
vt 0.957520 0.108398
vt 0.954102 0.125000
vt 0.954590 0.107422
vt 0.952148 0.124512
vt 0.954590 0.107422
vt 0.954102 0.125000
vt 0.954102 0.125000
vt 0.957520 0.108398
vt 0.956543 0.125977
vt 0.952148 0.124512
vt 0.939453 0.141113
vt 0.942383 0.123047
vt 0.939453 0.141113
vt 0.912109 0.117676
vt 0.942383 0.123047
vt 0.954102 0.125000
vt 0.948730 0.142578
vt 0.952148 0.124512
vt 0.939453 0.141113
vt 0.952148 0.124512
vt 0.948730 0.142578
vt 0.952148 0.144043
vt 0.954102 0.125000
vt 0.956543 0.125977
vt 0.956543 0.125977
vt 0.954590 0.145020
vt 0.952148 0.144043
vt 0.947266 0.176270
vt 0.952148 0.144043
vt 0.954590 0.145020
vt 0.948730 0.142578
vt 0.954102 0.125000
vt 0.950195 0.143066
vt 0.954102 0.125000
vt 0.952148 0.144043
vt 0.950195 0.143066
vt 0.952148 0.144043
vt 0.947266 0.176270
vt 0.945312 0.175293
vt 0.939941 0.194824
vt 0.945312 0.175293
vt 0.947266 0.176270
vt 0.952148 0.144043
vt 0.943359 0.174316
vt 0.950195 0.143066
vt 0.943359 0.174316
vt 0.952148 0.144043
vt 0.945312 0.175293
vt 0.945312 0.175293
vt 0.939941 0.194824
vt 0.938477 0.193848
vt 0.939941 0.194824
vt 0.924316 0.212402
vt 0.938477 0.193848
vt 0.936523 0.192871
vt 0.945312 0.175293
vt 0.938477 0.193848
vt 0.936523 0.192871
vt 0.938477 0.193848
vt 0.924316 0.212402
vt 0.945312 0.175293
vt 0.936523 0.192871
vt 0.943359 0.174316
vt 0.950195 0.143066
vt 0.943359 0.174316
vt 0.942383 0.173828
vt 0.943359 0.174316
vt 0.936523 0.192871
vt 0.942383 0.173828
vt 0.942383 0.173828
vt 0.948730 0.142578
vt 0.950195 0.143066
vt 0.921875 0.210938
vt 0.936523 0.192871
vt 0.924316 0.212402
vt 0.909180 0.228027
vt 0.921875 0.210938
vt 0.924316 0.212402
vt 0.936523 0.192871
vt 0.932129 0.193848
vt 0.942383 0.173828
vt 0.921875 0.210938
vt 0.932129 0.193848
vt 0.936523 0.192871
vt 0.930664 0.158203
vt 0.948730 0.142578
vt 0.942383 0.173828
vt 0.948730 0.142578
vt 0.930664 0.158203
vt 0.939453 0.141113
vt 0.920410 0.187012
vt 0.942383 0.173828
vt 0.932129 0.193848
vt 0.942383 0.173828
vt 0.920410 0.187012
vt 0.930664 0.158203
vt 0.932129 0.193848
vt 0.921875 0.210938
vt 0.920898 0.210449
vt 0.920898 0.210449
vt 0.920410 0.187012
vt 0.932129 0.193848
vt 0.921875 0.210938
vt 0.909180 0.228027
vt 0.907227 0.226562
vt 0.921875 0.210938
vt 0.907227 0.226562
vt 0.920898 0.210449
vt 0.893066 0.242676
vt 0.907227 0.226562
vt 0.909180 0.228027
vt 0.920898 0.210449
vt 0.910156 0.201172
vt 0.920410 0.187012
vt 0.891602 0.240723
vt 0.907227 0.226562
vt 0.893066 0.242676
vt 0.905762 0.225586
vt 0.920898 0.210449
vt 0.907227 0.226562
vt 0.891602 0.240723
vt 0.905762 0.225586
vt 0.907227 0.226562
vt 0.905762 0.225586
vt 0.910156 0.201172
vt 0.920898 0.210449
vt 0.875000 0.254883
vt 0.891602 0.240723
vt 0.893066 0.242676
vt 0.893066 0.242676
vt 0.876465 0.257324
vt 0.875000 0.254883
vt 0.905762 0.225586
vt 0.891602 0.240723
vt 0.890625 0.240234
vt 0.891602 0.240723
vt 0.875000 0.254883
vt 0.890625 0.240234
vt 0.910156 0.201172
vt 0.905762 0.225586
vt 0.895508 0.214844
vt 0.890625 0.240234
vt 0.895508 0.214844
vt 0.905762 0.225586
vt 0.876465 0.257324
vt 0.857422 0.270020
vt 0.875000 0.254883
vt 0.857422 0.270020
vt 0.876465 0.257324
vt 0.858398 0.271973
vt 0.874023 0.253906
vt 0.890625 0.240234
vt 0.875000 0.254883
vt 0.857422 0.270020
vt 0.874023 0.253906
vt 0.875000 0.254883
vt 0.840332 0.283203
vt 0.857422 0.270020
vt 0.858398 0.271973
vt 0.858398 0.271973
vt 0.841309 0.285645
vt 0.840332 0.283203
vt 0.874023 0.253906
vt 0.857422 0.270020
vt 0.856934 0.268555
vt 0.841309 0.285645
vt 0.826660 0.294434
vt 0.840332 0.283203
vt 0.826660 0.294434
vt 0.841309 0.285645
vt 0.827637 0.296875
vt 0.840332 0.282227
vt 0.857422 0.270020
vt 0.840332 0.283203
vt 0.857422 0.270020
vt 0.840332 0.282227
vt 0.856934 0.268555
vt 0.840332 0.283203
vt 0.826660 0.294434
vt 0.826660 0.292969
vt 0.826660 0.292969
vt 0.840332 0.282227
vt 0.840332 0.283203
vt 0.813477 0.303711
vt 0.826660 0.294434
vt 0.827637 0.296875
vt 0.827637 0.296875
vt 0.813965 0.306152
vt 0.813477 0.303711
vt 0.826660 0.294434
vt 0.813477 0.302246
vt 0.826660 0.292969
vt 0.813477 0.302246
vt 0.826660 0.294434
vt 0.813477 0.303711
vt 0.823242 0.283691
vt 0.840332 0.282227
vt 0.826660 0.292969
vt 0.813965 0.306152
vt 0.797852 0.311035
vt 0.813477 0.303711
vt 0.797852 0.311035
vt 0.813965 0.306152
vt 0.798340 0.312988
vt 0.798340 0.312988
vt 0.772949 0.317383
vt 0.797852 0.311035
vt 0.813477 0.303711
vt 0.797852 0.311035
vt 0.798340 0.310059
vt 0.798340 0.310059
vt 0.813477 0.302246
vt 0.813477 0.303711
vt 0.772949 0.315918
vt 0.797852 0.311035
vt 0.772949 0.317383
vt 0.797852 0.311035
vt 0.772949 0.315918
vt 0.798340 0.310059
vt 0.747559 0.316406
vt 0.772949 0.315918
vt 0.772949 0.317383
vt 0.758301 0.278320
vt 0.772949 0.315918
vt 0.747559 0.316406
vt 0.796875 0.298828
vt 0.813477 0.302246
vt 0.798340 0.310059
vt 0.772949 0.315918
vt 0.796875 0.298828
vt 0.798340 0.310059
vt 0.772949 0.315918
vt 0.758301 0.278320
vt 0.769043 0.277344
vt 0.796875 0.298828
vt 0.772949 0.315918
vt 0.769043 0.277344
vt 0.758301 0.278320
vt 0.769043 0.269531
vt 0.769043 0.277344
vt 0.769043 0.269531
vt 0.758301 0.278320
vt 0.752441 0.258789
vt 0.796875 0.298828
vt 0.769043 0.277344
vt 0.782227 0.264648
vt 0.769043 0.277344
vt 0.769043 0.269531
vt 0.782227 0.264648
vt 0.813477 0.302246
vt 0.796875 0.298828
vt 0.810547 0.291992
vt 0.782227 0.264648
vt 0.810547 0.291992
vt 0.796875 0.298828
vt 0.826660 0.292969
vt 0.813477 0.302246
vt 0.810547 0.291992
vt 0.810547 0.291992
vt 0.823242 0.283691
vt 0.826660 0.292969
vt 0.769043 0.269531
vt 0.767578 0.235352
vt 0.782227 0.264648
vt 0.767578 0.235352
vt 0.769043 0.269531
vt 0.752441 0.258789
vt 0.810547 0.291992
vt 0.782227 0.264648
vt 0.789551 0.259766
vt 0.752441 0.258789
vt 0.752930 0.244629
vt 0.767578 0.235352
vt 0.752441 0.258789
vt 0.740723 0.238281
vt 0.752930 0.244629
vt 0.752930 0.244629
vt 0.740723 0.238281
vt 0.750488 0.231445
vt 0.767578 0.235352
vt 0.752930 0.244629
vt 0.750488 0.231445
vt 0.740723 0.238281
vt 0.726562 0.223145
vt 0.750488 0.231445
vt 0.782227 0.264648
vt 0.767578 0.235352
vt 0.774414 0.233398
vt 0.774414 0.233398
vt 0.789551 0.259766
vt 0.782227 0.264648
vt 0.726562 0.223145
vt 0.741211 0.216797
vt 0.750488 0.231445
vt 0.741211 0.216797
vt 0.726562 0.223145
vt 0.724609 0.212891
vt 0.767578 0.235352
vt 0.750488 0.231445
vt 0.759766 0.225098
vt 0.759766 0.225098
vt 0.750488 0.231445
vt 0.741211 0.216797
vt 0.769531 0.224121
vt 0.774414 0.233398
vt 0.767578 0.235352
vt 0.767578 0.235352
vt 0.759766 0.225098
vt 0.769531 0.224121
vt 0.789551 0.259766
vt 0.774414 0.233398
vt 0.782715 0.229492
vt 0.782715 0.229492
vt 0.774414 0.233398
vt 0.769531 0.224121
vt 0.810547 0.291992
vt 0.789551 0.259766
vt 0.805176 0.252441
vt 0.805176 0.252441
vt 0.789551 0.259766
vt 0.782715 0.229492
vt 0.805176 0.252441
vt 0.823242 0.283691
vt 0.810547 0.291992
vt 0.769531 0.220215
vt 0.782715 0.229492
vt 0.769531 0.224121
vt 0.805176 0.252441
vt 0.835938 0.273438
vt 0.823242 0.283691
vt 0.840332 0.282227
vt 0.823242 0.283691
vt 0.835938 0.273438
vt 0.856934 0.268555
vt 0.840332 0.282227
vt 0.835938 0.273438
vt 0.764648 0.215332
vt 0.769531 0.220215
vt 0.769531 0.224121
vt 0.759766 0.225098
vt 0.764648 0.215332
vt 0.769531 0.224121
vt 0.835938 0.273438
vt 0.848145 0.255859
vt 0.856934 0.268555
vt 0.848145 0.255859
vt 0.874023 0.253906
vt 0.856934 0.268555
vt 0.759766 0.225098
vt 0.761230 0.210938
vt 0.764648 0.215332
vt 0.759766 0.225098
vt 0.741211 0.216797
vt 0.761230 0.210938
vt 0.874023 0.253906
vt 0.848145 0.255859
vt 0.864746 0.241699
vt 0.890625 0.240234
vt 0.874023 0.253906
vt 0.864746 0.241699
vt 0.819336 0.243652
vt 0.848145 0.255859
vt 0.835938 0.273438
vt 0.835938 0.273438
vt 0.805176 0.252441
vt 0.819336 0.243652
vt 0.864746 0.241699
vt 0.880371 0.228516
vt 0.890625 0.240234
vt 0.890625 0.240234
vt 0.880371 0.228516
vt 0.895508 0.214844
vt 0.833008 0.231445
vt 0.864746 0.241699
vt 0.848145 0.255859
vt 0.848145 0.255859
vt 0.819336 0.243652
vt 0.833008 0.231445
vt 0.847656 0.218262
vt 0.880371 0.228516
vt 0.864746 0.241699
vt 0.864746 0.241699
vt 0.833008 0.231445
vt 0.847656 0.218262
vt 0.862305 0.206055
vt 0.895508 0.214844
vt 0.880371 0.228516
vt 0.880371 0.228516
vt 0.847656 0.218262
vt 0.862305 0.206055
vt 0.819336 0.243652
vt 0.801270 0.214355
vt 0.833008 0.231445
vt 0.813965 0.204590
vt 0.847656 0.218262
vt 0.833008 0.231445
vt 0.801270 0.214355
vt 0.813965 0.204590
vt 0.833008 0.231445
vt 0.790527 0.223145
vt 0.819336 0.243652
vt 0.805176 0.252441
vt 0.819336 0.243652
vt 0.790527 0.223145
vt 0.801270 0.214355
vt 0.805176 0.252441
vt 0.782715 0.229492
vt 0.790527 0.223145
vt 0.793945 0.208008
vt 0.813965 0.204590
vt 0.801270 0.214355
vt 0.790527 0.223145
vt 0.793945 0.208008
vt 0.801270 0.214355
vt 0.847656 0.218262
vt 0.813965 0.204590
vt 0.828125 0.191406
vt 0.847656 0.218262
vt 0.828125 0.191406
vt 0.862305 0.206055
vt 0.813965 0.204590
vt 0.793945 0.208008
vt 0.804688 0.186523
vt 0.804688 0.186523
vt 0.828125 0.191406
vt 0.813965 0.204590
vt 0.793945 0.208008
vt 0.790527 0.223145
vt 0.781738 0.207520
vt 0.776367 0.213379
vt 0.790527 0.223145
vt 0.782715 0.229492
vt 0.790527 0.223145
vt 0.776367 0.213379
vt 0.781738 0.207520
vt 0.782715 0.229492
vt 0.769531 0.220215
vt 0.776367 0.213379
vt 0.783691 0.179688
vt 0.793945 0.208008
vt 0.781738 0.207520
vt 0.793945 0.208008
vt 0.783691 0.179688
vt 0.804688 0.186523
vt 0.773926 0.208496
vt 0.781738 0.207520
vt 0.776367 0.213379
vt 0.776367 0.213379
vt 0.769531 0.220215
vt 0.769531 0.210938
vt 0.773926 0.208496
vt 0.776367 0.213379
vt 0.769531 0.210938
vt 0.769531 0.210938
vt 0.769531 0.220215
vt 0.764648 0.215332
vt 0.775391 0.203613
vt 0.781738 0.207520
vt 0.773926 0.208496
vt 0.769531 0.210938
vt 0.775391 0.203613
vt 0.773926 0.208496
vt 0.783691 0.179688
vt 0.781738 0.207520
vt 0.775391 0.203613
vt 0.765137 0.206543
vt 0.769531 0.210938
vt 0.764648 0.215332
vt 0.765137 0.206543
vt 0.764648 0.215332
vt 0.761230 0.210938
vt 0.775391 0.203613
vt 0.769531 0.210938
vt 0.769531 0.199707
vt 0.765137 0.206543
vt 0.769531 0.199707
vt 0.769531 0.210938
vt 0.775391 0.203613
vt 0.769531 0.199707
vt 0.783691 0.179688
vt 0.760742 0.203613
vt 0.765137 0.206543
vt 0.761230 0.210938
vt 0.762207 0.193848
vt 0.769531 0.199707
vt 0.765137 0.206543
vt 0.762207 0.193848
vt 0.765137 0.206543
vt 0.760742 0.203613
vt 0.762207 0.193848
vt 0.783691 0.179688
vt 0.769531 0.199707
vt 0.761230 0.210938
vt 0.756836 0.207031
vt 0.760742 0.203613
vt 0.756836 0.207031
vt 0.762207 0.193848
vt 0.760742 0.203613
vt 0.741211 0.216797
vt 0.756836 0.207031
vt 0.761230 0.210938
vt 0.756836 0.207031
vt 0.741211 0.216797
vt 0.735352 0.199219
vt 0.741211 0.216797
vt 0.724609 0.212891
vt 0.735352 0.199219
vt 0.724609 0.212891
vt 0.720215 0.186035
vt 0.735352 0.199219
vt 0.735352 0.199219
vt 0.747559 0.195312
vt 0.756836 0.207031
vt 0.756836 0.207031
vt 0.747559 0.195312
vt 0.762207 0.193848
vt 0.735352 0.199219
vt 0.739258 0.160645
vt 0.747559 0.195312
vt 0.739258 0.160645
vt 0.762207 0.193848
vt 0.747559 0.195312
vt 0.720215 0.186035
vt 0.729980 0.159668
vt 0.735352 0.199219
vt 0.739258 0.160645
vt 0.735352 0.199219
vt 0.729980 0.159668
vt 0.729980 0.159668
vt 0.720215 0.186035
vt 0.716309 0.153809
vt 0.720215 0.186035
vt 0.702148 0.160645
vt 0.716309 0.153809
vt 0.729492 0.144043
vt 0.739258 0.160645
vt 0.729980 0.159668
vt 0.702148 0.160645
vt 0.701660 0.141113
vt 0.716309 0.153809
vt 0.691895 0.160645
vt 0.701660 0.141113
vt 0.702148 0.160645
vt 0.729980 0.159668
vt 0.716309 0.153809
vt 0.720703 0.143555
vt 0.729492 0.144043
vt 0.729980 0.159668
vt 0.720703 0.143555
vt 0.716309 0.153809
vt 0.701660 0.141113
vt 0.712402 0.142578
vt 0.720703 0.143555
vt 0.716309 0.153809
vt 0.712402 0.142578
vt 0.701660 0.141113
vt 0.691895 0.160645
vt 0.692871 0.141113
vt 0.691895 0.160645
vt 0.686035 0.141113
vt 0.692871 0.141113
vt 0.713867 0.128418
vt 0.720703 0.143555
vt 0.712402 0.142578
vt 0.686035 0.141113
vt 0.687012 0.130371
vt 0.692871 0.141113
vt 0.680664 0.130371
vt 0.687012 0.130371
vt 0.686035 0.141113
vt 0.680664 0.130371
vt 0.685059 0.113281
vt 0.687012 0.130371
vt 0.718750 0.125488
vt 0.720703 0.143555
vt 0.713867 0.128418
vt 0.718750 0.125488
vt 0.729492 0.144043
vt 0.720703 0.143555
vt 0.712402 0.142578
vt 0.708008 0.129395
vt 0.713867 0.128418
vt 0.708008 0.129395
vt 0.712402 0.142578
vt 0.701660 0.141113
vt 0.709473 0.111328
vt 0.718750 0.125488
vt 0.713867 0.128418
vt 0.708008 0.129395
vt 0.709473 0.111328
vt 0.713867 0.128418
vt 0.708008 0.129395
vt 0.701660 0.141113
vt 0.701660 0.130371
vt 0.701660 0.141113
vt 0.692871 0.141113
vt 0.701660 0.130371
vt 0.709473 0.111328
vt 0.708008 0.129395
vt 0.702637 0.112305
vt 0.701660 0.130371
vt 0.702637 0.112305
vt 0.708008 0.129395
vt 0.692871 0.141113
vt 0.693359 0.130371
vt 0.701660 0.130371
vt 0.692871 0.141113
vt 0.687012 0.130371
vt 0.693359 0.130371
vt 0.702637 0.112305
vt 0.701660 0.130371
vt 0.696289 0.113281
vt 0.693359 0.130371
vt 0.696289 0.113281
vt 0.701660 0.130371
vt 0.687012 0.130371
vt 0.690430 0.113281
vt 0.693359 0.130371
vt 0.696289 0.113281
vt 0.693359 0.130371
vt 0.690430 0.113281
vt 0.690430 0.113281
vt 0.687012 0.130371
vt 0.685059 0.113281
vt 0.696289 0.113281
vt 0.695312 0.079102
vt 0.702637 0.112305
vt 0.685059 0.113281
vt 0.686523 0.079102
vt 0.690430 0.113281
vt 0.686523 0.079102
vt 0.685059 0.113281
vt 0.682617 0.079102
vt 0.690430 0.113281
vt 0.690918 0.079590
vt 0.696289 0.113281
vt 0.690918 0.079590
vt 0.690430 0.113281
vt 0.686523 0.079102
vt 0.695312 0.079102
vt 0.696289 0.113281
vt 0.690918 0.079590
vt 0.682617 0.079102
vt 0.681641 0.038086
vt 0.686523 0.079102
vt 0.681641 0.038086
vt 0.682617 0.079102
vt 0.681152 0.037598
vt 0.686523 0.079102
vt 0.683594 0.038574
vt 0.690918 0.079590
vt 0.683594 0.038574
vt 0.686523 0.079102
vt 0.681641 0.038086
vt 0.690918 0.079590
vt 0.685059 0.039062
vt 0.695312 0.079102
vt 0.685059 0.039062
vt 0.690918 0.079590
vt 0.683594 0.038574
vt 0.693848 0.013672
vt 0.681641 0.038086
vt 0.681152 0.037598
vt 0.681152 0.037598
vt 0.692871 0.012207
vt 0.693848 0.013672
vt 0.681641 0.038086
vt 0.694824 0.015137
vt 0.683594 0.038574
vt 0.681641 0.038086
vt 0.693848 0.013672
vt 0.694824 0.015137
vt 0.696289 0.017090
vt 0.685059 0.039062
vt 0.683594 0.038574
vt 0.683594 0.038574
vt 0.694824 0.015137
vt 0.696289 0.017090
vt 0.714844 0.002930
vt 0.693848 0.013672
vt 0.692871 0.012207
vt 0.692871 0.012207
vt 0.714844 0.000977
vt 0.714844 0.002930
vt 0.693848 0.013672
vt 0.714844 0.004395
vt 0.694824 0.015137
vt 0.714844 0.004395
vt 0.693848 0.013672
vt 0.714844 0.002930
vt 0.694824 0.015137
vt 0.715332 0.005859
vt 0.696289 0.017090
vt 0.715332 0.005859
vt 0.694824 0.015137
vt 0.714844 0.004395
vt 0.714844 0.000977
vt 0.747070 0.029297
vt 0.714844 0.002930
vt 0.747070 0.029297
vt 0.714844 0.000977
vt 0.748535 0.026855
vt 0.714844 0.002930
vt 0.746582 0.029785
vt 0.714844 0.004395
vt 0.714844 0.002930
vt 0.747070 0.029297
vt 0.746582 0.029785
vt 0.714844 0.004395
vt 0.743164 0.034668
vt 0.715332 0.005859
vt 0.743164 0.034668
vt 0.714844 0.004395
vt 0.746582 0.029785
vt 0.715820 0.006836
vt 0.696289 0.017090
vt 0.715332 0.005859
vt 0.715332 0.005859
vt 0.743164 0.034668
vt 0.715820 0.006836
vt 0.696289 0.017090
vt 0.715820 0.006836
vt 0.697754 0.019043
vt 0.685059 0.039062
vt 0.696289 0.017090
vt 0.697754 0.019043
vt 0.715820 0.006836
vt 0.743164 0.034668
vt 0.740723 0.038574
vt 0.685059 0.039062
vt 0.697754 0.019043
vt 0.686523 0.039062
vt 0.686523 0.039062
vt 0.695312 0.079102
vt 0.685059 0.039062
vt 0.697754 0.019043
vt 0.715820 0.006836
vt 0.715332 0.008789
vt 0.715820 0.006836
vt 0.740723 0.038574
vt 0.715332 0.008789
vt 0.686523 0.039062
vt 0.697754 0.019043
vt 0.698242 0.020020
vt 0.715332 0.008789
vt 0.698242 0.020020
vt 0.697754 0.019043
vt 0.695312 0.079102
vt 0.686523 0.039062
vt 0.699707 0.078613
vt 0.699707 0.078613
vt 0.702637 0.112305
vt 0.695312 0.079102
vt 0.702637 0.112305
vt 0.699707 0.078613
vt 0.709473 0.111328
vt 0.699707 0.078613
vt 0.686523 0.039062
vt 0.689453 0.039062
vt 0.698242 0.020020
vt 0.689453 0.039062
vt 0.686523 0.039062
vt 0.704590 0.077148
vt 0.709473 0.111328
vt 0.699707 0.078613
vt 0.689453 0.039062
vt 0.704590 0.077148
vt 0.699707 0.078613
vt 0.709473 0.111328
vt 0.704590 0.077148
vt 0.715820 0.109375
vt 0.718750 0.125488
vt 0.709473 0.111328
vt 0.715820 0.109375
vt 0.689453 0.039062
vt 0.698242 0.020020
vt 0.699707 0.022461
vt 0.718750 0.125488
vt 0.715820 0.109375
vt 0.728027 0.121094
vt 0.728027 0.121094
vt 0.729492 0.144043
vt 0.718750 0.125488
vt 0.704590 0.077148
vt 0.723633 0.105957
vt 0.715820 0.109375
vt 0.723633 0.105957
vt 0.728027 0.121094
vt 0.715820 0.109375
vt 0.695801 0.040039
vt 0.704590 0.077148
vt 0.689453 0.039062
vt 0.689453 0.039062
vt 0.699707 0.022461
vt 0.695801 0.040039
vt 0.723633 0.105957
vt 0.704590 0.077148
vt 0.710449 0.074707
vt 0.704590 0.077148
vt 0.695801 0.040039
vt 0.710449 0.074707
vt 0.723633 0.105957
vt 0.737305 0.115234
vt 0.728027 0.121094
vt 0.731445 0.105957
vt 0.723633 0.105957
vt 0.710449 0.074707
vt 0.737305 0.115234
vt 0.723633 0.105957
vt 0.731445 0.105957
vt 0.710449 0.074707
vt 0.695801 0.040039
vt 0.718262 0.075195
vt 0.731445 0.105957
vt 0.710449 0.074707
vt 0.718262 0.075195
vt 0.737305 0.115234
vt 0.739258 0.135254
vt 0.728027 0.121094
vt 0.729492 0.144043
vt 0.728027 0.121094
vt 0.739258 0.135254
vt 0.737305 0.115234
vt 0.731445 0.105957
vt 0.747070 0.108398
vt 0.750977 0.149902
vt 0.729492 0.144043
vt 0.739258 0.135254
vt 0.729492 0.144043
vt 0.750977 0.149902
vt 0.739258 0.160645
vt 0.739258 0.135254
vt 0.737305 0.115234
vt 0.750000 0.130371
vt 0.750977 0.149902
vt 0.739258 0.135254
vt 0.750000 0.130371
vt 0.747070 0.108398
vt 0.750000 0.130371
vt 0.737305 0.115234
vt 0.750977 0.149902
vt 0.762207 0.193848
vt 0.739258 0.160645
vt 0.762207 0.193848
vt 0.750977 0.149902
vt 0.765137 0.170898
vt 0.783691 0.179688
vt 0.762207 0.193848
vt 0.765137 0.170898
vt 0.750000 0.130371
vt 0.763184 0.146973
vt 0.750977 0.149902
vt 0.750977 0.149902
vt 0.763184 0.146973
vt 0.765137 0.170898
vt 0.765137 0.170898
vt 0.784180 0.152832
vt 0.783691 0.179688
vt 0.763184 0.146973
vt 0.784180 0.152832
vt 0.765137 0.170898
vt 0.763184 0.146973
vt 0.750000 0.130371
vt 0.759766 0.124023
vt 0.750000 0.130371
vt 0.747070 0.108398
vt 0.759766 0.124023
vt 0.763184 0.146973
vt 0.771484 0.136719
vt 0.784180 0.152832
vt 0.763184 0.146973
vt 0.759766 0.124023
vt 0.771484 0.136719
vt 0.783691 0.179688
vt 0.784180 0.152832
vt 0.796387 0.172363
vt 0.783691 0.179688
vt 0.796387 0.172363
vt 0.804688 0.186523
vt 0.784180 0.152832
vt 0.807617 0.163574
vt 0.796387 0.172363
vt 0.796387 0.172363
vt 0.816895 0.176270
vt 0.804688 0.186523
vt 0.816895 0.176270
vt 0.796387 0.172363
vt 0.807617 0.163574
vt 0.828125 0.191406
vt 0.804688 0.186523
vt 0.816895 0.176270
vt 0.807617 0.163574
vt 0.784180 0.152832
vt 0.794922 0.146484
vt 0.771484 0.136719
vt 0.794922 0.146484
vt 0.784180 0.152832
vt 0.816895 0.176270
vt 0.841309 0.179688
vt 0.828125 0.191406
vt 0.828125 0.191406
vt 0.841309 0.179688
vt 0.862305 0.206055
vt 0.818359 0.154297
vt 0.816895 0.176270
vt 0.807617 0.163574
vt 0.794922 0.146484
vt 0.818359 0.154297
vt 0.807617 0.163574
vt 0.841309 0.179688
vt 0.816895 0.176270
vt 0.829102 0.165527
vt 0.816895 0.176270
vt 0.818359 0.154297
vt 0.829102 0.165527
vt 0.794922 0.146484
vt 0.771484 0.136719
vt 0.779785 0.129395
vt 0.759766 0.124023
vt 0.779785 0.129395
vt 0.771484 0.136719
vt 0.818359 0.154297
vt 0.794922 0.146484
vt 0.802734 0.137695
vt 0.779785 0.129395
vt 0.759766 0.124023
vt 0.764648 0.111816
vt 0.759766 0.124023
vt 0.747070 0.108398
vt 0.764648 0.111816
vt 0.791016 0.125977
vt 0.794922 0.146484
vt 0.779785 0.129395
vt 0.794922 0.146484
vt 0.791016 0.125977
vt 0.802734 0.137695
vt 0.764648 0.111816
vt 0.791016 0.125977
vt 0.779785 0.129395
vt 0.813477 0.131836
vt 0.818359 0.154297
vt 0.802734 0.137695
vt 0.791016 0.125977
vt 0.813477 0.131836
vt 0.802734 0.137695
vt 0.829102 0.165527
vt 0.818359 0.154297
vt 0.831055 0.148438
vt 0.818359 0.154297
vt 0.813477 0.131836
vt 0.831055 0.148438
vt 0.829102 0.165527
vt 0.831055 0.148438
vt 0.841309 0.154785
vt 0.841309 0.154785
vt 0.841309 0.179688
vt 0.829102 0.165527
vt 0.831055 0.148438
vt 0.813477 0.131836
vt 0.823242 0.122559
vt 0.841309 0.179688
vt 0.841309 0.154785
vt 0.854980 0.169922
vt 0.862305 0.206055
vt 0.841309 0.179688
vt 0.854980 0.169922
vt 0.841309 0.141602
vt 0.841309 0.154785
vt 0.831055 0.148438
vt 0.831055 0.148438
vt 0.823242 0.122559
vt 0.841309 0.141602
vt 0.841309 0.154785
vt 0.841309 0.141602
vt 0.855957 0.145996
vt 0.841309 0.154785
vt 0.855957 0.145996
vt 0.854980 0.169922
vt 0.862305 0.206055
vt 0.854980 0.169922
vt 0.874023 0.191895
vt 0.895508 0.214844
vt 0.862305 0.206055
vt 0.874023 0.191895
vt 0.865723 0.154785
vt 0.874023 0.191895
vt 0.854980 0.169922
vt 0.854980 0.169922
vt 0.855957 0.145996
vt 0.865723 0.154785
vt 0.895508 0.214844
vt 0.874023 0.191895
vt 0.886230 0.179688
vt 0.874023 0.191895
vt 0.865723 0.154785
vt 0.886230 0.179688
vt 0.895508 0.214844
vt 0.886230 0.179688
vt 0.910156 0.201172
vt 0.895020 0.167969
vt 0.910156 0.201172
vt 0.886230 0.179688
vt 0.865723 0.154785
vt 0.895020 0.167969
vt 0.886230 0.179688
vt 0.910156 0.201172
vt 0.895020 0.167969
vt 0.920410 0.187012
vt 0.895020 0.167969
vt 0.930664 0.158203
vt 0.920410 0.187012
vt 0.895020 0.167969
vt 0.865723 0.154785
vt 0.873535 0.141602
vt 0.930664 0.158203
vt 0.895020 0.167969
vt 0.900391 0.155273
vt 0.873535 0.141602
vt 0.900391 0.155273
vt 0.895020 0.167969
vt 0.901855 0.134277
vt 0.930664 0.158203
vt 0.900391 0.155273
vt 0.930664 0.158203
vt 0.901855 0.134277
vt 0.939453 0.141113
vt 0.912109 0.117676
vt 0.939453 0.141113
vt 0.901855 0.134277
vt 0.901855 0.134277
vt 0.882812 0.114258
vt 0.912109 0.117676
vt 0.878906 0.133789
vt 0.901855 0.134277
vt 0.900391 0.155273
vt 0.900391 0.155273
vt 0.873535 0.141602
vt 0.878906 0.133789
vt 0.882812 0.114258
vt 0.901855 0.134277
vt 0.880859 0.125000
vt 0.901855 0.134277
vt 0.878906 0.133789
vt 0.880859 0.125000
vt 0.873535 0.141602
vt 0.870605 0.130371
vt 0.878906 0.133789
vt 0.880859 0.125000
vt 0.878906 0.133789
vt 0.870605 0.130371
vt 0.865723 0.154785
vt 0.862793 0.136719
vt 0.873535 0.141602
vt 0.873535 0.141602
vt 0.862793 0.136719
vt 0.870605 0.130371
vt 0.862793 0.136719
vt 0.865723 0.154785
vt 0.855957 0.145996
vt 0.865723 0.123047
vt 0.880859 0.125000
vt 0.870605 0.130371
vt 0.862793 0.136719
vt 0.865723 0.123047
vt 0.870605 0.130371
vt 0.865723 0.123047
vt 0.882812 0.114258
vt 0.880859 0.125000
vt 0.882812 0.114258
vt 0.865723 0.123047
vt 0.868164 0.112305
vt 0.855957 0.145996
vt 0.846191 0.127930
vt 0.862793 0.136719
vt 0.865723 0.123047
vt 0.862793 0.136719
vt 0.846191 0.127930
vt 0.855957 0.145996
vt 0.841309 0.141602
vt 0.846191 0.127930
vt 0.865723 0.123047
vt 0.846680 0.115723
vt 0.868164 0.112305
vt 0.846680 0.115723
vt 0.865723 0.123047
vt 0.846191 0.127930
vt 0.846680 0.115723
vt 0.857910 0.092285
vt 0.868164 0.112305
vt 0.841309 0.141602
vt 0.823242 0.122559
vt 0.846191 0.127930
vt 0.857910 0.092285
vt 0.846680 0.115723
vt 0.838379 0.100586
vt 0.835938 0.086426
vt 0.857910 0.092285
vt 0.838379 0.100586
vt 0.833984 0.113770
vt 0.846680 0.115723
vt 0.846191 0.127930
vt 0.846680 0.115723
vt 0.833984 0.113770
vt 0.838379 0.100586
vt 0.846191 0.127930
vt 0.823242 0.122559
vt 0.833984 0.113770
vt 0.803223 0.087402
vt 0.835938 0.086426
vt 0.838379 0.100586
vt 0.835938 0.086426
vt 0.803223 0.087402
vt 0.808594 0.080078
vt 0.799805 0.099121
vt 0.838379 0.100586
vt 0.833984 0.113770
vt 0.803223 0.087402
vt 0.838379 0.100586
vt 0.799805 0.099121
vt 0.823242 0.122559
vt 0.799805 0.099121
vt 0.833984 0.113770
vt 0.803223 0.087402
vt 0.787598 0.080078
vt 0.808594 0.080078
vt 0.799805 0.099121
vt 0.823242 0.122559
vt 0.795410 0.105957
vt 0.803223 0.087402
vt 0.799805 0.099121
vt 0.784180 0.089355
vt 0.787598 0.080078
vt 0.803223 0.087402
vt 0.784180 0.089355
vt 0.781738 0.095215
vt 0.799805 0.099121
vt 0.795410 0.105957
vt 0.799805 0.099121
vt 0.781738 0.095215
vt 0.784180 0.089355
vt 0.823242 0.122559
vt 0.791992 0.109863
vt 0.795410 0.105957
vt 0.813477 0.131836
vt 0.791992 0.109863
vt 0.823242 0.122559
vt 0.813477 0.131836
vt 0.791016 0.125977
vt 0.791992 0.109863
vt 0.777832 0.096680
vt 0.795410 0.105957
vt 0.791992 0.109863
vt 0.795410 0.105957
vt 0.777832 0.096680
vt 0.781738 0.095215
vt 0.791016 0.125977
vt 0.771484 0.104004
vt 0.791992 0.109863
vt 0.791992 0.109863
vt 0.771484 0.104004
vt 0.777832 0.096680
vt 0.791016 0.125977
vt 0.764648 0.111816
vt 0.771484 0.104004
vt 0.769531 0.081055
vt 0.781738 0.095215
vt 0.777832 0.096680
vt 0.764648 0.111816
vt 0.755859 0.101562
vt 0.771484 0.104004
vt 0.747070 0.108398
vt 0.755859 0.101562
vt 0.764648 0.111816
vt 0.771484 0.104004
vt 0.763184 0.093262
vt 0.777832 0.096680
vt 0.755859 0.101562
vt 0.763184 0.093262
vt 0.771484 0.104004
vt 0.763184 0.093262
vt 0.769531 0.081055
vt 0.777832 0.096680
vt 0.736816 0.097656
vt 0.755859 0.101562
vt 0.747070 0.108398
vt 0.731445 0.105957
vt 0.736816 0.097656
vt 0.747070 0.108398
vt 0.731445 0.105957
vt 0.718262 0.075195
vt 0.736816 0.097656
vt 0.755859 0.101562
vt 0.736816 0.097656
vt 0.744629 0.089844
vt 0.718262 0.075195
vt 0.744629 0.089844
vt 0.736816 0.097656
vt 0.755859 0.101562
vt 0.744629 0.089844
vt 0.763184 0.093262
vt 0.744629 0.089844
vt 0.718262 0.075195
vt 0.727051 0.067383
vt 0.718262 0.075195
vt 0.695801 0.040039
vt 0.727051 0.067383
vt 0.744629 0.089844
vt 0.751953 0.083008
vt 0.763184 0.093262
vt 0.727051 0.067383
vt 0.751953 0.083008
vt 0.744629 0.089844
vt 0.704102 0.028809
vt 0.727051 0.067383
vt 0.695801 0.040039
vt 0.695801 0.040039
vt 0.699707 0.022461
vt 0.704102 0.028809
vt 0.751953 0.083008
vt 0.727051 0.067383
vt 0.734375 0.058594
vt 0.727051 0.067383
vt 0.704102 0.028809
vt 0.734375 0.058594
vt 0.763184 0.093262
vt 0.751953 0.083008
vt 0.756348 0.075195
vt 0.734375 0.058594
vt 0.756348 0.075195
vt 0.751953 0.083008
vt 0.763184 0.093262
vt 0.756348 0.075195
vt 0.769531 0.081055
vt 0.714844 0.020508
vt 0.734375 0.058594
vt 0.704102 0.028809
vt 0.714844 0.020508
vt 0.704102 0.028809
vt 0.699707 0.022461
vt 0.756348 0.075195
vt 0.734375 0.058594
vt 0.735840 0.055176
vt 0.734375 0.058594
vt 0.714844 0.020508
vt 0.735840 0.055176
vt 0.756348 0.075195
vt 0.774414 0.072266
vt 0.769531 0.081055
vt 0.774414 0.072266
vt 0.781738 0.095215
vt 0.769531 0.081055
vt 0.781738 0.095215
vt 0.774414 0.072266
vt 0.784180 0.089355
vt 0.777344 0.068848
vt 0.784180 0.089355
vt 0.774414 0.072266
vt 0.756348 0.075195
vt 0.777344 0.068848
vt 0.774414 0.072266
vt 0.784180 0.089355
vt 0.777344 0.068848
vt 0.787598 0.080078
vt 0.777344 0.068848
vt 0.756348 0.075195
vt 0.760254 0.067871
vt 0.735840 0.055176
vt 0.760254 0.067871
vt 0.756348 0.075195
vt 0.779785 0.064453
vt 0.787598 0.080078
vt 0.777344 0.068848
vt 0.777344 0.068848
vt 0.760254 0.067871
vt 0.779785 0.064453
vt 0.760254 0.067871
vt 0.735840 0.055176
vt 0.739746 0.049805
vt 0.735840 0.055176
vt 0.714844 0.020508
vt 0.739746 0.049805
vt 0.765625 0.060547
vt 0.779785 0.064453
vt 0.760254 0.067871
vt 0.765625 0.060547
vt 0.760254 0.067871
vt 0.739746 0.049805
vt 0.787598 0.080078
vt 0.779785 0.064453
vt 0.789062 0.072754
vt 0.789062 0.072754
vt 0.808594 0.080078
vt 0.787598 0.080078
vt 0.796387 0.064941
vt 0.808594 0.080078
vt 0.789062 0.072754
vt 0.779785 0.064453
vt 0.782715 0.063477
vt 0.789062 0.072754
vt 0.789062 0.072754
vt 0.782715 0.063477
vt 0.786621 0.063477
vt 0.779785 0.064453
vt 0.765625 0.060547
vt 0.769531 0.056641
vt 0.795898 0.064941
vt 0.796387 0.064941
vt 0.789062 0.072754
vt 0.786621 0.063477
vt 0.795898 0.064941
vt 0.789062 0.072754
vt 0.795898 0.064941
vt 0.800293 0.057617
vt 0.796387 0.064941
vt 0.788574 0.057129
vt 0.795898 0.064941
vt 0.786621 0.063477
vt 0.795898 0.064941
vt 0.788574 0.057129
vt 0.800293 0.057617
vt 0.771973 0.052246
vt 0.788574 0.057129
vt 0.786621 0.063477
vt 0.790039 0.051758
vt 0.800293 0.057617
vt 0.788574 0.057129
vt 0.782715 0.063477
vt 0.769531 0.056641
vt 0.771973 0.052246
vt 0.773926 0.048340
vt 0.790039 0.051758
vt 0.788574 0.057129
vt 0.788574 0.057129
vt 0.771973 0.052246
vt 0.773926 0.048340
vt 0.774902 0.044922
vt 0.790039 0.051758
vt 0.773926 0.048340
vt 0.774902 0.044922
vt 0.791016 0.047363
vt 0.790039 0.051758
vt 0.791016 0.047363
vt 0.774902 0.044922
vt 0.775879 0.041992
vt 0.748535 0.026855
vt 0.775879 0.041992
vt 0.774902 0.044922
vt 0.774902 0.044922
vt 0.747070 0.029297
vt 0.748535 0.026855
vt 0.747070 0.029297
vt 0.774902 0.044922
vt 0.773926 0.048340
vt 0.773926 0.048340
vt 0.746582 0.029785
vt 0.747070 0.029297
vt 0.746582 0.029785
vt 0.773926 0.048340
vt 0.771973 0.052246
vt 0.771973 0.052246
vt 0.743164 0.034668
vt 0.746582 0.029785
vt 0.743164 0.034668
vt 0.771973 0.052246
vt 0.740723 0.038574
vt 0.771973 0.052246
vt 0.769531 0.056641
vt 0.740723 0.038574
vt 0.740723 0.038574
vt 0.769531 0.056641
vt 0.738281 0.041992
vt 0.769531 0.056641
vt 0.765625 0.060547
vt 0.738281 0.041992
vt 0.715332 0.008789
vt 0.740723 0.038574
vt 0.738281 0.041992
vt 0.738281 0.041992
vt 0.765625 0.060547
vt 0.739746 0.049805
vt 0.715332 0.008789
vt 0.738281 0.041992
vt 0.714844 0.012695
vt 0.739746 0.049805
vt 0.714844 0.012695
vt 0.738281 0.041992
vt 0.714844 0.012695
vt 0.698242 0.020020
vt 0.715332 0.008789
vt 0.714844 0.012695
vt 0.739746 0.049805
vt 0.714844 0.020508
vt 0.698242 0.020020
vt 0.714844 0.012695
vt 0.699707 0.022461
vt 0.699707 0.022461
vt 0.714844 0.012695
vt 0.714844 0.020508
vt 0.536133 0.128418
vt 0.564453 0.118164
vt 0.545898 0.137207
vt 0.567871 0.129395
vt 0.545898 0.137207
vt 0.564453 0.118164
vt 0.545898 0.137207
vt 0.527344 0.154297
vt 0.536133 0.128418
vt 0.545898 0.137207
vt 0.567871 0.129395
vt 0.557129 0.142578
vt 0.567871 0.129395
vt 0.565430 0.145508
vt 0.557129 0.142578
vt 0.537109 0.165527
vt 0.545898 0.137207
vt 0.557129 0.142578
vt 0.565430 0.145508
vt 0.537109 0.165527
vt 0.557129 0.142578
vt 0.545898 0.137207
vt 0.537109 0.165527
vt 0.527344 0.154297
vt 0.537109 0.165527
vt 0.565430 0.145508
vt 0.547852 0.175293
vt 0.576660 0.159180
vt 0.547852 0.175293
vt 0.565430 0.145508
vt 0.537109 0.165527
vt 0.513184 0.168945
vt 0.527344 0.154297
vt 0.504395 0.158691
vt 0.527344 0.154297
vt 0.513184 0.168945
vt 0.513184 0.168945
vt 0.502441 0.179688
vt 0.504395 0.158691
vt 0.513184 0.168945
vt 0.537109 0.165527
vt 0.523926 0.181152
vt 0.547852 0.175293
vt 0.523926 0.181152
vt 0.537109 0.165527
vt 0.513184 0.168945
vt 0.515137 0.190918
vt 0.502441 0.179688
vt 0.515137 0.190918
vt 0.513184 0.168945
vt 0.523926 0.181152
vt 0.498779 0.211426
vt 0.502441 0.179688
vt 0.515137 0.190918
vt 0.527832 0.203613
vt 0.498779 0.211426
vt 0.515137 0.190918
vt 0.535645 0.191895
vt 0.515137 0.190918
vt 0.523926 0.181152
vt 0.515137 0.190918
vt 0.535645 0.191895
vt 0.527832 0.203613
vt 0.535645 0.191895
vt 0.523926 0.181152
vt 0.547852 0.175293
vt 0.548828 0.201172
vt 0.527832 0.203613
vt 0.535645 0.191895
vt 0.547852 0.175293
vt 0.548828 0.201172
vt 0.535645 0.191895
vt 0.541504 0.214355
vt 0.527832 0.203613
vt 0.548828 0.201172
vt 0.554199 0.224609
vt 0.541504 0.214355
vt 0.548828 0.201172
vt 0.548828 0.201172
vt 0.564453 0.208008
vt 0.554199 0.224609
vt 0.571777 0.182617
vt 0.564453 0.208008
vt 0.548828 0.201172
vt 0.548828 0.201172
vt 0.547852 0.175293
vt 0.562500 0.180664
vt 0.571777 0.182617
vt 0.548828 0.201172
vt 0.562500 0.180664
vt 0.576660 0.159180
vt 0.562500 0.180664
vt 0.547852 0.175293
vt 0.562500 0.180664
vt 0.576660 0.159180
vt 0.571777 0.182617
vt 0.506348 0.376465
vt 0.512207 0.380859
vt 0.510742 0.382812
vt 0.519043 0.382324
vt 0.510742 0.382812
vt 0.512207 0.380859
vt 0.510742 0.382812
vt 0.504395 0.377930
vt 0.506348 0.376465
vt 0.502930 0.370117
vt 0.506348 0.376465
vt 0.504395 0.377930
vt 0.510742 0.382812
vt 0.519043 0.382324
vt 0.519043 0.385254
vt 0.525879 0.381348
vt 0.519043 0.385254
vt 0.519043 0.382324
vt 0.504395 0.377930
vt 0.510742 0.382812
vt 0.509277 0.386719
vt 0.510742 0.382812
vt 0.518555 0.389160
vt 0.509277 0.386719
vt 0.518555 0.389160
vt 0.510742 0.382812
vt 0.519043 0.385254
vt 0.509277 0.386719
vt 0.501465 0.380859
vt 0.504395 0.377930
vt 0.519043 0.385254
vt 0.528320 0.387695
vt 0.518555 0.389160
vt 0.500488 0.371094
vt 0.504395 0.377930
vt 0.501465 0.380859
vt 0.504395 0.377930
vt 0.500488 0.371094
vt 0.502930 0.370117
vt 0.501465 0.380859
vt 0.496582 0.372559
vt 0.500488 0.371094
vt 0.500488 0.371094
vt 0.501953 0.363281
vt 0.502930 0.370117
vt 0.495117 0.362793
vt 0.500488 0.371094
vt 0.496582 0.372559
vt 0.500488 0.371094
vt 0.499268 0.363281
vt 0.501953 0.363281
vt 0.500488 0.371094
vt 0.495117 0.362793
vt 0.499268 0.363281
vt 0.499268 0.363281
vt 0.503418 0.356445
vt 0.501953 0.363281
vt 0.495117 0.362793
vt 0.501465 0.354980
vt 0.499268 0.363281
vt 0.503418 0.356445
vt 0.499268 0.363281
vt 0.501465 0.354980
vt 0.501465 0.354980
vt 0.495117 0.362793
vt 0.497559 0.353516
vt 0.501465 0.354980
vt 0.507812 0.350586
vt 0.503418 0.356445
vt 0.503418 0.345703
vt 0.501465 0.354980
vt 0.497559 0.353516
vt 0.507812 0.350586
vt 0.501465 0.354980
vt 0.506348 0.348633
vt 0.501465 0.354980
vt 0.503418 0.345703
vt 0.506348 0.348633
vt 0.506348 0.348633
vt 0.514160 0.347168
vt 0.507812 0.350586
vt 0.511719 0.340820
vt 0.506348 0.348633
vt 0.503418 0.345703
vt 0.514160 0.347168
vt 0.506348 0.348633
vt 0.513184 0.344727
vt 0.506348 0.348633
vt 0.511719 0.340820
vt 0.513184 0.344727
vt 0.520996 0.346191
vt 0.514160 0.347168
vt 0.513184 0.344727
vt 0.521484 0.339355
vt 0.513184 0.344727
vt 0.511719 0.340820
vt 0.513184 0.344727
vt 0.520996 0.343262
vt 0.520996 0.346191
vt 0.513184 0.344727
vt 0.521484 0.339355
vt 0.520996 0.343262
vt 0.527832 0.348145
vt 0.520996 0.346191
vt 0.520996 0.343262
vt 0.530762 0.341797
vt 0.520996 0.343262
vt 0.521484 0.339355
vt 0.520996 0.343262
vt 0.530762 0.341797
vt 0.529297 0.345703
vt 0.520996 0.343262
vt 0.529297 0.345703
vt 0.527832 0.348145
vt 0.538574 0.347656
vt 0.529297 0.345703
vt 0.530762 0.341797
vt 0.535645 0.350586
vt 0.527832 0.348145
vt 0.529297 0.345703
vt 0.529297 0.345703
vt 0.538574 0.347656
vt 0.535645 0.350586
vt 0.527832 0.348145
vt 0.535645 0.350586
vt 0.533691 0.352051
vt 0.543457 0.355957
vt 0.535645 0.350586
vt 0.538574 0.347656
vt 0.539551 0.357422
vt 0.533691 0.352051
vt 0.535645 0.350586
vt 0.535645 0.350586
vt 0.543457 0.355957
vt 0.539551 0.357422
vt 0.533691 0.352051
vt 0.539551 0.357422
vt 0.537109 0.358398
vt 0.543457 0.355957
vt 0.541016 0.365234
vt 0.539551 0.357422
vt 0.541016 0.365234
vt 0.537109 0.358398
vt 0.539551 0.357422
vt 0.541016 0.365234
vt 0.543457 0.355957
vt 0.544922 0.365723
vt 0.537109 0.358398
vt 0.541016 0.365234
vt 0.538086 0.365234
vt 0.538574 0.373535
vt 0.541016 0.365234
vt 0.544922 0.365723
vt 0.538574 0.373535
vt 0.538086 0.365234
vt 0.541016 0.365234
vt 0.544922 0.365723
vt 0.542480 0.375000
vt 0.538574 0.373535
vt 0.538086 0.365234
vt 0.538574 0.373535
vt 0.536621 0.372070
vt 0.533691 0.379883
vt 0.538574 0.373535
vt 0.542480 0.375000
vt 0.533691 0.379883
vt 0.536621 0.372070
vt 0.538574 0.373535
vt 0.542480 0.375000
vt 0.536621 0.382812
vt 0.533691 0.379883
vt 0.536621 0.372070
vt 0.533691 0.379883
vt 0.532227 0.377930
vt 0.536621 0.382812
vt 0.526855 0.383789
vt 0.533691 0.379883
vt 0.526855 0.383789
vt 0.532227 0.377930
vt 0.533691 0.379883
vt 0.536621 0.382812
vt 0.528320 0.387695
vt 0.526855 0.383789
vt 0.532227 0.377930
vt 0.526855 0.383789
vt 0.525879 0.381348
vt 0.528320 0.387695
vt 0.519043 0.385254
vt 0.526855 0.383789
vt 0.519043 0.385254
vt 0.525879 0.381348
vt 0.526855 0.383789

g UnrealEdObject

s 0
f 1/1 2/2 3/3
f 4/4 5/5 6/6
f 7/7 8/8 9/9
f 10/10 11/11 12/12
f 13/13 14/14 15/15
f 19/19 20/20 21/21
f 25/25 26/26 27/27
f 31/31 32/32 33/33
f 37/37 38/38 39/39
f 43/43 44/44 45/45
f 49/49 50/50 51/51
f 55/55 56/56 57/57
f 61/61 62/62 63/63
f 67/67 68/68 69/69
f 73/73 74/74 75/75
f 79/79 80/80 81/81
f 85/85 86/86 87/87
f 91/91 92/92 93/93
f 97/97 98/98 99/99
f 103/103 104/104 105/105
f 109/109 110/110 111/111
f 115/115 116/116 117/117
f 121/121 122/122 123/123
f 127/127 128/128 129/129
f 133/133 134/134 135/135
f 139/139 140/140 141/141
f 145/145 146/146 147/147
f 151/151 152/152 153/153
f 157/157 158/158 159/159
f 163/163 164/164 165/165
f 169/169 170/170 171/171
f 175/175 176/176 177/177
f 181/181 182/182 183/183
f 187/187 188/188 189/189
f 193/193 194/194 195/195
f 199/199 200/200 201/201
f 205/205 206/206 207/207
f 211/211 212/212 213/213
f 217/217 218/218 219/219
f 223/223 224/224 225/225
f 232/232 233/233 234/234
f 238/238 239/239 240/240
f 244/244 245/245 246/246
f 250/250 251/251 252/252
f 256/256 257/257 258/258
f 262/262 263/263 264/264
f 268/268 269/269 270/270
f 271/271 272/272 273/273
f 277/277 278/278 279/279
f 283/283 284/284 285/285
f 289/289 290/290 291/291
f 298/298 299/299 300/300
f 304/304 305/305 306/306
f 310/310 311/311 312/312
f 319/319 320/320 321/321
f 325/325 326/326 327/327
f 331/331 332/332 333/333
f 337/337 338/338 339/339
f 343/343 344/344 345/345
f 352/352 353/353 354/354
f 361/361 362/362 363/363
f 370/370 371/371 372/372
f 376/376 377/377 378/378
f 385/385 386/386 387/387
f 391/391 392/392 393/393
f 397/397 398/398 399/399
f 403/403 404/404 405/405
f 409/409 410/410 411/411
f 415/415 416/416 417/417
f 421/421 422/422 423/423
f 427/427 428/428 429/429
f 436/436 437/437 438/438
f 442/442 443/443 444/444
f 451/451 452/452 453/453
f 457/457 458/458 459/459
f 463/463 464/464 465/465
f 469/469 470/470 471/471
f 478/478 479/479 480/480
f 484/484 485/485 486/486
f 487/487 488/488 489/489
f 493/493 494/494 495/495
f 502/502 503/503 504/504
f 511/511 512/512 513/513
f 517/517 518/518 519/519
f 532/532 533/533 534/534
f 538/538 539/539 540/540
f 550/550 551/551 552/552
f 559/559 560/560 561/561
f 565/565 566/566 567/567
f 571/571 572/572 573/573
f 577/577 578/578 579/579
f 586/586 587/587 588/588
f 598/598 599/599 600/600
f 604/604 605/605 606/606
f 607/607 608/608 609/609
f 613/613 614/614 615/615
f 625/625 626/626 627/627
f 634/634 635/635 636/636
f 646/646 647/647 648/648
f 658/658 659/659 660/660
f 667/667 668/668 669/669
f 673/673 674/674 675/675
f 679/679 680/680 681/681
f 685/685 686/686 687/687
f 694/694 695/695 696/696
f 700/700 701/701 702/702
f 706/706 707/707 708/708
f 712/712 713/713 714/714
f 715/715 716/716 717/717
f 721/721 722/722 723/723
f 727/727 728/728 729/729
f 733/733 734/734 735/735
f 742/742 743/743 744/744
f 748/748 749/749 750/750
f 754/754 755/755 756/756
f 760/760 761/761 762/762
f 763/763 764/764 765/765
f 769/769 770/770 771/771
f 775/775 776/776 777/777
f 781/781 782/782 783/783
f 790/790 791/791 792/792
f 796/796 797/797 798/798
f 802/802 803/803 804/804
f 808/808 809/809 810/810
f 811/811 812/812 813/813
f 817/817 818/818 819/819
f 823/823 824/824 825/825
f 829/829 830/830 831/831
f 838/838 839/839 840/840
f 844/844 845/845 846/846
f 850/850 851/851 852/852
f 856/856 857/857 858/858
f 859/859 860/860 861/861
f 865/865 866/866 867/867
f 874/874 875/875 876/876
f 880/880 881/881 882/882
f 883/883 884/884 885/885
f 889/889 890/890 891/891
f 895/895 896/896 897/897
f 901/901 902/902 903/903
f 910/910 911/911 912/912
f 916/916 917/917 918/918
f 922/922 923/923 924/924
f 928/928 929/929 930/930
f 931/931 932/932 933/933
f 937/937 938/938 939/939
f 946/946 947/947 948/948
f 958/958 959/959 960/960
f 970/970 971/971 972/972
f 982/982 983/983 984/984
f 988/988 989/989 990/990
f 994/994 995/995 996/996
f 1000/1000 1001/1001 1002/1002
f 1003/1003 1004/1004 1005/1005
f 1009/1009 1010/1010 1011/1011
f 1018/1018 1019/1019 1020/1020
f 1024/1024 1025/1025 1026/1026
f 1027/1027 1028/1028 1029/1029
f 1033/1033 1034/1034 1035/1035
f 1042/1042 1043/1043 1044/1044
f 1054/1054 1055/1055 1056/1056
f 1066/1066 1067/1067 1068/1068
f 1075/1075 1076/1076 1077/1077
f 1081/1081 1082/1082 1083/1083
f 1087/1087 1088/1088 1089/1089
f 1093/1093 1094/1094 1095/1095
f 1102/1102 1103/1103 1104/1104
f 1114/1114 1115/1115 1116/1116
f 1123/1123 1124/1124 1125/1125
f 1129/1129 1130/1130 1131/1131
f 1135/1135 1136/1136 1137/1137
f 1141/1141 1142/1142 1143/1143
f 1147/1147 1148/1148 1149/1149
f 1153/1153 1154/1154 1155/1155
f 1159/1159 1160/1160 1161/1161
f 1165/1165 1166/1166 1167/1167
f 1171/1171 1172/1172 1173/1173
f 1177/1177 1178/1178 1179/1179
f 1189/1189 1190/1190 1191/1191
f 1195/1195 1196/1196 1197/1197
f 1201/1201 1202/1202 1203/1203
f 1207/1207 1208/1208 1209/1209
f 1213/1213 1214/1214 1215/1215
f 1219/1219 1220/1220 1221/1221
f 1225/1225 1226/1226 1227/1227
f 1231/1231 1232/1232 1233/1233
f 1237/1237 1238/1238 1239/1239
f 1243/1243 1244/1244 1245/1245
f 1249/1249 1250/1250 1251/1251
f 1255/1255 1256/1256 1257/1257
f 1261/1261 1262/1262 1263/1263
f 1267/1267 1268/1268 1269/1269
f 1273/1273 1274/1274 1275/1275
f 1279/1279 1280/1280 1281/1281
f 1285/1285 1286/1286 1287/1287
f 1291/1291 1292/1292 1293/1293
f 1297/1297 1298/1298 1299/1299
f 1303/1303 1304/1304 1305/1305
f 1309/1309 1310/1310 1311/1311
f 1315/1315 1316/1316 1317/1317
f 1321/1321 1322/1322 1323/1323
f 1327/1327 1328/1328 1329/1329
f 1333/1333 1334/1334 1335/1335
f 1339/1339 1340/1340 1341/1341
f 1345/1345 1346/1346 1347/1347
f 1351/1351 1352/1352 1353/1353
f 1357/1357 1358/1358 1359/1359
f 1363/1363 1364/1364 1365/1365
f 1369/1369 1370/1370 1371/1371
f 1375/1375 1376/1376 1377/1377
f 1381/1381 1382/1382 1383/1383
f 1387/1387 1388/1388 1389/1389
f 1393/1393 1394/1394 1395/1395
f 1399/1399 1400/1400 1401/1401
f 1405/1405 1406/1406 1407/1407
f 1411/1411 1412/1412 1413/1413
f 1417/1417 1418/1418 1419/1419
f 1423/1423 1424/1424 1425/1425
f 1429/1429 1430/1430 1431/1431
f 1435/1435 1436/1436 1437/1437
f 1441/1441 1442/1442 1443/1443
f 1447/1447 1448/1448 1449/1449
f 1453/1453 1454/1454 1455/1455
f 1459/1459 1460/1460 1461/1461
f 1465/1465 1466/1466 1467/1467
f 1471/1471 1472/1472 1473/1473
f 1477/1477 1478/1478 1479/1479
f 1483/1483 1484/1484 1485/1485
f 1489/1489 1490/1490 1491/1491
f 1495/1495 1496/1496 1497/1497
f 1501/1501 1502/1502 1503/1503
f 1507/1507 1508/1508 1509/1509
f 1513/1513 1514/1514 1515/1515
f 1519/1519 1520/1520 1521/1521
f 1525/1525 1526/1526 1527/1527
f 1534/1534 1535/1535 1536/1536
f 1540/1540 1541/1541 1542/1542
f 1546/1546 1547/1547 1548/1548
f 1552/1552 1553/1553 1554/1554
f 1558/1558 1559/1559 1560/1560
f 1567/1567 1568/1568 1569/1569
f 1573/1573 1574/1574 1575/1575
f 1579/1579 1580/1580 1581/1581
f 1585/1585 1586/1586 1587/1587
f 1591/1591 1592/1592 1593/1593
f 1630/1630 1631/1631 1632/1632
f 1636/1636 1637/1637 1638/1638
f 1645/1645 1646/1646 1647/1647
f 1654/1654 1655/1655 1656/1656
f 1678/1678 1679/1679 1680/1680
f 1684/1684 1685/1685 1686/1686
f 1690/1690 1691/1691 1692/1692
f 1699/1699 1700/1700 1701/1701
f 1705/1705 1706/1706 1707/1707
f 1711/1711 1712/1712 1713/1713
f 1717/1717 1718/1718 1719/1719
f 1723/1723 1724/1724 1725/1725
f 1729/1729 1730/1730 1731/1731
f 1735/1735 1736/1736 1737/1737
f 1741/1741 1742/1742 1743/1743
f 1747/1747 1748/1748 1749/1749
f 1753/1753 1754/1754 1755/1755
f 1759/1759 1760/1760 1761/1761
f 1765/1765 1766/1766 1767/1767
f 1777/1777 1778/1778 1779/1779
f 1783/1783 1784/1784 1785/1785
f 1789/1789 1790/1790 1791/1791
f 1819/1819 1820/1820 1821/1821
f 1825/1825 1826/1826 1827/1827
f 1831/1831 1832/1832 1833/1833
f 1837/1837 1838/1838 1839/1839
f 1843/1843 1844/1844 1845/1845
f 1867/1867 1868/1868 1869/1869
f 1873/1873 1874/1874 1875/1875
f 1882/1882 1883/1883 1884/1884
f 1888/1888 1889/1889 1890/1890
f 1894/1894 1895/1895 1896/1896
f 1900/1900 1901/1901 1902/1902
f 1906/1906 1907/1907 1908/1908
f 1912/1912 1913/1913 1914/1914
f 1924/1924 1925/1925 1926/1926
f 1930/1930 1931/1931 1932/1932
f 1936/1936 1937/1937 1938/1938
f 1942/1942 1943/1943 1944/1944
f 1948/1948 1949/1949 1950/1950
f 1954/1954 1955/1955 1956/1956
f 1963/1963 1964/1964 1965/1965
f 1978/1978 1979/1979 1980/1980
f 1987/1987 1988/1988 1989/1989
f 1993/1993 1994/1994 1995/1995
f 1996/1996 1997/1997 1998/1998
f 2002/2002 2003/2003 2004/2004
f 2014/2014 2015/2015 2016/2016
f 2023/2023 2024/2024 2025/2025
f 2026/2026 2027/2027 2028/2028
f 2035/2035 2036/2036 2037/2037
f 2038/2038 2039/2039 2040/2040
f 2047/2047 2048/2048 2049/2049
f 2050/2050 2051/2051 2052/2052
f 2059/2059 2060/2060 2061/2061
f 2062/2062 2063/2063 2064/2064
f 2071/2071 2072/2072 2073/2073
f 2074/2074 2075/2075 2076/2076
f 2083/2083 2084/2084 2085/2085
f 2086/2086 2087/2087 2088/2088
f 2095/2095 2096/2096 2097/2097
f 2098/2098 2099/2099 2100/2100
f 2107/2107 2108/2108 2109/2109
f 2110/2110 2111/2111 2112/2112
f 2119/2119 2120/2120 2121/2121
f 2122/2122 2123/2123 2124/2124
f 2131/2131 2132/2132 2133/2133
f 2134/2134 2135/2135 2136/2136
f 2143/2143 2144/2144 2145/2145
f 2146/2146 2147/2147 2148/2148
f 2155/2155 2156/2156 2157/2157
f 2164/2164 2165/2165 2166/2166
f 2167/2167 2168/2168 2169/2169
f 2182/2182 2183/2183 2184/2184
f 2194/2194 2195/2195 2196/2196
f 2197/2197 2198/2198 2199/2199
f 2203/2203 2204/2204 2205/2205
f 2209/2209 2210/2210 2211/2211
f 2215/2215 2216/2216 2217/2217
f 2224/2224 2225/2225 2226/2226
f 2233/2233 2234/2234 2235/2235
f 2236/2236 2237/2237 2238/2238
f 2245/2245 2246/2246 2247/2247
f 2248/2248 2249/2249 2250/2250
f 2260/2260 2261/2261 2262/2262
f 2266/2266 2267/2267 2268/2268
f 2272/2272 2273/2273 2274/2274
f 2287/2287 2288/2288 2289/2289
f 2290/2290 2291/2291 2292/2292
f 2296/2296 2297/2297 2298/2298
f 2305/2305 2306/2306 2307/2307
f 2314/2314 2315/2315 2316/2316
f 2320/2320 2321/2321 2322/2322
f 2326/2326 2327/2327 2328/2328
f 2332/2332 2333/2333 2334/2334
f 2338/2338 2339/2339 2340/2340
f 2347/2347 2348/2348 2349/2349
f 2350/2350 2351/2351 2352/2352
f 2356/2356 2357/2357 2358/2358
f 2359/2359 2360/2360 2361/2361
f 2374/2374 2375/2375 2376/2376
f 2377/2377 2378/2378 2379/2379
f 2386/2386 2387/2387 2388/2388
f 2395/2395 2396/2396 2397/2397
f 2401/2401 2402/2402 2403/2403
f 2407/2407 2408/2408 2409/2409
f 2419/2419 2420/2420 2421/2421
f 2422/2422 2423/2423 2424/2424
f 2431/2431 2432/2432 2433/2433
f 2443/2443 2444/2444 2445/2445
f 2449/2449 2450/2450 2451/2451
f 2455/2455 2456/2456 2457/2457
f 2464/2464 2465/2465 2466/2466
f 2476/2476 2477/2477 2478/2478
f 2479/2479 2480/2480 2481/2481
f 2488/2488 2489/2489 2490/2490
f 2491/2491 2492/2492 2493/2493
f 2500/2500 2501/2501 2502/2502
f 2506/2506 2507/2507 2508/2508
f 2518/2518 2519/2519 2520/2520
f 2521/2521 2522/2522 2523/2523
f 2527/2527 2528/2528 2529/2529
f 2536/2536 2537/2537 2538/2538
f 2542/2542 2543/2543 2544/2544
f 2548/2548 2549/2549 2550/2550
f 2554/2554 2555/2555 2556/2556
f 2560/2560 2561/2561 2562/2562
f 2566/2566 2567/2567 2568/2568
f 2578/2578 2579/2579 2580/2580
f 2593/2593 2594/2594 2595/2595
f 2599/2599 2600/2600 2601/2601
f 2605/2605 2606/2606 2607/2607
f 2608/2608 2609/2609 2610/2610
f 2617/2617 2618/2618 2619/2619
f 2623/2623 2624/2624 2625/2625
f 2632/2632 2633/2633 2634/2634
f 2635/2635 2636/2636 2637/2637
f 2641/2641 2642/2642 2643/2643
f 2650/2650 2651/2651 2652/2652
f 2653/2653 2654/2654 2655/2655
f 2662/2662 2663/2663 2664/2664
f 2665/2665 2666/2666 2667/2667
f 2677/2677 2678/2678 2679/2679
f 2680/2680 2681/2681 2682/2682
f 2689/2689 2690/2690 2691/2691
f 2692/2692 2693/2693 2694/2694
f 2701/2701 2702/2702 2703/2703
f 2704/2704 2705/2705 2706/2706
f 2707/2707 2708/2708 2709/2709
f 2716/2716 2717/2717 2718/2718
f 2722/2722 2723/2723 2724/2724
f 2725/2725 2726/2726 2727/2727
f 2737/2737 2738/2738 2739/2739
f 2740/2740 2741/2741 2742/2742
f 2749/2749 2750/2750 2751/2751
f 2758/2758 2759/2759 2760/2760
f 2764/2764 2765/2765 2766/2766
f 2770/2770 2771/2771 2772/2772
f 2776/2776 2777/2777 2778/2778
f 2782/2782 2783/2783 2784/2784
f 2788/2788 2789/2789 2790/2790
f 2797/2797 2798/2798 2799/2799
f 2803/2803 2804/2804 2805/2805
f 2809/2809 2810/2810 2811/2811
f 2815/2815 2816/2816 2817/2817
f 2824/2824 2825/2825 2826/2826
f 2827/2827 2828/2828 2829/2829
f 2836/2836 2837/2837 2838/2838
f 2839/2839 2840/2840 2841/2841
f 2851/2851 2852/2852 2853/2853
f 2857/2857 2858/2858 2859/2859
f 2863/2863 2864/2864 2865/2865
f 2869/2869 2870/2870 2871/2871
f 2875/2875 2876/2876 2877/2877
f 2881/2881 2882/2882 2883/2883
f 2887/2887 2888/2888 2889/2889
f 2896/2896 2897/2897 2898/2898
f 2905/2905 2906/2906 2907/2907
f 2914/2914 2915/2915 2916/2916
f 2917/2917 2918/2918 2919/2919
f 2923/2923 2924/2924 2925/2925
f 2926/2926 2927/2927 2928/2928
f 2938/2938 2939/2939 2940/2940
f 2944/2944 2945/2945 2946/2946
f 2950/2950 2951/2951 2952/2952
f 2953/2953 2954/2954 2955/2955
f 2962/2962 2963/2963 2964/2964
f 2974/2974 2975/2975 2976/2976
f 2980/2980 2981/2981 2982/2982
f 2986/2986 2987/2987 2988/2988
f 2992/2992 2993/2993 2994/2994
f 3004/3004 3005/3005 3006/3006
f 3010/3010 3011/3011 3012/3012
f 3016/3016 3017/3017 3018/3018
f 3028/3028 3029/3029 3030/3030
f 3034/3034 3035/3035 3036/3036
f 3040/3040 3041/3041 3042/3042
f 3049/3049 3050/3050 3051/3051
f 3058/3058 3059/3059 3060/3060
f 3067/3067 3068/3068 3069/3069
f 3070/3070 3071/3071 3072/3072
f 3079/3079 3080/3080 3081/3081
f 3082/3082 3083/3083 3084/3084
f 3088/3088 3089/3089 3090/3090
f 3100/3100 3101/3101 3102/3102
f 3109/3109 3110/3110 3111/3111
f 3112/3112 3113/3113 3114/3114
f 3124/3124 3125/3125 3126/3126
f 3127/3127 3128/3128 3129/3129
f 3136/3136 3137/3137 3138/3138
f 3139/3139 3140/3140 3141/3141
f 3145/3145 3146/3146 3147/3147
f 3157/3157 3158/3158 3159/3159
f 3160/3160 3161/3161 3162/3162
f 3169/3169 3170/3170 3171/3171
f 3172/3172 3173/3173 3174/3174
f 3178/3178 3179/3179 3180/3180
f 3187/3187 3188/3188 3189/3189
f 3196/3196 3197/3197 3198/3198
f 3202/3202 3203/3203 3204/3204
f 3205/3205 3206/3206 3207/3207
f 3214/3214 3215/3215 3216/3216
f 3220/3220 3221/3221 3222/3222
f 3223/3223 3224/3224 3225/3225
f 3232/3232 3233/3233 3234/3234
f 3238/3238 3239/3239 3240/3240
f 3247/3247 3248/3248 3249/3249
f 3253/3253 3254/3254 3255/3255
f 3259/3259 3260/3260 3261/3261
f 3265/3265 3266/3266 3267/3267
f 3271/3271 3272/3272 3273/3273
f 3280/3280 3281/3281 3282/3282
f 3286/3286 3287/3287 3288/3288
f 3292/3292 3293/3293 3294/3294
f 3295/3295 3296/3296 3297/3297
f 3307/3307 3308/3308 3309/3309
f 3313/3313 3314/3314 3315/3315
f 3319/3319 3320/3320 3321/3321
f 3325/3325 3326/3326 3327/3327
f 3331/3331 3332/3332 3333/3333
f 3337/3337 3338/3338 3339/3339
f 3343/3343 3344/3344 3345/3345
f 3349/3349 3350/3350 3351/3351
f 3361/3361 3362/3362 3363/3363
f 3364/3364 3365/3365 3366/3366
f 3370/3370 3371/3371 3372/3372
f 3379/3379 3380/3380 3381/3381
f 3382/3382 3383/3383 3384/3384
f 3391/3391 3392/3392 3393/3393
f 3394/3394 3395/3395 3396/3396
f 3406/3406 3407/3407 3408/3408
f 3412/3412 3413/3413 3414/3414
f 3418/3418 3419/3419 3420/3420
f 3421/3421 3422/3422 3423/3423
f 3430/3430 3431/3431 3432/3432
f 3439/3439 3440/3440 3441/3441
f 3442/3442 3443/3443 3444/3444
f 3454/3454 3455/3455 3456/3456
f 3460/3460 3461/3461 3462/3462
f 3466/3466 3467/3467 3468/3468
f 3472/3472 3473/3473 3474/3474
f 3478/3478 3479/3479 3480/3480
f 3484/3484 3485/3485 3486/3486
f 3496/3496 3497/3497 3498/3498
f 3502/3502 3503/3503 3504/3504
f 3508/3508 3509/3509 3510/3510
f 3514/3514 3515/3515 3516/3516
f 3526/3526 3527/3527 3528/3528
f 3532/3532 3533/3533 3534/3534
f 3538/3538 3539/3539 3540/3540
f 3544/3544 3545/3545 3546/3546
f 3550/3550 3551/3551 3552/3552
f 3556/3556 3557/3557 3558/3558
f 3562/3562 3563/3563 3564/3564
f 3568/3568 3569/3569 3570/3570
f 3574/3574 3575/3575 3576/3576
f 3580/3580 3581/3581 3582/3582
f 3583/3583 3584/3584 3585/3585
f 3592/3592 3593/3593 3594/3594
f 3598/3598 3599/3599 3600/3600
f 3604/3604 3605/3605 3606/3606
f 3610/3610 3611/3611 3612/3612
f 3616/3616 3617/3617 3618/3618
f 3622/3622 3623/3623 3624/3624
f 3625/3625 3626/3626 3627/3627
f 3634/3634 3635/3635 3636/3636
f 3640/3640 3641/3641 3642/3642
f 3646/3646 3647/3647 3648/3648
f 3649/3649 3650/3650 3651/3651
f 3661/3661 3662/3662 3663/3663
f 3670/3670 3671/3671 3672/3672
f 3676/3676 3677/3677 3678/3678
f 3682/3682 3683/3683 3684/3684
f 3691/3691 3692/3692 3693/3693
f 3697/3697 3698/3698 3699/3699
f 3700/3700 3701/3701 3702/3702
f 3703/3703 3704/3704 3705/3705
f 3709/3709 3710/3710 3711/3711
f 3721/3721 3722/3722 3723/3723
f 3724/3724 3725/3725 3726/3726
f 3733/3733 3734/3734 3735/3735
f 3739/3739 3740/3740 3741/3741
f 3745/3745 3746/3746 3747/3747
f 3748/3748 3749/3749 3750/3750
f 3754/3754 3755/3755 3756/3756
f 3760/3760 3761/3761 3762/3762
f 3769/3769 3770/3770 3771/3771
f 3781/3781 3782/3782 3783/3783
f 3787/3787 3788/3788 3789/3789
f 3793/3793 3794/3794 3795/3795
f 3796/3796 3797/3797 3798/3798
f 3805/3805 3806/3806 3807/3807
f 3811/3811 3812/3812 3813/3813
f 3817/3817 3818/3818 3819/3819
f 3823/3823 3824/3824 3825/3825
f 3835/3835 3836/3836 3837/3837
f 3841/3841 3842/3842 3843/3843
f 3844/3844 3845/3845 3846/3846
f 3850/3850 3851/3851 3852/3852
f 3856/3856 3857/3857 3858/3858
f 3862/3862 3863/3863 3864/3864
f 3868/3868 3869/3869 3870/3870
f 3874/3874 3875/3875 3876/3876
f 3886/3886 3887/3887 3888/3888
f 3889/3889 3890/3890 3891/3891
f 3895/3895 3896/3896 3897/3897
f 3907/3907 3908/3908 3909/3909
f 3910/3910 3911/3911 3912/3912
f 3916/3916 3917/3917 3918/3918
f 3922/3922 3923/3923 3924/3924
f 3931/3931 3932/3932 3933/3933
f 3934/3934 3935/3935 3936/3936
f 3940/3940 3941/3941 3942/3942
f 3949/3949 3950/3950 3951/3951
f 3958/3958 3959/3959 3960/3960
f 3970/3970 3971/3971 3972/3972
f 3973/3973 3974/3974 3975/3975
f 3976/3976 3977/3977 3978/3978
f 3988/3988 3989/3989 3990/3990
f 3991/3991 3992/3992 3993/3993
f 3997/3997 3998/3998 3999/3999
f 4009/4009 4010/4010 4011/4011
f 4012/4012 4013/4013 4014/4014
f 4018/4018 4019/4019 4020/4020
f 4027/4027 4028/4028 4029/4029
f 4030/4030 4031/4031 4032/4032
f 4036/4036 4037/4037 4038/4038
f 4039/4039 4040/4040 4041/4041
f 4045/4045 4046/4046 4047/4047
f 4057/4057 4058/4058 4059/4059
f 4060/4060 4061/4061 4062/4062
f 4066/4066 4067/4067 4068/4068
f 4072/4072 4073/4073 4074/4074
f 4081/4081 4082/4082 4083/4083
f 4087/4087 4088/4088 4089/4089
f 4096/4096 4097/4097 4098/4098
f 4099/4099 4100/4100 4101/4101
f 4105/4105 4106/4106 4107/4107
f 4114/4114 4115/4115 4116/4116
f 4129/4129 4130/4130 4131/4131
f 4132/4132 4133/4133 4134/4134
f 4135/4135 4136/4136 4137/4137
f 4156/4156 4157/4157 4158/4158
f 4159/4159 4160/4160 4161/4161
f 4171/4171 4172/4172 4173/4173
f 4174/4174 4175/4175 4176/4176
f 4183/4183 4184/4184 4185/4185
f 4189/4189 4190/4190 4191/4191
f 4198/4198 4199/4199 4200/4200
f 4201/4201 4202/4202 4203/4203
f 4207/4207 4208/4208 4209/4209
f 4216/4216 4217/4217 4218/4218
f 4225/4225 4226/4226 4227/4227
f 4228/4228 4229/4229 4230/4230
f 4243/4243 4244/4244 4245/4245
f 4249/4249 4250/4250 4251/4251
f 4258/4258 4259/4259 4260/4260
f 4264/4264 4265/4265 4266/4266
f 4270/4270 4271/4271 4272/4272
f 4282/4282 4283/4283 4284/4284
f 4288/4288 4289/4289 4290/4290
f 4297/4297 4298/4298 4299/4299
f 4300/4300 4301/4301 4302/4302
f 4303/4303 4304/4304 4305/4305
f 4315/4315 4316/4316 4317/4317
f 4318/4318 4319/4319 4320/4320
f 4324/4324 4325/4325 4326/4326
f 4327/4327 4328/4328 4329/4329
f 4345/4345 4346/4346 4347/4347
f 4354/4354 4355/4355 4356/4356
f 4357/4357 4358/4358 4359/4359
f 4366/4366 4367/4367 4368/4368
f 4369/4369 4370/4370 4371/4371
f 4381/4381 4382/4382 4383/4383
f 4384/4384 4385/4385 4386/4386
f 4399/4399 4400/4400 4401/4401
f 4402/4402 4403/4403 4404/4404
f 4417/4417 4418/4418 4419/4419
f 4420/4420 4421/4421 4422/4422
f 4426/4426 4427/4427 4428/4428
f 4429/4429 4430/4430 4431/4431
f 4441/4441 4442/4442 4443/4443
f 4447/4447 4448/4448 4449/4449
f 4450/4450 4451/4451 4452/4452
f 4459/4459 4460/4460 4461/4461
f 4462/4462 4463/4463 4464/4464
f 4468/4468 4469/4469 4470/4470
f 4477/4477 4478/4478 4479/4479
f 4483/4483 4484/4484 4485/4485
f 4486/4486 4487/4487 4488/4488
f 4489/4489 4490/4490 4491/4491
f 4504/4504 4505/4505 4506/4506
f 4510/4510 4511/4511 4512/4512
f 4513/4513 4514/4514 4515/4515
f 4525/4525 4526/4526 4527/4527
f 4531/4531 4532/4532 4533/4533
f 4537/4537 4538/4538 4539/4539
f 4552/4552 4553/4553 4554/4554
f 4555/4555 4556/4556 4557/4557
f 4558/4558 4559/4559 4560/4560
f 4570/4570 4571/4571 4572/4572
f 4573/4573 4574/4574 4575/4575
f 4576/4576 4577/4577 4578/4578
f 4582/4582 4583/4583 4584/4584
f 4591/4591 4592/4592 4593/4593
f 4594/4594 4595/4595 4596/4596
f 4603/4603 4604/4604 4605/4605
f 4609/4609 4610/4610 4611/4611
f 4621/4621 4622/4622 4623/4623
f 4627/4627 4628/4628 4629/4629
f 4633/4633 4634/4634 4635/4635
f 4639/4639 4640/4640 4641/4641
f 4651/4651 4652/4652 4653/4653
f 4657/4657 4658/4658 4659/4659
f 4666/4666 4667/4667 4668/4668
f 4669/4669 4670/4670 4671/4671
f 4684/4684 4685/4685 4686/4686
f 4690/4690 4691/4691 4692/4692
f 4696/4696 4697/4697 4698/4698
f 4705/4705 4706/4706 4707/4707
f 4711/4711 4712/4712 4713/4713
f 4720/4720 4721/4721 4722/4722
f 4726/4726 4727/4727 4728/4728
f 4732/4732 4733/4733 4734/4734
f 4741/4741 4742/4742 4743/4743
f 4747/4747 4748/4748 4749/4749
f 4753/4753 4754/4754 4755/4755
f 4759/4759 4760/4760 4761/4761
f 4768/4768 4769/4769 4770/4770
f 4774/4774 4775/4775 4776/4776
f 4786/4786 4787/4787 4788/4788
f 4789/4789 4790/4790 4791/4791
f 4795/4795 4796/4796 4797/4797
f 4804/4804 4805/4805 4806/4806
f 4810/4810 4811/4811 4812/4812
f 4813/4813 4814/4814 4815/4815
f 4819/4819 4820/4820 4821/4821
f 4828/4828 4829/4829 4830/4830
f 4831/4831 4832/4832 4833/4833
f 4840/4840 4841/4841 4842/4842
f 4843/4843 4844/4844 4845/4845
f 4855/4855 4856/4856 4857/4857
f 4861/4861 4862/4862 4863/4863
f 4867/4867 4868/4868 4869/4869
f 4873/4873 4874/4874 4875/4875
f 4879/4879 4880/4880 4881/4881
f 4885/4885 4886/4886 4887/4887
f 4891/4891 4892/4892 4893/4893
f 4897/4897 4898/4898 4899/4899
f 4903/4903 4904/4904 4905/4905
f 4909/4909 4910/4910 4911/4911
f 4912/4912 4913/4913 4914/4914
f 4921/4921 4922/4922 4923/4923
f 4924/4924 4925/4925 4926/4926
f 4933/4933 4934/4934 4935/4935
f 4939/4939 4940/4940 4941/4941
f 4945/4945 4946/4946 4947/4947
f 4948/4948 4949/4949 4950/4950
f 4954/4954 4955/4955 4956/4956
f 4963/4963 4964/4964 4965/4965
f 4966/4966 4967/4967 4968/4968
f 4972/4972 4973/4973 4974/4974
f 4975/4975 4976/4976 4977/4977
f 4981/4981 4982/4982 4983/4983
f 4990/4990 4991/4991 4992/4992
f 4996/4996 4997/4997 4998/4998
f 4999/4999 5000/5000 5001/5001
f 5008/5008 5009/5009 5010/5010
f 5014/5014 5015/5015 5016/5016
f 5023/5023 5024/5024 5025/5025
f 5026/5026 5027/5027 5028/5028
f 5035/5035 5036/5036 5037/5037
f 5041/5041 5042/5042 5043/5043
f 5047/5047 5048/5048 5049/5049
f 5059/5059 5060/5060 5061/5061
f 5062/5062 5063/5063 5064/5064
f 5077/5077 5078/5078 5079/5079
f 5086/5086 5087/5087 5088/5088
f 5098/5098 5099/5099 5100/5100
f 5101/5101 5102/5102 5103/5103
f 5107/5107 5108/5108 5109/5109
f 5119/5119 5120/5120 5121/5121
f 5128/5128 5129/5129 5130/5130
f 5131/5131 5132/5132 5133/5133
f 5143/5143 5144/5144 5145/5145
f 5146/5146 5147/5147 5148/5148
f 5155/5155 5156/5156 5157/5157
f 5158/5158 5159/5159 5160/5160
f 5167/5167 5168/5168 5169/5169
f 5173/5173 5174/5174 5175/5175
f 5179/5179 5180/5180 5181/5181
f 5185/5185 5186/5186 5187/5187
f 5191/5191 5192/5192 5193/5193
f 5194/5194 5195/5195 5196/5196
f 5206/5206 5207/5207 5208/5208
f 5209/5209 5210/5210 5211/5211
f 5215/5215 5216/5216 5217/5217
f 5218/5218 5219/5219 5220/5220
f 5227/5227 5228/5228 5229/5229
f 5230/5230 5231/5231 5232/5232
f 5239/5239 5240/5240 5241/5241
f 5245/5245 5246/5246 5247/5247
f 5251/5251 5252/5252 5253/5253
f 5257/5257 5258/5258 5259/5259
f 5263/5263 5264/5264 5265/5265
f 5269/5269 5270/5270 5271/5271
f 5281/5281 5282/5282 5283/5283
f 5284/5284 5285/5285 5286/5286
f 5287/5287 5288/5288 5289/5289
f 5299/5299 5300/5300 5301/5301
f 5308/5308 5309/5309 5310/5310
f 5311/5311 5312/5312 5313/5313
f 5317/5317 5318/5318 5319/5319
f 5326/5326 5327/5327 5328/5328
f 5332/5332 5333/5333 5334/5334
f 5344/5344 5345/5345 5346/5346
f 5347/5347 5348/5348 5349/5349
f 5356/5356 5357/5357 5358/5358
f 5359/5359 5360/5360 5361/5361
f 5371/5371 5372/5372 5373/5373
f 5380/5380 5381/5381 5382/5382
f 5383/5383 5384/5384 5385/5385
f 5395/5395 5396/5396 5397/5397
f 5401/5401 5402/5402 5403/5403
f 5410/5410 5411/5411 5412/5412
f 5413/5413 5414/5414 5415/5415
f 5431/5431 5432/5432 5433/5433
f 5437/5437 5438/5438 5439/5439
f 5449/5449 5450/5450 5451/5451
f 5455/5455 5456/5456 5457/5457
f 5464/5464 5465/5465 5466/5466
f 5467/5467 5468/5468 5469/5469
f 5470/5470 5471/5471 5472/5472
f 5485/5485 5486/5486 5487/5487
f 5491/5491 5492/5492 5493/5493
f 5497/5497 5498/5498 5499/5499
f 5503/5503 5504/5504 5505/5505
f 5509/5509 5510/5510 5511/5511
f 5515/5515 5516/5516 5517/5517
f 5518/5518 5519/5519 5520/5520
f 5533/5533 5534/5534 5535/5535
f 5536/5536 5537/5537 5538/5538
f 5542/5542 5543/5543 5544/5544
f 5551/5551 5552/5552 5553/5553
f 5563/5563 5564/5564 5565/5565
f 5566/5566 5567/5567 5568/5568
f 5575/5575 5576/5576 5577/5577
f 5581/5581 5582/5582 5583/5583
f 5590/5590 5591/5591 5592/5592
f 5596/5596 5597/5597 5598/5598
f 5602/5602 5603/5603 5604/5604
f 5611/5611 5612/5612 5613/5613
f 5614/5614 5615/5615 5616/5616
f 5620/5620 5621/5621 5622/5622
f 5623/5623 5624/5624 5625/5625
f 5629/5629 5630/5630 5631/5631
f 5644/5644 5645/5645 5646/5646
f 5650/5650 5651/5651 5652/5652
f 5656/5656 5657/5657 5658/5658
f 5662/5662 5663/5663 5664/5664
f 5677/5677 5678/5678 5679/5679
f 5680/5680 5681/5681 5682/5682
f 5686/5686 5687/5687 5688/5688
f 5692/5692 5693/5693 5694/5694
f 5704/5704 5705/5705 5706/5706
f 5707/5707 5708/5708 5709/5709
f 5713/5713 5714/5714 5715/5715
f 5719/5719 5720/5720 5721/5721
f 5734/5734 5735/5735 5736/5736
f 5737/5737 5738/5738 5739/5739
f 5743/5743 5744/5744 5745/5745
f 5752/5752 5753/5753 5754/5754
f 5761/5761 5762/5762 5763/5763
f 5767/5767 5768/5768 5769/5769
f 5779/5779 5780/5780 5781/5781
f 5782/5782 5783/5783 5784/5784
f 5794/5794 5795/5795 5796/5796
f 5797/5797 5798/5798 5799/5799
f 5800/5800 5801/5801 5802/5802
f 5812/5812 5813/5813 5814/5814
f 5815/5815 5816/5816 5817/5817
f 5818/5818 5819/5819 5820/5820
f 5833/5833 5834/5834 5835/5835
f 5836/5836 5837/5837 5838/5838
f 5848/5848 5849/5849 5850/5850
f 5854/5854 5855/5855 5856/5856
f 5869/5869 5870/5870 5871/5871
f 5875/5875 5876/5876 5877/5877
f 5884/5884 5885/5885 5886/5886
f 5887/5887 5888/5888 5889/5889
f 5893/5893 5894/5894 5895/5895
f 5896/5896 5897/5897 5898/5898
f 5902/5902 5903/5903 5904/5904
f 5914/5914 5915/5915 5916/5916
f 5917/5917 5918/5918 5919/5919
f 5923/5923 5924/5924 5925/5925
f 5929/5929 5930/5930 5931/5931
f 5938/5938 5939/5939 5940/5940
f 5944/5944 5945/5945 5946/5946
f 5950/5950 5951/5951 5952/5952
f 5956/5956 5957/5957 5958/5958
f 5962/5962 5963/5963 5964/5964
f 5968/5968 5969/5969 5970/5970
f 5980/5980 5981/5981 5982/5982
f 5986/5986 5987/5987 5988/5988
f 5995/5995 5996/5996 5997/5997
f 6001/6001 6002/6002 6003/6003
f 6007/6007 6008/6008 6009/6009
f 6013/6013 6014/6014 6015/6015
f 6019/6019 6020/6020 6021/6021
f 6025/6025 6026/6026 6027/6027
f 6031/6031 6032/6032 6033/6033
f 6037/6037 6038/6038 6039/6039
f 6043/6043 6044/6044 6045/6045
f 6049/6049 6050/6050 6051/6051
f 6055/6055 6056/6056 6057/6057
f 6061/6061 6062/6062 6063/6063
f 6073/6073 6074/6074 6075/6075
f 6079/6079 6080/6080 6081/6081
f 6082/6082 6083/6083 6084/6084
f 6097/6097 6098/6098 6099/6099
f 6100/6100 6101/6101 6102/6102
f 6112/6112 6113/6113 6114/6114
f 6115/6115 6116/6116 6117/6117
f 6130/6130 6131/6131 6132/6132
f 6136/6136 6137/6137 6138/6138
f 6142/6142 6143/6143 6144/6144
f 6154/6154 6155/6155 6156/6156
f 6157/6157 6158/6158 6159/6159
f 6163/6163 6164/6164 6165/6165
f 6172/6172 6173/6173 6174/6174
f 6175/6175 6176/6176 6177/6177
f 6184/6184 6185/6185 6186/6186
f 6193/6193 6194/6194 6195/6195
f 6199/6199 6200/6200 6201/6201
f 6202/6202 6203/6203 6204/6204
f 6211/6211 6212/6212 6213/6213
f 6217/6217 6218/6218 6219/6219
f 6223/6223 6224/6224 6225/6225
f 6226/6226 6227/6227 6228/6228
f 6235/6235 6236/6236 6237/6237
f 6244/6244 6245/6245 6246/6246
f 6250/6250 6251/6251 6252/6252
f 6256/6256 6257/6257 6258/6258
f 6268/6268 6269/6269 6270/6270
f 6274/6274 6275/6275 6276/6276
f 6277/6277 6278/6278 6279/6279
f 6295/6295 6296/6296 6297/6297
f 6298/6298 6299/6299 6300/6300
f 6307/6307 6308/6308 6309/6309
f 6310/6310 6311/6311 6312/6312
f 6316/6316 6317/6317 6318/6318
f 6319/6319 6320/6320 6321/6321
f 6328/6328 6329/6329 6330/6330
f 6337/6337 6338/6338 6339/6339
f 6343/6343 6344/6344 6345/6345
f 6352/6352 6353/6353 6354/6354
f 6361/6361 6362/6362 6363/6363
f 6364/6364 6365/6365 6366/6366
f 6373/6373 6374/6374 6375/6375
f 6379/6379 6380/6380 6381/6381
f 6388/6388 6389/6389 6390/6390
f 6391/6391 6392/6392 6393/6393
f 6400/6400 6401/6401 6402/6402
f 6406/6406 6407/6407 6408/6408
f 6409/6409 6410/6410 6411/6411
f 6421/6421 6422/6422 6423/6423
f 6427/6427 6428/6428 6429/6429
f 6430/6430 6431/6431 6432/6432
f 6445/6445 6446/6446 6447/6447
f 6451/6451 6452/6452 6453/6453
f 6460/6460 6461/6461 6462/6462
f 6466/6466 6467/6467 6468/6468
f 6475/6475 6476/6476 6477/6477
f 6478/6478 6479/6479 6480/6480
f 6481/6481 6482/6482 6483/6483
f 6502/6502 6503/6503 6504/6504
f 6508/6508 6509/6509 6510/6510
f 6517/6517 6518/6518 6519/6519
f 6520/6520 6521/6521 6522/6522
f 6526/6526 6527/6527 6528/6528
f 6535/6535 6536/6536 6537/6537
f 6541/6541 6542/6542 6543/6543
f 6550/6550 6551/6551 6552/6552
f 6553/6553 6554/6554 6555/6555
f 6565/6565 6566/6566 6567/6567
f 6571/6571 6572/6572 6573/6573
f 6577/6577 6578/6578 6579/6579
f 6586/6586 6587/6587 6588/6588
f 6592/6592 6593/6593 6594/6594
f 6598/6598 6599/6599 6600/6600
f 6604/6604 6605/6605 6606/6606
f 6613/6613 6614/6614 6615/6615
f 6616/6616 6617/6617 6618/6618
f 6628/6628 6629/6629 6630/6630
f 6634/6634 6635/6635 6636/6636
f 6640/6640 6641/6641 6642/6642
f 6646/6646 6647/6647 6648/6648
f 6652/6652 6653/6653 6654/6654
f 6664/6664 6665/6665 6666/6666
f 6667/6667 6668/6668 6669/6669
f 6679/6679 6680/6680 6681/6681
f 6682/6682 6683/6683 6684/6684
f 6700/6700 6701/6701 6702/6702
f 6706/6706 6707/6707 6708/6708
f 6712/6712 6713/6713 6714/6714
f 6721/6721 6722/6722 6723/6723
f 6730/6730 6731/6731 6732/6732
f 6733/6733 6734/6734 6735/6735
f 6742/6742 6743/6743 6744/6744
f 6745/6745 6746/6746 6747/6747
f 6751/6751 6752/6752 6753/6753
f 6760/6760 6761/6761 6762/6762
f 6769/6769 6770/6770 6771/6771
f 6772/6772 6773/6773 6774/6774
f 6787/6787 6788/6788 6789/6789
f 6790/6790 6791/6791 6792/6792
f 6805/6805 6806/6806 6807/6807
f 6808/6808 6809/6809 6810/6810
f 6817/6817 6818/6818 6819/6819
f 6829/6829 6830/6830 6831/6831
f 6835/6835 6836/6836 6837/6837
f 6844/6844 6845/6845 6846/6846
f 6850/6850 6851/6851 6852/6852
f 6853/6853 6854/6854 6855/6855
f 6871/6871 6872/6872 6873/6873
f 6880/6880 6881/6881 6882/6882
f 6892/6892 6893/6893 6894/6894
f 6895/6895 6896/6896 6897/6897
f 6904/6904 6905/6905 6906/6906
f 6919/6919 6920/6920 6921/6921
f 6931/6931 6932/6932 6933/6933
f 6943/6943 6944/6944 6945/6945
f 6955/6955 6956/6956 6957/6957
f 6964/6964 6965/6965 6966/6966
f 6976/6976 6977/6977 6978/6978
f 6985/6985 6986/6986 6987/6987
f 6997/6997 6998/6998 6999/6999
f 7006/7006 7007/7007 7008/7008
f 7009/7009 7010/7010 7011/7011
f 7021/7021 7022/7022 7023/7023
f 7030/7030 7031/7031 7032/7032
f 7033/7033 7034/7034 7035/7035
s 1
f 16/16 17/17 18/18
f 22/22 23/23 24/24
f 28/28 29/29 30/30
f 34/34 35/35 36/36
f 40/40 41/41 42/42
f 46/46 47/47 48/48
f 52/52 53/53 54/54
f 58/58 59/59 60/60
f 64/64 65/65 66/66
f 70/70 71/71 72/72
f 76/76 77/77 78/78
f 82/82 83/83 84/84
f 88/88 89/89 90/90
f 94/94 95/95 96/96
f 100/100 101/101 102/102
f 106/106 107/107 108/108
f 112/112 113/113 114/114
f 118/118 119/119 120/120
f 124/124 125/125 126/126
f 130/130 131/131 132/132
f 136/136 137/137 138/138
f 142/142 143/143 144/144
f 148/148 149/149 150/150
f 154/154 155/155 156/156
f 160/160 161/161 162/162
f 166/166 167/167 168/168
f 172/172 173/173 174/174
f 178/178 179/179 180/180
f 184/184 185/185 186/186
f 190/190 191/191 192/192
f 196/196 197/197 198/198
f 202/202 203/203 204/204
f 208/208 209/209 210/210
f 214/214 215/215 216/216
f 220/220 221/221 222/222
f 226/226 227/227 228/228
f 229/229 230/230 231/231
f 235/235 236/236 237/237
f 241/241 242/242 243/243
f 247/247 248/248 249/249
f 253/253 254/254 255/255
f 259/259 260/260 261/261
f 265/265 266/266 267/267
f 274/274 275/275 276/276
f 286/286 287/287 288/288
f 295/295 296/296 297/297
f 301/301 302/302 303/303
f 307/307 308/308 309/309
f 313/313 314/314 315/315
f 322/322 323/323 324/324
f 328/328 329/329 330/330
f 334/334 335/335 336/336
f 346/346 347/347 348/348
f 355/355 356/356 357/357
f 364/364 365/365 366/366
f 382/382 383/383 384/384
f 388/388 389/389 390/390
f 394/394 395/395 396/396
f 400/400 401/401 402/402
f 412/412 413/413 414/414
f 418/418 419/419 420/420
f 424/424 425/425 426/426
f 430/430 431/431 432/432
f 439/439 440/440 441/441
f 445/445 446/446 447/447
f 454/454 455/455 456/456
f 460/460 461/461 462/462
f 466/466 467/467 468/468
f 472/472 473/473 474/474
f 475/475 476/476 477/477
f 481/481 482/482 483/483
f 490/490 491/491 492/492
f 496/496 497/497 498/498
f 499/499 500/500 501/501
f 505/505 506/506 507/507
f 514/514 515/515 516/516
f 526/526 527/527 528/528
f 535/535 536/536 537/537
f 547/547 548/548 549/549
f 553/553 554/554 555/555
f 562/562 563/563 564/564
f 574/574 575/575 576/576
f 583/583 584/584 585/585
f 589/589 590/590 591/591
f 595/595 596/596 597/597
f 601/601 602/602 603/603
f 610/610 611/611 612/612
f 616/616 617/617 618/618
f 622/622 623/623 624/624
f 637/637 638/638 639/639
f 643/643 644/644 645/645
f 649/649 650/650 651/651
f 655/655 656/656 657/657
f 664/664 665/665 666/666
f 670/670 671/671 672/672
f 682/682 683/683 684/684
f 688/688 689/689 690/690
f 691/691 692/692 693/693
f 697/697 698/698 699/699
f 703/703 704/704 705/705
f 709/709 710/710 711/711
f 718/718 719/719 720/720
f 724/724 725/725 726/726
f 730/730 731/731 732/732
f 736/736 737/737 738/738
f 739/739 740/740 741/741
f 745/745 746/746 747/747
f 751/751 752/752 753/753
f 757/757 758/758 759/759
f 766/766 767/767 768/768
f 772/772 773/773 774/774
f 778/778 779/779 780/780
f 784/784 785/785 786/786
f 787/787 788/788 789/789
f 793/793 794/794 795/795
f 799/799 800/800 801/801
f 805/805 806/806 807/807
f 814/814 815/815 816/816
f 820/820 821/821 822/822
f 826/826 827/827 828/828
f 832/832 833/833 834/834
f 835/835 836/836 837/837
f 841/841 842/842 843/843
f 847/847 848/848 849/849
f 853/853 854/854 855/855
f 862/862 863/863 864/864
f 868/868 869/869 870/870
f 871/871 872/872 873/873
f 877/877 878/878 879/879
f 886/886 887/887 888/888
f 892/892 893/893 894/894
f 898/898 899/899 900/900
f 904/904 905/905 906/906
f 907/907 908/908 909/909
f 913/913 914/914 915/915
f 919/919 920/920 921/921
f 925/925 926/926 927/927
f 934/934 935/935 936/936
f 940/940 941/941 942/942
f 943/943 944/944 945/945
f 949/949 950/950 951/951
f 961/961 962/962 963/963
f 973/973 974/974 975/975
f 979/979 980/980 981/981
f 985/985 986/986 987/987
f 991/991 992/992 993/993
f 997/997 998/998 999/999
f 1006/1006 1007/1007 1008/1008
f 1012/1012 1013/1013 1014/1014
f 1015/1015 1016/1016 1017/1017
f 1021/1021 1022/1022 1023/1023
f 1030/1030 1031/1031 1032/1032
f 1039/1039 1040/1040 1041/1041
f 1045/1045 1046/1046 1047/1047
f 1069/1069 1070/1070 1071/1071
f 1078/1078 1079/1079 1080/1080
f 1084/1084 1085/1085 1086/1086
f 1090/1090 1091/1091 1092/1092
f 1096/1096 1097/1097 1098/1098
f 1105/1105 1106/1106 1107/1107
f 1117/1117 1118/1118 1119/1119
f 1126/1126 1127/1127 1128/1128
f 1132/1132 1133/1133 1134/1134
f 1138/1138 1139/1139 1140/1140
f 1144/1144 1145/1145 1146/1146
f 1150/1150 1151/1151 1152/1152
f 1156/1156 1157/1157 1158/1158
f 1162/1162 1163/1163 1164/1164
f 1174/1174 1175/1175 1176/1176
f 1186/1186 1187/1187 1188/1188
f 1192/1192 1193/1193 1194/1194
f 1198/1198 1199/1199 1200/1200
f 1204/1204 1205/1205 1206/1206
f 1210/1210 1211/1211 1212/1212
f 1216/1216 1217/1217 1218/1218
f 1222/1222 1223/1223 1224/1224
f 1228/1228 1229/1229 1230/1230
f 1234/1234 1235/1235 1236/1236
f 1240/1240 1241/1241 1242/1242
f 1246/1246 1247/1247 1248/1248
f 1252/1252 1253/1253 1254/1254
f 1258/1258 1259/1259 1260/1260
f 1264/1264 1265/1265 1266/1266
f 1270/1270 1271/1271 1272/1272
f 1276/1276 1277/1277 1278/1278
f 1282/1282 1283/1283 1284/1284
f 1288/1288 1289/1289 1290/1290
f 1294/1294 1295/1295 1296/1296
f 1300/1300 1301/1301 1302/1302
f 1306/1306 1307/1307 1308/1308
f 1312/1312 1313/1313 1314/1314
f 1318/1318 1319/1319 1320/1320
f 1324/1324 1325/1325 1326/1326
f 1330/1330 1331/1331 1332/1332
f 1336/1336 1337/1337 1338/1338
f 1342/1342 1343/1343 1344/1344
f 1348/1348 1349/1349 1350/1350
f 1354/1354 1355/1355 1356/1356
f 1360/1360 1361/1361 1362/1362
f 1366/1366 1367/1367 1368/1368
f 1372/1372 1373/1373 1374/1374
f 1378/1378 1379/1379 1380/1380
f 1384/1384 1385/1385 1386/1386
f 1390/1390 1391/1391 1392/1392
f 1396/1396 1397/1397 1398/1398
f 1402/1402 1403/1403 1404/1404
f 1408/1408 1409/1409 1410/1410
f 1414/1414 1415/1415 1416/1416
f 1420/1420 1421/1421 1422/1422
f 1426/1426 1427/1427 1428/1428
f 1432/1432 1433/1433 1434/1434
f 1438/1438 1439/1439 1440/1440
f 1444/1444 1445/1445 1446/1446
f 1450/1450 1451/1451 1452/1452
f 1456/1456 1457/1457 1458/1458
f 1462/1462 1463/1463 1464/1464
f 1468/1468 1469/1469 1470/1470
f 1474/1474 1475/1475 1476/1476
f 1480/1480 1481/1481 1482/1482
f 1486/1486 1487/1487 1488/1488
f 1492/1492 1493/1493 1494/1494
f 1498/1498 1499/1499 1500/1500
f 1516/1516 1517/1517 1518/1518
f 1522/1522 1523/1523 1524/1524
f 1528/1528 1529/1529 1530/1530
f 1537/1537 1538/1538 1539/1539
f 1543/1543 1544/1544 1545/1545
f 1549/1549 1550/1550 1551/1551
f 1555/1555 1556/1556 1557/1557
f 1561/1561 1562/1562 1563/1563
f 1570/1570 1571/1571 1572/1572
f 1582/1582 1583/1583 1584/1584
f 1597/1597 1598/1598 1599/1599
f 1603/1603 1604/1604 1605/1605
f 1609/1609 1610/1610 1611/1611
f 1615/1615 1616/1616 1617/1617
f 1621/1621 1622/1622 1623/1623
f 1627/1627 1628/1628 1629/1629
f 1633/1633 1634/1634 1635/1635
f 1642/1642 1643/1643 1644/1644
f 1648/1648 1649/1649 1650/1650
f 1660/1660 1661/1661 1662/1662
f 1666/1666 1667/1667 1668/1668
f 1672/1672 1673/1673 1674/1674
f 1675/1675 1676/1676 1677/1677
f 1681/1681 1682/1682 1683/1683
f 1687/1687 1688/1688 1689/1689
f 1693/1693 1694/1694 1695/1695
f 1702/1702 1703/1703 1704/1704
f 1726/1726 1727/1727 1728/1728
f 1732/1732 1733/1733 1734/1734
f 1738/1738 1739/1739 1740/1740
f 1744/1744 1745/1745 1746/1746
f 1750/1750 1751/1751 1752/1752
f 1771/1771 1772/1772 1773/1773
f 1780/1780 1781/1781 1782/1782
f 1786/1786 1787/1787 1788/1788
f 1792/1792 1793/1793 1794/1794
f 1798/1798 1799/1799 1800/1800
f 1804/1804 1805/1805 1806/1806
f 1810/1810 1811/1811 1812/1812
f 1816/1816 1817/1817 1818/1818
f 1849/1849 1850/1850 1851/1851
f 1855/1855 1856/1856 1857/1857
f 1861/1861 1862/1862 1863/1863
f 1876/1876 1877/1877 1878/1878
f 1915/1915 1916/1916 1917/1917
f 1921/1921 1922/1922 1923/1923
f 1927/1927 1928/1928 1929/1929
f 1933/1933 1934/1934 1935/1935
f 1939/1939 1940/1940 1941/1941
f 1951/1951 1952/1952 1953/1953
f 1957/1957 1958/1958 1959/1959
f 1966/1966 1967/1967 1968/1968
f 1975/1975 1976/1976 1977/1977
f 1990/1990 1991/1991 1992/1992
f 2005/2005 2006/2006 2007/2007
f 2008/2008 2009/2009 2010/2010
f 2017/2017 2018/2018 2019/2019
f 2020/2020 2021/2021 2022/2022
f 2029/2029 2030/2030 2031/2031
f 2032/2032 2033/2033 2034/2034
f 2041/2041 2042/2042 2043/2043
f 2044/2044 2045/2045 2046/2046
f 2053/2053 2054/2054 2055/2055
f 2056/2056 2057/2057 2058/2058
f 2065/2065 2066/2066 2067/2067
f 2068/2068 2069/2069 2070/2070
f 2077/2077 2078/2078 2079/2079
f 2089/2089 2090/2090 2091/2091
f 2092/2092 2093/2093 2094/2094
f 2101/2101 2102/2102 2103/2103
f 2104/2104 2105/2105 2106/2106
f 2113/2113 2114/2114 2115/2115
f 2116/2116 2117/2117 2118/2118
f 2125/2125 2126/2126 2127/2127
f 2128/2128 2129/2129 2130/2130
f 2137/2137 2138/2138 2139/2139
f 2140/2140 2141/2141 2142/2142
f 2149/2149 2150/2150 2151/2151
f 2158/2158 2159/2159 2160/2160
f 2161/2161 2162/2162 2163/2163
f 2170/2170 2171/2171 2172/2172
f 2173/2173 2174/2174 2175/2175
f 2179/2179 2180/2180 2181/2181
f 2185/2185 2186/2186 2187/2187
f 2188/2188 2189/2189 2190/2190
f 2191/2191 2192/2192 2193/2193
f 2200/2200 2201/2201 2202/2202
f 2206/2206 2207/2207 2208/2208
f 2212/2212 2213/2213 2214/2214
f 2218/2218 2219/2219 2220/2220
f 2227/2227 2228/2228 2229/2229
f 2230/2230 2231/2231 2232/2232
f 2242/2242 2243/2243 2244/2244
f 2251/2251 2252/2252 2253/2253
f 2254/2254 2255/2255 2256/2256
f 2263/2263 2264/2264 2265/2265
f 2269/2269 2270/2270 2271/2271
f 2275/2275 2276/2276 2277/2277
f 2278/2278 2279/2279 2280/2280
f 2281/2281 2282/2282 2283/2283
f 2293/2293 2294/2294 2295/2295
f 2299/2299 2300/2300 2301/2301
f 2311/2311 2312/2312 2313/2313
f 2317/2317 2318/2318 2319/2319
f 2323/2323 2324/2324 2325/2325
f 2329/2329 2330/2330 2331/2331
f 2344/2344 2345/2345 2346/2346
f 2353/2353 2354/2354 2355/2355
f 2362/2362 2363/2363 2364/2364
f 2365/2365 2366/2366 2367/2367
f 2371/2371 2372/2372 2373/2373
f 2380/2380 2381/2381 2382/2382
f 2389/2389 2390/2390 2391/2391
f 2398/2398 2399/2399 2400/2400
f 2404/2404 2405/2405 2406/2406
f 2410/2410 2411/2411 2412/2412
f 2413/2413 2414/2414 2415/2415
f 2416/2416 2417/2417 2418/2418
f 2425/2425 2426/2426 2427/2427
f 2428/2428 2429/2429 2430/2430
f 2437/2437 2438/2438 2439/2439
f 2446/2446 2447/2447 2448/2448
f 2452/2452 2453/2453 2454/2454
f 2458/2458 2459/2459 2460/2460
f 2467/2467 2468/2468 2469/2469
f 2470/2470 2471/2471 2472/2472
f 2482/2482 2483/2483 2484/2484
f 2485/2485 2486/2486 2487/2487
f 2494/2494 2495/2495 2496/2496
f 2509/2509 2510/2510 2511/2511
f 2512/2512 2513/2513 2514/2514
f 2524/2524 2525/2525 2526/2526
f 2533/2533 2534/2534 2535/2535
f 2539/2539 2540/2540 2541/2541
f 2545/2545 2546/2546 2547/2547
f 2551/2551 2552/2552 2553/2553
f 2557/2557 2558/2558 2559/2559
f 2563/2563 2564/2564 2565/2565
f 2569/2569 2570/2570 2571/2571
f 2572/2572 2573/2573 2574/2574
f 2584/2584 2585/2585 2586/2586
f 2590/2590 2591/2591 2592/2592
f 2602/2602 2603/2603 2604/2604
f 2611/2611 2612/2612 2613/2613
f 2620/2620 2621/2621 2622/2622
f 2626/2626 2627/2627 2628/2628
f 2629/2629 2630/2630 2631/2631
f 2638/2638 2639/2639 2640/2640
f 2647/2647 2648/2648 2649/2649
f 2656/2656 2657/2657 2658/2658
f 2659/2659 2660/2660 2661/2661
f 2668/2668 2669/2669 2670/2670
f 2671/2671 2672/2672 2673/2673
f 2683/2683 2684/2684 2685/2685
f 2686/2686 2687/2687 2688/2688
f 2695/2695 2696/2696 2697/2697
f 2698/2698 2699/2699 2700/2700
f 2710/2710 2711/2711 2712/2712
f 2713/2713 2714/2714 2715/2715
f 2719/2719 2720/2720 2721/2721
f 2728/2728 2729/2729 2730/2730
f 2731/2731 2732/2732 2733/2733
f 2734/2734 2735/2735 2736/2736
f 2743/2743 2744/2744 2745/2745
f 2746/2746 2747/2747 2748/2748
f 2755/2755 2756/2756 2757/2757
f 2761/2761 2762/2762 2763/2763
f 2767/2767 2768/2768 2769/2769
f 2773/2773 2774/2774 2775/2775
f 2779/2779 2780/2780 2781/2781
f 2785/2785 2786/2786 2787/2787
f 2791/2791 2792/2792 2793/2793
f 2794/2794 2795/2795 2796/2796
f 2800/2800 2801/2801 2802/2802
f 2806/2806 2807/2807 2808/2808
f 2812/2812 2813/2813 2814/2814
f 2818/2818 2819/2819 2820/2820
f 2833/2833 2834/2834 2835/2835
f 2845/2845 2846/2846 2847/2847
f 2860/2860 2861/2861 2862/2862
f 2872/2872 2873/2873 2874/2874
f 2884/2884 2885/2885 2886/2886
f 2893/2893 2894/2894 2895/2895
f 2899/2899 2900/2900 2901/2901
f 2911/2911 2912/2912 2913/2913
f 2920/2920 2921/2921 2922/2922
f 2929/2929 2930/2930 2931/2931
f 2932/2932 2933/2933 2934/2934
f 2935/2935 2936/2936 2937/2937
f 2941/2941 2942/2942 2943/2943
f 2947/2947 2948/2948 2949/2949
f 2959/2959 2960/2960 2961/2961
f 2965/2965 2966/2966 2967/2967
f 2968/2968 2969/2969 2970/2970
f 2977/2977 2978/2978 2979/2979
f 2983/2983 2984/2984 2985/2985
f 2989/2989 2990/2990 2991/2991
f 2995/2995 2996/2996 2997/2997
f 2998/2998 2999/2999 3000/3000
f 3007/3007 3008/3008 3009/3009
f 3013/3013 3014/3014 3015/3015
f 3022/3022 3023/3023 3024/3024
f 3037/3037 3038/3038 3039/3039
f 3043/3043 3044/3044 3045/3045
f 3046/3046 3047/3047 3048/3048
f 3052/3052 3053/3053 3054/3054
f 3064/3064 3065/3065 3066/3066
f 3073/3073 3074/3074 3075/3075
f 3076/3076 3077/3077 3078/3078
f 3085/3085 3086/3086 3087/3087
f 3091/3091 3092/3092 3093/3093
f 3097/3097 3098/3098 3099/3099
f 3106/3106 3107/3107 3108/3108
f 3115/3115 3116/3116 3117/3117
f 3121/3121 3122/3122 3123/3123
f 3130/3130 3131/3131 3132/3132
f 3142/3142 3143/3143 3144/3144
f 3148/3148 3149/3149 3150/3150
f 3151/3151 3152/3152 3153/3153
f 3166/3166 3167/3167 3168/3168
f 3181/3181 3182/3182 3183/3183
f 3184/3184 3185/3185 3186/3186
f 3193/3193 3194/3194 3195/3195
f 3199/3199 3200/3200 3201/3201
f 3211/3211 3212/3212 3213/3213
f 3217/3217 3218/3218 3219/3219
f 3229/3229 3230/3230 3231/3231
f 3235/3235 3236/3236 3237/3237
f 3241/3241 3242/3242 3243/3243
f 3256/3256 3257/3257 3258/3258
f 3262/3262 3263/3263 3264/3264
f 3268/3268 3269/3269 3270/3270
f 3274/3274 3275/3275 3276/3276
f 3277/3277 3278/3278 3279/3279
f 3283/3283 3284/3284 3285/3285
f 3289/3289 3290/3290 3291/3291
f 3298/3298 3299/3299 3300/3300
f 3301/3301 3302/3302 3303/3303
f 3316/3316 3317/3317 3318/3318
f 3322/3322 3323/3323 3324/3324
f 3328/3328 3329/3329 3330/3330
f 3334/3334 3335/3335 3336/3336
f 3340/3340 3341/3341 3342/3342
f 3346/3346 3347/3347 3348/3348
f 3355/3355 3356/3356 3357/3357
f 3358/3358 3359/3359 3360/3360
f 3373/3373 3374/3374 3375/3375
f 3376/3376 3377/3377 3378/3378
f 3388/3388 3389/3389 3390/3390
f 3397/3397 3398/3398 3399/3399
f 3400/3400 3401/3401 3402/3402
f 3409/3409 3410/3410 3411/3411
f 3415/3415 3416/3416 3417/3417
f 3424/3424 3425/3425 3426/3426
f 3427/3427 3428/3428 3429/3429
f 3433/3433 3434/3434 3435/3435
f 3436/3436 3437/3437 3438/3438
f 3445/3445 3446/3446 3447/3447
f 3448/3448 3449/3449 3450/3450
f 3457/3457 3458/3458 3459/3459
f 3463/3463 3464/3464 3465/3465
f 3469/3469 3470/3470 3471/3471
f 3475/3475 3476/3476 3477/3477
f 3481/3481 3482/3482 3483/3483
f 3487/3487 3488/3488 3489/3489
f 3490/3490 3491/3491 3492/3492
f 3499/3499 3500/3500 3501/3501
f 3505/3505 3506/3506 3507/3507
f 3511/3511 3512/3512 3513/3513
f 3517/3517 3518/3518 3519/3519
f 3520/3520 3521/3521 3522/3522
f 3535/3535 3536/3536 3537/3537
f 3547/3547 3548/3548 3549/3549
f 3559/3559 3560/3560 3561/3561
f 3571/3571 3572/3572 3573/3573
f 3577/3577 3578/3578 3579/3579
f 3586/3586 3587/3587 3588/3588
f 3589/3589 3590/3590 3591/3591
f 3595/3595 3596/3596 3597/3597
f 3601/3601 3602/3602 3603/3603
f 3607/3607 3608/3608 3609/3609
f 3613/3613 3614/3614 3615/3615
f 3619/3619 3620/3620 3621/3621
f 3628/3628 3629/3629 3630/3630
f 3631/3631 3632/3632 3633/3633
f 3637/3637 3638/3638 3639/3639
f 3643/3643 3644/3644 3645/3645
f 3652/3652 3653/3653 3654/3654
f 3655/3655 3656/3656 3657/3657
f 3664/3664 3665/3665 3666/3666
f 3673/3673 3674/3674 3675/3675
f 3679/3679 3680/3680 3681/3681
f 3685/3685 3686/3686 3687/3687
f 3688/3688 3689/3689 3690/3690
f 3694/3694 3695/3695 3696/3696
f 3706/3706 3707/3707 3708/3708
f 3712/3712 3713/3713 3714/3714
f 3715/3715 3716/3716 3717/3717
f 3730/3730 3731/3731 3732/3732
f 3736/3736 3737/3737 3738/3738
f 3742/3742 3743/3743 3744/3744
f 3751/3751 3752/3752 3753/3753
f 3757/3757 3758/3758 3759/3759
f 3763/3763 3764/3764 3765/3765
f 3772/3772 3773/3773 3774/3774
f 3775/3775 3776/3776 3777/3777
f 3790/3790 3791/3791 3792/3792
f 3799/3799 3800/3800 3801/3801
f 3802/3802 3803/3803 3804/3804
f 3808/3808 3809/3809 3810/3810
f 3814/3814 3815/3815 3816/3816
f 3820/3820 3821/3821 3822/3822
f 3838/3838 3839/3839 3840/3840
f 3853/3853 3854/3854 3855/3855
f 3865/3865 3866/3866 3867/3867
f 3877/3877 3878/3878 3879/3879
f 3880/3880 3881/3881 3882/3882
f 3883/3883 3884/3884 3885/3885
f 3901/3901 3902/3902 3903/3903
f 3913/3913 3914/3914 3915/3915
f 3919/3919 3920/3920 3921/3921
f 3925/3925 3926/3926 3927/3927
f 3937/3937 3938/3938 3939/3939
f 3946/3946 3947/3947 3948/3948
f 3955/3955 3956/3956 3957/3957
f 3964/3964 3965/3965 3966/3966
f 3967/3967 3968/3968 3969/3969
f 3979/3979 3980/3980 3981/3981
f 3982/3982 3983/3983 3984/3984
f 3985/3985 3986/3986 3987/3987
f 3994/3994 3995/3995 3996/3996
f 4000/4000 4001/4001 4002/4002
f 4003/4003 4004/4004 4005/4005
f 4015/4015 4016/4016 4017/4017
f 4021/4021 4022/4022 4023/4023
f 4024/4024 4025/4025 4026/4026
f 4033/4033 4034/4034 4035/4035
f 4042/4042 4043/4043 4044/4044
f 4048/4048 4049/4049 4050/4050
f 4051/4051 4052/4052 4053/4053
f 4054/4054 4055/4055 4056/4056
f 4063/4063 4064/4064 4065/4065
f 4069/4069 4070/4070 4071/4071
f 4075/4075 4076/4076 4077/4077
f 4078/4078 4079/4079 4080/4080
f 4084/4084 4085/4085 4086/4086
f 4090/4090 4091/4091 4092/4092
f 4102/4102 4103/4103 4104/4104
f 4108/4108 4109/4109 4110/4110
f 4120/4120 4121/4121 4122/4122
f 4126/4126 4127/4127 4128/4128
f 4138/4138 4139/4139 4140/4140
f 4141/4141 4142/4142 4143/4143
f 4147/4147 4148/4148 4149/4149
f 4153/4153 4154/4154 4155/4155
f 4165/4165 4166/4166 4167/4167
f 4177/4177 4178/4178 4179/4179
f 4180/4180 4181/4181 4182/4182
f 4186/4186 4187/4187 4188/4188
f 4192/4192 4193/4193 4194/4194
f 4195/4195 4196/4196 4197/4197
f 4204/4204 4205/4205 4206/4206
f 4210/4210 4211/4211 4212/4212
f 4219/4219 4220/4220 4221/4221
f 4231/4231 4232/4232 4233/4233
f 4234/4234 4235/4235 4236/4236
f 4240/4240 4241/4241 4242/4242
f 4255/4255 4256/4256 4257/4257
f 4261/4261 4262/4262 4263/4263
f 4273/4273 4274/4274 4275/4275
f 4276/4276 4277/4277 4278/4278
f 4291/4291 4292/4292 4293/4293
f 4294/4294 4295/4295 4296/4296
f 4306/4306 4307/4307 4308/4308
f 4312/4312 4313/4313 4314/4314
f 4333/4333 4334/4334 4335/4335
f 4336/4336 4337/4337 4338/4338
f 4348/4348 4349/4349 4350/4350
f 4351/4351 4352/4352 4353/4353
f 4360/4360 4361/4361 4362/4362
f 4363/4363 4364/4364 4365/4365
f 4372/4372 4373/4373 4374/4374
f 4375/4375 4376/4376 4377/4377
f 4390/4390 4391/4391 4392/4392
f 4396/4396 4397/4397 4398/4398
f 4405/4405 4406/4406 4407/4407
f 4414/4414 4415/4415 4416/4416
f 4423/4423 4424/4424 4425/4425
f 4432/4432 4433/4433 4434/4434
f 4438/4438 4439/4439 4440/4440
f 4444/4444 4445/4445 4446/4446
f 4456/4456 4457/4457 4458/4458
f 4465/4465 4466/4466 4467/4467
f 4471/4471 4472/4472 4473/4473
f 4474/4474 4475/4475 4476/4476
f 4480/4480 4481/4481 4482/4482
f 4495/4495 4496/4496 4497/4497
f 4501/4501 4502/4502 4503/4503
f 4507/4507 4508/4508 4509/4509
f 4519/4519 4520/4520 4521/4521
f 4522/4522 4523/4523 4524/4524
f 4528/4528 4529/4529 4530/4530
f 4534/4534 4535/4535 4536/4536
f 4540/4540 4541/4541 4542/4542
f 4543/4543 4544/4544 4545/4545
f 4549/4549 4550/4550 4551/4551
f 4561/4561 4562/4562 4563/4563
f 4567/4567 4568/4568 4569/4569
f 4579/4579 4580/4580 4581/4581
f 4585/4585 4586/4586 4587/4587
f 4588/4588 4589/4589 4590/4590
f 4600/4600 4601/4601 4602/4602
f 4606/4606 4607/4607 4608/4608
f 4615/4615 4616/4616 4617/4617
f 4624/4624 4625/4625 4626/4626
f 4630/4630 4631/4631 4632/4632
f 4636/4636 4637/4637 4638/4638
f 4642/4642 4643/4643 4644/4644
f 4645/4645 4646/4646 4647/4647
f 4654/4654 4655/4655 4656/4656
f 4663/4663 4664/4664 4665/4665
f 4672/4672 4673/4673 4674/4674
f 4675/4675 4676/4676 4677/4677
f 4687/4687 4688/4688 4689/4689
f 4693/4693 4694/4694 4695/4695
f 4702/4702 4703/4703 4704/4704
f 4708/4708 4709/4709 4710/4710
f 4714/4714 4715/4715 4716/4716
f 4717/4717 4718/4718 4719/4719
f 4729/4729 4730/4730 4731/4731
f 4735/4735 4736/4736 4737/4737
f 4738/4738 4739/4739 4740/4740
f 4750/4750 4751/4751 4752/4752
f 4756/4756 4757/4757 4758/4758
f 4762/4762 4763/4763 4764/4764
f 4765/4765 4766/4766 4767/4767
f 4777/4777 4778/4778 4779/4779
f 4780/4780 4781/4781 4782/4782
f 4783/4783 4784/4784 4785/4785
f 4798/4798 4799/4799 4800/4800
f 4801/4801 4802/4802 4803/4803
f 4807/4807 4808/4808 4809/4809
f 4822/4822 4823/4823 4824/4824
f 4825/4825 4826/4826 4827/4827
f 4837/4837 4838/4838 4839/4839
f 4846/4846 4847/4847 4848/4848
f 4849/4849 4850/4850 4851/4851
f 4858/4858 4859/4859 4860/4860
f 4864/4864 4865/4865 4866/4866
f 4882/4882 4883/4883 4884/4884
f 4888/4888 4889/4889 4890/4890
f 4894/4894 4895/4895 4896/4896
f 4900/4900 4901/4901 4902/4902
f 4906/4906 4907/4907 4908/4908
f 4915/4915 4916/4916 4917/4917
f 4918/4918 4919/4919 4920/4920
f 4930/4930 4931/4931 4932/4932
f 4936/4936 4937/4937 4938/4938
f 4942/4942 4943/4943 4944/4944
f 4957/4957 4958/4958 4959/4959
f 4960/4960 4961/4961 4962/4962
f 4969/4969 4970/4970 4971/4971
f 4978/4978 4979/4979 4980/4980
f 4984/4984 4985/4985 4986/4986
f 4987/4987 4988/4988 4989/4989
f 4993/4993 4994/4994 4995/4995
f 5005/5005 5006/5006 5007/5007
f 5011/5011 5012/5012 5013/5013
f 5017/5017 5018/5018 5019/5019
f 5029/5029 5030/5030 5031/5031
f 5032/5032 5033/5033 5034/5034
f 5050/5050 5051/5051 5052/5052
f 5053/5053 5054/5054 5055/5055
f 5068/5068 5069/5069 5070/5070
f 5080/5080 5081/5081 5082/5082
f 5089/5089 5090/5090 5091/5091
f 5092/5092 5093/5093 5094/5094
f 5095/5095 5096/5096 5097/5097
f 5110/5110 5111/5111 5112/5112
f 5113/5113 5114/5114 5115/5115
f 5122/5122 5123/5123 5124/5124
f 5125/5125 5126/5126 5127/5127
f 5137/5137 5138/5138 5139/5139
f 5140/5140 5141/5141 5142/5142
f 5149/5149 5150/5150 5151/5151
f 5152/5152 5153/5153 5154/5154
f 5164/5164 5165/5165 5166/5166
f 5170/5170 5171/5171 5172/5172
f 5176/5176 5177/5177 5178/5178
f 5182/5182 5183/5183 5184/5184
f 5188/5188 5189/5189 5190/5190
f 5197/5197 5198/5198 5199/5199
f 5200/5200 5201/5201 5202/5202
f 5212/5212 5213/5213 5214/5214
f 5221/5221 5222/5222 5223/5223
f 5224/5224 5225/5225 5226/5226
f 5236/5236 5237/5237 5238/5238
f 5242/5242 5243/5243 5244/5244
f 5248/5248 5249/5249 5250/5250
f 5254/5254 5255/5255 5256/5256
f 5260/5260 5261/5261 5262/5262
f 5266/5266 5267/5267 5268/5268
f 5272/5272 5273/5273 5274/5274
f 5278/5278 5279/5279 5280/5280
f 5290/5290 5291/5291 5292/5292
f 5296/5296 5297/5297 5298/5298
f 5305/5305 5306/5306 5307/5307
f 5314/5314 5315/5315 5316/5316
f 5320/5320 5321/5321 5322/5322
f 5335/5335 5336/5336 5337/5337
f 5338/5338 5339/5339 5340/5340
f 5353/5353 5354/5354 5355/5355
f 5362/5362 5363/5363 5364/5364
f 5368/5368 5369/5369 5370/5370
f 5374/5374 5375/5375 5376/5376
f 5389/5389 5390/5390 5391/5391
f 5407/5407 5408/5408 5409/5409
f 5416/5416 5417/5417 5418/5418
f 5425/5425 5426/5426 5427/5427
f 5440/5440 5441/5441 5442/5442
f 5443/5443 5444/5444 5445/5445
f 5458/5458 5459/5459 5460/5460
f 5461/5461 5462/5462 5463/5463
f 5473/5473 5474/5474 5475/5475
f 5476/5476 5477/5477 5478/5478
f 5479/5479 5480/5480 5481/5481
f 5494/5494 5495/5495 5496/5496
f 5500/5500 5501/5501 5502/5502
f 5506/5506 5507/5507 5508/5508
f 5512/5512 5513/5513 5514/5514
f 5521/5521 5522/5522 5523/5523
f 5524/5524 5525/5525 5526/5526
f 5530/5530 5531/5531 5532/5532
f 5539/5539 5540/5540 5541/5541
f 5545/5545 5546/5546 5547/5547
f 5548/5548 5549/5549 5550/5550
f 5554/5554 5555/5555 5556/5556
f 5560/5560 5561/5561 5562/5562
f 5572/5572 5573/5573 5574/5574
f 5578/5578 5579/5579 5580/5580
f 5584/5584 5585/5585 5586/5586
f 5599/5599 5600/5600 5601/5601
f 5605/5605 5606/5606 5607/5607
f 5608/5608 5609/5609 5610/5610
f 5617/5617 5618/5618 5619/5619
f 5626/5626 5627/5627 5628/5628
f 5632/5632 5633/5633 5634/5634
f 5635/5635 5636/5636 5637/5637
f 5638/5638 5639/5639 5640/5640
f 5647/5647 5648/5648 5649/5649
f 5653/5653 5654/5654 5655/5655
f 5659/5659 5660/5660 5661/5661
f 5665/5665 5666/5666 5667/5667
f 5668/5668 5669/5669 5670/5670
f 5689/5689 5690/5690 5691/5691
f 5695/5695 5696/5696 5697/5697
f 5701/5701 5702/5702 5703/5703
f 5710/5710 5711/5711 5712/5712
f 5716/5716 5717/5717 5718/5718
f 5725/5725 5726/5726 5727/5727
f 5731/5731 5732/5732 5733/5733
f 5746/5746 5747/5747 5748/5748
f 5755/5755 5756/5756 5757/5757
f 5758/5758 5759/5759 5760/5760
f 5770/5770 5771/5771 5772/5772
f 5773/5773 5774/5774 5775/5775
f 5785/5785 5786/5786 5787/5787
f 5788/5788 5789/5789 5790/5790
f 5791/5791 5792/5792 5793/5793
f 5803/5803 5804/5804 5805/5805
f 5809/5809 5810/5810 5811/5811
f 5824/5824 5825/5825 5826/5826
f 5839/5839 5840/5840 5841/5841
f 5842/5842 5843/5843 5844/5844
f 5845/5845 5846/5846 5847/5847
f 5860/5860 5861/5861 5862/5862
f 5863/5863 5864/5864 5865/5865
f 5872/5872 5873/5873 5874/5874
f 5878/5878 5879/5879 5880/5880
f 5881/5881 5882/5882 5883/5883
f 5890/5890 5891/5891 5892/5892
f 5899/5899 5900/5900 5901/5901
f 5905/5905 5906/5906 5907/5907
f 5908/5908 5909/5909 5910/5910
f 5920/5920 5921/5921 5922/5922
f 5926/5926 5927/5927 5928/5928
f 5932/5932 5933/5933 5934/5934
f 5953/5953 5954/5954 5955/5955
f 5959/5959 5960/5960 5961/5961
f 5965/5965 5966/5966 5967/5967
f 5974/5974 5975/5975 5976/5976
f 5977/5977 5978/5978 5979/5979
f 5983/5983 5984/5984 5985/5985
f 5989/5989 5990/5990 5991/5991
f 5998/5998 5999/5999 6000/6000
f 6004/6004 6005/6005 6006/6006
f 6010/6010 6011/6011 6012/6012
f 6016/6016 6017/6017 6018/6018
f 6022/6022 6023/6023 6024/6024
f 6028/6028 6029/6029 6030/6030
f 6040/6040 6041/6041 6042/6042
f 6046/6046 6047/6047 6048/6048
f 6052/6052 6053/6053 6054/6054
f 6058/6058 6059/6059 6060/6060
f 6064/6064 6065/6065 6066/6066
f 6067/6067 6068/6068 6069/6069
f 6076/6076 6077/6077 6078/6078
f 6085/6085 6086/6086 6087/6087
f 6088/6088 6089/6089 6090/6090
f 6094/6094 6095/6095 6096/6096
f 6106/6106 6107/6107 6108/6108
f 6109/6109 6110/6110 6111/6111
f 6121/6121 6122/6122 6123/6123
f 6127/6127 6128/6128 6129/6129
f 6133/6133 6134/6134 6135/6135
f 6139/6139 6140/6140 6141/6141
f 6148/6148 6149/6149 6150/6150
f 6160/6160 6161/6161 6162/6162
f 6166/6166 6167/6167 6168/6168
f 6169/6169 6170/6170 6171/6171
f 6178/6178 6179/6179 6180/6180
f 6190/6190 6191/6191 6192/6192
f 6196/6196 6197/6197 6198/6198
f 6208/6208 6209/6209 6210/6210
f 6214/6214 6215/6215 6216/6216
f 6220/6220 6221/6221 6222/6222
f 6229/6229 6230/6230 6231/6231
f 6232/6232 6233/6233 6234/6234
f 6241/6241 6242/6242 6243/6243
f 6259/6259 6260/6260 6261/6261
f 6262/6262 6263/6263 6264/6264
f 6271/6271 6272/6272 6273/6273
f 6280/6280 6281/6281 6282/6282
f 6283/6283 6284/6284 6285/6285
f 6292/6292 6293/6293 6294/6294
f 6304/6304 6305/6305 6306/6306
f 6313/6313 6314/6314 6315/6315
f 6322/6322 6323/6323 6324/6324
f 6325/6325 6326/6326 6327/6327
f 6331/6331 6332/6332 6333/6333
f 6340/6340 6341/6341 6342/6342
f 6346/6346 6347/6347 6348/6348
f 6349/6349 6350/6350 6351/6351
f 6358/6358 6359/6359 6360/6360
f 6367/6367 6368/6368 6369/6369
f 6382/6382 6383/6383 6384/6384
f 6385/6385 6386/6386 6387/6387
f 6397/6397 6398/6398 6399/6399
f 6403/6403 6404/6404 6405/6405
f 6412/6412 6413/6413 6414/6414
f 6424/6424 6425/6425 6426/6426
f 6433/6433 6434/6434 6435/6435
f 6454/6454 6455/6455 6456/6456
f 6457/6457 6458/6458 6459/6459
f 6469/6469 6470/6470 6471/6471
f 6484/6484 6485/6485 6486/6486
f 6487/6487 6488/6488 6489/6489
f 6493/6493 6494/6494 6495/6495
f 6499/6499 6500/6500 6501/6501
f 6511/6511 6512/6512 6513/6513
f 6514/6514 6515/6515 6516/6516
f 6529/6529 6530/6530 6531/6531
f 6532/6532 6533/6533 6534/6534
f 6538/6538 6539/6539 6540/6540
f 6544/6544 6545/6545 6546/6546
f 6556/6556 6557/6557 6558/6558
f 6559/6559 6560/6560 6561/6561
f 6568/6568 6569/6569 6570/6570
f 6574/6574 6575/6575 6576/6576
f 6580/6580 6581/6581 6582/6582
f 6595/6595 6596/6596 6597/6597
f 6601/6601 6602/6602 6603/6603
f 6607/6607 6608/6608 6609/6609
f 6619/6619 6620/6620 6621/6621
f 6622/6622 6623/6623 6624/6624
f 6637/6637 6638/6638 6639/6639
f 6643/6643 6644/6644 6645/6645
f 6649/6649 6650/6650 6651/6651
f 6655/6655 6656/6656 6657/6657
f 6658/6658 6659/6659 6660/6660
f 6670/6670 6671/6671 6672/6672
f 6673/6673 6674/6674 6675/6675
f 6688/6688 6689/6689 6690/6690
f 6694/6694 6695/6695 6696/6696
f 6709/6709 6710/6710 6711/6711
f 6715/6715 6716/6716 6717/6717
f 6727/6727 6728/6728 6729/6729
f 6736/6736 6737/6737 6738/6738
f 6739/6739 6740/6740 6741/6741
f 6748/6748 6749/6749 6750/6750
f 6754/6754 6755/6755 6756/6756
f 6766/6766 6767/6767 6768/6768
f 6775/6775 6776/6776 6777/6777
f 6781/6781 6782/6782 6783/6783
f 6796/6796 6797/6797 6798/6798
f 6811/6811 6812/6812 6813/6813
f 6814/6814 6815/6815 6816/6816
f 6823/6823 6824/6824 6825/6825
f 6832/6832 6833/6833 6834/6834
f 6841/6841 6842/6842 6843/6843
f 6847/6847 6848/6848 6849/6849
f 6859/6859 6860/6860 6861/6861
f 6865/6865 6866/6866 6867/6867
f 6877/6877 6878/6878 6879/6879
f 6883/6883 6884/6884 6885/6885
f 6886/6886 6887/6887 6888/6888
f 6898/6898 6899/6899 6900/6900
f 6907/6907 6908/6908 6909/6909
f 6910/6910 6911/6911 6912/6912
f 6922/6922 6923/6923 6924/6924
f 6934/6934 6935/6935 6936/6936
f 6937/6937 6938/6938 6939/6939
f 6946/6946 6947/6947 6948/6948
f 6958/6958 6959/6959 6960/6960
f 6961/6961 6962/6962 6963/6963
f 6970/6970 6971/6971 6972/6972
f 6973/6973 6974/6974 6975/6975
f 6988/6988 6989/6989 6990/6990
f 6991/6991 6992/6992 6993/6993
f 7000/7000 7001/7001 7002/7002
f 7012/7012 7013/7013 7014/7014
f 7024/7024 7025/7025 7026/7026
f 7027/7027 7028/7028 7029/7029
f 7036/7036 7037/7037 7038/7038
s 2
f 280/280 281/281 282/282
f 292/292 293/293 294/294
f 316/316 317/317 318/318
f 340/340 341/341 342/342
f 349/349 350/350 351/351
f 358/358 359/359 360/360
f 367/367 368/368 369/369
f 373/373 374/374 375/375
f 379/379 380/380 381/381
f 406/406 407/407 408/408
f 433/433 434/434 435/435
f 448/448 449/449 450/450
f 508/508 509/509 510/510
f 520/520 521/521 522/522
f 523/523 524/524 525/525
f 529/529 530/530 531/531
f 541/541 542/542 543/543
f 556/556 557/557 558/558
f 568/568 569/569 570/570
f 580/580 581/581 582/582
f 592/592 593/593 594/594
f 619/619 620/620 621/621
f 628/628 629/629 630/630
f 631/631 632/632 633/633
f 640/640 641/641 642/642
f 652/652 653/653 654/654
f 661/661 662/662 663/663
f 676/676 677/677 678/678
f 952/952 953/953 954/954
f 955/955 956/956 957/957
f 964/964 965/965 966/966
f 967/967 968/968 969/969
f 976/976 977/977 978/978
f 1036/1036 1037/1037 1038/1038
f 1048/1048 1049/1049 1050/1050
f 1051/1051 1052/1052 1053/1053
f 1057/1057 1058/1058 1059/1059
f 1063/1063 1064/1064 1065/1065
f 1072/1072 1073/1073 1074/1074
f 1099/1099 1100/1100 1101/1101
f 1108/1108 1109/1109 1110/1110
f 1111/1111 1112/1112 1113/1113
f 1120/1120 1121/1121 1122/1122
f 1168/1168 1169/1169 1170/1170
f 1183/1183 1184/1184 1185/1185
f 1504/1504 1505/1505 1506/1506
f 1510/1510 1511/1511 1512/1512
f 1531/1531 1532/1532 1533/1533
f 1564/1564 1565/1565 1566/1566
f 1576/1576 1577/1577 1578/1578
f 1588/1588 1589/1589 1590/1590
f 1594/1594 1595/1595 1596/1596
f 1600/1600 1601/1601 1602/1602
f 1606/1606 1607/1607 1608/1608
f 1612/1612 1613/1613 1614/1614
f 1618/1618 1619/1619 1620/1620
f 1624/1624 1625/1625 1626/1626
f 1639/1639 1640/1640 1641/1641
f 1651/1651 1652/1652 1653/1653
f 1657/1657 1658/1658 1659/1659
f 1663/1663 1664/1664 1665/1665
f 1669/1669 1670/1670 1671/1671
f 1696/1696 1697/1697 1698/1698
f 1708/1708 1709/1709 1710/1710
f 1714/1714 1715/1715 1716/1716
f 1720/1720 1721/1721 1722/1722
f 1756/1756 1757/1757 1758/1758
f 1762/1762 1763/1763 1764/1764
f 1768/1768 1769/1769 1770/1770
f 1774/1774 1775/1775 1776/1776
f 1795/1795 1796/1796 1797/1797
f 1801/1801 1802/1802 1803/1803
f 1807/1807 1808/1808 1809/1809
f 1813/1813 1814/1814 1815/1815
f 1822/1822 1823/1823 1824/1824
f 1828/1828 1829/1829 1830/1830
f 1834/1834 1835/1835 1836/1836
f 1840/1840 1841/1841 1842/1842
f 1846/1846 1847/1847 1848/1848
f 1852/1852 1853/1853 1854/1854
f 1858/1858 1859/1859 1860/1860
f 1864/1864 1865/1865 1866/1866
f 1870/1870 1871/1871 1872/1872
f 1879/1879 1880/1880 1881/1881
f 1885/1885 1886/1886 1887/1887
f 1891/1891 1892/1892 1893/1893
f 1897/1897 1898/1898 1899/1899
f 1903/1903 1904/1904 1905/1905
f 1909/1909 1910/1910 1911/1911
f 1918/1918 1919/1919 1920/1920
f 1945/1945 1946/1946 1947/1947
f 1960/1960 1961/1961 1962/1962
f 1969/1969 1970/1970 1971/1971
f 1981/1981 1982/1982 1983/1983
f 1999/1999 2000/2000 2001/2001
f 2011/2011 2012/2012 2013/2013
f 2080/2080 2081/2081 2082/2082
f 2152/2152 2153/2153 2154/2154
f 2176/2176 2177/2177 2178/2178
f 2221/2221 2222/2222 2223/2223
f 2239/2239 2240/2240 2241/2241
f 2257/2257 2258/2258 2259/2259
f 2284/2284 2285/2285 2286/2286
f 2302/2302 2303/2303 2304/2304
f 2308/2308 2309/2309 2310/2310
f 2335/2335 2336/2336 2337/2337
f 2341/2341 2342/2342 2343/2343
f 2368/2368 2369/2369 2370/2370
f 2383/2383 2384/2384 2385/2385
f 2392/2392 2393/2393 2394/2394
f 2434/2434 2435/2435 2436/2436
f 2440/2440 2441/2441 2442/2442
f 2461/2461 2462/2462 2463/2463
f 2473/2473 2474/2474 2475/2475
f 2497/2497 2498/2498 2499/2499
f 2503/2503 2504/2504 2505/2505
f 2515/2515 2516/2516 2517/2517
f 2530/2530 2531/2531 2532/2532
f 2575/2575 2576/2576 2577/2577
f 2581/2581 2582/2582 2583/2583
f 2587/2587 2588/2588 2589/2589
f 2596/2596 2597/2597 2598/2598
f 2614/2614 2615/2615 2616/2616
f 2644/2644 2645/2645 2646/2646
f 2674/2674 2675/2675 2676/2676
f 2752/2752 2753/2753 2754/2754
f 2821/2821 2822/2822 2823/2823
f 2830/2830 2831/2831 2832/2832
f 2842/2842 2843/2843 2844/2844
f 2848/2848 2849/2849 2850/2850
f 2854/2854 2855/2855 2856/2856
f 2866/2866 2867/2867 2868/2868
f 2878/2878 2879/2879 2880/2880
f 2890/2890 2891/2891 2892/2892
f 2902/2902 2903/2903 2904/2904
f 2908/2908 2909/2909 2910/2910
f 2956/2956 2957/2957 2958/2958
f 2971/2971 2972/2972 2973/2973
f 3001/3001 3002/3002 3003/3003
f 3019/3019 3020/3020 3021/3021
f 3025/3025 3026/3026 3027/3027
f 3031/3031 3032/3032 3033/3033
f 3055/3055 3056/3056 3057/3057
f 3061/3061 3062/3062 3063/3063
f 3094/3094 3095/3095 3096/3096
f 3103/3103 3104/3104 3105/3105
f 3118/3118 3119/3119 3120/3120
f 3133/3133 3134/3134 3135/3135
f 3154/3154 3155/3155 3156/3156
f 3163/3163 3164/3164 3165/3165
f 3175/3175 3176/3176 3177/3177
f 3190/3190 3191/3191 3192/3192
f 3208/3208 3209/3209 3210/3210
f 3226/3226 3227/3227 3228/3228
f 3244/3244 3245/3245 3246/3246
f 3250/3250 3251/3251 3252/3252
f 3304/3304 3305/3305 3306/3306
f 3310/3310 3311/3311 3312/3312
f 3352/3352 3353/3353 3354/3354
f 3367/3367 3368/3368 3369/3369
f 3385/3385 3386/3386 3387/3387
f 3403/3403 3404/3404 3405/3405
f 3451/3451 3452/3452 3453/3453
f 3493/3493 3494/3494 3495/3495
f 3523/3523 3524/3524 3525/3525
f 3529/3529 3530/3530 3531/3531
f 3541/3541 3542/3542 3543/3543
f 3553/3553 3554/3554 3555/3555
f 3565/3565 3566/3566 3567/3567
f 3658/3658 3659/3659 3660/3660
f 3667/3667 3668/3668 3669/3669
f 3718/3718 3719/3719 3720/3720
f 3727/3727 3728/3728 3729/3729
f 3766/3766 3767/3767 3768/3768
f 3778/3778 3779/3779 3780/3780
f 3784/3784 3785/3785 3786/3786
f 3826/3826 3827/3827 3828/3828
f 3829/3829 3830/3830 3831/3831
f 3832/3832 3833/3833 3834/3834
f 3847/3847 3848/3848 3849/3849
f 3859/3859 3860/3860 3861/3861
f 3871/3871 3872/3872 3873/3873
f 3892/3892 3893/3893 3894/3894
f 3898/3898 3899/3899 3900/3900
f 3904/3904 3905/3905 3906/3906
f 3928/3928 3929/3929 3930/3930
f 3943/3943 3944/3944 3945/3945
f 3952/3952 3953/3953 3954/3954
f 3961/3961 3962/3962 3963/3963
f 4006/4006 4007/4007 4008/4008
f 4093/4093 4094/4094 4095/4095
f 4111/4111 4112/4112 4113/4113
f 4117/4117 4118/4118 4119/4119
f 4123/4123 4124/4124 4125/4125
f 4144/4144 4145/4145 4146/4146
f 4150/4150 4151/4151 4152/4152
f 4162/4162 4163/4163 4164/4164
f 4168/4168 4169/4169 4170/4170
f 4213/4213 4214/4214 4215/4215
f 4222/4222 4223/4223 4224/4224
f 4237/4237 4238/4238 4239/4239
f 4246/4246 4247/4247 4248/4248
f 4252/4252 4253/4253 4254/4254
f 4267/4267 4268/4268 4269/4269
f 4279/4279 4280/4280 4281/4281
f 4285/4285 4286/4286 4287/4287
f 4309/4309 4310/4310 4311/4311
f 4321/4321 4322/4322 4323/4323
f 4330/4330 4331/4331 4332/4332
f 4339/4339 4340/4340 4341/4341
f 4342/4342 4343/4343 4344/4344
f 4378/4378 4379/4379 4380/4380
f 4387/4387 4388/4388 4389/4389
f 4393/4393 4394/4394 4395/4395
f 4408/4408 4409/4409 4410/4410
f 4411/4411 4412/4412 4413/4413
f 4435/4435 4436/4436 4437/4437
f 4453/4453 4454/4454 4455/4455
f 4492/4492 4493/4493 4494/4494
f 4498/4498 4499/4499 4500/4500
f 4516/4516 4517/4517 4518/4518
f 4546/4546 4547/4547 4548/4548
f 4564/4564 4565/4565 4566/4566
f 4597/4597 4598/4598 4599/4599
f 4612/4612 4613/4613 4614/4614
f 4618/4618 4619/4619 4620/4620
f 4648/4648 4649/4649 4650/4650
f 4660/4660 4661/4661 4662/4662
f 4678/4678 4679/4679 4680/4680
f 4681/4681 4682/4682 4683/4683
f 4699/4699 4700/4700 4701/4701
f 4723/4723 4724/4724 4725/4725
f 4744/4744 4745/4745 4746/4746
f 4771/4771 4772/4772 4773/4773
f 4792/4792 4793/4793 4794/4794
f 4816/4816 4817/4817 4818/4818
f 4834/4834 4835/4835 4836/4836
f 4852/4852 4853/4853 4854/4854
f 4870/4870 4871/4871 4872/4872
f 4876/4876 4877/4877 4878/4878
f 4927/4927 4928/4928 4929/4929
f 4951/4951 4952/4952 4953/4953
f 5002/5002 5003/5003 5004/5004
f 5020/5020 5021/5021 5022/5022
f 5038/5038 5039/5039 5040/5040
f 5044/5044 5045/5045 5046/5046
f 5056/5056 5057/5057 5058/5058
f 5065/5065 5066/5066 5067/5067
f 5071/5071 5072/5072 5073/5073
f 5074/5074 5075/5075 5076/5076
f 5083/5083 5084/5084 5085/5085
f 5104/5104 5105/5105 5106/5106
f 5116/5116 5117/5117 5118/5118
f 5134/5134 5135/5135 5136/5136
f 5161/5161 5162/5162 5163/5163
f 5203/5203 5204/5204 5205/5205
f 5233/5233 5234/5234 5235/5235
f 5275/5275 5276/5276 5277/5277
f 5293/5293 5294/5294 5295/5295
f 5302/5302 5303/5303 5304/5304
f 5323/5323 5324/5324 5325/5325
f 5329/5329 5330/5330 5331/5331
f 5341/5341 5342/5342 5343/5343
f 5350/5350 5351/5351 5352/5352
f 5365/5365 5366/5366 5367/5367
f 5377/5377 5378/5378 5379/5379
f 5386/5386 5387/5387 5388/5388
f 5392/5392 5393/5393 5394/5394
f 5398/5398 5399/5399 5400/5400
f 5404/5404 5405/5405 5406/5406
f 5419/5419 5420/5420 5421/5421
f 5422/5422 5423/5423 5424/5424
f 5428/5428 5429/5429 5430/5430
f 5434/5434 5435/5435 5436/5436
f 5446/5446 5447/5447 5448/5448
f 5452/5452 5453/5453 5454/5454
f 5482/5482 5483/5483 5484/5484
f 5488/5488 5489/5489 5490/5490
f 5527/5527 5528/5528 5529/5529
f 5557/5557 5558/5558 5559/5559
f 5569/5569 5570/5570 5571/5571
f 5587/5587 5588/5588 5589/5589
f 5593/5593 5594/5594 5595/5595
f 5641/5641 5642/5642 5643/5643
f 5671/5671 5672/5672 5673/5673
f 5674/5674 5675/5675 5676/5676
f 5683/5683 5684/5684 5685/5685
f 5698/5698 5699/5699 5700/5700
f 5722/5722 5723/5723 5724/5724
f 5728/5728 5729/5729 5730/5730
f 5740/5740 5741/5741 5742/5742
f 5749/5749 5750/5750 5751/5751
f 5764/5764 5765/5765 5766/5766
f 5776/5776 5777/5777 5778/5778
f 5806/5806 5807/5807 5808/5808
f 5821/5821 5822/5822 5823/5823
f 5827/5827 5828/5828 5829/5829
f 5830/5830 5831/5831 5832/5832
f 5851/5851 5852/5852 5853/5853
f 5857/5857 5858/5858 5859/5859
f 5866/5866 5867/5867 5868/5868
f 5911/5911 5912/5912 5913/5913
f 5935/5935 5936/5936 5937/5937
f 5941/5941 5942/5942 5943/5943
f 5947/5947 5948/5948 5949/5949
f 5971/5971 5972/5972 5973/5973
f 5992/5992 5993/5993 5994/5994
f 6034/6034 6035/6035 6036/6036
f 6070/6070 6071/6071 6072/6072
f 6091/6091 6092/6092 6093/6093
f 6103/6103 6104/6104 6105/6105
f 6118/6118 6119/6119 6120/6120
f 6124/6124 6125/6125 6126/6126
f 6145/6145 6146/6146 6147/6147
f 6151/6151 6152/6152 6153/6153
f 6181/6181 6182/6182 6183/6183
f 6187/6187 6188/6188 6189/6189
f 6205/6205 6206/6206 6207/6207
f 6238/6238 6239/6239 6240/6240
f 6247/6247 6248/6248 6249/6249
f 6253/6253 6254/6254 6255/6255
f 6265/6265 6266/6266 6267/6267
f 6286/6286 6287/6287 6288/6288
f 6289/6289 6290/6290 6291/6291
f 6301/6301 6302/6302 6303/6303
f 6334/6334 6335/6335 6336/6336
f 6355/6355 6356/6356 6357/6357
f 6370/6370 6371/6371 6372/6372
f 6376/6376 6377/6377 6378/6378
f 6394/6394 6395/6395 6396/6396
f 6415/6415 6416/6416 6417/6417
f 6418/6418 6419/6419 6420/6420
f 6436/6436 6437/6437 6438/6438
f 6439/6439 6440/6440 6441/6441
f 6442/6442 6443/6443 6444/6444
f 6448/6448 6449/6449 6450/6450
f 6463/6463 6464/6464 6465/6465
f 6472/6472 6473/6473 6474/6474
f 6490/6490 6491/6491 6492/6492
f 6496/6496 6497/6497 6498/6498
f 6505/6505 6506/6506 6507/6507
f 6523/6523 6524/6524 6525/6525
f 6547/6547 6548/6548 6549/6549
f 6562/6562 6563/6563 6564/6564
f 6583/6583 6584/6584 6585/6585
f 6589/6589 6590/6590 6591/6591
f 6610/6610 6611/6611 6612/6612
f 6625/6625 6626/6626 6627/6627
f 6631/6631 6632/6632 6633/6633
f 6661/6661 6662/6662 6663/6663
f 6676/6676 6677/6677 6678/6678
f 6685/6685 6686/6686 6687/6687
f 6691/6691 6692/6692 6693/6693
f 6697/6697 6698/6698 6699/6699
f 6703/6703 6704/6704 6705/6705
f 6718/6718 6719/6719 6720/6720
f 6724/6724 6725/6725 6726/6726
f 6757/6757 6758/6758 6759/6759
f 6763/6763 6764/6764 6765/6765
f 6778/6778 6779/6779 6780/6780
f 6784/6784 6785/6785 6786/6786
f 6793/6793 6794/6794 6795/6795
f 6799/6799 6800/6800 6801/6801
f 6802/6802 6803/6803 6804/6804
f 6820/6820 6821/6821 6822/6822
f 6826/6826 6827/6827 6828/6828
f 6838/6838 6839/6839 6840/6840
f 6856/6856 6857/6857 6858/6858
f 6862/6862 6863/6863 6864/6864
f 6868/6868 6869/6869 6870/6870
f 6874/6874 6875/6875 6876/6876
f 6889/6889 6890/6890 6891/6891
f 6901/6901 6902/6902 6903/6903
f 6913/6913 6914/6914 6915/6915
f 6916/6916 6917/6917 6918/6918
f 6925/6925 6926/6926 6927/6927
f 6928/6928 6929/6929 6930/6930
f 6940/6940 6941/6941 6942/6942
f 6949/6949 6950/6950 6951/6951
f 6952/6952 6953/6953 6954/6954
f 6967/6967 6968/6968 6969/6969
f 6979/6979 6980/6980 6981/6981
f 6982/6982 6983/6983 6984/6984
f 6994/6994 6995/6995 6996/6996
f 7003/7003 7004/7004 7005/7005
f 7015/7015 7016/7016 7017/7017
f 7018/7018 7019/7019 7020/7020
s 3
f 544/544 545/545 546/546
f 1060/1060 1061/1061 1062/1062
f 1180/1180 1181/1181 1182/1182
f 1972/1972 1973/1973 1974/1974
f 1984/1984 1985/1985 1986/1986

g
