mtllib HeliTail.mtl
o StaticMesh1
usemtl MI_West_Heli_AH64D_Main
v -917.6471557617188 76.99202728271484 371.7347106933594 1 1 1
v -916.476806640625 81.09252166748047 371.7578430175781 1 1 1
v -916.476806640625 76.9919662475586 371.7578430175781 1 1 1
v -916.476806640625 81.09252166748047 371.7578430175781 1 1 1
v -917.6471557617188 76.99202728271484 371.7347106933594 1 1 1
v -917.647216796875 81.09246063232422 371.7347106933594 1 1 1
v -902.5640869140625 81.09241485595703 416.3958435058594 1 1 1
v -901.3938598632812 76.9919204711914 416.4190368652344 1 1 1
v -901.3938598632812 81.09234619140625 416.4190368652344 1 1 1
v -901.3938598632812 76.9919204711914 416.4190368652344 1 1 1
v -902.5640869140625 81.09241485595703 416.3958435058594 1 1 1
v -902.564208984375 76.9918441772461 416.3958740234375 1 1 1
v -925.4799194335938 94.68828582763672 411.1444091796875 1 1 1
v -925.4799194335938 90.58768463134766 411.1444091796875 1 1 1
v -924.921630859375 94.68819427490234 412.17327880859375 1 1 1
v -924.921630859375 90.58777618408203 412.17327880859375 1 1 1
v -924.921630859375 94.68819427490234 412.17327880859375 1 1 1
v -925.4799194335938 90.58768463134766 411.1444091796875 1 1 1
v -892.5467529296875 87.02349090576172 382.451904296875 1 1 1
v -894.175048828125 87.02349090576172 386.49627685546875 1 1 1
v -895.5161743164062 87.02349090576172 384.14556884765625 1 1 1
v -894.175048828125 87.02349090576172 386.49627685546875 1 1 1
v -892.5467529296875 87.02349090576172 382.451904296875 1 1 1
v -891.20556640625 87.02349090576172 384.8025817871094 1 1 1
v -893.5514526367188 90.5877914428711 376.98779296875 1 1 1
v -894.1096801757812 94.68830871582031 375.95892333984375 1 1 1
v -893.5514526367188 94.68840026855469 376.98779296875 1 1 1
v -894.1096801757812 94.68830871582031 375.95892333984375 1 1 1
v -893.5514526367188 90.5877914428711 376.98779296875 1 1 1
v -894.1096801757812 90.58788299560547 375.95892333984375 1 1 1
v -908.5191040039062 73.4276123046875 376.99932861328125 1 1 1
v -911.2301635742188 73.42760467529297 373.58489990234375 1 1 1
v -908.5238037109375 73.42761993408203 373.580810546875 1 1 1
v -911.2301635742188 73.42760467529297 373.58489990234375 1 1 1
v -908.5191040039062 73.4276123046875 376.99932861328125 1 1 1
v -911.2255249023438 73.42760467529297 377.00341796875 1 1 1
v -924.9033813476562 87.02342987060547 401.6626281738281 1 1 1
v -926.5316162109375 87.02342987060547 405.7070007324219 1 1 1
v -927.872802734375 87.02342987060547 403.3563232421875 1 1 1
v -926.5316162109375 87.02342987060547 405.7070007324219 1 1 1
v -924.9033813476562 87.02342987060547 401.6626281738281 1 1 1
v -923.5621948242188 87.02342987060547 404.0133361816406 1 1 1
v -907.8108520507812 73.42754364013672 414.6227111816406 1 1 1
v -910.52197265625 73.42755126953125 411.2082824707031 1 1 1
v -907.8155517578125 73.42754364013672 411.2041931152344 1 1 1
v -910.52197265625 73.42755126953125 411.2082824707031 1 1 1
v -907.8108520507812 73.42754364013672 414.6227111816406 1 1 1
v -910.5172729492188 73.42755889892578 414.62677001953125 1 1 1
v -909.0458984375 37 386.2087097167969 1 1 1
v -909.0458984375 37.02356719970703 386.2087097167969 1 1 1
v -903.651123046875 37.023563385009766 388.71240234375 1 1 1
v -909.3812255859375 73.84363555908203 375.9673767089844 1 1 1
v -909.4409790039062 49.11422348022461 376.1375427246094 1 1 1
v -909.05126953125 49.11422348022461 375.4473876953125 1 1 1
v -909.3812255859375 73.84363555908203 375.9673767089844 1 1 1
v -909.05126953125 49.11422348022461 375.4473876953125 1 1 1
v -908.9915771484375 73.84363555908203 375.2772216796875 1 1 1
v -908.9915771484375 73.84363555908203 375.2772216796875 1 1 1
v -909.05126953125 49.11422348022461 375.4473876953125 1 1 1
v -909.4542236328125 49.11422348022461 374.764892578125 1 1 1
v -908.9915771484375 73.84363555908203 375.2772216796875 1 1 1
v -909.4542236328125 49.11422348022461 374.764892578125 1 1 1
v -909.3944091796875 73.84363555908203 374.59466552734375 1 1 1
v -909.4542236328125 49.11422348022461 374.764892578125 1 1 1
v -910.1869506835938 73.8436279296875 374.602294921875 1 1 1
v -909.3944091796875 73.84363555908203 374.59466552734375 1 1 1
v -910.1869506835938 73.8436279296875 374.602294921875 1 1 1
v -909.4542236328125 49.11422348022461 374.764892578125 1 1 1
v -910.2467041015625 49.11422348022461 374.77252197265625 1 1 1
v -910.2467041015625 49.11422348022461 374.77252197265625 1 1 1
v -910.57666015625 73.8436279296875 375.29248046875 1 1 1
v -910.1869506835938 73.8436279296875 374.602294921875 1 1 1
v -910.57666015625 73.8436279296875 375.29248046875 1 1 1
v -910.2467041015625 49.11422348022461 374.77252197265625 1 1 1
v -910.6363525390625 49.11422348022461 375.4626770019531 1 1 1
v -910.6363525390625 49.11422348022461 375.4626770019531 1 1 1
v -910.1737670898438 73.8436279296875 375.9750061035156 1 1 1
v -910.57666015625 73.8436279296875 375.29248046875 1 1 1
v -910.1737670898438 73.8436279296875 375.9750061035156 1 1 1
v -910.6363525390625 49.11422348022461 375.4626770019531 1 1 1
v -910.2335205078125 49.11422348022461 376.14520263671875 1 1 1
v -909.4409790039062 49.11422348022461 376.1375427246094 1 1 1
v -910.1737670898438 73.8436279296875 375.9750061035156 1 1 1
v -910.2335205078125 49.11422348022461 376.14520263671875 1 1 1
v -910.1737670898438 73.8436279296875 375.9750061035156 1 1 1
v -909.4409790039062 49.11422348022461 376.1375427246094 1 1 1
v -909.3812255859375 73.84363555908203 375.9673767089844 1 1 1
v -901.3938598632812 81.09234619140625 416.4190368652344 1 1 1
v -901.3938598632812 76.9919204711914 416.4190368652344 1 1 1
v -899.8639526367188 76.52332305908203 411.1190185546875 1 1 1
v -901.3938598632812 81.09234619140625 416.4190368652344 1 1 1
v -899.8639526367188 76.52332305908203 411.1190185546875 1 1 1
v -899.8638916015625 81.5609359741211 411.11895751953125 1 1 1
v -896.2774047851562 76.3420639038086 404.8006896972656 1 1 1
v -899.8638916015625 81.5609359741211 411.11895751953125 1 1 1
v -899.8639526367188 76.52332305908203 411.1190185546875 1 1 1
v -899.8638916015625 81.5609359741211 411.11895751953125 1 1 1
v -896.2774047851562 76.3420639038086 404.8006896972656 1 1 1
v -896.27734375 81.74227142333984 404.8006896972656 1 1 1
v -875.6170043945312 79.04219818115234 424.3998718261719 1 1 1
v -880.2531127929688 80.90062713623047 417.3331604003906 1 1 1
v -880.253173828125 77.18366241455078 417.3331604003906 1 1 1
v -887.6634521484375 80.90068054199219 413.12005615234375 1 1 1
v -880.253173828125 77.18366241455078 417.3331604003906 1 1 1
v -880.2531127929688 80.90062713623047 417.3331604003906 1 1 1
v -880.253173828125 77.18366241455078 417.3331604003906 1 1 1
v -887.6634521484375 80.90068054199219 413.12005615234375 1 1 1
v -887.6634521484375 77.18370819091797 413.1200256347656 1 1 1
v -888.7003784179688 81.95806121826172 411.06439208984375 1 1 1
v -887.6634521484375 77.18370819091797 413.1200256347656 1 1 1
v -887.6634521484375 80.90068054199219 413.12005615234375 1 1 1
v -887.6634521484375 77.18370819091797 413.1200256347656 1 1 1
v -888.7003784179688 81.95806121826172 411.06439208984375 1 1 1
v -888.7002563476562 76.12625885009766 411.06439208984375 1 1 1
v -919.1195068359375 92.63805389404297 438.52618408203125 1 1 1
v -915.2676391601562 94.49655151367188 431.00311279296875 1 1 1
v -915.267578125 90.77954864501953 431.00311279296875 1 1 1
v -915.2676391601562 94.49655151367188 431.00311279296875 1 1 1
v -915.2676391601562 94.49655151367188 422.47894287109375 1 1 1
v -915.267578125 90.77954864501953 431.00311279296875 1 1 1
v -915.267578125 90.77954864501953 431.00311279296875 1 1 1
v -915.2676391601562 94.49655151367188 422.47894287109375 1 1 1
v -915.2676391601562 90.77954864501953 422.47894287109375 1 1 1
v -915.2676391601562 94.49655151367188 422.47894287109375 1 1 1
v -913.9931030273438 89.7221450805664 420.5614929199219 1 1 1
v -915.2676391601562 90.77954864501953 422.47894287109375 1 1 1
v -913.9931030273438 95.55396270751953 420.5614929199219 1 1 1
v -913.9931030273438 89.7221450805664 420.5614929199219 1 1 1
v -915.2676391601562 94.49655151367188 422.47894287109375 1 1 1
v -904.3531494140625 89.7221450805664 420.5615234375 1 1 1
v -904.3531494140625 95.55396270751953 420.5615234375 1 1 1
v -903.07861328125 94.4965591430664 422.8271179199219 1 1 1
v -904.3531494140625 89.7221450805664 420.5615234375 1 1 1
v -903.07861328125 94.4965591430664 422.8271179199219 1 1 1
v -903.07861328125 90.77954864501953 422.8271179199219 1 1 1
v -903.07861328125 94.49655151367188 431.00311279296875 1 1 1
v -903.07861328125 90.77954864501953 422.8271179199219 1 1 1
v -903.07861328125 94.4965591430664 422.8271179199219 1 1 1
v -903.07861328125 90.77954864501953 422.8271179199219 1 1 1
v -903.07861328125 94.49655151367188 431.00311279296875 1 1 1
v -903.07861328125 90.77955627441406 431.00311279296875 1 1 1
v -903.07861328125 90.77955627441406 431.00311279296875 1 1 1
v -903.07861328125 94.49655151367188 431.00311279296875 1 1 1
v -890.3985595703125 93.16413879394531 451.4239196777344 1 1 1
v -890.3985595703125 92.11195373535156 451.4239196777344 1 1 1
v -903.07861328125 90.77955627441406 431.00311279296875 1 1 1
v -890.3985595703125 93.16413879394531 451.4239196777344 1 1 1
v -890.3985595703125 93.16413116455078 535.5805053710938 1 1 1
v -890.3985595703125 92.11195373535156 451.4239196777344 1 1 1
v -890.3985595703125 93.16413879394531 451.4239196777344 1 1 1
v -890.3985595703125 92.11194610595703 535.5805053710938 1 1 1
v -890.3985595703125 92.11195373535156 451.4239196777344 1 1 1
v -890.3985595703125 93.16413116455078 535.5805053710938 1 1 1
v -915.0423583984375 68.11729431152344 394.6529846191406 1 1 1
v -915.1112060546875 59.17096710205078 394.53271484375 1 1 1
v -922.0068359375 67.9397201538086 398.4749450683594 1 1 1
v -922.0068359375 67.9397201538086 398.4749450683594 1 1 1
v -919.8157348632812 71.30034637451172 397.2350158691406 1 1 1
v -915.0423583984375 68.11729431152344 394.6529846191406 1 1 1
v -922.0068359375 67.9397201538086 398.4749450683594 1 1 1
v -922.0068359375 87.7618637084961 398.4749450683594 1 1 1
v -919.8157348632812 71.30034637451172 397.2350158691406 1 1 1
v -919.8157348632812 71.30034637451172 397.2350158691406 1 1 1
v -922.0068359375 87.7618637084961 398.4749450683594 1 1 1
v -920.1547241210938 87.7618637084961 397.41839599609375 1 1 1
v -922.0068359375 87.7618637084961 398.4749450683594 1 1 1
v -921.4992065429688 92.66122436523438 395.0643005371094 1 1 1
v -920.1547241210938 87.7618637084961 397.41839599609375 1 1 1
v -921.4992065429688 92.66122436523438 395.0643005371094 1 1 1
v -922.0068359375 87.7618637084961 398.4749450683594 1 1 1
v -923.3511352539062 92.66143035888672 396.1211853027344 1 1 1
v -920.1547241210938 87.7618637084961 397.41839599609375 1 1 1
v -921.4992065429688 92.66122436523438 395.0643005371094 1 1 1
v -918.8924560546875 88.67523956298828 397.3054504394531 1 1 1
v -918.8924560546875 88.67523956298828 397.3054504394531 1 1 1
v -921.4992065429688 92.66122436523438 395.0643005371094 1 1 1
v -919.974853515625 92.6574935913086 395.4112548828125 1 1 1
v -922.0623779296875 97.27583312988281 398.3894958496094 1 1 1
v -921.4992065429688 92.66122436523438 395.0643005371094 1 1 1
v -923.3511352539062 92.66143035888672 396.1211853027344 1 1 1
v -921.4992065429688 92.66122436523438 395.0643005371094 1 1 1
v -918.9339599609375 96.4170150756836 397.2437744140625 1 1 1
v -919.974853515625 92.6574935913086 395.4112548828125 1 1 1
v -921.4992065429688 92.66122436523438 395.0643005371094 1 1 1
v -922.0623779296875 97.27583312988281 398.3894958496094 1 1 1
v -920.2095336914062 97.27582550048828 397.33416748046875 1 1 1
v -921.4992065429688 92.66122436523438 395.0643005371094 1 1 1
v -920.2095336914062 97.27582550048828 397.33416748046875 1 1 1
v -918.9339599609375 96.4170150756836 397.2437744140625 1 1 1
v -919.28955078125 97.30168914794922 403.2403259277344 1 1 1
v -920.2095336914062 97.27582550048828 397.33416748046875 1 1 1
v -922.0623779296875 97.27583312988281 398.3894958496094 1 1 1
v -917.4367065429688 97.30170440673828 402.18499755859375 1 1 1
v -918.9339599609375 96.4170150756836 397.2437744140625 1 1 1
v -920.2095336914062 97.27582550048828 397.33416748046875 1 1 1
v -920.2095336914062 97.27582550048828 397.33416748046875 1 1 1
v -919.28955078125 97.30168914794922 403.2403259277344 1 1 1
v -917.4367065429688 97.30170440673828 402.18499755859375 1 1 1
v -918.9339599609375 96.4170150756836 397.2437744140625 1 1 1
v -917.4367065429688 97.30170440673828 402.18499755859375 1 1 1
v -916.7081909179688 96.4333724975586 401.13720703125 1 1 1
v -917.992919921875 92.6380844116211 405.5195007324219 1 1 1
v -917.4367065429688 97.30170440673828 402.18499755859375 1 1 1
v -919.28955078125 97.30168914794922 403.2403259277344 1 1 1
v -917.4367065429688 97.30170440673828 402.18499755859375 1 1 1
v -915.6636962890625 92.6347427368164 402.9730529785156 1 1 1
v -916.7081909179688 96.4333724975586 401.13720703125 1 1 1
v -917.4367065429688 97.30170440673828 402.18499755859375 1 1 1
v -917.992919921875 92.6380844116211 405.5195007324219 1 1 1
v -916.14111328125 92.63787841796875 404.4623718261719 1 1 1
v -917.4367065429688 97.30170440673828 402.18499755859375 1 1 1
v -916.14111328125 92.63787841796875 404.4623718261719 1 1 1
v -915.6636962890625 92.6347427368164 402.9730529785156 1 1 1
v -917.992919921875 92.6380844116211 405.5195007324219 1 1 1
v -917.4821166992188 87.7618637084961 402.10333251953125 1 1 1
v -916.14111328125 92.63787841796875 404.4623718261719 1 1 1
v -917.4821166992188 87.7618637084961 402.10333251953125 1 1 1
v -915.6636962890625 92.6347427368164 402.9730529785156 1 1 1
v -916.14111328125 92.63787841796875 404.4623718261719 1 1 1
v -916.7424926757812 88.67523956298828 401.07427978515625 1 1 1
v -915.6636962890625 92.6347427368164 402.9730529785156 1 1 1
v -917.4821166992188 87.7618637084961 402.10333251953125 1 1 1
v -917.4821166992188 87.7618637084961 402.10333251953125 1 1 1
v -917.992919921875 92.6380844116211 405.5195007324219 1 1 1
v -919.3342895507812 87.76185607910156 403.159912109375 1 1 1
v -919.3342895507812 87.76185607910156 403.159912109375 1 1 1
v -917.1535034179688 71.29779815673828 401.9044189453125 1 1 1
v -917.4821166992188 87.7618637084961 402.10333251953125 1 1 1
v -917.1535034179688 71.29779815673828 401.9044189453125 1 1 1
v -919.3342895507812 87.76185607910156 403.159912109375 1 1 1
v -919.3342895507812 67.9397201538086 403.159912109375 1 1 1
v -919.3342895507812 67.9397201538086 403.159912109375 1 1 1
v -912.5043334960938 68.06562042236328 399.0902099609375 1 1 1
v -917.1535034179688 71.29779815673828 401.9044189453125 1 1 1
v -912.5043334960938 68.06562042236328 399.0902099609375 1 1 1
v -919.3342895507812 67.9397201538086 403.159912109375 1 1 1
v -912.4331665039062 59.11203384399414 399.214599609375 1 1 1
v -912.5043334960938 68.06562042236328 399.0902099609375 1 1 1
v -915.0423583984375 68.11729431152344 394.6529846191406 1 1 1
v -919.8157348632812 71.30034637451172 397.2350158691406 1 1 1
v -912.5043334960938 68.06562042236328 399.0902099609375 1 1 1
v -919.8157348632812 71.30034637451172 397.2350158691406 1 1 1
v -917.1535034179688 71.29779815673828 401.9044189453125 1 1 1
v -920.1547241210938 87.7618637084961 397.41839599609375 1 1 1
v -917.1535034179688 71.29779815673828 401.9044189453125 1 1 1
v -919.8157348632812 71.30034637451172 397.2350158691406 1 1 1
v -917.1535034179688 71.29779815673828 401.9044189453125 1 1 1
v -920.1547241210938 87.7618637084961 397.41839599609375 1 1 1
v -917.4821166992188 87.7618637084961 402.10333251953125 1 1 1
v -920.1547241210938 87.7618637084961 397.41839599609375 1 1 1
v -916.7424926757812 88.67523956298828 401.07427978515625 1 1 1
v -917.4821166992188 87.7618637084961 402.10333251953125 1 1 1
v -916.7424926757812 88.67523956298828 401.07427978515625 1 1 1
v -920.1547241210938 87.7618637084961 397.41839599609375 1 1 1
v -918.8924560546875 88.67523956298828 397.3054504394531 1 1 1
v -907.8155517578125 73.42754364013672 411.2041931152344 1 1 1
v -910.52197265625 73.42755126953125 411.2082824707031 1 1 1
v -907.8173828125 77.1135025024414 409.57275390625 1 1 1
v -910.52197265625 73.42755126953125 411.2082824707031 1 1 1
v -910.5237426757812 77.11351013183594 409.5773620605469 1 1 1
v -907.8173828125 77.1135025024414 409.57275390625 1 1 1
v -910.5237426757812 77.11351013183594 409.5773620605469 1 1 1
v -907.8233642578125 80.26958465576172 409.5833740234375 1 1 1
v -907.8173828125 77.1135025024414 409.57275390625 1 1 1
v -907.8233642578125 80.26958465576172 409.5833740234375 1 1 1
v -910.5237426757812 77.11351013183594 409.5773620605469 1 1 1
v -910.52978515625 80.26958465576172 409.5879821777344 1 1 1
v -910.5215454101562 82.29724884033203 411.29345703125 1 1 1
v -907.8233642578125 80.26958465576172 409.5833740234375 1 1 1
v -910.52978515625 80.26958465576172 409.5879821777344 1 1 1
v -907.8233642578125 80.26958465576172 409.5833740234375 1 1 1
v -910.5215454101562 82.29724884033203 411.29345703125 1 1 1
v -907.8151245117188 82.29723358154297 411.2888488769531 1 1 1
v -907.8114013671875 82.2972412109375 414.5375061035156 1 1 1
v -907.8151245117188 82.29723358154297 411.2888488769531 1 1 1
v -910.5215454101562 82.29724884033203 411.29345703125 1 1 1
v -910.5177612304688 82.2972412109375 414.5421142578125 1 1 1
v -907.8114013671875 82.2972412109375 414.5375061035156 1 1 1
v -910.5215454101562 82.29724884033203 411.29345703125 1 1 1
v -910.5177612304688 82.2972412109375 414.5421142578125 1 1 1
v -907.815185546875 80.26958465576172 416.2642517089844 1 1 1
v -907.8114013671875 82.2972412109375 414.5375061035156 1 1 1
v -907.815185546875 80.26958465576172 416.2642517089844 1 1 1
v -910.5177612304688 82.2972412109375 414.5421142578125 1 1 1
v -910.5216064453125 80.26958465576172 416.26885986328125 1 1 1
v -910.5216064453125 80.26958465576172 416.26885986328125 1 1 1
v -910.5155639648438 77.1135025024414 416.25823974609375 1 1 1
v -907.815185546875 80.26958465576172 416.2642517089844 1 1 1
v -907.815185546875 80.26958465576172 416.2642517089844 1 1 1
v -910.5155639648438 77.1135025024414 416.25823974609375 1 1 1
v -907.8091430664062 77.1135025024414 416.25360107421875 1 1 1
v -907.8091430664062 77.1135025024414 416.25360107421875 1 1 1
v -910.5155639648438 77.1135025024414 416.25823974609375 1 1 1
v -907.8108520507812 73.42754364013672 414.6227111816406 1 1 1
v -910.5155639648438 77.1135025024414 416.25823974609375 1 1 1
v -910.5172729492188 73.42755889892578 414.62677001953125 1 1 1
v -907.8108520507812 73.42754364013672 414.6227111816406 1 1 1
v -925.4799194335938 90.58768463134766 411.1444091796875 1 1 1
v -925.4799194335938 94.68828582763672 411.1444091796875 1 1 1
v -920.8655395507812 95.15706634521484 408.7361755371094 1 1 1
v -920.8655395507812 90.11890411376953 408.7361755371094 1 1 1
v -925.4799194335938 90.58768463134766 411.1444091796875 1 1 1
v -920.8655395507812 95.15706634521484 408.7361755371094 1 1 1
v -920.8655395507812 90.11890411376953 408.7361755371094 1 1 1
v -920.8655395507812 95.15706634521484 408.7361755371094 1 1 1
v -912.2926025390625 95.33831024169922 408.7398986816406 1 1 1
v -912.2926025390625 89.93766021728516 408.7398986816406 1 1 1
v -920.8655395507812 90.11890411376953 408.7361755371094 1 1 1
v -912.2926025390625 95.33831024169922 408.7398986816406 1 1 1
v -894.0144653320312 49.2175178527832 385.2423095703125 1 1 1
v -893.730712890625 87.4395751953125 385.1907043457031 1 1 1
v -894.4127807617188 49.2175178527832 384.55712890625 1 1 1
v -894.1290283203125 87.43956756591797 384.50555419921875 1 1 1
v -894.4127807617188 49.2175178527832 384.55712890625 1 1 1
v -893.730712890625 87.4395751953125 385.1907043457031 1 1 1
v -894.4127807617188 49.2175178527832 384.55712890625 1 1 1
v -894.1290283203125 87.43956756591797 384.50555419921875 1 1 1
v -894.0185546875 49.21751403808594 383.86956787109375 1 1 1
v -893.7348022460938 87.43956756591797 383.8179626464844 1 1 1
v -894.0185546875 49.21751403808594 383.86956787109375 1 1 1
v -894.1290283203125 87.43956756591797 384.50555419921875 1 1 1
v -894.0185546875 49.21751403808594 383.86956787109375 1 1 1
v -893.7348022460938 87.43956756591797 383.8179626464844 1 1 1
v -893.2260131835938 49.2175178527832 383.8671875 1 1 1
v -893.7348022460938 87.43956756591797 383.8179626464844 1 1 1
v -892.9422607421875 87.43956756591797 383.81561279296875 1 1 1
v -893.2260131835938 49.2175178527832 383.8671875 1 1 1
v -892.5439453125 87.4395751953125 384.50079345703125 1 1 1
v -893.2260131835938 49.2175178527832 383.8671875 1 1 1
v -892.9422607421875 87.43956756591797 383.81561279296875 1 1 1
v -893.2260131835938 49.2175178527832 383.8671875 1 1 1
v -892.5439453125 87.4395751953125 384.50079345703125 1 1 1
v -892.82763671875 49.2175178527832 384.5523681640625 1 1 1
v -892.9381713867188 87.4395751953125 385.1883544921875 1 1 1
v -892.82763671875 49.2175178527832 384.5523681640625 1 1 1
v -892.5439453125 87.4395751953125 384.50079345703125 1 1 1
v -892.82763671875 49.2175178527832 384.5523681640625 1 1 1
v -892.9381713867188 87.4395751953125 385.1883544921875 1 1 1
v -893.2218627929688 49.2175178527832 385.23992919921875 1 1 1
v -893.730712890625 87.4395751953125 385.1907043457031 1 1 1
v -893.2218627929688 49.2175178527832 385.23992919921875 1 1 1
v -892.9381713867188 87.4395751953125 385.1883544921875 1 1 1
v -893.2218627929688 49.2175178527832 385.23992919921875 1 1 1
v -893.730712890625 87.4395751953125 385.1907043457031 1 1 1
v -894.0144653320312 49.2175178527832 385.2423095703125 1 1 1
v -899.9118041992188 92.6380844116211 349.6060485839844 1 1 1
v -903.763671875 94.49658203125 357.1291198730469 1 1 1
v -903.763671875 90.77957916259766 357.1291198730469 1 1 1
v -903.7637329101562 94.49658203125 365.6533203125 1 1 1
v -903.763671875 90.77957916259766 357.1291198730469 1 1 1
v -903.763671875 94.49658203125 357.1291198730469 1 1 1
v -903.7637329101562 90.77957916259766 365.6533203125 1 1 1
v -903.763671875 90.77957916259766 357.1291198730469 1 1 1
v -903.7637329101562 94.49658203125 365.6533203125 1 1 1
v -903.7637329101562 94.49658203125 365.6533203125 1 1 1
v -905.0382690429688 89.72217559814453 367.5707092285156 1 1 1
v -903.7637329101562 90.77957916259766 365.6533203125 1 1 1
v -905.0382690429688 95.55399322509766 367.5707092285156 1 1 1
v -905.0382690429688 89.72217559814453 367.5707092285156 1 1 1
v -903.7637329101562 94.49658203125 365.6533203125 1 1 1
v -909.14599609375 41.926151275634766 383.4834899902344 1 1 1
v -914.4373779296875 43.60488510131836 384.90130615234375 1 1 1
v -909.14599609375 43.60489273071289 383.4834899902344 1 1 1
v -914.4373779296875 43.60488510131836 384.90130615234375 1 1 1
v -909.14599609375 41.926151275634766 383.4834899902344 1 1 1
v -914.4374389648438 41.926143646240234 384.90130615234375 1 1 1
v -914.4374389648438 41.926143646240234 384.90130615234375 1 1 1
v -918.3109130859375 43.60487747192383 388.7748718261719 1 1 1
v -914.4373779296875 43.60488510131836 384.90130615234375 1 1 1
v -918.3109130859375 43.60487747192383 388.7748718261719 1 1 1
v -914.4374389648438 41.926143646240234 384.90130615234375 1 1 1
v -918.31103515625 41.9261360168457 388.7748718261719 1 1 1
v -918.31103515625 41.9261360168457 388.7748718261719 1 1 1
v -919.728759765625 43.60487365722656 394.0662536621094 1 1 1
v -918.3109130859375 43.60487747192383 388.7748718261719 1 1 1
v -919.728759765625 43.60487365722656 394.0662536621094 1 1 1
v -918.31103515625 41.9261360168457 388.7748718261719 1 1 1
v -919.728759765625 41.92613220214844 394.0662536621094 1 1 1
v -918.31103515625 41.9261360168457 399.3576354980469 1 1 1
v -919.728759765625 43.60487365722656 394.0662536621094 1 1 1
v -919.728759765625 41.92613220214844 394.0662536621094 1 1 1
v -918.3109130859375 43.60487365722656 399.3576354980469 1 1 1
v -919.728759765625 43.60487365722656 394.0662536621094 1 1 1
v -918.31103515625 41.9261360168457 399.3576354980469 1 1 1
v -914.4374389648438 41.926143646240234 403.231201171875 1 1 1
v -918.3109130859375 43.60487365722656 399.3576354980469 1 1 1
v -918.31103515625 41.9261360168457 399.3576354980469 1 1 1
v -914.4373779296875 43.604881286621094 403.231201171875 1 1 1
v -918.3109130859375 43.60487365722656 399.3576354980469 1 1 1
v -914.4374389648438 41.926143646240234 403.231201171875 1 1 1
v -914.4374389648438 41.926143646240234 403.231201171875 1 1 1
v -909.14599609375 41.926151275634766 404.6490173339844 1 1 1
v -914.4373779296875 43.604881286621094 403.231201171875 1 1 1
v -909.14599609375 43.60489273071289 404.6490173339844 1 1 1
v -914.4373779296875 43.604881286621094 403.231201171875 1 1 1
v -909.14599609375 41.926151275634766 404.6490173339844 1 1 1
v -909.14599609375 41.926151275634766 404.6490173339844 1 1 1
v -903.8546752929688 41.9261589050293 403.231201171875 1 1 1
v -909.14599609375 43.60489273071289 404.6490173339844 1 1 1
v -903.8546142578125 43.60490036010742 403.231201171875 1 1 1
v -909.14599609375 43.60489273071289 404.6490173339844 1 1 1
v -903.8546752929688 41.9261589050293 403.231201171875 1 1 1
v -903.8546752929688 41.9261589050293 403.231201171875 1 1 1
v -899.9810791015625 41.92616653442383 399.3576354980469 1 1 1
v -903.8546142578125 43.60490036010742 403.231201171875 1 1 1
v -899.98095703125 43.60490798950195 399.3576354980469 1 1 1
v -903.8546142578125 43.60490036010742 403.231201171875 1 1 1
v -899.9810791015625 41.92616653442383 399.3576354980469 1 1 1
v -899.9810791015625 41.92616653442383 399.3576354980469 1 1 1
v -898.563232421875 41.926170349121094 394.0662536621094 1 1 1
v -899.98095703125 43.60490798950195 399.3576354980469 1 1 1
v -899.98095703125 43.60490798950195 399.3576354980469 1 1 1
v -898.563232421875 41.926170349121094 394.0662536621094 1 1 1
v -898.563232421875 43.60491180419922 394.0662536621094 1 1 1
v -898.563232421875 41.926170349121094 394.0662536621094 1 1 1
v -899.98095703125 43.60491180419922 388.7748718261719 1 1 1
v -898.563232421875 43.60491180419922 394.0662536621094 1 1 1
v -899.98095703125 43.60491180419922 388.7748718261719 1 1 1
v -898.563232421875 41.926170349121094 394.0662536621094 1 1 1
v -899.9810791015625 41.92616653442383 388.7748718261719 1 1 1
v -899.9810791015625 41.92616653442383 388.7748718261719 1 1 1
v -903.8546142578125 43.60490417480469 384.90130615234375 1 1 1
v -899.98095703125 43.60491180419922 388.7748718261719 1 1 1
v -903.8546142578125 43.60490417480469 384.90130615234375 1 1 1
v -899.9810791015625 41.92616653442383 388.7748718261719 1 1 1
v -903.8546752929688 41.9261589050293 384.90130615234375 1 1 1
v -903.8546752929688 41.9261589050293 384.90130615234375 1 1 1
v -909.14599609375 43.60489273071289 383.4834899902344 1 1 1
v -903.8546142578125 43.60490417480469 384.90130615234375 1 1 1
v -909.14599609375 43.60489273071289 383.4834899902344 1 1 1
v -903.8546752929688 41.9261589050293 384.90130615234375 1 1 1
v -909.14599609375 41.926151275634766 383.4834899902344 1 1 1
v -909.14599609375 43.60489273071289 404.6490173339844 1 1 1
v -903.8546142578125 43.60490036010742 403.231201171875 1 1 1
v -914.4373779296875 43.604881286621094 403.231201171875 1 1 1
v -903.8546142578125 43.60490036010742 403.231201171875 1 1 1
v -918.3109130859375 43.60487365722656 399.3576354980469 1 1 1
v -914.4373779296875 43.604881286621094 403.231201171875 1 1 1
v -899.98095703125 43.60490798950195 399.3576354980469 1 1 1
v -918.3109130859375 43.60487365722656 399.3576354980469 1 1 1
v -903.8546142578125 43.60490036010742 403.231201171875 1 1 1
v -898.563232421875 43.60491180419922 394.0662536621094 1 1 1
v -918.3109130859375 43.60487365722656 399.3576354980469 1 1 1
v -899.98095703125 43.60490798950195 399.3576354980469 1 1 1
v -918.3109130859375 43.60487365722656 399.3576354980469 1 1 1
v -898.563232421875 43.60491180419922 394.0662536621094 1 1 1
v -919.728759765625 43.60487365722656 394.0662536621094 1 1 1
v -919.728759765625 43.60487365722656 394.0662536621094 1 1 1
v -898.563232421875 43.60491180419922 394.0662536621094 1 1 1
v -918.3109130859375 43.60487747192383 388.7748718261719 1 1 1
v -899.98095703125 43.60491180419922 388.7748718261719 1 1 1
v -918.3109130859375 43.60487747192383 388.7748718261719 1 1 1
v -898.563232421875 43.60491180419922 394.0662536621094 1 1 1
v -903.8546142578125 43.60490417480469 384.90130615234375 1 1 1
v -918.3109130859375 43.60487747192383 388.7748718261719 1 1 1
v -899.98095703125 43.60491180419922 388.7748718261719 1 1 1
v -918.3109130859375 43.60487747192383 388.7748718261719 1 1 1
v -903.8546142578125 43.60490417480469 384.90130615234375 1 1 1
v -914.4373779296875 43.60488510131836 384.90130615234375 1 1 1
v -914.4373779296875 43.60488510131836 384.90130615234375 1 1 1
v -903.8546142578125 43.60490417480469 384.90130615234375 1 1 1
v -909.14599609375 43.60489273071289 383.4834899902344 1 1 1
v -908.0809326171875 80.33621978759766 412.9135437011719 1 1 1
v -902.126953125 79.04132080078125 411.5936279296875 1 1 1
v -908.082763671875 79.04182434082031 411.6198425292969 1 1 1
v -902.126953125 79.04132080078125 411.5936279296875 1 1 1
v -908.0809326171875 80.33621978759766 412.9135437011719 1 1 1
v -902.125 80.3538589477539 412.9044494628906 1 1 1
v -908.0791015625 79.04251098632812 414.2079162597656 1 1 1
v -902.125 80.3538589477539 412.9044494628906 1 1 1
v -908.0809326171875 80.33621978759766 412.9135437011719 1 1 1
v -902.125 80.3538589477539 412.9044494628906 1 1 1
v -908.0791015625 79.04251098632812 414.2079162597656 1 1 1
v -902.123046875 79.04302978515625 414.21697998046875 1 1 1
v -902.123046875 79.04302978515625 414.21697998046875 1 1 1
v -908.0791015625 79.04251098632812 414.2079162597656 1 1 1
v -902.125 77.7304916381836 412.9061584472656 1 1 1
v -908.0809326171875 77.74811553955078 412.9142150878906 1 1 1
v -902.125 77.7304916381836 412.9061584472656 1 1 1
v -908.0791015625 79.04251098632812 414.2079162597656 1 1 1
v -908.082763671875 79.04182434082031 411.6198425292969 1 1 1
v -902.125 77.7304916381836 412.9061584472656 1 1 1
v -908.0809326171875 77.74811553955078 412.9142150878906 1 1 1
v -902.125 77.7304916381836 412.9061584472656 1 1 1
v -908.082763671875 79.04182434082031 411.6198425292969 1 1 1
v -902.126953125 79.04132080078125 411.5936279296875 1 1 1
v -909.0458374023438 69.4916000366211 387.0007629394531 1 1 1
v -904.1922607421875 43.2872314453125 389.2533264160156 1 1 1
v -909.0459594726562 43.287235260009766 387.0007629394531 1 1 1
v -904.1922607421875 43.2872314453125 389.2533264160156 1 1 1
v -909.0458374023438 69.4916000366211 387.0007629394531 1 1 1
v -904.1922607421875 69.4916000366211 389.25335693359375 1 1 1
v -904.1922607421875 69.4916000366211 389.25335693359375 1 1 1
v -901.9396362304688 43.287227630615234 394.1069641113281 1 1 1
v -904.1922607421875 43.2872314453125 389.2533264160156 1 1 1
v -901.9396362304688 43.287227630615234 394.1069641113281 1 1 1
v -904.1922607421875 69.4916000366211 389.25335693359375 1 1 1
v -901.9396362304688 69.4916000366211 394.1069641113281 1 1 1
v -904.1922607421875 69.4916000366211 398.96063232421875 1 1 1
v -901.9396362304688 43.287227630615234 394.1069641113281 1 1 1
v -901.9396362304688 69.4916000366211 394.1069641113281 1 1 1
v -904.1922607421875 69.4916000366211 398.96063232421875 1 1 1
v -904.1922607421875 43.287227630615234 398.96063232421875 1 1 1
v -901.9396362304688 43.287227630615234 394.1069641113281 1 1 1
v -904.1922607421875 43.287227630615234 398.96063232421875 1 1 1
v -904.1922607421875 69.4916000366211 398.96063232421875 1 1 1
v -909.0458374023438 69.49159240722656 401.21319580078125 1 1 1
v -909.0458374023438 69.49159240722656 401.21319580078125 1 1 1
v -909.0459594726562 43.287227630615234 401.21319580078125 1 1 1
v -904.1922607421875 43.287227630615234 398.96063232421875 1 1 1
v -909.0458374023438 69.49159240722656 401.21319580078125 1 1 1
v -913.8995361328125 43.297725677490234 398.9606018066406 1 1 1
v -909.0459594726562 43.287227630615234 401.21319580078125 1 1 1
v -913.8995361328125 43.297725677490234 398.9606018066406 1 1 1
v -909.0458374023438 69.49159240722656 401.21319580078125 1 1 1
v -913.8995361328125 69.4916000366211 398.9606018066406 1 1 1
v -913.8995361328125 69.4916000366211 398.9606018066406 1 1 1
v -916.152099609375 43.2977294921875 394.10699462890625 1 1 1
v -913.8995361328125 43.297725677490234 398.9606018066406 1 1 1
v -916.152099609375 43.2977294921875 394.10699462890625 1 1 1
v -913.8995361328125 69.4916000366211 398.9606018066406 1 1 1
v -916.152099609375 69.4916000366211 394.10699462890625 1 1 1
v -916.152099609375 69.4916000366211 394.10699462890625 1 1 1
v -913.8995361328125 43.297733306884766 389.2533874511719 1 1 1
v -916.152099609375 43.2977294921875 394.10699462890625 1 1 1
v -913.8995361328125 43.297733306884766 389.2533874511719 1 1 1
v -916.152099609375 69.4916000366211 394.10699462890625 1 1 1
v -913.8995361328125 69.4916000366211 389.2533264160156 1 1 1
v -909.0458374023438 69.4916000366211 387.0007629394531 1 1 1
v -913.8995361328125 43.297733306884766 389.2533874511719 1 1 1
v -913.8995361328125 69.4916000366211 389.2533264160156 1 1 1
v -913.8995361328125 43.297733306884766 389.2533874511719 1 1 1
v -909.0458374023438 69.4916000366211 387.0007629394531 1 1 1
v -909.0459594726562 43.287235260009766 387.0007629394531 1 1 1
v -908.5238037109375 73.42761993408203 373.580810546875 1 1 1
v -908.5173950195312 77.11357116699219 378.6302490234375 1 1 1
v -908.5191040039062 73.4276123046875 376.99932861328125 1 1 1
v -908.5173950195312 77.11357116699219 378.6302490234375 1 1 1
v -908.5238037109375 73.42761993408203 373.580810546875 1 1 1
v -908.5255737304688 77.11356353759766 371.9493713378906 1 1 1
v -908.5255737304688 77.11356353759766 371.9493713378906 1 1 1
v -908.5112915039062 80.26964569091797 378.6195983886719 1 1 1
v -908.5173950195312 77.11357116699219 378.6302490234375 1 1 1
v -908.5112915039062 80.26964569091797 378.6195983886719 1 1 1
v -908.5255737304688 77.11356353759766 371.9493713378906 1 1 1
v -908.5194702148438 80.26964569091797 371.9387512207031 1 1 1
v -908.5233154296875 82.29730224609375 373.66546630859375 1 1 1
v -908.5112915039062 80.26964569091797 378.6195983886719 1 1 1
v -908.5194702148438 80.26964569091797 371.9387512207031 1 1 1
v -908.5112915039062 80.26964569091797 378.6195983886719 1 1 1
v -908.5233154296875 82.29730224609375 373.66546630859375 1 1 1
v -908.51953125 82.29730987548828 376.91412353515625 1 1 1
v -908.5191040039062 73.4276123046875 376.99932861328125 1 1 1
v -911.2237548828125 77.11356353759766 378.6348571777344 1 1 1
v -911.2255249023438 73.42760467529297 377.00341796875 1 1 1
v -911.2237548828125 77.11356353759766 378.6348571777344 1 1 1
v -908.5191040039062 73.4276123046875 376.99932861328125 1 1 1
v -908.5173950195312 77.11357116699219 378.6302490234375 1 1 1
v -908.5173950195312 77.11357116699219 378.6302490234375 1 1 1
v -911.2177124023438 80.26964569091797 378.62420654296875 1 1 1
v -911.2237548828125 77.11356353759766 378.6348571777344 1 1 1
v -911.2177124023438 80.26964569091797 378.62420654296875 1 1 1
v -908.5173950195312 77.11357116699219 378.6302490234375 1 1 1
v -908.5112915039062 80.26964569091797 378.6195983886719 1 1 1
v -908.51953125 82.29730987548828 376.91412353515625 1 1 1
v -911.2177124023438 80.26964569091797 378.62420654296875 1 1 1
v -908.5112915039062 80.26964569091797 378.6195983886719 1 1 1
v -911.2177124023438 80.26964569091797 378.62420654296875 1 1 1
v -908.51953125 82.29730987548828 376.91412353515625 1 1 1
v -911.2260131835938 82.29729461669922 376.91876220703125 1 1 1
v -908.51953125 82.29730987548828 376.91412353515625 1 1 1
v -911.229736328125 82.29730224609375 373.6700439453125 1 1 1
v -911.2260131835938 82.29729461669922 376.91876220703125 1 1 1
v -911.229736328125 82.29730224609375 373.6700439453125 1 1 1
v -908.51953125 82.29730987548828 376.91412353515625 1 1 1
v -908.5233154296875 82.29730224609375 373.66546630859375 1 1 1
v -911.2258911132812 80.26964569091797 371.9433288574219 1 1 1
v -911.229736328125 82.29730224609375 373.6700439453125 1 1 1
v -908.5233154296875 82.29730224609375 373.66546630859375 1 1 1
v -908.5194702148438 80.26964569091797 371.9387512207031 1 1 1
v -911.2258911132812 80.26964569091797 371.9433288574219 1 1 1
v -908.5233154296875 82.29730224609375 373.66546630859375 1 1 1
v -908.5255737304688 77.11356353759766 371.9493713378906 1 1 1
v -911.2258911132812 80.26964569091797 371.9433288574219 1 1 1
v -908.5194702148438 80.26964569091797 371.9387512207031 1 1 1
v -908.5255737304688 77.11356353759766 371.9493713378906 1 1 1
v -911.2319946289062 77.11356353759766 371.9539794921875 1 1 1
v -911.2258911132812 80.26964569091797 371.9433288574219 1 1 1
v -908.5255737304688 77.11356353759766 371.9493713378906 1 1 1
v -911.2301635742188 73.42760467529297 373.58489990234375 1 1 1
v -911.2319946289062 77.11356353759766 371.9539794921875 1 1 1
v -911.2301635742188 73.42760467529297 373.58489990234375 1 1 1
v -908.5255737304688 77.11356353759766 371.9493713378906 1 1 1
v -908.5238037109375 73.42761993408203 373.580810546875 1 1 1
v -907.17431640625 45.783103942871094 388.9834289550781 1 1 1
v -907.1932983398438 54.55186080932617 381.0404357910156 1 1 1
v -907.3128662109375 54.729434967041016 388.9837951660156 1 1 1
v -907.3128662109375 54.729434967041016 388.9837951660156 1 1 1
v -907.1932983398438 54.55186080932617 381.0404357910156 1 1 1
v -907.1983032226562 57.91249084472656 383.5580749511719 1 1 1
v -907.1932983398438 54.55186080932617 381.0404357910156 1 1 1
v -907.1932983398438 74.3740005493164 381.0404357910156 1 1 1
v -907.1983032226562 57.91249084472656 383.5580749511719 1 1 1
v -907.1983032226562 57.91249084472656 383.5580749511719 1 1 1
v -907.1932983398438 74.3740005493164 381.0404357910156 1 1 1
v -907.190185546875 74.3740005493164 383.1727294921875 1 1 1
v -907.1932983398438 74.3740005493164 381.0404357910156 1 1 1
v -904.4791870117188 79.27336120605469 383.1674499511719 1 1 1
v -907.190185546875 74.3740005493164 383.1727294921875 1 1 1
v -907.190185546875 74.3740005493164 383.1727294921875 1 1 1
v -904.4791870117188 79.27336120605469 383.1674499511719 1 1 1
v -907.7158813476562 75.2873764038086 384.32586669921875 1 1 1
v -905.5341796875 79.2696304321289 384.321044921875 1 1 1
v -907.7158813476562 75.2873764038086 384.32586669921875 1 1 1
v -904.4791870117188 79.27336120605469 383.1674499511719 1 1 1
v -904.4791870117188 79.27336120605469 383.1674499511719 1 1 1
v -907.1932983398438 74.3740005493164 381.0404357910156 1 1 1
v -904.4827270507812 79.27356719970703 381.03515625 1 1 1
v -907.6417236328125 83.0291519165039 384.32025146484375 1 1 1
v -905.5341796875 79.2696304321289 384.321044921875 1 1 1
v -904.4791870117188 79.27336120605469 383.1674499511719 1 1 1
v -907.0899047851562 83.8879623413086 383.16668701171875 1 1 1
v -904.4791870117188 79.27336120605469 383.1674499511719 1 1 1
v -904.4827270507812 79.27356719970703 381.03515625 1 1 1
v -907.6417236328125 83.0291519165039 384.32025146484375 1 1 1
v -904.4791870117188 79.27336120605469 383.1674499511719 1 1 1
v -907.0899047851562 83.8879623413086 383.16668701171875 1 1 1
v -907.0899047851562 83.8879623413086 383.16668701171875 1 1 1
v -904.4827270507812 79.27356719970703 381.03515625 1 1 1
v -907.0914916992188 83.88796997070312 381.0343933105469 1 1 1
v -912.678955078125 83.91382598876953 381.04736328125 1 1 1
v -907.0899047851562 83.8879623413086 383.16668701171875 1 1 1
v -907.0914916992188 83.88796997070312 381.0343933105469 1 1 1
v -912.6773071289062 83.9138412475586 383.1796569824219 1 1 1
v -907.6417236328125 83.0291519165039 384.32025146484375 1 1 1
v -907.0899047851562 83.8879623413086 383.16668701171875 1 1 1
v -907.0899047851562 83.8879623413086 383.16668701171875 1 1 1
v -912.678955078125 83.91382598876953 381.04736328125 1 1 1
v -912.6773071289062 83.9138412475586 383.1796569824219 1 1 1
v -907.6417236328125 83.0291519165039 384.32025146484375 1 1 1
v -912.6773071289062 83.9138412475586 383.1796569824219 1 1 1
v -912.12646484375 83.0455093383789 384.330810546875 1 1 1
v -915.3011474609375 79.2502212524414 381.048095703125 1 1 1
v -912.6773071289062 83.9138412475586 383.1796569824219 1 1 1
v -912.678955078125 83.91382598876953 381.04736328125 1 1 1
v -915.29736328125 79.25001525878906 383.1803894042969 1 1 1
v -912.12646484375 83.0455093383789 384.330810546875 1 1 1
v -912.6773071289062 83.9138412475586 383.1796569824219 1 1 1
v -912.6773071289062 83.9138412475586 383.1796569824219 1 1 1
v -915.3011474609375 79.2502212524414 381.048095703125 1 1 1
v -915.29736328125 79.25001525878906 383.1803894042969 1 1 1
v -912.12646484375 83.0455093383789 384.330810546875 1 1 1
v -915.29736328125 79.25001525878906 383.1803894042969 1 1 1
v -914.2385864257812 79.24687957763672 384.33148193359375 1 1 1
v -915.29736328125 79.25001525878906 383.1803894042969 1 1 1
v -912.0548095703125 75.2873764038086 384.3321228027344 1 1 1
v -914.2385864257812 79.24687957763672 384.33148193359375 1 1 1
v -912.0548095703125 75.2873764038086 384.3321228027344 1 1 1
v -915.29736328125 79.25001525878906 383.1803894042969 1 1 1
v -912.5838623046875 74.3740005493164 383.1805114746094 1 1 1
v -915.3011474609375 79.2502212524414 381.048095703125 1 1 1
v -912.5868530273438 74.37399291992188 381.0482177734375 1 1 1
v -915.29736328125 79.25001525878906 383.1803894042969 1 1 1
v -912.5838623046875 74.3740005493164 383.1805114746094 1 1 1
v -915.29736328125 79.25001525878906 383.1803894042969 1 1 1
v -912.5868530273438 74.37399291992188 381.0482177734375 1 1 1
v -912.5868530273438 74.37399291992188 381.0482177734375 1 1 1
v -912.5733642578125 57.90993881225586 383.56451416015625 1 1 1
v -912.5838623046875 74.3740005493164 383.1805114746094 1 1 1
v -912.5733642578125 57.90993881225586 383.56451416015625 1 1 1
v -912.5868530273438 74.37399291992188 381.0482177734375 1 1 1
v -912.5868530273438 54.55186080932617 381.0482177734375 1 1 1
v -912.5868530273438 54.55186080932617 381.0482177734375 1 1 1
v -912.4247436523438 54.67776107788086 388.9970397949219 1 1 1
v -912.5733642578125 57.90993881225586 383.56451416015625 1 1 1
v -912.4247436523438 54.67776107788086 388.9970397949219 1 1 1
v -912.5868530273438 54.55186080932617 381.0482177734375 1 1 1
v -912.5679931640625 45.72417068481445 388.9974365234375 1 1 1
v -912.0548095703125 75.2873764038086 384.3321228027344 1 1 1
v -907.190185546875 74.3740005493164 383.1727294921875 1 1 1
v -907.7158813476562 75.2873764038086 384.32586669921875 1 1 1
v -907.190185546875 74.3740005493164 383.1727294921875 1 1 1
v -912.0548095703125 75.2873764038086 384.3321228027344 1 1 1
v -912.5838623046875 74.3740005493164 383.1805114746094 1 1 1
v -907.1983032226562 57.91249084472656 383.5580749511719 1 1 1
v -907.190185546875 74.3740005493164 383.1727294921875 1 1 1
v -912.5838623046875 74.3740005493164 383.1805114746094 1 1 1
v -912.5838623046875 74.3740005493164 383.1805114746094 1 1 1
v -912.5733642578125 57.90993881225586 383.56451416015625 1 1 1
v -907.1983032226562 57.91249084472656 383.5580749511719 1 1 1
v -912.4247436523438 54.67776107788086 388.9970397949219 1 1 1
v -907.1983032226562 57.91249084472656 383.5580749511719 1 1 1
v -912.5733642578125 57.90993881225586 383.56451416015625 1 1 1
v -912.4247436523438 54.67776107788086 388.9970397949219 1 1 1
v -907.3128662109375 54.729434967041016 388.9837951660156 1 1 1
v -907.1983032226562 57.91249084472656 383.5580749511719 1 1 1
v -912.5868530273438 54.55186080932617 381.0482177734375 1 1 1
v -907.17431640625 45.783103942871094 388.9834289550781 1 1 1
v -912.5679931640625 45.72417068481445 388.9974365234375 1 1 1
v -907.17431640625 45.783103942871094 388.9834289550781 1 1 1
v -912.5868530273438 54.55186080932617 381.0482177734375 1 1 1
v -907.1932983398438 54.55186080932617 381.0404357910156 1 1 1
v -912.5868530273438 74.37399291992188 381.0482177734375 1 1 1
v -907.1932983398438 54.55186080932617 381.0404357910156 1 1 1
v -912.5868530273438 54.55186080932617 381.0482177734375 1 1 1
v -907.1932983398438 54.55186080932617 381.0404357910156 1 1 1
v -912.5868530273438 74.37399291992188 381.0482177734375 1 1 1
v -907.1932983398438 74.3740005493164 381.0404357910156 1 1 1
v -907.1932983398438 74.3740005493164 381.0404357910156 1 1 1
v -912.5868530273438 74.37399291992188 381.0482177734375 1 1 1
v -909.8904418945312 79.26531219482422 381.0433044433594 1 1 1
v -904.4827270507812 79.27356719970703 381.03515625 1 1 1
v -907.1932983398438 74.3740005493164 381.0404357910156 1 1 1
v -909.8904418945312 79.26531219482422 381.0433044433594 1 1 1
v -912.5868530273438 74.37399291992188 381.0482177734375 1 1 1
v -915.3011474609375 79.2502212524414 381.048095703125 1 1 1
v -909.8904418945312 79.26531219482422 381.0433044433594 1 1 1
v -907.0914916992188 83.88796997070312 381.0343933105469 1 1 1
v -904.4827270507812 79.27356719970703 381.03515625 1 1 1
v -909.8904418945312 79.26531219482422 381.0433044433594 1 1 1
v -915.3011474609375 79.2502212524414 381.048095703125 1 1 1
v -912.678955078125 83.91382598876953 381.04736328125 1 1 1
v -909.8904418945312 79.26531219482422 381.0433044433594 1 1 1
v -912.678955078125 83.91382598876953 381.04736328125 1 1 1
v -907.0914916992188 83.88796997070312 381.0343933105469 1 1 1
v -909.8904418945312 79.26531219482422 381.0433044433594 1 1 1
v -943.4240112304688 79.04222869873047 363.7538757324219 1 1 1
v -938.787841796875 80.90071868896484 370.8205871582031 1 1 1
v -938.787841796875 77.18367767333984 370.82061767578125 1 1 1
v -938.787841796875 80.90071868896484 370.8205871582031 1 1 1
v -931.3776245117188 77.18370819091797 375.03375244140625 1 1 1
v -938.787841796875 77.18367767333984 370.82061767578125 1 1 1
v -931.3776245117188 77.18370819091797 375.03375244140625 1 1 1
v -938.787841796875 80.90071868896484 370.8205871582031 1 1 1
v -931.3776245117188 80.90071105957031 375.0337219238281 1 1 1
v -930.340576171875 81.95813751220703 377.08935546875 1 1 1
v -931.3776245117188 77.18370819091797 375.03375244140625 1 1 1
v -931.3776245117188 80.90071105957031 375.0337219238281 1 1 1
v -931.3776245117188 77.18370819091797 375.03375244140625 1 1 1
v -930.340576171875 81.95813751220703 377.08935546875 1 1 1
v -930.340576171875 76.12630462646484 377.08935546875 1 1 1
v -933.64794921875 84.45154571533203 382.90643310546875 1 1 1
v -930.340576171875 81.95813751220703 377.08935546875 1 1 1
v -931.7978515625 84.45159149169922 379.65252685546875 1 1 1
v -935.1051635742188 81.9581527709961 385.4695739746094 1 1 1
v -930.340576171875 81.95813751220703 377.08935546875 1 1 1
v -933.64794921875 84.45154571533203 382.90643310546875 1 1 1
v -935.1051635742188 81.9581527709961 385.4695739746094 1 1 1
v -930.340576171875 76.12630462646484 377.08935546875 1 1 1
v -930.340576171875 81.95813751220703 377.08935546875 1 1 1
v -935.1051635742188 81.9581527709961 385.4695739746094 1 1 1
v -935.1051635742188 76.12628936767578 385.4695739746094 1 1 1
v -930.340576171875 76.12630462646484 377.08935546875 1 1 1
v -930.340576171875 76.12630462646484 377.08935546875 1 1 1
v -935.1051635742188 76.12628936767578 385.4695739746094 1 1 1
v -933.6478881835938 73.63292694091797 382.9063415527344 1 1 1
v -930.340576171875 76.12630462646484 377.08935546875 1 1 1
v -933.6478881835938 73.63292694091797 382.9063415527344 1 1 1
v -931.7979736328125 73.63286590576172 379.6524963378906 1 1 1
v -937.7045288085938 80.90070343017578 385.4577941894531 1 1 1
v -935.1051635742188 76.12628936767578 385.4695739746094 1 1 1
v -935.1051635742188 81.9581527709961 385.4695739746094 1 1 1
v -935.1051635742188 76.12628936767578 385.4695739746094 1 1 1
v -937.7045288085938 80.90070343017578 385.4577941894531 1 1 1
v -937.70458984375 77.1837387084961 385.4577941894531 1 1 1
v -937.7045288085938 80.90070343017578 385.4577941894531 1 1 1
v -944.8121948242188 80.90074157714844 381.4168395996094 1 1 1
v -937.70458984375 77.1837387084961 385.4577941894531 1 1 1
v -944.8121948242188 77.18373107910156 381.4167785644531 1 1 1
v -937.70458984375 77.1837387084961 385.4577941894531 1 1 1
v -944.8121948242188 80.90074157714844 381.4168395996094 1 1 1
v -968.8313598632812 79.56829071044922 382.34698486328125 1 1 1
v -944.8121948242188 77.18373107910156 381.4167785644531 1 1 1
v -944.8121948242188 80.90074157714844 381.4168395996094 1 1 1
v -944.8121948242188 77.18373107910156 381.4167785644531 1 1 1
v -968.8313598632812 79.56829071044922 382.34698486328125 1 1 1
v -968.8314819335938 78.51610565185547 382.3470153808594 1 1 1
v -1041.9906005859375 79.56830596923828 340.7529602050781 1 1 1
v -968.8314819335938 78.51610565185547 382.3470153808594 1 1 1
v -968.8313598632812 79.56829071044922 382.34698486328125 1 1 1
v -968.8314819335938 78.51610565185547 382.3470153808594 1 1 1
v -1041.9906005859375 79.56830596923828 340.7529602050781 1 1 1
v -1041.99072265625 78.51616668701172 340.7529602050781 1 1 1
v -1027.79541015625 79.0422134399414 315.7852478027344 1 1 1
v -1030.5675048828125 77.18180084228516 320.6610412597656 1 1 1
v -1030.5673828125 80.90263366699219 320.6610107421875 1 1 1
v -1030.5675048828125 77.18180084228516 320.6610412597656 1 1 1
v -1033.16845703125 81.02095794677734 325.2356262207031 1 1 1
v -1030.5673828125 80.90263366699219 320.6610107421875 1 1 1
v -1033.16845703125 81.02095794677734 325.2356262207031 1 1 1
v -1030.5675048828125 77.18180084228516 320.6610412597656 1 1 1
v -1033.16845703125 77.06348419189453 325.23565673828125 1 1 1
v -1033.16845703125 77.06348419189453 325.23565673828125 1 1 1
v -1041.9906005859375 79.56830596923828 340.7529602050781 1 1 1
v -1033.16845703125 81.02095794677734 325.2356262207031 1 1 1
v -1041.9906005859375 79.56830596923828 340.7529602050781 1 1 1
v -1033.16845703125 77.06348419189453 325.23565673828125 1 1 1
v -1041.99072265625 78.51616668701172 340.7529602050781 1 1 1
v -921.8785400390625 74.46732330322266 387.4506530761719 1 1 1
v -920.0643310546875 76.43421173095703 385.4766845703125 1 1 1
v -921.3547973632812 75.22252655029297 387.74639892578125 1 1 1
v -920.0643310546875 76.43421173095703 385.4766845703125 1 1 1
v -921.8785400390625 74.46732330322266 387.4506530761719 1 1 1
v -920.3324584960938 75.91959381103516 384.7312316894531 1 1 1
v -920.3324584960938 75.91959381103516 384.7312316894531 1 1 1
v -919.4685668945312 79.04216766357422 384.4179992675781 1 1 1
v -920.0643310546875 76.43421173095703 385.4766845703125 1 1 1
v -919.4685668945312 79.04216766357422 384.4179992675781 1 1 1
v -920.3324584960938 75.91959381103516 384.7312316894531 1 1 1
v -919.6201171875 79.04216766357422 383.4613037109375 1 1 1
v -920.33251953125 82.164794921875 384.7312316894531 1 1 1
v -919.4685668945312 79.04216766357422 384.4179992675781 1 1 1
v -919.6201171875 79.04216766357422 383.4613037109375 1 1 1
v -919.4685668945312 79.04216766357422 384.4179992675781 1 1 1
v -920.33251953125 82.164794921875 384.7312316894531 1 1 1
v -920.0642700195312 81.65018463134766 385.47674560546875 1 1 1
v -921.8784790039062 83.6170425415039 387.4507141113281 1 1 1
v -920.0642700195312 81.65018463134766 385.47674560546875 1 1 1
v -920.33251953125 82.164794921875 384.7312316894531 1 1 1
v -920.0642700195312 81.65018463134766 385.47674560546875 1 1 1
v -921.8784790039062 83.6170425415039 387.4507141113281 1 1 1
v -921.3547973632812 82.86186218261719 387.74639892578125 1 1 1
v -922.6450805664062 81.65019989013672 390.0160217285156 1 1 1
v -921.3547973632812 82.86186218261719 387.74639892578125 1 1 1
v -921.8784790039062 83.6170425415039 387.4507141113281 1 1 1
v -922.6450805664062 81.65019989013672 390.0160217285156 1 1 1
v -921.8784790039062 83.6170425415039 387.4507141113281 1 1 1
v -923.4242553710938 82.16571044921875 390.1695556640625 1 1 1
v -924.1467895507812 79.04212188720703 391.4230041503906 1 1 1
v -922.6450805664062 81.65019989013672 390.0160217285156 1 1 1
v -923.4242553710938 82.16571044921875 390.1695556640625 1 1 1
v -922.6450805664062 81.65019989013672 390.0160217285156 1 1 1
v -924.1467895507812 79.04212188720703 391.4230041503906 1 1 1
v -923.2471923828125 79.04212188720703 391.06396484375 1 1 1
v -924.1467895507812 79.04212188720703 391.4230041503906 1 1 1
v -922.64501953125 76.43412017822266 390.0160217285156 1 1 1
v -923.2471923828125 79.04212188720703 391.06396484375 1 1 1
v -922.64501953125 76.43412017822266 390.0160217285156 1 1 1
v -924.1467895507812 79.04212188720703 391.4230041503906 1 1 1
v -923.4242553710938 75.91860961914062 390.1695556640625 1 1 1
v -921.8785400390625 74.46732330322266 387.4506530761719 1 1 1
v -922.64501953125 76.43412017822266 390.0160217285156 1 1 1
v -923.4242553710938 75.91860961914062 390.1695556640625 1 1 1
v -922.64501953125 76.43412017822266 390.0160217285156 1 1 1
v -921.8785400390625 74.46732330322266 387.4506530761719 1 1 1
v -921.3547973632812 75.22252655029297 387.74639892578125 1 1 1
v -920.904296875 81.7425308227539 384.4103088378906 1 1 1
v -919.1770629882812 81.5610580444336 377.0347900390625 1 1 1
v -922.7636108398438 81.7423324584961 383.3529968261719 1 1 1
v -919.1770629882812 81.5610580444336 377.0347900390625 1 1 1
v -920.904296875 81.7425308227539 384.4103088378906 1 1 1
v -916.6639404296875 81.56129455566406 376.9595031738281 1 1 1
v -916.6639404296875 81.56129455566406 376.9595031738281 1 1 1
v -917.647216796875 81.09246063232422 371.7347106933594 1 1 1
v -919.1770629882812 81.5610580444336 377.0347900390625 1 1 1
v -917.647216796875 81.09246063232422 371.7347106933594 1 1 1
v -916.6639404296875 81.56129455566406 376.9595031738281 1 1 1
v -916.476806640625 81.09252166748047 371.7578430175781 1 1 1
v -916.6639404296875 76.52313232421875 376.9595031738281 1 1 1
v -917.6471557617188 76.99202728271484 371.7347106933594 1 1 1
v -916.476806640625 76.9919662475586 371.7578430175781 1 1 1
v -917.6471557617188 76.99202728271484 371.7347106933594 1 1 1
v -916.6639404296875 76.52313232421875 376.9595031738281 1 1 1
v -919.1770629882812 76.52334594726562 377.0347595214844 1 1 1
v -920.904296875 76.34191131591797 384.4103088378906 1 1 1
v -919.1770629882812 76.52334594726562 377.0347595214844 1 1 1
v -916.6639404296875 76.52313232421875 376.9595031738281 1 1 1
v -919.1770629882812 76.52334594726562 377.0347595214844 1 1 1
v -920.904296875 76.34191131591797 384.4103088378906 1 1 1
v -922.7637329101562 76.34210968017578 383.35302734375 1 1 1
v -887.63720703125 75.91929626464844 409.7169189453125 1 1 1
v -897.16259765625 74.46723175048828 400.70318603515625 1 1 1
v -886.0911254882812 74.46724700927734 406.9977111816406 1 1 1
v -897.16259765625 74.46723175048828 400.70318603515625 1 1 1
v -887.63720703125 75.91929626464844 409.7169189453125 1 1 1
v -898.7086791992188 75.9195785522461 403.4225158691406 1 1 1
v -888.3494262695312 79.04209899902344 410.98699951171875 1 1 1
v -898.7086791992188 75.9195785522461 403.4225158691406 1 1 1
v -887.63720703125 75.91929626464844 409.7169189453125 1 1 1
v -898.7086791992188 75.9195785522461 403.4225158691406 1 1 1
v -888.3494262695312 79.04209899902344 410.98699951171875 1 1 1
v -899.4207763671875 79.04214477539062 404.6925048828125 1 1 1
v -888.3494262695312 79.04209899902344 410.98699951171875 1 1 1
v -898.7086181640625 82.16475677490234 403.4225158691406 1 1 1
v -899.4207763671875 79.04214477539062 404.6925048828125 1 1 1
v -898.7086181640625 82.16475677490234 403.4225158691406 1 1 1
v -888.3494262695312 79.04209899902344 410.98699951171875 1 1 1
v -887.6372680664062 82.16500854492188 409.71697998046875 1 1 1
v -898.7086181640625 82.16475677490234 403.4225158691406 1 1 1
v -887.6372680664062 82.16500854492188 409.71697998046875 1 1 1
v -886.0911865234375 83.61701965332031 406.9977111816406 1 1 1
v -886.0911865234375 83.61701965332031 406.9977111816406 1 1 1
v -897.16259765625 83.6170425415039 400.7030944824219 1 1 1
v -898.7086181640625 82.16475677490234 403.4225158691406 1 1 1
v -897.16259765625 83.6170425415039 400.7030944824219 1 1 1
v -886.0911865234375 83.61701965332031 406.9977111816406 1 1 1
v -884.5454711914062 82.16600799560547 404.2789611816406 1 1 1
v -884.5454711914062 82.16600799560547 404.2789611816406 1 1 1
v -895.6168212890625 82.16573333740234 397.9842529296875 1 1 1
v -897.16259765625 83.6170425415039 400.7030944824219 1 1 1
v -884.5454711914062 82.16600799560547 404.2789611816406 1 1 1
v -894.8943481445312 79.04212951660156 396.73077392578125 1 1 1
v -895.6168212890625 82.16573333740234 397.9842529296875 1 1 1
v -894.8943481445312 79.04212951660156 396.73077392578125 1 1 1
v -884.5454711914062 82.16600799560547 404.2789611816406 1 1 1
v -883.8228759765625 79.04218292236328 403.0252990722656 1 1 1
v -884.5454711914062 75.9183120727539 404.2789611816406 1 1 1
v -894.8943481445312 79.04212951660156 396.73077392578125 1 1 1
v -883.8228759765625 79.04218292236328 403.0252990722656 1 1 1
v -894.8943481445312 79.04212951660156 396.73077392578125 1 1 1
v -884.5454711914062 75.9183120727539 404.2789611816406 1 1 1
v -895.6168212890625 75.9186019897461 397.9842529296875 1 1 1
v -895.6168212890625 75.9186019897461 397.9842529296875 1 1 1
v -884.5454711914062 75.9183120727539 404.2789611816406 1 1 1
v -897.16259765625 74.46723175048828 400.70318603515625 1 1 1
v -897.16259765625 74.46723175048828 400.70318603515625 1 1 1
v -884.5454711914062 75.9183120727539 404.2789611816406 1 1 1
v -886.0911254882812 74.46724700927734 406.9977111816406 1 1 1
v -897.16259765625 74.46723175048828 400.70318603515625 1 1 1
v -898.9766845703125 76.43411254882812 402.67706298828125 1 1 1
v -897.6864013671875 75.22245025634766 400.4074401855469 1 1 1
v -898.9766845703125 76.43411254882812 402.67706298828125 1 1 1
v -897.16259765625 74.46723175048828 400.70318603515625 1 1 1
v -898.7086791992188 75.9195785522461 403.4225158691406 1 1 1
v -898.7086791992188 75.9195785522461 403.4225158691406 1 1 1
v -899.5724487304688 79.04217529296875 403.7358093261719 1 1 1
v -898.9766845703125 76.43411254882812 402.67706298828125 1 1 1
v -899.5724487304688 79.04217529296875 403.7358093261719 1 1 1
v -898.7086791992188 75.9195785522461 403.4225158691406 1 1 1
v -899.4207763671875 79.04214477539062 404.6925048828125 1 1 1
v -898.7086181640625 82.16475677490234 403.4225158691406 1 1 1
v -899.5724487304688 79.04217529296875 403.7358093261719 1 1 1
v -899.4207763671875 79.04214477539062 404.6925048828125 1 1 1
v -899.5724487304688 79.04217529296875 403.7358093261719 1 1 1
v -898.7086181640625 82.16475677490234 403.4225158691406 1 1 1
v -898.9767456054688 81.65016174316406 402.6770935058594 1 1 1
v -897.16259765625 83.6170425415039 400.7030944824219 1 1 1
v -898.9767456054688 81.65016174316406 402.6770935058594 1 1 1
v -898.7086181640625 82.16475677490234 403.4225158691406 1 1 1
v -898.9767456054688 81.65016174316406 402.6770935058594 1 1 1
v -897.16259765625 83.6170425415039 400.7030944824219 1 1 1
v -897.6864013671875 82.8618392944336 400.4074401855469 1 1 1
v -897.16259765625 83.6170425415039 400.7030944824219 1 1 1
v -896.3959350585938 81.6501693725586 398.1378173828125 1 1 1
v -897.6864013671875 82.8618392944336 400.4074401855469 1 1 1
v -897.16259765625 83.6170425415039 400.7030944824219 1 1 1
v -895.6168212890625 82.16573333740234 397.9842529296875 1 1 1
v -896.3959350585938 81.6501693725586 398.1378173828125 1 1 1
v -894.8943481445312 79.04212951660156 396.73077392578125 1 1 1
v -896.3959350585938 81.6501693725586 398.1378173828125 1 1 1
v -895.6168212890625 82.16573333740234 397.9842529296875 1 1 1
v -896.3959350585938 81.6501693725586 398.1378173828125 1 1 1
v -894.8943481445312 79.04212951660156 396.73077392578125 1 1 1
v -895.7939453125 79.04219055175781 397.0898742675781 1 1 1
v -894.8943481445312 79.04212951660156 396.73077392578125 1 1 1
v -896.3958740234375 76.43412780761719 398.1378173828125 1 1 1
v -895.7939453125 79.04219055175781 397.0898742675781 1 1 1
v -896.3958740234375 76.43412780761719 398.1378173828125 1 1 1
v -894.8943481445312 79.04212951660156 396.73077392578125 1 1 1
v -895.6168212890625 75.9186019897461 397.9842529296875 1 1 1
v -895.6168212890625 75.9186019897461 397.9842529296875 1 1 1
v -897.16259765625 74.46723175048828 400.70318603515625 1 1 1
v -896.3958740234375 76.43412780761719 398.1378173828125 1 1 1
v -896.3958740234375 76.43412780761719 398.1378173828125 1 1 1
v -897.16259765625 74.46723175048828 400.70318603515625 1 1 1
v -897.6864013671875 75.22245025634766 400.4074401855469 1 1 1
v -901.3938598632812 81.09234619140625 416.4190368652344 1 1 1
v -902.3770751953125 81.56116485595703 411.1941833496094 1 1 1
v -902.5640869140625 81.09241485595703 416.3958435058594 1 1 1
v -902.3770751953125 81.56116485595703 411.1941833496094 1 1 1
v -901.3938598632812 81.09234619140625 416.4190368652344 1 1 1
v -899.8638916015625 81.5609359741211 411.11895751953125 1 1 1
v -899.8638916015625 81.5609359741211 411.11895751953125 1 1 1
v -898.13671875 81.742431640625 403.7433776855469 1 1 1
v -902.3770751953125 81.56116485595703 411.1941833496094 1 1 1
v -898.13671875 81.742431640625 403.7433776855469 1 1 1
v -899.8638916015625 81.5609359741211 411.11895751953125 1 1 1
v -896.27734375 81.74227142333984 404.8006896972656 1 1 1
v -902.3770751953125 81.56116485595703 411.1941833496094 1 1 1
v -902.564208984375 76.9918441772461 416.3958740234375 1 1 1
v -902.5640869140625 81.09241485595703 416.3958435058594 1 1 1
v -902.564208984375 76.9918441772461 416.3958740234375 1 1 1
v -902.3770751953125 81.56116485595703 411.1941833496094 1 1 1
v -902.3770751953125 76.52301025390625 411.19415283203125 1 1 1
v -902.3770751953125 81.56116485595703 411.1941833496094 1 1 1
v -898.13671875 81.742431640625 403.7433776855469 1 1 1
v -902.3770751953125 76.52301025390625 411.19415283203125 1 1 1
v -902.3770751953125 76.52301025390625 411.19415283203125 1 1 1
v -898.13671875 81.742431640625 403.7433776855469 1 1 1
v -898.13671875 76.3417739868164 403.7433776855469 1 1 1
v -902.3770751953125 76.52301025390625 411.19415283203125 1 1 1
v -901.3938598632812 76.9919204711914 416.4190368652344 1 1 1
v -902.564208984375 76.9918441772461 416.3958740234375 1 1 1
v -901.3938598632812 76.9919204711914 416.4190368652344 1 1 1
v -902.3770751953125 76.52301025390625 411.19415283203125 1 1 1
v -899.8639526367188 76.52332305908203 411.1190185546875 1 1 1
v -898.13671875 76.3417739868164 403.7433776855469 1 1 1
v -899.8639526367188 76.52332305908203 411.1190185546875 1 1 1
v -902.3770751953125 76.52301025390625 411.19415283203125 1 1 1
v -899.8639526367188 76.52332305908203 411.1190185546875 1 1 1
v -898.13671875 76.3417739868164 403.7433776855469 1 1 1
v -896.2774047851562 76.3420639038086 404.8006896972656 1 1 1
v -885.3931274414062 84.45153045654297 405.2473449707031 1 1 1
v -888.7003784179688 81.95806121826172 411.06439208984375 1 1 1
v -887.3392944335938 84.45153045654297 408.6485290527344 1 1 1
v -883.9358520507812 81.95804595947266 402.6842346191406 1 1 1
v -888.7003784179688 81.95806121826172 411.06439208984375 1 1 1
v -885.3931274414062 84.45153045654297 405.2473449707031 1 1 1
v -888.7003784179688 81.95806121826172 411.06439208984375 1 1 1
v -883.9358520507812 81.95804595947266 402.6842346191406 1 1 1
v -888.7002563476562 76.12625885009766 411.06439208984375 1 1 1
v -888.7002563476562 76.12625885009766 411.06439208984375 1 1 1
v -883.9358520507812 81.95804595947266 402.6842346191406 1 1 1
v -883.9359130859375 76.12622833251953 402.6841735839844 1 1 1
v -883.9359130859375 76.12622833251953 402.6841735839844 1 1 1
v -887.2431030273438 73.63285064697266 408.5011901855469 1 1 1
v -888.7002563476562 76.12625885009766 411.06439208984375 1 1 1
v -887.2431030273438 73.63285064697266 408.5011901855469 1 1 1
v -883.9359130859375 76.12622833251953 402.6841735839844 1 1 1
v -885.3931274414062 73.63280487060547 405.2473449707031 1 1 1
v -777.05029296875 78.51610565185547 447.4007873535156 1 1 1
v -850.20947265625 79.56826782226562 405.80682373046875 1 1 1
v -777.05029296875 79.56829071044922 447.4007873535156 1 1 1
v -850.20947265625 79.56826782226562 405.80682373046875 1 1 1
v -777.05029296875 78.51610565185547 447.4007873535156 1 1 1
v -850.20947265625 78.51608276367188 405.80682373046875 1 1 1
v -850.20947265625 78.51608276367188 405.80682373046875 1 1 1
v -874.228759765625 80.90068054199219 406.7369689941406 1 1 1
v -850.20947265625 79.56826782226562 405.80682373046875 1 1 1
v -874.228759765625 80.90068054199219 406.7369689941406 1 1 1
v -850.20947265625 78.51608276367188 405.80682373046875 1 1 1
v -874.2288208007812 77.18375396728516 406.7369384765625 1 1 1
v -874.2288208007812 77.18375396728516 406.7369384765625 1 1 1
v -881.33642578125 80.90067291259766 402.69598388671875 1 1 1
v -874.228759765625 80.90068054199219 406.7369689941406 1 1 1
v -881.33642578125 80.90067291259766 402.69598388671875 1 1 1
v -874.2288208007812 77.18375396728516 406.7369384765625 1 1 1
v -881.3364868164062 77.18370819091797 402.69598388671875 1 1 1
v -881.3364868164062 77.18370819091797 402.69598388671875 1 1 1
v -883.9358520507812 81.95804595947266 402.6842346191406 1 1 1
v -881.33642578125 80.90067291259766 402.69598388671875 1 1 1
v -883.9358520507812 81.95804595947266 402.6842346191406 1 1 1
v -881.3364868164062 77.18370819091797 402.69598388671875 1 1 1
v -883.9359130859375 76.12622833251953 402.6841735839844 1 1 1
v -791.2454223632812 79.0422592163086 472.3685302734375 1 1 1
v -788.473388671875 77.18177795410156 467.4927062988281 1 1 1
v -788.473388671875 80.90259552001953 467.4927062988281 1 1 1
v -788.473388671875 80.90259552001953 467.4927062988281 1 1 1
v -788.473388671875 77.18177795410156 467.4927062988281 1 1 1
v -785.8724975585938 81.02088165283203 462.9181213378906 1 1 1
v -788.473388671875 77.18177795410156 467.4927062988281 1 1 1
v -785.8724975585938 77.06342315673828 462.9181213378906 1 1 1
v -785.8724975585938 81.02088165283203 462.9181213378906 1 1 1
v -777.05029296875 78.51610565185547 447.4007873535156 1 1 1
v -785.8724975585938 81.02088165283203 462.9181213378906 1 1 1
v -785.8724975585938 77.06342315673828 462.9181213378906 1 1 1
v -785.8724975585938 81.02088165283203 462.9181213378906 1 1 1
v -777.05029296875 78.51610565185547 447.4007873535156 1 1 1
v -777.05029296875 79.56829071044922 447.4007873535156 1 1 1
v -907.3016357421875 98.04741668701172 420.5615234375 1 1 1
v -913.9931030273438 95.55396270751953 420.5614929199219 1 1 1
v -911.0446166992188 98.04741668701172 420.5614929199219 1 1 1
v -904.3531494140625 95.55396270751953 420.5615234375 1 1 1
v -913.9931030273438 95.55396270751953 420.5614929199219 1 1 1
v -907.3016357421875 98.04741668701172 420.5615234375 1 1 1
v -913.9931030273438 89.7221450805664 420.5614929199219 1 1 1
v -913.9931030273438 95.55396270751953 420.5614929199219 1 1 1
v -904.3531494140625 95.55396270751953 420.5615234375 1 1 1
v -904.3531494140625 89.7221450805664 420.5615234375 1 1 1
v -913.9931030273438 89.7221450805664 420.5614929199219 1 1 1
v -904.3531494140625 95.55396270751953 420.5615234375 1 1 1
v -913.9931030273438 89.7221450805664 420.5614929199219 1 1 1
v -904.3531494140625 89.7221450805664 420.5615234375 1 1 1
v -907.3016357421875 87.22869110107422 420.5615234375 1 1 1
v -913.9931030273438 89.7221450805664 420.5614929199219 1 1 1
v -907.3016357421875 87.22869110107422 420.5615234375 1 1 1
v -911.0446166992188 87.22869110107422 420.5614929199219 1 1 1
v -919.1195678710938 92.6380386352539 535.5804443359375 1 1 1
v -913.5108032226562 90.77763366699219 535.5804443359375 1 1 1
v -913.5108032226562 94.49845123291016 535.5804443359375 1 1 1
v -908.2485961914062 94.61676788330078 535.5804443359375 1 1 1
v -913.5108032226562 94.49845123291016 535.5804443359375 1 1 1
v -913.5108032226562 90.77763366699219 535.5804443359375 1 1 1
v -908.2485961914062 94.61676788330078 535.5804443359375 1 1 1
v -913.5108032226562 90.77763366699219 535.5804443359375 1 1 1
v -908.2485961914062 90.65931701660156 535.5804443359375 1 1 1
v -890.3985595703125 93.16413116455078 535.5805053710938 1 1 1
v -908.2485961914062 94.61676788330078 535.5804443359375 1 1 1
v -908.2485961914062 90.65931701660156 535.5804443359375 1 1 1
v -890.3985595703125 93.16413116455078 535.5805053710938 1 1 1
v -908.2485961914062 90.65931701660156 535.5804443359375 1 1 1
v -890.3985595703125 92.11194610595703 535.5805053710938 1 1 1
v -927.872802734375 87.02342987060547 403.3563232421875 1 1 1
v -923.4864501953125 90.70938873291016 400.85504150390625 1 1 1
v -924.9033813476562 87.02342987060547 401.6626281738281 1 1 1
v -923.4864501953125 90.70938873291016 400.85504150390625 1 1 1
v -927.872802734375 87.02342987060547 403.3563232421875 1 1 1
v -929.2902221679688 90.70938873291016 404.1641540527344 1 1 1
v -929.2902221679688 90.70938873291016 404.1641540527344 1 1 1
v -923.4986572265625 93.86546325683594 400.85504150390625 1 1 1
v -923.4864501953125 90.70938873291016 400.85504150390625 1 1 1
v -923.4986572265625 93.86546325683594 400.85504150390625 1 1 1
v -929.2902221679688 90.70938873291016 404.1641540527344 1 1 1
v -929.302490234375 93.86546325683594 404.1641540527344 1 1 1
v -927.7994995117188 95.89311981201172 403.31402587890625 1 1 1
v -923.4986572265625 93.86546325683594 400.85504150390625 1 1 1
v -929.302490234375 93.86546325683594 404.1641540527344 1 1 1
v -923.4986572265625 93.86546325683594 400.85504150390625 1 1 1
v -927.7994995117188 95.89311981201172 403.31402587890625 1 1 1
v -924.9771728515625 95.89311981201172 401.70513916015625 1 1 1
v -926.5316162109375 87.02342987060547 405.7070007324219 1 1 1
v -929.2902221679688 90.70938873291016 404.1641540527344 1 1 1
v -927.872802734375 87.02342987060547 403.3563232421875 1 1 1
v -926.5316162109375 87.02342987060547 405.7070007324219 1 1 1
v -927.9486083984375 90.70938873291016 406.5146179199219 1 1 1
v -929.2902221679688 90.70938873291016 404.1641540527344 1 1 1
v -927.9486083984375 90.70938873291016 406.5146179199219 1 1 1
v -929.302490234375 93.86546325683594 404.1641540527344 1 1 1
v -929.2902221679688 90.70938873291016 404.1641540527344 1 1 1
v -929.302490234375 93.86546325683594 404.1641540527344 1 1 1
v -927.9486083984375 90.70938873291016 406.5146179199219 1 1 1
v -927.9608764648438 93.86547088623047 406.5146179199219 1 1 1
v -926.4578857421875 95.89311981201172 405.66448974609375 1 1 1
v -929.302490234375 93.86546325683594 404.1641540527344 1 1 1
v -927.9608764648438 93.86547088623047 406.5146179199219 1 1 1
v -929.302490234375 93.86546325683594 404.1641540527344 1 1 1
v -926.4578857421875 95.89311981201172 405.66448974609375 1 1 1
v -927.7994995117188 95.89311981201172 403.31402587890625 1 1 1
v -926.4578857421875 95.89311981201172 405.66448974609375 1 1 1
v -924.9771728515625 95.89311981201172 401.70513916015625 1 1 1
v -927.7994995117188 95.89311981201172 403.31402587890625 1 1 1
v -924.9771728515625 95.89311981201172 401.70513916015625 1 1 1
v -926.4578857421875 95.89311981201172 405.66448974609375 1 1 1
v -923.6355590820312 95.89311981201172 404.05560302734375 1 1 1
v -922.1570434570312 93.86546325683594 403.20550537109375 1 1 1
v -924.9771728515625 95.89311981201172 401.70513916015625 1 1 1
v -923.6355590820312 95.89311981201172 404.05560302734375 1 1 1
v -924.9771728515625 95.89311981201172 401.70513916015625 1 1 1
v -922.1570434570312 93.86546325683594 403.20550537109375 1 1 1
v -923.4986572265625 93.86546325683594 400.85504150390625 1 1 1
v -922.1570434570312 93.86546325683594 403.20550537109375 1 1 1
v -922.1448364257812 90.70938873291016 403.20550537109375 1 1 1
v -923.4986572265625 93.86546325683594 400.85504150390625 1 1 1
v -922.1448364257812 90.70938873291016 403.20550537109375 1 1 1
v -923.4864501953125 90.70938873291016 400.85504150390625 1 1 1
v -923.4986572265625 93.86546325683594 400.85504150390625 1 1 1
v -922.1448364257812 90.70938873291016 403.20550537109375 1 1 1
v -924.9033813476562 87.02342987060547 401.6626281738281 1 1 1
v -923.4864501953125 90.70938873291016 400.85504150390625 1 1 1
v -922.1448364257812 90.70938873291016 403.20550537109375 1 1 1
v -923.5621948242188 87.02342987060547 404.0133361816406 1 1 1
v -924.9033813476562 87.02342987060547 401.6626281738281 1 1 1
v -925.84716796875 49.21745681762695 402.8751220703125 1 1 1
v -925.3384399414062 87.43951416015625 402.9244079589844 1 1 1
v -925.0546264648438 49.21745681762695 402.8727722167969 1 1 1
v -925.3384399414062 87.43951416015625 402.9244079589844 1 1 1
v -925.84716796875 49.21745681762695 402.8751220703125 1 1 1
v -926.1310424804688 87.43951416015625 402.9267883300781 1 1 1
v -926.2413940429688 49.21745681762695 403.5627136230469 1 1 1
v -926.1310424804688 87.43951416015625 402.9267883300781 1 1 1
v -925.84716796875 49.21745681762695 402.8751220703125 1 1 1
v -926.1310424804688 87.43951416015625 402.9267883300781 1 1 1
v -926.2413940429688 49.21745681762695 403.5627136230469 1 1 1
v -926.5252685546875 87.43951416015625 403.6143493652344 1 1 1
v -925.8430786132812 49.21745681762695 404.24786376953125 1 1 1
v -926.5252685546875 87.43951416015625 403.6143493652344 1 1 1
v -926.2413940429688 49.21745681762695 403.5627136230469 1 1 1
v -926.5252685546875 87.43951416015625 403.6143493652344 1 1 1
v -925.8430786132812 49.21745681762695 404.24786376953125 1 1 1
v -926.1268920898438 87.43950653076172 404.2995300292969 1 1 1
v -926.1268920898438 87.43950653076172 404.2995300292969 1 1 1
v -925.8430786132812 49.21745681762695 404.24786376953125 1 1 1
v -925.3343505859375 87.43950653076172 404.2971496582031 1 1 1
v -925.3343505859375 87.43950653076172 404.2971496582031 1 1 1
v -925.8430786132812 49.21745681762695 404.24786376953125 1 1 1
v -925.050537109375 49.21745300292969 404.2455139160156 1 1 1
v -925.050537109375 49.21745300292969 404.2455139160156 1 1 1
v -924.9401245117188 87.43950653076172 403.6095886230469 1 1 1
v -925.3343505859375 87.43950653076172 404.2971496582031 1 1 1
v -924.9401245117188 87.43950653076172 403.6095886230469 1 1 1
v -925.050537109375 49.21745300292969 404.2455139160156 1 1 1
v -924.6563110351562 49.21745681762695 403.5579528808594 1 1 1
v -924.6563110351562 49.21745681762695 403.5579528808594 1 1 1
v -925.3384399414062 87.43951416015625 402.9244079589844 1 1 1
v -924.9401245117188 87.43950653076172 403.6095886230469 1 1 1
v -925.3384399414062 87.43951416015625 402.9244079589844 1 1 1
v -924.6563110351562 49.21745681762695 403.5579528808594 1 1 1
v -925.0546264648438 49.21745681762695 402.8727722167969 1 1 1
v -911.88037109375 45.57508850097656 399.1717834472656 1 1 1
v -911.8614501953125 54.34384536743164 407.1147766113281 1 1 1
v -911.7418823242188 54.521419525146484 399.1714172363281 1 1 1
v -911.8564453125 57.70447540283203 404.5971374511719 1 1 1
v -911.7418823242188 54.521419525146484 399.1714172363281 1 1 1
v -911.8614501953125 54.34384536743164 407.1147766113281 1 1 1
v -911.8614501953125 54.34384536743164 407.1147766113281 1 1 1
v -911.8614501953125 74.16597747802734 407.1147766113281 1 1 1
v -911.8564453125 57.70447540283203 404.5971374511719 1 1 1
v -911.8645629882812 74.16597747802734 404.98248291015625 1 1 1
v -911.8564453125 57.70447540283203 404.5971374511719 1 1 1
v -911.8614501953125 74.16597747802734 407.1147766113281 1 1 1
v -911.8614501953125 74.16597747802734 407.1147766113281 1 1 1
v -914.5755615234375 79.06534576416016 404.9877624511719 1 1 1
v -911.8645629882812 74.16597747802734 404.98248291015625 1 1 1
v -911.8645629882812 74.16597747802734 404.98248291015625 1 1 1
v -914.5755615234375 79.06534576416016 404.9877624511719 1 1 1
v -911.3388671875 75.0793685913086 403.8293151855469 1 1 1
v -911.3388671875 75.0793685913086 403.8293151855469 1 1 1
v -914.5755615234375 79.06534576416016 404.9877624511719 1 1 1
v -913.5205078125 79.06161499023438 403.8341369628906 1 1 1
v -914.5755615234375 79.06534576416016 404.9877624511719 1 1 1
v -911.8614501953125 74.16597747802734 407.1147766113281 1 1 1
v -914.572021484375 79.0655517578125 407.12005615234375 1 1 1
v -914.5755615234375 79.06534576416016 404.9877624511719 1 1 1
v -911.4130249023438 82.82113647460938 403.8349304199219 1 1 1
v -913.5205078125 79.06161499023438 403.8341369628906 1 1 1
v -914.572021484375 79.0655517578125 407.12005615234375 1 1 1
v -911.9649047851562 83.6799545288086 404.988525390625 1 1 1
v -914.5755615234375 79.06534576416016 404.9877624511719 1 1 1
v -914.5755615234375 79.06534576416016 404.9877624511719 1 1 1
v -911.9649047851562 83.6799545288086 404.988525390625 1 1 1
v -911.4130249023438 82.82113647460938 403.8349304199219 1 1 1
v -914.572021484375 79.0655517578125 407.12005615234375 1 1 1
v -911.9631958007812 83.6799545288086 407.1208190917969 1 1 1
v -911.9649047851562 83.6799545288086 404.988525390625 1 1 1
v -906.3758544921875 83.70581817626953 407.1078186035156 1 1 1
v -911.9649047851562 83.6799545288086 404.988525390625 1 1 1
v -911.9631958007812 83.6799545288086 407.1208190917969 1 1 1
v -906.37744140625 83.70581817626953 404.9755554199219 1 1 1
v -911.4130249023438 82.82113647460938 403.8349304199219 1 1 1
v -911.9649047851562 83.6799545288086 404.988525390625 1 1 1
v -911.9649047851562 83.6799545288086 404.988525390625 1 1 1
v -906.3758544921875 83.70581817626953 407.1078186035156 1 1 1
v -906.37744140625 83.70581817626953 404.9755554199219 1 1 1
v -911.4130249023438 82.82113647460938 403.8349304199219 1 1 1
v -906.37744140625 83.70581817626953 404.9755554199219 1 1 1
v -906.9283447265625 82.83749389648438 403.82440185546875 1 1 1
v -903.7536010742188 79.04220581054688 407.1070861816406 1 1 1
v -906.37744140625 83.70581817626953 404.9755554199219 1 1 1
v -906.3758544921875 83.70581817626953 407.1078186035156 1 1 1
v -903.75732421875 79.04199981689453 404.97479248046875 1 1 1
v -906.9283447265625 82.83749389648438 403.82440185546875 1 1 1
v -906.37744140625 83.70581817626953 404.9755554199219 1 1 1
v -906.37744140625 83.70581817626953 404.9755554199219 1 1 1
v -903.7536010742188 79.04220581054688 407.1070861816406 1 1 1
v -903.75732421875 79.04199981689453 404.97479248046875 1 1 1
v -906.9283447265625 82.83749389648438 403.82440185546875 1 1 1
v -903.75732421875 79.04199981689453 404.97479248046875 1 1 1
v -904.816162109375 79.03886413574219 403.82373046875 1 1 1
v -903.75732421875 79.04199981689453 404.97479248046875 1 1 1
v -906.9998779296875 75.0793685913086 403.8230895996094 1 1 1
v -904.816162109375 79.03886413574219 403.82373046875 1 1 1
v -906.9998779296875 75.0793685913086 403.8230895996094 1 1 1
v -903.75732421875 79.04199981689453 404.97479248046875 1 1 1
v -906.4708862304688 74.16597747802734 404.97467041015625 1 1 1
v -906.4678344726562 74.16597747802734 407.1069641113281 1 1 1
v -903.75732421875 79.04199981689453 404.97479248046875 1 1 1
v -903.7536010742188 79.04220581054688 407.1070861816406 1 1 1
v -903.75732421875 79.04199981689453 404.97479248046875 1 1 1
v -906.4678344726562 74.16597747802734 407.1069641113281 1 1 1
v -906.4708862304688 74.16597747802734 404.97467041015625 1 1 1
v -906.4678344726562 74.16597747802734 407.1069641113281 1 1 1
v -906.4814453125 57.70192337036133 404.5906677246094 1 1 1
v -906.4708862304688 74.16597747802734 404.97467041015625 1 1 1
v -906.4814453125 57.70192337036133 404.5906677246094 1 1 1
v -906.4678344726562 74.16597747802734 407.1069641113281 1 1 1
v -906.4678344726562 54.34384536743164 407.1069641113281 1 1 1
v -906.4678344726562 54.34384536743164 407.1069641113281 1 1 1
v -906.6300659179688 54.46974563598633 399.15814208984375 1 1 1
v -906.4814453125 57.70192337036133 404.5906677246094 1 1 1
v -906.6300659179688 54.46974563598633 399.15814208984375 1 1 1
v -906.4678344726562 54.34384536743164 407.1069641113281 1 1 1
v -906.4867553710938 45.51615524291992 399.1577453613281 1 1 1
v -906.9998779296875 75.0793685913086 403.8230895996094 1 1 1
v -911.8645629882812 74.16597747802734 404.98248291015625 1 1 1
v -911.3388671875 75.0793685913086 403.8293151855469 1 1 1
v -911.8645629882812 74.16597747802734 404.98248291015625 1 1 1
v -906.9998779296875 75.0793685913086 403.8230895996094 1 1 1
v -906.4708862304688 74.16597747802734 404.97467041015625 1 1 1
v -906.4708862304688 74.16597747802734 404.97467041015625 1 1 1
v -911.8564453125 57.70447540283203 404.5971374511719 1 1 1
v -911.8645629882812 74.16597747802734 404.98248291015625 1 1 1
v -911.8564453125 57.70447540283203 404.5971374511719 1 1 1
v -906.4708862304688 74.16597747802734 404.97467041015625 1 1 1
v -906.4814453125 57.70192337036133 404.5906677246094 1 1 1
v -906.6300659179688 54.46974563598633 399.15814208984375 1 1 1
v -911.8564453125 57.70447540283203 404.5971374511719 1 1 1
v -906.4814453125 57.70192337036133 404.5906677246094 1 1 1
v -911.8564453125 57.70447540283203 404.5971374511719 1 1 1
v -906.6300659179688 54.46974563598633 399.15814208984375 1 1 1
v -911.7418823242188 54.521419525146484 399.1714172363281 1 1 1
v -910.5172729492188 73.42755889892578 414.62677001953125 1 1 1
v -910.5237426757812 77.11351013183594 409.5773620605469 1 1 1
v -910.52197265625 73.42755126953125 411.2082824707031 1 1 1
v -910.5237426757812 77.11351013183594 409.5773620605469 1 1 1
v -910.5172729492188 73.42755889892578 414.62677001953125 1 1 1
v -910.5155639648438 77.1135025024414 416.25823974609375 1 1 1
v -910.5155639648438 77.1135025024414 416.25823974609375 1 1 1
v -910.52978515625 80.26958465576172 409.5879821777344 1 1 1
v -910.5237426757812 77.11351013183594 409.5773620605469 1 1 1
v -910.52978515625 80.26958465576172 409.5879821777344 1 1 1
v -910.5155639648438 77.1135025024414 416.25823974609375 1 1 1
v -910.5216064453125 80.26958465576172 416.26885986328125 1 1 1
v -910.5177612304688 82.2972412109375 414.5421142578125 1 1 1
v -910.52978515625 80.26958465576172 409.5879821777344 1 1 1
v -910.5216064453125 80.26958465576172 416.26885986328125 1 1 1
v -910.52978515625 80.26958465576172 409.5879821777344 1 1 1
v -910.5177612304688 82.2972412109375 414.5421142578125 1 1 1
v -910.5215454101562 82.29724884033203 411.29345703125 1 1 1
v -928.0812377929688 45.327945709228516 402.8938293457031 1 1 1
v -926.3543701171875 45.32794189453125 405.9298095703125 1 1 1
v -927.8496704101562 45.757598876953125 404.771240234375 1 1 1
v -926.904541015625 44.929508209228516 401.4127197265625 1 1 1
v -926.3543701171875 45.32794189453125 405.9298095703125 1 1 1
v -928.0812377929688 45.327945709228516 402.8938293457031 1 1 1
v -926.3543701171875 45.32794189453125 405.9298095703125 1 1 1
v -926.904541015625 44.929508209228516 401.4127197265625 1 1 1
v -924.4798583984375 44.929508209228516 405.6754150390625 1 1 1
v -922.770751953125 44.92949676513672 399.1039733886719 1 1 1
v -924.4798583984375 44.929508209228516 405.6754150390625 1 1 1
v -926.904541015625 44.929508209228516 401.4127197265625 1 1 1
v -924.4798583984375 44.929508209228516 405.6754150390625 1 1 1
v -922.770751953125 44.92949676513672 399.1039733886719 1 1 1
v -920.3826904296875 44.92949676513672 403.3024597167969 1 1 1
v -916.7258911132812 45.679710388183594 401.179931640625 1 1 1
v -920.3826904296875 44.92949676513672 403.3024597167969 1 1 1
v -922.770751953125 44.92949676513672 399.1039733886719 1 1 1
v -919.077392578125 45.679710388183594 397.0457458496094 1 1 1
v -916.7258911132812 45.679710388183594 401.179931640625 1 1 1
v -922.770751953125 44.92949676513672 399.1039733886719 1 1 1
v -918.5526733398438 45.67970657348633 395.71026611328125 1 1 1
v -916.7258911132812 45.679710388183594 401.179931640625 1 1 1
v -919.077392578125 45.679710388183594 397.0457458496094 1 1 1
v -918.5526733398438 45.67970657348633 395.71026611328125 1 1 1
v -914.0968017578125 45.67970657348633 401.6500244140625 1 1 1
v -916.7258911132812 45.679710388183594 401.179931640625 1 1 1
v -918.5526733398438 45.67970657348633 395.71026611328125 1 1 1
v -902.9825439453125 45.679710388183594 401.4114074707031 1 1 1
v -914.0968017578125 45.67970657348633 401.6500244140625 1 1 1
v -918.5526733398438 45.67970657348633 395.71026611328125 1 1 1
v -900.2725830078125 45.679710388183594 397.2957458496094 1 1 1
v -902.9825439453125 45.679710388183594 401.4114074707031 1 1 1
v -914.0968017578125 45.67970657348633 401.6500244140625 1 1 1
v -902.9825439453125 45.679710388183594 401.4114074707031 1 1 1
v -905.8665771484375 45.67970657348633 403.0764465332031 1 1 1
v -918.01953125 45.67971420288086 390.8363952636719 1 1 1
v -900.2725830078125 45.679710388183594 397.2957458496094 1 1 1
v -918.5526733398438 45.67970657348633 395.71026611328125 1 1 1
v -914.0968017578125 45.67970657348633 401.6500244140625 1 1 1
v -905.8665771484375 45.67970657348633 403.0764465332031 1 1 1
v -911.524169921875 45.67970657348633 404.19281005859375 1 1 1
v -918.01953125 45.67971420288086 390.8363952636719 1 1 1
v -899.7100219726562 45.67967987060547 392.4154052734375 1 1 1
v -900.2725830078125 45.679710388183594 397.2957458496094 1 1 1
v -911.524169921875 45.67970657348633 404.19281005859375 1 1 1
v -905.8665771484375 45.67970657348633 403.0764465332031 1 1 1
v -906.7679443359375 45.67970657348633 404.19281005859375 1 1 1
v -915.3094482421875 45.67971420288086 386.7207946777344 1 1 1
v -899.7100219726562 45.67967987060547 392.4154052734375 1 1 1
v -918.01953125 45.67971420288086 390.8363952636719 1 1 1
v -906.7310180664062 44.92949295043945 408.42083740234375 1 1 1
v -911.524169921875 45.67970657348633 404.19281005859375 1 1 1
v -906.7679443359375 45.67970657348633 404.19281005859375 1 1 1
v -911.524169921875 45.67970657348633 404.19281005859375 1 1 1
v -906.7310180664062 44.92949295043945 408.42083740234375 1 1 1
v -911.5611572265625 44.92949295043945 408.4208068847656 1 1 1
v -906.7310180664062 44.92949295043945 408.42083740234375 1 1 1
v -911.5980834960938 44.929500579833984 413.1554260253906 1 1 1
v -911.5611572265625 44.92949295043945 408.4208068847656 1 1 1
v -911.5980834960938 44.929500579833984 413.1554260253906 1 1 1
v -906.7310180664062 44.92949295043945 408.42083740234375 1 1 1
v -906.694091796875 44.929500579833984 413.15545654296875 1 1 1
v -906.694091796875 44.929500579833984 413.15545654296875 1 1 1
v -910.8924560546875 45.327938079833984 414.9105529785156 1 1 1
v -911.5980834960938 44.929500579833984 413.1554260253906 1 1 1
v -910.8924560546875 45.327938079833984 414.9105529785156 1 1 1
v -906.694091796875 44.929500579833984 413.15545654296875 1 1 1
v -907.3997192382812 45.327938079833984 414.9105529785156 1 1 1
v -910.8924560546875 45.327938079833984 414.9105529785156 1 1 1
v -907.3997192382812 45.327938079833984 414.9105529785156 1 1 1
v -909.1460571289062 45.757591247558594 415.6375427246094 1 1 1
v -899.7100219726562 45.67967987060547 392.4154052734375 1 1 1
v -915.3094482421875 45.67971420288086 386.7207946777344 1 1 1
v -903.5455932617188 45.67972183227539 386.289794921875 1 1 1
v -903.5455932617188 45.67972183227539 386.289794921875 1 1 1
v -915.3094482421875 45.67971420288086 386.7207946777344 1 1 1
v -912.3961181640625 45.67972183227539 385.03472900390625 1 1 1
v -899.7100219726562 45.67967987060547 392.4154052734375 1 1 1
v -903.5455932617188 45.67972183227539 386.289794921875 1 1 1
v -901.5701293945312 45.679710388183594 386.95703125 1 1 1
v -903.5455932617188 45.67972183227539 386.289794921875 1 1 1
v -912.3961181640625 45.67972183227539 385.03472900390625 1 1 1
v -906.7348022460938 45.67975997924805 383.9376525878906 1 1 1
v -899.7100219726562 45.67967987060547 392.4154052734375 1 1 1
v -901.5701293945312 45.679710388183594 386.95703125 1 1 1
v -899.1935424804688 45.679691314697266 391.0768127441406 1 1 1
v -906.7348022460938 45.67975997924805 383.9376525878906 1 1 1
v -912.3961181640625 45.67972183227539 385.03472900390625 1 1 1
v -911.490966796875 45.67975616455078 383.9214782714844 1 1 1
v -901.5701293945312 45.679710388183594 386.95703125 1 1 1
v -895.5127563476562 44.92948532104492 388.9961242675781 1 1 1
v -899.1935424804688 45.679691314697266 391.0768127441406 1 1 1
v -906.7348022460938 45.67975997924805 383.9376525878906 1 1 1
v -911.490966796875 45.67975616455078 383.9214782714844 1 1 1
v -906.6834716796875 44.92952346801758 379.7098388671875 1 1 1
v -895.5127563476562 44.92948532104492 388.9961242675781 1 1 1
v -901.5701293945312 45.679710388183594 386.95703125 1 1 1
v -897.92626953125 44.929481506347656 384.8122863769531 1 1 1
v -911.490966796875 45.67975616455078 383.9214782714844 1 1 1
v -911.5135498046875 44.92948532104492 379.6933288574219 1 1 1
v -906.6834716796875 44.92952346801758 379.7098388671875 1 1 1
v -897.92626953125 44.929481506347656 384.8122863769531 1 1 1
v -891.39306640625 44.929500579833984 386.66217041015625 1 1 1
v -895.5127563476562 44.92948532104492 388.9961242675781 1 1 1
v -911.5343627929688 44.929508209228516 374.9585876464844 1 1 1
v -906.6834716796875 44.92952346801758 379.7098388671875 1 1 1
v -911.5135498046875 44.92948532104492 379.6933288574219 1 1 1
v -891.39306640625 44.929500579833984 386.66217041015625 1 1 1
v -897.92626953125 44.929481506347656 384.8122863769531 1 1 1
v -893.8436889648438 44.9295539855957 382.41436767578125 1 1 1
v -906.6834716796875 44.92952346801758 379.7098388671875 1 1 1
v -911.5343627929688 44.929508209228516 374.9585876464844 1 1 1
v -906.6301879882812 44.92949676513672 374.975341796875 1 1 1
v -893.8436889648438 44.9295539855957 382.41436767578125 1 1 1
v -890.2254638671875 45.32796096801758 385.1739196777344 1 1 1
v -891.39306640625 44.929500579833984 386.66217041015625 1 1 1
v -906.6301879882812 44.92949676513672 374.975341796875 1 1 1
v -911.5343627929688 44.929508209228516 374.9585876464844 1 1 1
v -907.3300170898438 45.32793045043945 373.2178649902344 1 1 1
v -890.2254638671875 45.32796096801758 385.1739196777344 1 1 1
v -893.8436889648438 44.9295539855957 382.41436767578125 1 1 1
v -891.9707641601562 45.32796859741211 382.1485595703125 1 1 1
v -890.2254638671875 45.32796096801758 385.1739196777344 1 1 1
v -891.9707641601562 45.32796859741211 382.1485595703125 1 1 1
v -890.4684448242188 45.75761032104492 383.2980041503906 1 1 1
v -910.82275390625 45.32796096801758 373.2059631347656 1 1 1
v -907.3300170898438 45.32793045043945 373.2178649902344 1 1 1
v -911.5343627929688 44.929508209228516 374.9585876464844 1 1 1
v -907.3300170898438 45.32793045043945 373.2178649902344 1 1 1
v -910.82275390625 45.32796096801758 373.2059631347656 1 1 1
v -909.0738525390625 45.757591247558594 372.4848937988281 1 1 1
v -907.3300170898438 49.39468765258789 373.2178649902344 1 1 1
v -909.0738525390625 45.757591247558594 372.4848937988281 1 1 1
v -909.0738525390625 49.39469909667969 372.48492431640625 1 1 1
v -909.0738525390625 45.757591247558594 372.4848937988281 1 1 1
v -907.3300170898438 49.39468765258789 373.2178649902344 1 1 1
v -907.3300170898438 45.32793045043945 373.2178649902344 1 1 1
v -906.6302490234375 49.39474105834961 374.975341796875 1 1 1
v -907.3300170898438 45.32793045043945 373.2178649902344 1 1 1
v -907.3300170898438 49.39468765258789 373.2178649902344 1 1 1
v -907.3300170898438 45.32793045043945 373.2178649902344 1 1 1
v -906.6302490234375 49.39474105834961 374.975341796875 1 1 1
v -906.6301879882812 44.92949676513672 374.975341796875 1 1 1
v -906.70458984375 49.394691467285156 379.6454772949219 1 1 1
v -906.6301879882812 44.92949676513672 374.975341796875 1 1 1
v -906.6302490234375 49.39474105834961 374.975341796875 1 1 1
v -906.70458984375 49.394691467285156 379.6454772949219 1 1 1
v -906.6834716796875 44.92952346801758 379.7098388671875 1 1 1
v -906.6301879882812 44.92949676513672 374.975341796875 1 1 1
v -906.7348022460938 45.67975997924805 383.9376525878906 1 1 1
v -906.6834716796875 44.92952346801758 379.7098388671875 1 1 1
v -906.70458984375 49.394691467285156 379.6454772949219 1 1 1
v -906.7348022460938 45.67975997924805 383.9376525878906 1 1 1
v -906.70458984375 49.394691467285156 379.6454772949219 1 1 1
v -906.7347412109375 48.71621322631836 383.9376220703125 1 1 1
v -906.7347412109375 48.71621322631836 383.9376220703125 1 1 1
v -903.5455932617188 45.67972183227539 386.289794921875 1 1 1
v -906.7348022460938 45.67975997924805 383.9376525878906 1 1 1
v -903.5455932617188 45.67972183227539 386.289794921875 1 1 1
v -906.7347412109375 48.71621322631836 383.9376220703125 1 1 1
v -903.5455322265625 48.7161750793457 386.289794921875 1 1 1
v -903.5455322265625 48.7161750793457 386.289794921875 1 1 1
v -901.5701293945312 45.679710388183594 386.95703125 1 1 1
v -903.5455932617188 45.67972183227539 386.289794921875 1 1 1
v -901.5701293945312 45.679710388183594 386.95703125 1 1 1
v -903.5455322265625 48.7161750793457 386.289794921875 1 1 1
v -901.5701293945312 48.71621322631836 386.95703125 1 1 1
v -897.8599243164062 49.39468765258789 384.7987060546875 1 1 1
v -901.5701293945312 45.679710388183594 386.95703125 1 1 1
v -901.5701293945312 48.71621322631836 386.95703125 1 1 1
v -901.5701293945312 45.679710388183594 386.95703125 1 1 1
v -897.8599243164062 49.39468765258789 384.7987060546875 1 1 1
v -897.92626953125 44.929481506347656 384.8122863769531 1 1 1
v -897.92626953125 44.929481506347656 384.8122863769531 1 1 1
v -897.8599243164062 49.39468765258789 384.7987060546875 1 1 1
v -893.8436889648438 44.9295539855957 382.41436767578125 1 1 1
v -893.8436889648438 44.9295539855957 382.41436767578125 1 1 1
v -897.8599243164062 49.39468765258789 384.7987060546875 1 1 1
v -893.8436889648438 49.39470291137695 382.41436767578125 1 1 1
v -893.8436889648438 44.9295539855957 382.41436767578125 1 1 1
v -893.8436889648438 49.39470291137695 382.41436767578125 1 1 1
v -891.9707641601562 45.32796859741211 382.1485595703125 1 1 1
v -891.9707641601562 45.32796859741211 382.1485595703125 1 1 1
v -893.8436889648438 49.39470291137695 382.41436767578125 1 1 1
v -891.9707641601562 49.39468002319336 382.1485900878906 1 1 1
v -891.9707641601562 45.32796859741211 382.1485595703125 1 1 1
v -891.9707641601562 49.39468002319336 382.1485900878906 1 1 1
v -890.4684448242188 45.75761032104492 383.2980041503906 1 1 1
v -890.4684448242188 45.75761032104492 383.2980041503906 1 1 1
v -891.9707641601562 49.39468002319336 382.1485900878906 1 1 1
v -890.468505859375 49.39469528198242 383.2979736328125 1 1 1
v -890.2254638671875 49.39474868774414 385.1739196777344 1 1 1
v -890.4684448242188 45.75761032104492 383.2980041503906 1 1 1
v -890.468505859375 49.39469528198242 383.2979736328125 1 1 1
v -890.4684448242188 45.75761032104492 383.2980041503906 1 1 1
v -890.2254638671875 49.39474868774414 385.1739196777344 1 1 1
v -890.2254638671875 45.32796096801758 385.1739196777344 1 1 1
v -891.3931274414062 49.39471435546875 386.6622009277344 1 1 1
v -890.2254638671875 45.32796096801758 385.1739196777344 1 1 1
v -890.2254638671875 49.39474868774414 385.1739196777344 1 1 1
v -890.2254638671875 45.32796096801758 385.1739196777344 1 1 1
v -891.3931274414062 49.39471435546875 386.6622009277344 1 1 1
v -891.39306640625 44.929500579833984 386.66217041015625 1 1 1
v -895.4677734375 49.39474105834961 388.94537353515625 1 1 1
v -891.39306640625 44.929500579833984 386.66217041015625 1 1 1
v -891.3931274414062 49.39471435546875 386.6622009277344 1 1 1
v -891.39306640625 44.929500579833984 386.66217041015625 1 1 1
v -895.4677734375 49.39474105834961 388.94537353515625 1 1 1
v -895.5127563476562 44.92948532104492 388.9961242675781 1 1 1
v -895.4677734375 49.39474105834961 388.94537353515625 1 1 1
v -899.1935424804688 45.679691314697266 391.0768127441406 1 1 1
v -895.5127563476562 44.92948532104492 388.9961242675781 1 1 1
v -895.4677734375 49.39474105834961 388.94537353515625 1 1 1
v -899.1934814453125 48.71617889404297 391.0767822265625 1 1 1
v -899.1935424804688 45.679691314697266 391.0768127441406 1 1 1
v -899.7100830078125 48.7161979675293 392.4154052734375 1 1 1
v -899.1935424804688 45.679691314697266 391.0768127441406 1 1 1
v -899.1934814453125 48.71617889404297 391.0767822265625 1 1 1
v -899.7100830078125 48.7161979675293 392.4154052734375 1 1 1
v -899.7100219726562 45.67967987060547 392.4154052734375 1 1 1
v -899.1935424804688 45.679691314697266 391.0768127441406 1 1 1
v -899.7100830078125 48.7161979675293 392.4154052734375 1 1 1
v -900.2725830078125 45.679710388183594 397.2957458496094 1 1 1
v -899.7100219726562 45.67967987060547 392.4154052734375 1 1 1
v -900.2725830078125 45.679710388183594 397.2957458496094 1 1 1
v -899.7100830078125 48.7161979675293 392.4154052734375 1 1 1
v -900.2725830078125 48.716182708740234 397.2957458496094 1 1 1
v -902.9825439453125 48.71617889404297 401.4114074707031 1 1 1
v -900.2725830078125 45.679710388183594 397.2957458496094 1 1 1
v -900.2725830078125 48.716182708740234 397.2957458496094 1 1 1
v -902.9825439453125 48.71617889404297 401.4114074707031 1 1 1
v -902.9825439453125 45.679710388183594 401.4114074707031 1 1 1
v -900.2725830078125 45.679710388183594 397.2957458496094 1 1 1
v -905.8665771484375 48.716182708740234 403.0764465332031 1 1 1
v -902.9825439453125 45.679710388183594 401.4114074707031 1 1 1
v -902.9825439453125 48.71617889404297 401.4114074707031 1 1 1
v -902.9825439453125 45.679710388183594 401.4114074707031 1 1 1
v -905.8665771484375 48.716182708740234 403.0764465332031 1 1 1
v -905.8665771484375 45.67970657348633 403.0764465332031 1 1 1
v -906.7679443359375 48.716182708740234 404.19281005859375 1 1 1
v -905.8665771484375 45.67970657348633 403.0764465332031 1 1 1
v -905.8665771484375 48.716182708740234 403.0764465332031 1 1 1
v -906.7679443359375 48.716182708740234 404.19281005859375 1 1 1
v -906.7679443359375 45.67970657348633 404.19281005859375 1 1 1
v -905.8665771484375 45.67970657348633 403.0764465332031 1 1 1
v -906.7525024414062 49.39469528198242 408.485107421875 1 1 1
v -906.7679443359375 45.67970657348633 404.19281005859375 1 1 1
v -906.7679443359375 48.716182708740234 404.19281005859375 1 1 1
v -906.7679443359375 45.67970657348633 404.19281005859375 1 1 1
v -906.7525024414062 49.39469528198242 408.485107421875 1 1 1
v -906.7310180664062 44.92949295043945 408.42083740234375 1 1 1
v -906.694091796875 44.929500579833984 413.15545654296875 1 1 1
v -906.7310180664062 44.92949295043945 408.42083740234375 1 1 1
v -906.7525024414062 49.39469528198242 408.485107421875 1 1 1
v -906.694091796875 49.39469528198242 413.15545654296875 1 1 1
v -906.694091796875 44.929500579833984 413.15545654296875 1 1 1
v -906.7525024414062 49.39469528198242 408.485107421875 1 1 1
v -906.694091796875 44.929500579833984 413.15545654296875 1 1 1
v -906.694091796875 49.39469528198242 413.15545654296875 1 1 1
v -907.3997192382812 45.327938079833984 414.9105529785156 1 1 1
v -907.3997192382812 49.39469528198242 414.9105529785156 1 1 1
v -907.3997192382812 45.327938079833984 414.9105529785156 1 1 1
v -906.694091796875 49.39469528198242 413.15545654296875 1 1 1
v -907.3997192382812 49.39469528198242 414.9105529785156 1 1 1
v -909.1460571289062 45.757591247558594 415.6375427246094 1 1 1
v -907.3997192382812 45.327938079833984 414.9105529785156 1 1 1
v -909.1460571289062 49.39469528198242 415.6375427246094 1 1 1
v -909.1460571289062 45.757591247558594 415.6375427246094 1 1 1
v -907.3997192382812 49.39469528198242 414.9105529785156 1 1 1
v -910.8924560546875 49.39469528198242 414.9105529785156 1 1 1
v -909.1460571289062 45.757591247558594 415.6375427246094 1 1 1
v -909.1460571289062 49.39469528198242 415.6375427246094 1 1 1
v -909.1460571289062 45.757591247558594 415.6375427246094 1 1 1
v -910.8924560546875 49.39469528198242 414.9105529785156 1 1 1
v -910.8924560546875 45.327938079833984 414.9105529785156 1 1 1
v -911.5980834960938 49.39469528198242 413.1554260253906 1 1 1
v -910.8924560546875 45.327938079833984 414.9105529785156 1 1 1
v -910.8924560546875 49.39469528198242 414.9105529785156 1 1 1
v -910.8924560546875 45.327938079833984 414.9105529785156 1 1 1
v -911.5980834960938 49.39469528198242 413.1554260253906 1 1 1
v -911.5980834960938 44.929500579833984 413.1554260253906 1 1 1
v -911.5980834960938 49.39469528198242 413.1554260253906 1 1 1
v -911.5396728515625 49.39469528198242 408.485107421875 1 1 1
v -911.5980834960938 44.929500579833984 413.1554260253906 1 1 1
v -911.5980834960938 44.929500579833984 413.1554260253906 1 1 1
v -911.5396728515625 49.39469528198242 408.485107421875 1 1 1
v -911.5611572265625 44.92949295043945 408.4208068847656 1 1 1
v -911.5396728515625 49.39469528198242 408.485107421875 1 1 1
v -911.524169921875 45.67970657348633 404.19281005859375 1 1 1
v -911.5611572265625 44.92949295043945 408.4208068847656 1 1 1
v -911.524169921875 45.67970657348633 404.19281005859375 1 1 1
v -911.5396728515625 49.39469528198242 408.485107421875 1 1 1
v -911.524169921875 48.7161865234375 404.19281005859375 1 1 1
v -911.524169921875 48.7161865234375 404.19281005859375 1 1 1
v -914.0968017578125 48.716182708740234 401.6500244140625 1 1 1
v -911.524169921875 45.67970657348633 404.19281005859375 1 1 1
v -914.0968017578125 48.716182708740234 401.6500244140625 1 1 1
v -914.0968017578125 45.67970657348633 401.6500244140625 1 1 1
v -911.524169921875 45.67970657348633 404.19281005859375 1 1 1
v -914.0968017578125 48.716182708740234 401.6500244140625 1 1 1
v -916.7258911132812 45.679710388183594 401.179931640625 1 1 1
v -914.0968017578125 45.67970657348633 401.6500244140625 1 1 1
v -916.7258911132812 45.679710388183594 401.179931640625 1 1 1
v -914.0968017578125 48.716182708740234 401.6500244140625 1 1 1
v -916.7258911132812 48.716190338134766 401.1799621582031 1 1 1
v -920.44921875 49.39469528198242 403.3155822753906 1 1 1
v -916.7258911132812 45.679710388183594 401.179931640625 1 1 1
v -916.7258911132812 48.716190338134766 401.1799621582031 1 1 1
v -916.7258911132812 45.679710388183594 401.179931640625 1 1 1
v -920.44921875 49.39469528198242 403.3155822753906 1 1 1
v -920.3826904296875 44.92949676513672 403.3024597167969 1 1 1
v -920.44921875 49.39469528198242 403.3155822753906 1 1 1
v -924.4798583984375 44.929508209228516 405.6754150390625 1 1 1
v -920.3826904296875 44.92949676513672 403.3024597167969 1 1 1
v -920.44921875 49.39469528198242 403.3155822753906 1 1 1
v -924.4798583984375 49.39470291137695 405.6754150390625 1 1 1
v -924.4798583984375 44.929508209228516 405.6754150390625 1 1 1
v -924.4798583984375 49.39470291137695 405.6754150390625 1 1 1
v -926.3543701171875 45.32794189453125 405.9298095703125 1 1 1
v -924.4798583984375 44.929508209228516 405.6754150390625 1 1 1
v -926.3543701171875 49.39470291137695 405.9298095703125 1 1 1
v -926.3543701171875 45.32794189453125 405.9298095703125 1 1 1
v -924.4798583984375 49.39470291137695 405.6754150390625 1 1 1
v -926.3543701171875 49.39470291137695 405.9298095703125 1 1 1
v -927.8496704101562 45.757598876953125 404.771240234375 1 1 1
v -926.3543701171875 45.32794189453125 405.9298095703125 1 1 1
v -927.8496704101562 49.39470291137695 404.771240234375 1 1 1
v -927.8496704101562 45.757598876953125 404.771240234375 1 1 1
v -926.3543701171875 49.39470291137695 405.9298095703125 1 1 1
v -928.0812377929688 49.39470291137695 402.8938293457031 1 1 1
v -927.8496704101562 45.757598876953125 404.771240234375 1 1 1
v -927.8496704101562 49.39470291137695 404.771240234375 1 1 1
v -927.8496704101562 45.757598876953125 404.771240234375 1 1 1
v -928.0812377929688 49.39470291137695 402.8938293457031 1 1 1
v -928.0812377929688 45.327945709228516 402.8938293457031 1 1 1
v -926.904541015625 49.39470291137695 401.4127197265625 1 1 1
v -928.0812377929688 45.327945709228516 402.8938293457031 1 1 1
v -928.0812377929688 49.39470291137695 402.8938293457031 1 1 1
v -928.0812377929688 45.327945709228516 402.8938293457031 1 1 1
v -926.904541015625 49.39470291137695 401.4127197265625 1 1 1
v -926.904541015625 44.929508209228516 401.4127197265625 1 1 1
v -926.904541015625 44.929508209228516 401.4127197265625 1 1 1
v -926.904541015625 49.39470291137695 401.4127197265625 1 1 1
v -922.8160400390625 49.39469909667969 399.1544189453125 1 1 1
v -922.770751953125 44.92949676513672 399.1039733886719 1 1 1
v -926.904541015625 44.929508209228516 401.4127197265625 1 1 1
v -922.8160400390625 49.39469909667969 399.1544189453125 1 1 1
v -922.770751953125 44.92949676513672 399.1039733886719 1 1 1
v -922.8160400390625 49.39469909667969 399.1544189453125 1 1 1
v -919.077392578125 45.679710388183594 397.0457458496094 1 1 1
v -919.077392578125 45.679710388183594 397.0457458496094 1 1 1
v -922.8160400390625 49.39469909667969 399.1544189453125 1 1 1
v -919.077392578125 48.716190338134766 397.0457458496094 1 1 1
v -919.077392578125 45.679710388183594 397.0457458496094 1 1 1
v -919.077392578125 48.716190338134766 397.0457458496094 1 1 1
v -918.5526733398438 48.7161865234375 395.71026611328125 1 1 1
v -919.077392578125 45.679710388183594 397.0457458496094 1 1 1
v -918.5526733398438 48.7161865234375 395.71026611328125 1 1 1
v -918.5526733398438 45.67970657348633 395.71026611328125 1 1 1
v -918.5526733398438 48.7161865234375 395.71026611328125 1 1 1
v -918.01953125 45.67971420288086 390.8363952636719 1 1 1
v -918.5526733398438 45.67970657348633 395.71026611328125 1 1 1
v -918.01953125 45.67971420288086 390.8363952636719 1 1 1
v -918.5526733398438 48.7161865234375 395.71026611328125 1 1 1
v -918.01953125 48.7161865234375 390.8363952636719 1 1 1
v -918.01953125 48.7161865234375 390.8363952636719 1 1 1
v -915.3094482421875 48.7161865234375 386.7207946777344 1 1 1
v -918.01953125 45.67971420288086 390.8363952636719 1 1 1
v -918.01953125 45.67971420288086 390.8363952636719 1 1 1
v -915.3094482421875 48.7161865234375 386.7207946777344 1 1 1
v -915.3094482421875 45.67971420288086 386.7207946777344 1 1 1
v -915.3094482421875 48.7161865234375 386.7207946777344 1 1 1
v -912.3961181640625 45.67972183227539 385.03472900390625 1 1 1
v -915.3094482421875 45.67971420288086 386.7207946777344 1 1 1
v -912.3961181640625 45.67972183227539 385.03472900390625 1 1 1
v -915.3094482421875 48.7161865234375 386.7207946777344 1 1 1
v -912.3960571289062 48.7161750793457 385.03472900390625 1 1 1
v -912.3960571289062 48.7161750793457 385.03472900390625 1 1 1
v -911.490966796875 45.67975616455078 383.9214782714844 1 1 1
v -912.3961181640625 45.67972183227539 385.03472900390625 1 1 1
v -911.490966796875 45.67975616455078 383.9214782714844 1 1 1
v -912.3960571289062 48.7161750793457 385.03472900390625 1 1 1
v -911.490966796875 48.716182708740234 383.92144775390625 1 1 1
v -911.4918212890625 49.394718170166016 379.6291809082031 1 1 1
v -911.490966796875 45.67975616455078 383.9214782714844 1 1 1
v -911.490966796875 48.716182708740234 383.92144775390625 1 1 1
v -911.490966796875 45.67975616455078 383.9214782714844 1 1 1
v -911.4918212890625 49.394718170166016 379.6291809082031 1 1 1
v -911.5135498046875 44.92948532104492 379.6933288574219 1 1 1
v -911.4918212890625 49.394718170166016 379.6291809082031 1 1 1
v -911.5343627929688 44.929508209228516 374.9585876464844 1 1 1
v -911.5135498046875 44.92948532104492 379.6933288574219 1 1 1
v -911.5343627929688 44.929508209228516 374.9585876464844 1 1 1
v -911.4918212890625 49.394718170166016 379.6291809082031 1 1 1
v -911.5343017578125 49.39470291137695 374.9586181640625 1 1 1
v -911.5343017578125 49.39470291137695 374.9586181640625 1 1 1
v -910.82275390625 45.32796096801758 373.2059631347656 1 1 1
v -911.5343627929688 44.929508209228516 374.9585876464844 1 1 1
v -910.82275390625 45.32796096801758 373.2059631347656 1 1 1
v -911.5343017578125 49.39470291137695 374.9586181640625 1 1 1
v -910.8226928710938 49.394710540771484 373.2059326171875 1 1 1
v -910.82275390625 45.32796096801758 373.2059631347656 1 1 1
v -910.8226928710938 49.394710540771484 373.2059326171875 1 1 1
v -909.0738525390625 45.757591247558594 372.4848937988281 1 1 1
v -909.0738525390625 45.757591247558594 372.4848937988281 1 1 1
v -910.8226928710938 49.394710540771484 373.2059326171875 1 1 1
v -909.0738525390625 49.39469909667969 372.48492431640625 1 1 1
v -926.3543701171875 49.39470291137695 405.9298095703125 1 1 1
v -928.0812377929688 49.39470291137695 402.8938293457031 1 1 1
v -927.8496704101562 49.39470291137695 404.771240234375 1 1 1
v -926.3543701171875 49.39470291137695 405.9298095703125 1 1 1
v -926.904541015625 49.39470291137695 401.4127197265625 1 1 1
v -928.0812377929688 49.39470291137695 402.8938293457031 1 1 1
v -926.904541015625 49.39470291137695 401.4127197265625 1 1 1
v -926.3543701171875 49.39470291137695 405.9298095703125 1 1 1
v -924.4798583984375 49.39470291137695 405.6754150390625 1 1 1
v -924.4798583984375 49.39470291137695 405.6754150390625 1 1 1
v -922.8160400390625 49.39469909667969 399.1544189453125 1 1 1
v -926.904541015625 49.39470291137695 401.4127197265625 1 1 1
v -922.8160400390625 49.39469909667969 399.1544189453125 1 1 1
v -924.4798583984375 49.39470291137695 405.6754150390625 1 1 1
v -920.44921875 49.39469528198242 403.3155822753906 1 1 1
v -916.7258911132812 48.716190338134766 401.1799621582031 1 1 1
v -922.8160400390625 49.39469909667969 399.1544189453125 1 1 1
v -920.44921875 49.39469528198242 403.3155822753906 1 1 1
v -922.8160400390625 49.39469909667969 399.1544189453125 1 1 1
v -916.7258911132812 48.716190338134766 401.1799621582031 1 1 1
v -919.077392578125 48.716190338134766 397.0457458496094 1 1 1
v -916.7258911132812 48.716190338134766 401.1799621582031 1 1 1
v -918.5526733398438 48.7161865234375 395.71026611328125 1 1 1
v -919.077392578125 48.716190338134766 397.0457458496094 1 1 1
v -914.0968017578125 48.716182708740234 401.6500244140625 1 1 1
v -918.5526733398438 48.7161865234375 395.71026611328125 1 1 1
v -916.7258911132812 48.716190338134766 401.1799621582031 1 1 1
v -902.9825439453125 48.71617889404297 401.4114074707031 1 1 1
v -918.5526733398438 48.7161865234375 395.71026611328125 1 1 1
v -914.0968017578125 48.716182708740234 401.6500244140625 1 1 1
v -902.9825439453125 48.71617889404297 401.4114074707031 1 1 1
v -914.0968017578125 48.716182708740234 401.6500244140625 1 1 1
v -905.8665771484375 48.716182708740234 403.0764465332031 1 1 1
v -900.2725830078125 48.716182708740234 397.2957458496094 1 1 1
v -918.5526733398438 48.7161865234375 395.71026611328125 1 1 1
v -902.9825439453125 48.71617889404297 401.4114074707031 1 1 1
v -905.8665771484375 48.716182708740234 403.0764465332031 1 1 1
v -914.0968017578125 48.716182708740234 401.6500244140625 1 1 1
v -911.524169921875 48.7161865234375 404.19281005859375 1 1 1
v -918.5526733398438 48.7161865234375 395.71026611328125 1 1 1
v -900.2725830078125 48.716182708740234 397.2957458496094 1 1 1
v -918.01953125 48.7161865234375 390.8363952636719 1 1 1
v -905.8665771484375 48.716182708740234 403.0764465332031 1 1 1
v -911.524169921875 48.7161865234375 404.19281005859375 1 1 1
v -906.7679443359375 48.716182708740234 404.19281005859375 1 1 1
v -918.01953125 48.7161865234375 390.8363952636719 1 1 1
v -900.2725830078125 48.716182708740234 397.2957458496094 1 1 1
v -899.7100830078125 48.7161979675293 392.4154052734375 1 1 1
v -911.524169921875 48.7161865234375 404.19281005859375 1 1 1
v -906.7525024414062 49.39469528198242 408.485107421875 1 1 1
v -906.7679443359375 48.716182708740234 404.19281005859375 1 1 1
v -906.7525024414062 49.39469528198242 408.485107421875 1 1 1
v -911.524169921875 48.7161865234375 404.19281005859375 1 1 1
v -911.5396728515625 49.39469528198242 408.485107421875 1 1 1
v -911.5980834960938 49.39469528198242 413.1554260253906 1 1 1
v -906.7525024414062 49.39469528198242 408.485107421875 1 1 1
v -911.5396728515625 49.39469528198242 408.485107421875 1 1 1
v -906.7525024414062 49.39469528198242 408.485107421875 1 1 1
v -911.5980834960938 49.39469528198242 413.1554260253906 1 1 1
v -906.694091796875 49.39469528198242 413.15545654296875 1 1 1
v -910.8924560546875 49.39469528198242 414.9105529785156 1 1 1
v -906.694091796875 49.39469528198242 413.15545654296875 1 1 1
v -911.5980834960938 49.39469528198242 413.1554260253906 1 1 1
v -906.694091796875 49.39469528198242 413.15545654296875 1 1 1
v -910.8924560546875 49.39469528198242 414.9105529785156 1 1 1
v -907.3997192382812 49.39469528198242 414.9105529785156 1 1 1
v -907.3997192382812 49.39469528198242 414.9105529785156 1 1 1
v -910.8924560546875 49.39469528198242 414.9105529785156 1 1 1
v -909.1460571289062 49.39469528198242 415.6375427246094 1 1 1
v -918.01953125 48.7161865234375 390.8363952636719 1 1 1
v -899.7100830078125 48.7161979675293 392.4154052734375 1 1 1
v -915.3094482421875 48.7161865234375 386.7207946777344 1 1 1
v -915.3094482421875 48.7161865234375 386.7207946777344 1 1 1
v -899.7100830078125 48.7161979675293 392.4154052734375 1 1 1
v -903.5455322265625 48.7161750793457 386.289794921875 1 1 1
v -915.3094482421875 48.7161865234375 386.7207946777344 1 1 1
v -903.5455322265625 48.7161750793457 386.289794921875 1 1 1
v -912.3960571289062 48.7161750793457 385.03472900390625 1 1 1
v -899.7100830078125 48.7161979675293 392.4154052734375 1 1 1
v -901.5701293945312 48.71621322631836 386.95703125 1 1 1
v -903.5455322265625 48.7161750793457 386.289794921875 1 1 1
v -906.7347412109375 48.71621322631836 383.9376220703125 1 1 1
v -912.3960571289062 48.7161750793457 385.03472900390625 1 1 1
v -903.5455322265625 48.7161750793457 386.289794921875 1 1 1
v -901.5701293945312 48.71621322631836 386.95703125 1 1 1
v -899.7100830078125 48.7161979675293 392.4154052734375 1 1 1
v -899.1934814453125 48.71617889404297 391.0767822265625 1 1 1
v -912.3960571289062 48.7161750793457 385.03472900390625 1 1 1
v -906.7347412109375 48.71621322631836 383.9376220703125 1 1 1
v -911.490966796875 48.716182708740234 383.92144775390625 1 1 1
v -895.4677734375 49.39474105834961 388.94537353515625 1 1 1
v -901.5701293945312 48.71621322631836 386.95703125 1 1 1
v -899.1934814453125 48.71617889404297 391.0767822265625 1 1 1
v -911.490966796875 48.716182708740234 383.92144775390625 1 1 1
v -906.7347412109375 48.71621322631836 383.9376220703125 1 1 1
v -911.4918212890625 49.394718170166016 379.6291809082031 1 1 1
v -901.5701293945312 48.71621322631836 386.95703125 1 1 1
v -895.4677734375 49.39474105834961 388.94537353515625 1 1 1
v -897.8599243164062 49.39468765258789 384.7987060546875 1 1 1
v -906.7347412109375 48.71621322631836 383.9376220703125 1 1 1
v -906.70458984375 49.394691467285156 379.6454772949219 1 1 1
v -911.4918212890625 49.394718170166016 379.6291809082031 1 1 1
v -893.8436889648438 49.39470291137695 382.41436767578125 1 1 1
v -897.8599243164062 49.39468765258789 384.7987060546875 1 1 1
v -895.4677734375 49.39474105834961 388.94537353515625 1 1 1
v -906.70458984375 49.394691467285156 379.6454772949219 1 1 1
v -911.5343017578125 49.39470291137695 374.9586181640625 1 1 1
v -911.4918212890625 49.394718170166016 379.6291809082031 1 1 1
v -891.3931274414062 49.39471435546875 386.6622009277344 1 1 1
v -893.8436889648438 49.39470291137695 382.41436767578125 1 1 1
v -895.4677734375 49.39474105834961 388.94537353515625 1 1 1
v -911.5343017578125 49.39470291137695 374.9586181640625 1 1 1
v -906.70458984375 49.394691467285156 379.6454772949219 1 1 1
v -906.6302490234375 49.39474105834961 374.975341796875 1 1 1
v -893.8436889648438 49.39470291137695 382.41436767578125 1 1 1
v -891.3931274414062 49.39471435546875 386.6622009277344 1 1 1
v -891.9707641601562 49.39468002319336 382.1485900878906 1 1 1
v -907.3300170898438 49.39468765258789 373.2178649902344 1 1 1
v -911.5343017578125 49.39470291137695 374.9586181640625 1 1 1
v -906.6302490234375 49.39474105834961 374.975341796875 1 1 1
v -891.9707641601562 49.39468002319336 382.1485900878906 1 1 1
v -891.3931274414062 49.39471435546875 386.6622009277344 1 1 1
v -890.2254638671875 49.39474868774414 385.1739196777344 1 1 1
v -891.9707641601562 49.39468002319336 382.1485900878906 1 1 1
v -890.2254638671875 49.39474868774414 385.1739196777344 1 1 1
v -890.468505859375 49.39469528198242 383.2979736328125 1 1 1
v -911.5343017578125 49.39470291137695 374.9586181640625 1 1 1
v -907.3300170898438 49.39468765258789 373.2178649902344 1 1 1
v -910.8226928710938 49.394710540771484 373.2059326171875 1 1 1
v -910.8226928710938 49.394710540771484 373.2059326171875 1 1 1
v -907.3300170898438 49.39468765258789 373.2178649902344 1 1 1
v -909.0738525390625 49.39469909667969 372.48492431640625 1 1 1
v -912.2926025390625 95.33831024169922 408.7398986816406 1 1 1
v -919.55810546875 95.1568374633789 410.88372802734375 1 1 1
v -912.292724609375 95.33808135986328 410.8788757324219 1 1 1
v -919.55810546875 95.1568374633789 410.88372802734375 1 1 1
v -912.2926025390625 95.33831024169922 408.7398986816406 1 1 1
v -920.8655395507812 95.15706634521484 408.7361755371094 1 1 1
v -920.8655395507812 95.15706634521484 408.7361755371094 1 1 1
v -924.921630859375 94.68819427490234 412.17327880859375 1 1 1
v -919.55810546875 95.1568374633789 410.88372802734375 1 1 1
v -924.921630859375 94.68819427490234 412.17327880859375 1 1 1
v -920.8655395507812 95.15706634521484 408.7361755371094 1 1 1
v -925.4799194335938 94.68828582763672 411.1444091796875 1 1 1
v -920.8655395507812 90.11890411376953 408.7361755371094 1 1 1
v -924.921630859375 90.58777618408203 412.17327880859375 1 1 1
v -925.4799194335938 90.58768463134766 411.1444091796875 1 1 1
v -924.921630859375 90.58777618408203 412.17327880859375 1 1 1
v -920.8655395507812 90.11890411376953 408.7361755371094 1 1 1
v -919.55810546875 90.11912536621094 410.88372802734375 1 1 1
v -912.2926025390625 89.93766021728516 408.7398986816406 1 1 1
v -919.55810546875 90.11912536621094 410.88372802734375 1 1 1
v -920.8655395507812 90.11890411376953 408.7361755371094 1 1 1
v -919.55810546875 90.11912536621094 410.88372802734375 1 1 1
v -912.2926025390625 89.93766021728516 408.7398986816406 1 1 1
v -912.292724609375 89.9378890991211 410.8788757324219 1 1 1
v -909.7418212890625 48.67033767700195 412.2662048339844 1 1 1
v -910.02978515625 73.84363555908203 412.90032958984375 1 1 1
v -909.64013671875 73.84363555908203 412.2101745605469 1 1 1
v -910.02978515625 73.84363555908203 412.90032958984375 1 1 1
v -909.7418212890625 48.67033767700195 412.2662048339844 1 1 1
v -910.1315307617188 48.67033767700195 412.95635986328125 1 1 1
v -910.1315307617188 48.67033767700195 412.95635986328125 1 1 1
v -909.6268920898438 73.84363555908203 413.5828552246094 1 1 1
v -910.02978515625 73.84363555908203 412.90032958984375 1 1 1
v -909.6268920898438 73.84363555908203 413.5828552246094 1 1 1
v -910.1315307617188 48.67033767700195 412.95635986328125 1 1 1
v -909.7286376953125 48.67033767700195 413.6388854980469 1 1 1
v -908.9360961914062 48.67033767700195 413.6312561035156 1 1 1
v -909.6268920898438 73.84363555908203 413.5828552246094 1 1 1
v -909.7286376953125 48.67033767700195 413.6388854980469 1 1 1
v -909.6268920898438 73.84363555908203 413.5828552246094 1 1 1
v -908.9360961914062 48.67033767700195 413.6312561035156 1 1 1
v -908.8344116210938 73.8436279296875 413.5751953125 1 1 1
v -908.8344116210938 73.8436279296875 413.5751953125 1 1 1
v -908.9360961914062 48.67033767700195 413.6312561035156 1 1 1
v -908.5464477539062 48.67033767700195 412.94110107421875 1 1 1
v -908.8344116210938 73.8436279296875 413.5751953125 1 1 1
v -908.5464477539062 48.67033767700195 412.94110107421875 1 1 1
v -908.4447631835938 73.8436279296875 412.88507080078125 1 1 1
v -908.4447631835938 73.8436279296875 412.88507080078125 1 1 1
v -908.5464477539062 48.67033767700195 412.94110107421875 1 1 1
v -908.9492797851562 48.67033767700195 412.258544921875 1 1 1
v -908.4447631835938 73.8436279296875 412.88507080078125 1 1 1
v -908.9492797851562 48.67033767700195 412.258544921875 1 1 1
v -908.8475952148438 73.8436279296875 412.2025451660156 1 1 1
v -908.9492797851562 48.67033767700195 412.258544921875 1 1 1
v -909.64013671875 73.84363555908203 412.2101745605469 1 1 1
v -908.8475952148438 73.8436279296875 412.2025451660156 1 1 1
v -909.64013671875 73.84363555908203 412.2101745605469 1 1 1
v -908.9492797851562 48.67033767700195 412.258544921875 1 1 1
v -909.7418212890625 48.67033767700195 412.2662048339844 1 1 1
v -891.20556640625 87.02349090576172 384.8025817871094 1 1 1
v -895.5919799804688 90.7094497680664 387.3038635253906 1 1 1
v -894.175048828125 87.02349090576172 386.49627685546875 1 1 1
v -895.5919799804688 90.7094497680664 387.3038635253906 1 1 1
v -891.20556640625 87.02349090576172 384.8025817871094 1 1 1
v -889.7882080078125 90.7094497680664 383.9947509765625 1 1 1
v -889.7882080078125 90.7094497680664 383.9947509765625 1 1 1
v -895.5797119140625 93.86552429199219 387.3038635253906 1 1 1
v -895.5919799804688 90.7094497680664 387.3038635253906 1 1 1
v -895.5797119140625 93.86552429199219 387.3038635253906 1 1 1
v -889.7882080078125 90.7094497680664 383.9947509765625 1 1 1
v -889.7759399414062 93.86552429199219 383.9947509765625 1 1 1
v -891.2789306640625 95.89318084716797 384.8448791503906 1 1 1
v -895.5797119140625 93.86552429199219 387.3038635253906 1 1 1
v -889.7759399414062 93.86552429199219 383.9947509765625 1 1 1
v -895.5797119140625 93.86552429199219 387.3038635253906 1 1 1
v -891.2789306640625 95.89318084716797 384.8448791503906 1 1 1
v -894.1012573242188 95.89318084716797 386.4537353515625 1 1 1
v -889.7882080078125 90.7094497680664 383.9947509765625 1 1 1
v -891.20556640625 87.02349090576172 384.8025817871094 1 1 1
v -892.5467529296875 87.02349090576172 382.451904296875 1 1 1
v -889.7882080078125 90.7094497680664 383.9947509765625 1 1 1
v -892.5467529296875 87.02349090576172 382.451904296875 1 1 1
v -891.1298217773438 90.7094497680664 381.644287109375 1 1 1
v -891.1298217773438 90.7094497680664 381.644287109375 1 1 1
v -889.7759399414062 93.86552429199219 383.9947509765625 1 1 1
v -889.7882080078125 90.7094497680664 383.9947509765625 1 1 1
v -889.7759399414062 93.86552429199219 383.9947509765625 1 1 1
v -891.1298217773438 90.7094497680664 381.644287109375 1 1 1
v -891.1176147460938 93.86553192138672 381.6442565917969 1 1 1
v -892.62060546875 95.89318084716797 382.494384765625 1 1 1
v -889.7759399414062 93.86552429199219 383.9947509765625 1 1 1
v -891.1176147460938 93.86553192138672 381.6442565917969 1 1 1
v -889.7759399414062 93.86552429199219 383.9947509765625 1 1 1
v -892.62060546875 95.89318084716797 382.494384765625 1 1 1
v -891.2789306640625 95.89318084716797 384.8448791503906 1 1 1
v -891.2789306640625 95.89318084716797 384.8448791503906 1 1 1
v -892.62060546875 95.89318084716797 382.494384765625 1 1 1
v -894.1012573242188 95.89318084716797 386.4537353515625 1 1 1
v -892.62060546875 95.89318084716797 382.494384765625 1 1 1
v -895.44287109375 95.89318084716797 384.1033020019531 1 1 1
v -894.1012573242188 95.89318084716797 386.4537353515625 1 1 1
v -896.92138671875 93.86552429199219 384.953369140625 1 1 1
v -894.1012573242188 95.89318084716797 386.4537353515625 1 1 1
v -895.44287109375 95.89318084716797 384.1033020019531 1 1 1
v -894.1012573242188 95.89318084716797 386.4537353515625 1 1 1
v -896.92138671875 93.86552429199219 384.953369140625 1 1 1
v -895.5797119140625 93.86552429199219 387.3038635253906 1 1 1
v -896.93359375 90.7094497680664 384.95343017578125 1 1 1
v -895.5797119140625 93.86552429199219 387.3038635253906 1 1 1
v -896.92138671875 93.86552429199219 384.953369140625 1 1 1
v -895.5797119140625 93.86552429199219 387.3038635253906 1 1 1
v -896.93359375 90.7094497680664 384.95343017578125 1 1 1
v -895.5919799804688 90.7094497680664 387.3038635253906 1 1 1
v -894.175048828125 87.02349090576172 386.49627685546875 1 1 1
v -895.5919799804688 90.7094497680664 387.3038635253906 1 1 1
v -896.93359375 90.7094497680664 384.95343017578125 1 1 1
v -894.175048828125 87.02349090576172 386.49627685546875 1 1 1
v -896.93359375 90.7094497680664 384.95343017578125 1 1 1
v -895.5161743164062 87.02349090576172 384.14556884765625 1 1 1
v -894.1096801757812 94.68830871582031 375.95892333984375 1 1 1
v -898.1658935546875 95.15718078613281 379.39605712890625 1 1 1
v -893.5514526367188 94.68840026855469 376.98779296875 1 1 1
v -898.1658935546875 95.15718078613281 379.39605712890625 1 1 1
v -894.1096801757812 94.68830871582031 375.95892333984375 1 1 1
v -899.4732666015625 95.1569595336914 377.2485046386719 1 1 1
v -899.4732666015625 95.1569595336914 377.2485046386719 1 1 1
v -906.73876953125 95.33842468261719 379.3923034667969 1 1 1
v -898.1658935546875 95.15718078613281 379.39605712890625 1 1 1
v -906.73876953125 95.33842468261719 379.3923034667969 1 1 1
v -899.4732666015625 95.1569595336914 377.2485046386719 1 1 1
v -906.7386474609375 95.33820343017578 377.25335693359375 1 1 1
v -898.1658935546875 90.1190185546875 379.39605712890625 1 1 1
v -894.1096801757812 90.58788299560547 375.95892333984375 1 1 1
v -893.5514526367188 90.5877914428711 376.98779296875 1 1 1
v -894.1096801757812 90.58788299560547 375.95892333984375 1 1 1
v -898.1658935546875 90.1190185546875 379.39605712890625 1 1 1
v -899.4732666015625 90.1192398071289 377.2485046386719 1 1 1
v -906.73876953125 89.9377670288086 379.3923034667969 1 1 1
v -899.4732666015625 90.1192398071289 377.2485046386719 1 1 1
v -898.1658935546875 90.1190185546875 379.39605712890625 1 1 1
v -899.4732666015625 90.1192398071289 377.2485046386719 1 1 1
v -906.73876953125 89.9377670288086 379.3923034667969 1 1 1
v -906.7386474609375 89.93799591064453 377.25335693359375 1 1 1
v -906.5350952148438 68.27361297607422 389.0306701660156 1 1 1
v -899.7051391601562 68.14771270751953 384.96099853515625 1 1 1
v -906.6062622070312 59.32002639770508 388.9062805175781 1 1 1
v -899.7051391601562 68.14771270751953 384.96099853515625 1 1 1
v -906.5350952148438 68.27361297607422 389.0306701660156 1 1 1
v -901.8859252929688 71.50579071044922 386.2164611816406 1 1 1
v -901.8859252929688 71.50579071044922 386.2164611816406 1 1 1
v -899.7051391601562 87.9698486328125 384.96099853515625 1 1 1
v -899.7051391601562 68.14771270751953 384.96099853515625 1 1 1
v -899.7051391601562 87.9698486328125 384.96099853515625 1 1 1
v -901.8859252929688 71.50579071044922 386.2164611816406 1 1 1
v -901.5572509765625 87.96985626220703 386.0175476074219 1 1 1
v -901.5572509765625 87.96985626220703 386.0175476074219 1 1 1
v -901.0465087890625 92.84607696533203 382.60137939453125 1 1 1
v -899.7051391601562 87.9698486328125 384.96099853515625 1 1 1
v -903.375732421875 92.84273529052734 385.1478576660156 1 1 1
v -901.5572509765625 87.96985626220703 386.0175476074219 1 1 1
v -902.2969360351562 88.88323211669922 387.0466003417969 1 1 1
v -901.0465087890625 92.84607696533203 382.60137939453125 1 1 1
v -901.5572509765625 87.96985626220703 386.0175476074219 1 1 1
v -902.8983154296875 92.84587097167969 383.65850830078125 1 1 1
v -902.8983154296875 92.84587097167969 383.65850830078125 1 1 1
v -901.5572509765625 87.96985626220703 386.0175476074219 1 1 1
v -903.375732421875 92.84273529052734 385.1478576660156 1 1 1
v -901.6027221679688 97.50969696044922 385.9358825683594 1 1 1
v -901.0465087890625 92.84607696533203 382.60137939453125 1 1 1
v -902.8983154296875 92.84587097167969 383.65850830078125 1 1 1
v -901.6027221679688 97.50969696044922 385.9358825683594 1 1 1
v -902.8983154296875 92.84587097167969 383.65850830078125 1 1 1
v -903.375732421875 92.84273529052734 385.1478576660156 1 1 1
v -903.375732421875 92.84273529052734 385.1478576660156 1 1 1
v -902.3311767578125 96.64136505126953 386.9836730957031 1 1 1
v -901.6027221679688 97.50969696044922 385.9358825683594 1 1 1
v -901.0465087890625 92.84607696533203 382.60137939453125 1 1 1
v -901.6027221679688 97.50969696044922 385.9358825683594 1 1 1
v -899.7498779296875 97.50968170166016 384.8805847167969 1 1 1
v -900.10546875 96.62500762939453 390.87713623046875 1 1 1
v -901.6027221679688 97.50969696044922 385.9358825683594 1 1 1
v -902.3311767578125 96.64136505126953 386.9836730957031 1 1 1
v -898.8298950195312 97.48381805419922 390.7867431640625 1 1 1
v -899.7498779296875 97.50968170166016 384.8805847167969 1 1 1
v -901.6027221679688 97.50969696044922 385.9358825683594 1 1 1
v -901.6027221679688 97.50969696044922 385.9358825683594 1 1 1
v -900.10546875 96.62500762939453 390.87713623046875 1 1 1
v -898.8298950195312 97.48381805419922 390.7867431640625 1 1 1
v -899.7498779296875 97.50968170166016 384.8805847167969 1 1 1
v -898.8298950195312 97.48381805419922 390.7867431640625 1 1 1
v -896.97705078125 97.48382568359375 389.7314147949219 1 1 1
v -900.10546875 96.62500762939453 390.87713623046875 1 1 1
v -897.5402221679688 92.86921691894531 393.05657958984375 1 1 1
v -898.8298950195312 97.48381805419922 390.7867431640625 1 1 1
v -897.5402221679688 92.86921691894531 393.05657958984375 1 1 1
v -896.97705078125 97.48382568359375 389.7314147949219 1 1 1
v -898.8298950195312 97.48381805419922 390.7867431640625 1 1 1
v -900.10546875 96.62500762939453 390.87713623046875 1 1 1
v -899.0645751953125 92.86548614501953 392.70965576171875 1 1 1
v -897.5402221679688 92.86921691894531 393.05657958984375 1 1 1
v -896.97705078125 97.48382568359375 389.7314147949219 1 1 1
v -897.5402221679688 92.86921691894531 393.05657958984375 1 1 1
v -895.6883544921875 92.86942291259766 391.9996643066406 1 1 1
v -900.14697265625 88.88323211669922 390.8154296875 1 1 1
v -897.5402221679688 92.86921691894531 393.05657958984375 1 1 1
v -899.0645751953125 92.86548614501953 392.70965576171875 1 1 1
v -897.5402221679688 92.86921691894531 393.05657958984375 1 1 1
v -897.0325927734375 87.96985626220703 389.64593505859375 1 1 1
v -895.6883544921875 92.86942291259766 391.9996643066406 1 1 1
v -897.5402221679688 92.86921691894531 393.05657958984375 1 1 1
v -900.14697265625 88.88323211669922 390.8154296875 1 1 1
v -898.884765625 87.96985626220703 390.7025146484375 1 1 1
v -897.0325927734375 87.96985626220703 389.64593505859375 1 1 1
v -897.5402221679688 92.86921691894531 393.05657958984375 1 1 1
v -898.884765625 87.96985626220703 390.7025146484375 1 1 1
v -899.2236938476562 71.50833892822266 390.8858947753906 1 1 1
v -897.0325927734375 87.96985626220703 389.64593505859375 1 1 1
v -898.884765625 87.96985626220703 390.7025146484375 1 1 1
v -897.0325927734375 68.14771270751953 389.6459655761719 1 1 1
v -897.0325927734375 87.96985626220703 389.64593505859375 1 1 1
v -899.2236938476562 71.50833892822266 390.8858947753906 1 1 1
v -903.9970092773438 68.32528686523438 393.4679260253906 1 1 1
v -897.0325927734375 68.14771270751953 389.6459655761719 1 1 1
v -899.2236938476562 71.50833892822266 390.8858947753906 1 1 1
v -903.9282836914062 59.37895965576172 393.58819580078125 1 1 1
v -897.0325927734375 68.14771270751953 389.6459655761719 1 1 1
v -903.9970092773438 68.32528686523438 393.4679260253906 1 1 1
v -901.5572509765625 87.96985626220703 386.0175476074219 1 1 1
v -900.14697265625 88.88323211669922 390.8154296875 1 1 1
v -902.2969360351562 88.88323211669922 387.0466003417969 1 1 1
v -901.5572509765625 87.96985626220703 386.0175476074219 1 1 1
v -898.884765625 87.96985626220703 390.7025146484375 1 1 1
v -900.14697265625 88.88323211669922 390.8154296875 1 1 1
v -901.8859252929688 71.50579071044922 386.2164611816406 1 1 1
v -898.884765625 87.96985626220703 390.7025146484375 1 1 1
v -901.5572509765625 87.96985626220703 386.0175476074219 1 1 1
v -898.884765625 87.96985626220703 390.7025146484375 1 1 1
v -901.8859252929688 71.50579071044922 386.2164611816406 1 1 1
v -899.2236938476562 71.50833892822266 390.8858947753906 1 1 1
v -901.8859252929688 71.50579071044922 386.2164611816406 1 1 1
v -906.5350952148438 68.27361297607422 389.0306701660156 1 1 1
v -899.2236938476562 71.50833892822266 390.8858947753906 1 1 1
v -899.2236938476562 71.50833892822266 390.8858947753906 1 1 1
v -906.5350952148438 68.27361297607422 389.0306701660156 1 1 1
v -903.9970092773438 68.32528686523438 393.4679260253906 1 1 1
v -911.729736328125 98.04744720458984 367.5707092285156 1 1 1
v -905.0382690429688 95.55399322509766 367.5707092285156 1 1 1
v -907.9866943359375 98.04744720458984 367.57073974609375 1 1 1
v -905.0382690429688 95.55399322509766 367.5707092285156 1 1 1
v -911.729736328125 98.04744720458984 367.5707092285156 1 1 1
v -914.6781616210938 95.55399322509766 367.5707092285156 1 1 1
v -914.6781616210938 95.55399322509766 367.5707092285156 1 1 1
v -905.0382690429688 89.72217559814453 367.5707092285156 1 1 1
v -905.0382690429688 95.55399322509766 367.5707092285156 1 1 1
v -905.0382690429688 89.72217559814453 367.5707092285156 1 1 1
v -914.6781616210938 95.55399322509766 367.5707092285156 1 1 1
v -914.6781616210938 89.72217559814453 367.5707092285156 1 1 1
v -905.0382690429688 89.72217559814453 367.5707092285156 1 1 1
v -914.6781616210938 89.72217559814453 367.5707092285156 1 1 1
v -911.729736328125 87.22872161865234 367.5707092285156 1 1 1
v -905.0382690429688 89.72217559814453 367.5707092285156 1 1 1
v -911.729736328125 87.22872161865234 367.5707092285156 1 1 1
v -907.9866943359375 87.22872161865234 367.57073974609375 1 1 1
v -899.9118041992188 92.63806915283203 252.55177307128906 1 1 1
v -905.5205078125 90.77766418457031 252.55178833007812 1 1 1
v -905.5205078125 94.49848175048828 252.55178833007812 1 1 1
v -905.5205078125 90.77766418457031 252.55178833007812 1 1 1
v -910.78271484375 94.6167984008789 252.55177307128906 1 1 1
v -905.5205078125 94.49848175048828 252.55178833007812 1 1 1
v -910.78271484375 90.65934753417969 252.55177307128906 1 1 1
v -910.78271484375 94.6167984008789 252.55177307128906 1 1 1
v -905.5205078125 90.77766418457031 252.55178833007812 1 1 1
v -910.78271484375 90.65934753417969 252.55177307128906 1 1 1
v -928.6326904296875 93.1641616821289 252.55174255371094 1 1 1
v -910.78271484375 94.6167984008789 252.55177307128906 1 1 1
v -928.6326904296875 93.1641616821289 252.55174255371094 1 1 1
v -910.78271484375 90.65934753417969 252.55177307128906 1 1 1
v -928.6326904296875 92.11197662353516 252.55174255371094 1 1 1
v -910.7811889648438 80.33672332763672 375.29388427734375 1 1 1
v -917.1666259765625 79.04200744628906 376.6143798828125 1 1 1
v -910.7793579101562 79.04232788085938 376.58758544921875 1 1 1
v -917.1666259765625 79.04200744628906 376.6143798828125 1 1 1
v -910.7811889648438 80.33672332763672 375.29388427734375 1 1 1
v -917.1685180664062 80.35454559326172 375.3035583496094 1 1 1
v -910.7830200195312 79.04301452636719 373.99951171875 1 1 1
v -917.1685180664062 80.35454559326172 375.3035583496094 1 1 1
v -910.7811889648438 80.33672332763672 375.29388427734375 1 1 1
v -917.1685180664062 80.35454559326172 375.3035583496094 1 1 1
v -910.7830200195312 79.04301452636719 373.99951171875 1 1 1
v -917.17041015625 79.04371643066406 373.99102783203125 1 1 1
v -910.7830200195312 79.04301452636719 373.99951171875 1 1 1
v -917.1685180664062 77.7311782836914 375.3018493652344 1 1 1
v -917.17041015625 79.04371643066406 373.99102783203125 1 1 1
v -917.1685180664062 77.7311782836914 375.3018493652344 1 1 1
v -910.7830200195312 79.04301452636719 373.99951171875 1 1 1
v -910.7811889648438 77.74861907958984 375.293212890625 1 1 1
v -910.7793579101562 79.04232788085938 376.58758544921875 1 1 1
v -917.1685180664062 77.7311782836914 375.3018493652344 1 1 1
v -910.7811889648438 77.74861907958984 375.293212890625 1 1 1
v -917.1685180664062 77.7311782836914 375.3018493652344 1 1 1
v -910.7793579101562 79.04232788085938 376.58758544921875 1 1 1
v -917.1666259765625 79.04200744628906 376.6143798828125 1 1 1
v -911.2255249023438 73.42760467529297 377.00341796875 1 1 1
v -911.2319946289062 77.11356353759766 371.9539794921875 1 1 1
v -911.2301635742188 73.42760467529297 373.58489990234375 1 1 1
v -911.2319946289062 77.11356353759766 371.9539794921875 1 1 1
v -911.2255249023438 73.42760467529297 377.00341796875 1 1 1
v -911.2237548828125 77.11356353759766 378.6348571777344 1 1 1
v -911.2319946289062 77.11356353759766 371.9539794921875 1 1 1
v -911.2237548828125 77.11356353759766 378.6348571777344 1 1 1
v -911.2177124023438 80.26964569091797 378.62420654296875 1 1 1
v -911.2177124023438 80.26964569091797 378.62420654296875 1 1 1
v -911.2258911132812 80.26964569091797 371.9433288574219 1 1 1
v -911.2319946289062 77.11356353759766 371.9539794921875 1 1 1
v -911.2177124023438 80.26964569091797 378.62420654296875 1 1 1
v -911.229736328125 82.29730224609375 373.6700439453125 1 1 1
v -911.2258911132812 80.26964569091797 371.9433288574219 1 1 1
v -911.229736328125 82.29730224609375 373.6700439453125 1 1 1
v -911.2177124023438 80.26964569091797 378.62420654296875 1 1 1
v -911.2260131835938 82.29729461669922 376.91876220703125 1 1 1
v -922.0067138671875 91.32504272460938 410.1915588378906 1 1 1
v -926.3858642578125 92.63837432861328 405.1238098144531 1 1 1
v -925.262451171875 91.34449768066406 404.4830017089844 1 1 1
v -926.3858642578125 92.63837432861328 405.1238098144531 1 1 1
v -922.0067138671875 91.32504272460938 410.1915588378906 1 1 1
v -923.1464233398438 92.6389389038086 410.8416748046875 1 1 1
v -922.005126953125 93.95106506347656 410.1906433105469 1 1 1
v -926.3858642578125 92.63837432861328 405.1238098144531 1 1 1
v -923.1464233398438 92.6389389038086 410.8416748046875 1 1 1
v -926.3858642578125 92.63837432861328 405.1238098144531 1 1 1
v -922.005126953125 93.95106506347656 410.1906433105469 1 1 1
v -925.261962890625 93.93159484863281 404.4826965332031 1 1 1
v -925.261962890625 93.93159484863281 404.4826965332031 1 1 1
v -922.005126953125 93.95106506347656 410.1906433105469 1 1 1
v -924.1385498046875 92.6377182006836 403.8418884277344 1 1 1
v -920.8654174804688 92.63716888427734 409.54052734375 1 1 1
v -924.1385498046875 92.6377182006836 403.8418884277344 1 1 1
v -922.005126953125 93.95106506347656 410.1906433105469 1 1 1
v -922.0067138671875 91.32504272460938 410.1915588378906 1 1 1
v -924.1385498046875 92.6377182006836 403.8418884277344 1 1 1
v -920.8654174804688 92.63716888427734 409.54052734375 1 1 1
v -924.1385498046875 92.6377182006836 403.8418884277344 1 1 1
v -922.0067138671875 91.32504272460938 410.1915588378906 1 1 1
v -925.262451171875 91.34449768066406 404.4830017089844 1 1 1
v -932.9498291015625 74.46724700927734 381.1560974121094 1 1 1
v -920.3324584960938 75.91959381103516 384.7312316894531 1 1 1
v -921.8785400390625 74.46732330322266 387.4506530761719 1 1 1
v -931.4039916992188 75.91929626464844 378.4369201660156 1 1 1
v -920.3324584960938 75.91959381103516 384.7312316894531 1 1 1
v -932.9498291015625 74.46724700927734 381.1560974121094 1 1 1
v -930.6915893554688 79.04215240478516 377.1667175292969 1 1 1
v -920.3324584960938 75.91959381103516 384.7312316894531 1 1 1
v -931.4039916992188 75.91929626464844 378.4369201660156 1 1 1
v -920.3324584960938 75.91959381103516 384.7312316894531 1 1 1
v -930.6915893554688 79.04215240478516 377.1667175292969 1 1 1
v -919.6201171875 79.04216766357422 383.4613037109375 1 1 1
v -930.6915893554688 79.04215240478516 377.1667175292969 1 1 1
v -920.33251953125 82.164794921875 384.7312316894531 1 1 1
v -919.6201171875 79.04216766357422 383.4613037109375 1 1 1
v -920.33251953125 82.164794921875 384.7312316894531 1 1 1
v -930.6915893554688 79.04215240478516 377.1667175292969 1 1 1
v -931.4039916992188 82.1650390625 378.4369201660156 1 1 1
v -932.9498291015625 83.61705780029297 381.1560974121094 1 1 1
v -920.33251953125 82.164794921875 384.7312316894531 1 1 1
v -931.4039916992188 82.1650390625 378.4369201660156 1 1 1
v -920.33251953125 82.164794921875 384.7312316894531 1 1 1
v -932.9498291015625 83.61705780029297 381.1560974121094 1 1 1
v -921.8784790039062 83.6170425415039 387.4507141113281 1 1 1
v -934.49560546875 82.16600799560547 383.8748474121094 1 1 1
v -921.8784790039062 83.6170425415039 387.4507141113281 1 1 1
v -932.9498291015625 83.61705780029297 381.1560974121094 1 1 1
v -921.8784790039062 83.6170425415039 387.4507141113281 1 1 1
v -934.49560546875 82.16600799560547 383.8748474121094 1 1 1
v -923.4242553710938 82.16571044921875 390.1695556640625 1 1 1
v -934.49560546875 82.16600799560547 383.8748474121094 1 1 1
v -924.1467895507812 79.04212188720703 391.4230041503906 1 1 1
v -923.4242553710938 82.16571044921875 390.1695556640625 1 1 1
v -924.1467895507812 79.04212188720703 391.4230041503906 1 1 1
v -934.49560546875 82.16600799560547 383.8748474121094 1 1 1
v -935.2182006835938 79.04216766357422 385.1285400390625 1 1 1
v -934.49560546875 75.9183120727539 383.8748474121094 1 1 1
v -924.1467895507812 79.04212188720703 391.4230041503906 1 1 1
v -935.2182006835938 79.04216766357422 385.1285400390625 1 1 1
v -924.1467895507812 79.04212188720703 391.4230041503906 1 1 1
v -934.49560546875 75.9183120727539 383.8748474121094 1 1 1
v -923.4242553710938 75.91860961914062 390.1695556640625 1 1 1
v -934.49560546875 75.9183120727539 383.8748474121094 1 1 1
v -921.8785400390625 74.46732330322266 387.4506530761719 1 1 1
v -923.4242553710938 75.91860961914062 390.1695556640625 1 1 1
v -932.9498291015625 74.46724700927734 381.1560974121094 1 1 1
v -921.8785400390625 74.46732330322266 387.4506530761719 1 1 1
v -934.49560546875 75.9183120727539 383.8748474121094 1 1 1
v -919.1770629882812 81.5610580444336 377.0347900390625 1 1 1
v -922.7637329101562 76.34210968017578 383.35302734375 1 1 1
v -922.7636108398438 81.7423324584961 383.3529968261719 1 1 1
v -922.7637329101562 76.34210968017578 383.35302734375 1 1 1
v -919.1770629882812 81.5610580444336 377.0347900390625 1 1 1
v -919.1770629882812 76.52334594726562 377.0347595214844 1 1 1
v -919.1770629882812 81.5610580444336 377.0347900390625 1 1 1
v -917.6471557617188 76.99202728271484 371.7347106933594 1 1 1
v -919.1770629882812 76.52334594726562 377.0347595214844 1 1 1
v -917.6471557617188 76.99202728271484 371.7347106933594 1 1 1
v -919.1770629882812 81.5610580444336 377.0347900390625 1 1 1
v -917.647216796875 81.09246063232422 371.7347106933594 1 1 1
v -916.6639404296875 81.56129455566406 376.9595031738281 1 1 1
v -916.476806640625 76.9919662475586 371.7578430175781 1 1 1
v -916.476806640625 81.09252166748047 371.7578430175781 1 1 1
v -916.6639404296875 81.56129455566406 376.9595031738281 1 1 1
v -916.6639404296875 76.52313232421875 376.9595031738281 1 1 1
v -916.476806640625 76.9919662475586 371.7578430175781 1 1 1
v -916.6639404296875 81.56129455566406 376.9595031738281 1 1 1
v -920.904296875 76.34191131591797 384.4103088378906 1 1 1
v -916.6639404296875 76.52313232421875 376.9595031738281 1 1 1
v -920.904296875 76.34191131591797 384.4103088378906 1 1 1
v -916.6639404296875 81.56129455566406 376.9595031738281 1 1 1
v -920.904296875 81.7425308227539 384.4103088378906 1 1 1
v -926.4578857421875 95.89311981201172 405.66448974609375 1 1 1
v -922.1570434570312 93.86546325683594 403.20550537109375 1 1 1
v -923.6355590820312 95.89311981201172 404.05560302734375 1 1 1
v -927.9608764648438 93.86547088623047 406.5146179199219 1 1 1
v -922.1570434570312 93.86546325683594 403.20550537109375 1 1 1
v -926.4578857421875 95.89311981201172 405.66448974609375 1 1 1
v -922.1570434570312 93.86546325683594 403.20550537109375 1 1 1
v -927.9608764648438 93.86547088623047 406.5146179199219 1 1 1
v -927.9486083984375 90.70938873291016 406.5146179199219 1 1 1
v -922.1570434570312 93.86546325683594 403.20550537109375 1 1 1
v -927.9486083984375 90.70938873291016 406.5146179199219 1 1 1
v -922.1448364257812 90.70938873291016 403.20550537109375 1 1 1
v -927.9486083984375 90.70938873291016 406.5146179199219 1 1 1
v -923.5621948242188 87.02342987060547 404.0133361816406 1 1 1
v -922.1448364257812 90.70938873291016 403.20550537109375 1 1 1
v -923.5621948242188 87.02342987060547 404.0133361816406 1 1 1
v -927.9486083984375 90.70938873291016 406.5146179199219 1 1 1
v -926.5316162109375 87.02342987060547 405.7070007324219 1 1 1
v -906.4678344726562 54.34384536743164 407.1069641113281 1 1 1
v -911.88037109375 45.57508850097656 399.1717834472656 1 1 1
v -906.4867553710938 45.51615524291992 399.1577453613281 1 1 1
v -911.88037109375 45.57508850097656 399.1717834472656 1 1 1
v -906.4678344726562 54.34384536743164 407.1069641113281 1 1 1
v -911.8614501953125 54.34384536743164 407.1147766113281 1 1 1
v -906.4678344726562 54.34384536743164 407.1069641113281 1 1 1
v -911.8614501953125 74.16597747802734 407.1147766113281 1 1 1
v -911.8614501953125 54.34384536743164 407.1147766113281 1 1 1
v -911.8614501953125 74.16597747802734 407.1147766113281 1 1 1
v -906.4678344726562 54.34384536743164 407.1069641113281 1 1 1
v -906.4678344726562 74.16597747802734 407.1069641113281 1 1 1
v -911.8614501953125 74.16597747802734 407.1147766113281 1 1 1
v -906.4678344726562 74.16597747802734 407.1069641113281 1 1 1
v -909.1643676757812 79.05728912353516 407.1118469238281 1 1 1
v -914.572021484375 79.0655517578125 407.12005615234375 1 1 1
v -911.8614501953125 74.16597747802734 407.1147766113281 1 1 1
v -909.1643676757812 79.05728912353516 407.1118469238281 1 1 1
v -906.4678344726562 74.16597747802734 407.1069641113281 1 1 1
v -903.7536010742188 79.04220581054688 407.1070861816406 1 1 1
v -909.1643676757812 79.05728912353516 407.1118469238281 1 1 1
v -911.9631958007812 83.6799545288086 407.1208190917969 1 1 1
v -914.572021484375 79.0655517578125 407.12005615234375 1 1 1
v -909.1643676757812 79.05728912353516 407.1118469238281 1 1 1
v -903.7536010742188 79.04220581054688 407.1070861816406 1 1 1
v -906.3758544921875 83.70581817626953 407.1078186035156 1 1 1
v -909.1643676757812 79.05728912353516 407.1118469238281 1 1 1
v -906.3758544921875 83.70581817626953 407.1078186035156 1 1 1
v -911.9631958007812 83.6799545288086 407.1208190917969 1 1 1
v -909.1643676757812 79.05728912353516 407.1118469238281 1 1 1
v -915.1112060546875 59.17096710205078 394.53271484375 1 1 1
v -912.4331665039062 59.11203384399414 399.214599609375 1 1 1
v -922.0068359375 67.9397201538086 398.4749450683594 1 1 1
v -912.4331665039062 59.11203384399414 399.214599609375 1 1 1
v -919.3342895507812 67.9397201538086 403.159912109375 1 1 1
v -922.0068359375 67.9397201538086 398.4749450683594 1 1 1
v -919.3342895507812 87.76185607910156 403.159912109375 1 1 1
v -922.0068359375 67.9397201538086 398.4749450683594 1 1 1
v -919.3342895507812 67.9397201538086 403.159912109375 1 1 1
v -922.0068359375 67.9397201538086 398.4749450683594 1 1 1
v -919.3342895507812 87.76185607910156 403.159912109375 1 1 1
v -922.0068359375 87.7618637084961 398.4749450683594 1 1 1
v -922.0068359375 87.7618637084961 398.4749450683594 1 1 1
v -919.3342895507812 87.76185607910156 403.159912109375 1 1 1
v -920.6712646484375 92.6531753540039 400.8182067871094 1 1 1
v -923.3511352539062 92.66143035888672 396.1211853027344 1 1 1
v -922.0068359375 87.7618637084961 398.4749450683594 1 1 1
v -920.6712646484375 92.6531753540039 400.8182067871094 1 1 1
v -919.3342895507812 87.76185607910156 403.159912109375 1 1 1
v -917.992919921875 92.6380844116211 405.5195007324219 1 1 1
v -920.6712646484375 92.6531753540039 400.8182067871094 1 1 1
v -922.0623779296875 97.27583312988281 398.3894958496094 1 1 1
v -923.3511352539062 92.66143035888672 396.1211853027344 1 1 1
v -920.6712646484375 92.6531753540039 400.8182067871094 1 1 1
v -917.992919921875 92.6380844116211 405.5195007324219 1 1 1
v -919.28955078125 97.30168914794922 403.2403259277344 1 1 1
v -920.6712646484375 92.6531753540039 400.8182067871094 1 1 1
v -919.28955078125 97.30168914794922 403.2403259277344 1 1 1
v -922.0623779296875 97.27583312988281 398.3894958496094 1 1 1
v -920.6712646484375 92.6531753540039 400.8182067871094 1 1 1
v -907.8114013671875 82.2972412109375 414.5375061035156 1 1 1
v -907.8233642578125 80.26958465576172 409.5833740234375 1 1 1
v -907.8151245117188 82.29723358154297 411.2888488769531 1 1 1
v -907.815185546875 80.26958465576172 416.2642517089844 1 1 1
v -907.8233642578125 80.26958465576172 409.5833740234375 1 1 1
v -907.8114013671875 82.2972412109375 414.5375061035156 1 1 1
v -907.8091430664062 77.1135025024414 416.25360107421875 1 1 1
v -907.8233642578125 80.26958465576172 409.5833740234375 1 1 1
v -907.815185546875 80.26958465576172 416.2642517089844 1 1 1
v -907.8233642578125 80.26958465576172 409.5833740234375 1 1 1
v -907.8091430664062 77.1135025024414 416.25360107421875 1 1 1
v -907.8173828125 77.1135025024414 409.57275390625 1 1 1
v -907.8091430664062 77.1135025024414 416.25360107421875 1 1 1
v -907.8155517578125 73.42754364013672 411.2041931152344 1 1 1
v -907.8173828125 77.1135025024414 409.57275390625 1 1 1
v -907.8155517578125 73.42754364013672 411.2041931152344 1 1 1
v -907.8091430664062 77.1135025024414 416.25360107421875 1 1 1
v -907.8108520507812 73.42754364013672 414.6227111816406 1 1 1
v -919.55810546875 95.1568374633789 410.88372802734375 1 1 1
v -912.292724609375 89.9378890991211 410.8788757324219 1 1 1
v -912.292724609375 95.33808135986328 410.8788757324219 1 1 1
v -912.292724609375 89.9378890991211 410.8788757324219 1 1 1
v -919.55810546875 95.1568374633789 410.88372802734375 1 1 1
v -919.55810546875 90.11912536621094 410.88372802734375 1 1 1
v -919.55810546875 95.1568374633789 410.88372802734375 1 1 1
v -924.921630859375 90.58777618408203 412.17327880859375 1 1 1
v -919.55810546875 90.11912536621094 410.88372802734375 1 1 1
v -924.921630859375 90.58777618408203 412.17327880859375 1 1 1
v -919.55810546875 95.1568374633789 410.88372802734375 1 1 1
v -924.921630859375 94.68819427490234 412.17327880859375 1 1 1
v -912.296142578125 89.5151596069336 420.81976318359375 1 1 1
v -909.168212890625 88.0631332397461 408.0840759277344 1 1 1
v -909.168212890625 88.0631332397461 420.81976318359375 1 1 1
v -909.168212890625 88.0631332397461 408.0840759277344 1 1 1
v -912.296142578125 89.5151596069336 420.81976318359375 1 1 1
v -912.29638671875 89.51544952392578 408.0840759277344 1 1 1
v -912.296142578125 89.5151596069336 420.81976318359375 1 1 1
v -913.75244140625 92.6380386352539 408.0926208496094 1 1 1
v -912.29638671875 89.51544952392578 408.0840759277344 1 1 1
v -913.75244140625 92.6380386352539 420.82830810546875 1 1 1
v -913.75244140625 92.6380386352539 408.0926208496094 1 1 1
v -912.296142578125 89.5151596069336 420.81976318359375 1 1 1
v -912.296142578125 95.76092529296875 420.81976318359375 1 1 1
v -913.75244140625 92.6380386352539 408.0926208496094 1 1 1
v -913.75244140625 92.6380386352539 420.82830810546875 1 1 1
v -913.75244140625 92.6380386352539 408.0926208496094 1 1 1
v -912.296142578125 95.76092529296875 420.81976318359375 1 1 1
v -912.29638671875 95.76062774658203 408.0840759277344 1 1 1
v -912.296142578125 95.76092529296875 420.81976318359375 1 1 1
v -909.168212890625 97.21294403076172 408.0840759277344 1 1 1
v -912.29638671875 95.76062774658203 408.0840759277344 1 1 1
v -909.168212890625 97.21294403076172 408.0840759277344 1 1 1
v -912.296142578125 95.76092529296875 420.81976318359375 1 1 1
v -909.168212890625 97.21294403076172 420.81976318359375 1 1 1
v -906.040771484375 95.76188659667969 420.81976318359375 1 1 1
v -909.168212890625 97.21294403076172 408.0840759277344 1 1 1
v -909.168212890625 97.21294403076172 420.81976318359375 1 1 1
v -909.168212890625 97.21294403076172 408.0840759277344 1 1 1
v -906.040771484375 95.76188659667969 420.81976318359375 1 1 1
v -906.0406494140625 95.76158142089844 408.0840759277344 1 1 1
v -906.040771484375 95.76188659667969 420.81976318359375 1 1 1
v -904.5938720703125 92.6380386352539 408.0926513671875 1 1 1
v -906.0406494140625 95.76158142089844 408.0840759277344 1 1 1
v -904.5938720703125 92.6380386352539 408.0926513671875 1 1 1
v -906.040771484375 95.76188659667969 420.81976318359375 1 1 1
v -904.5938110351562 92.6380386352539 420.8283386230469 1 1 1
v -906.040771484375 89.51419067382812 420.81976318359375 1 1 1
v -904.5938720703125 92.6380386352539 408.0926513671875 1 1 1
v -904.5938110351562 92.6380386352539 420.8283386230469 1 1 1
v -904.5938720703125 92.6380386352539 408.0926513671875 1 1 1
v -906.040771484375 89.51419067382812 420.81976318359375 1 1 1
v -906.0406494140625 89.51449584960938 408.0840759277344 1 1 1
v -906.040771484375 89.51419067382812 420.81976318359375 1 1 1
v -909.168212890625 88.0631332397461 408.0840759277344 1 1 1
v -906.0406494140625 89.51449584960938 408.0840759277344 1 1 1
v -909.168212890625 88.0631332397461 420.81976318359375 1 1 1
v -909.168212890625 88.0631332397461 408.0840759277344 1 1 1
v -906.040771484375 89.51419067382812 420.81976318359375 1 1 1
v -909.1699829101562 88.81835174560547 407.4826354980469 1 1 1
v -906.0406494140625 89.51449584960938 408.0840759277344 1 1 1
v -909.168212890625 88.0631332397461 408.0840759277344 1 1 1
v -906.0406494140625 89.51449584960938 408.0840759277344 1 1 1
v -909.1699829101562 88.81835174560547 407.4826354980469 1 1 1
v -906.5592041015625 90.03002166748047 407.48260498046875 1 1 1
v -905.3507080078125 92.6380386352539 407.488037109375 1 1 1
v -906.0406494140625 89.51449584960938 408.0840759277344 1 1 1
v -906.5592041015625 90.03002166748047 407.48260498046875 1 1 1
v -904.5938720703125 92.6380386352539 408.0926513671875 1 1 1
v -906.0406494140625 89.51449584960938 408.0840759277344 1 1 1
v -905.3507080078125 92.6380386352539 407.488037109375 1 1 1
v -906.0406494140625 95.76158142089844 408.0840759277344 1 1 1
v -904.5938720703125 92.6380386352539 408.0926513671875 1 1 1
v -905.3507080078125 92.6380386352539 407.488037109375 1 1 1
v -906.0406494140625 95.76158142089844 408.0840759277344 1 1 1
v -905.3507080078125 92.6380386352539 407.488037109375 1 1 1
v -906.5592041015625 95.24605560302734 407.48260498046875 1 1 1
v -909.1699829101562 96.45772552490234 407.4826354980469 1 1 1
v -906.0406494140625 95.76158142089844 408.0840759277344 1 1 1
v -906.5592041015625 95.24605560302734 407.48260498046875 1 1 1
v -906.0406494140625 95.76158142089844 408.0840759277344 1 1 1
v -909.1699829101562 96.45772552490234 407.4826354980469 1 1 1
v -909.168212890625 97.21294403076172 408.0840759277344 1 1 1
v -912.29638671875 95.76062774658203 408.0840759277344 1 1 1
v -909.168212890625 97.21294403076172 408.0840759277344 1 1 1
v -909.1699829101562 96.45772552490234 407.4826354980469 1 1 1
v -909.1699829101562 96.45772552490234 407.4826354980469 1 1 1
v -911.7808227539062 95.24605560302734 407.48260498046875 1 1 1
v -912.29638671875 95.76062774658203 408.0840759277344 1 1 1
v -912.9956665039062 92.6380386352539 407.488037109375 1 1 1
v -912.29638671875 95.76062774658203 408.0840759277344 1 1 1
v -911.7808227539062 95.24605560302734 407.48260498046875 1 1 1
v -912.29638671875 95.76062774658203 408.0840759277344 1 1 1
v -912.9956665039062 92.6380386352539 407.488037109375 1 1 1
v -913.75244140625 92.6380386352539 408.0926208496094 1 1 1
v -912.9956665039062 92.6380386352539 407.488037109375 1 1 1
v -912.29638671875 89.51544952392578 408.0840759277344 1 1 1
v -913.75244140625 92.6380386352539 408.0926208496094 1 1 1
v -912.29638671875 89.51544952392578 408.0840759277344 1 1 1
v -912.9956665039062 92.6380386352539 407.488037109375 1 1 1
v -911.7808227539062 90.03002166748047 407.48260498046875 1 1 1
v -911.7808227539062 90.03002166748047 407.48260498046875 1 1 1
v -909.1699829101562 88.81835174560547 407.4826354980469 1 1 1
v -912.29638671875 89.51544952392578 408.0840759277344 1 1 1
v -912.29638671875 89.51544952392578 408.0840759277344 1 1 1
v -909.1699829101562 88.81835174560547 407.4826354980469 1 1 1
v -909.168212890625 88.0631332397461 408.0840759277344 1 1 1
v -906.7352294921875 89.5151596069336 367.3123779296875 1 1 1
v -909.8632202148438 88.0631332397461 380.0480651855469 1 1 1
v -909.8632202148438 88.0631332397461 367.3124084472656 1 1 1
v -909.8632202148438 88.0631332397461 380.0480651855469 1 1 1
v -906.7352294921875 89.5151596069336 367.3123779296875 1 1 1
v -906.735107421875 89.51546478271484 380.048095703125 1 1 1
v -906.735107421875 89.51546478271484 380.048095703125 1 1 1
v -906.7352294921875 89.5151596069336 367.3123779296875 1 1 1
v -905.279052734375 92.6380386352539 380.03955078125 1 1 1
v -905.279052734375 92.6380386352539 380.03955078125 1 1 1
v -906.7352294921875 89.5151596069336 367.3123779296875 1 1 1
v -905.279052734375 92.6380386352539 367.3038635253906 1 1 1
v -905.279052734375 92.6380386352539 380.03955078125 1 1 1
v -905.279052734375 92.6380386352539 367.3038635253906 1 1 1
v -906.7352294921875 95.76092529296875 367.3123779296875 1 1 1
v -906.7352294921875 95.76092529296875 367.3123779296875 1 1 1
v -906.735107421875 95.76062774658203 380.048095703125 1 1 1
v -905.279052734375 92.6380386352539 380.03955078125 1 1 1
v -906.7352294921875 95.76092529296875 367.3123779296875 1 1 1
v -909.8632202148438 97.21295928955078 380.0480651855469 1 1 1
v -906.735107421875 95.76062774658203 380.048095703125 1 1 1
v -909.8632202148438 97.21295928955078 380.0480651855469 1 1 1
v -906.7352294921875 95.76092529296875 367.3123779296875 1 1 1
v -909.8632202148438 97.21295166015625 367.3124084472656 1 1 1
v -909.8632202148438 97.21295928955078 380.0480651855469 1 1 1
v -909.8632202148438 97.21295166015625 367.3124084472656 1 1 1
v -912.9906005859375 95.76189422607422 367.3124084472656 1 1 1
v -912.9906005859375 95.76189422607422 367.3124084472656 1 1 1
v -912.9908447265625 95.76158905029297 380.048095703125 1 1 1
v -909.8632202148438 97.21295928955078 380.0480651855469 1 1 1
v -912.9906005859375 95.76189422607422 367.3124084472656 1 1 1
v -914.4376220703125 92.6380386352539 380.0395202636719 1 1 1
v -912.9908447265625 95.76158905029297 380.048095703125 1 1 1
v -914.4376220703125 92.6380386352539 380.0395202636719 1 1 1
v -912.9906005859375 95.76189422607422 367.3124084472656 1 1 1
v -914.4376220703125 92.6380386352539 367.3038635253906 1 1 1
v -912.9906005859375 89.51419830322266 367.3124084472656 1 1 1
v -914.4376220703125 92.6380386352539 380.0395202636719 1 1 1
v -914.4376220703125 92.6380386352539 367.3038635253906 1 1 1
v -914.4376220703125 92.6380386352539 380.0395202636719 1 1 1
v -912.9906005859375 89.51419830322266 367.3124084472656 1 1 1
v -912.9908447265625 89.51449584960938 380.048095703125 1 1 1
v -912.9908447265625 89.51449584960938 380.048095703125 1 1 1
v -912.9906005859375 89.51419830322266 367.3124084472656 1 1 1
v -909.8632202148438 88.0631332397461 380.0480651855469 1 1 1
v -909.8632202148438 88.0631332397461 380.0480651855469 1 1 1
v -912.9906005859375 89.51419830322266 367.3124084472656 1 1 1
v -909.8632202148438 88.0631332397461 367.3124084472656 1 1 1
v -909.8632202148438 88.0631332397461 380.0480651855469 1 1 1
v -906.735107421875 89.51546478271484 380.048095703125 1 1 1
v -909.8613891601562 88.818359375 380.6495666503906 1 1 1
v -909.8613891601562 88.818359375 380.6495666503906 1 1 1
v -906.735107421875 89.51546478271484 380.048095703125 1 1 1
v -907.2506103515625 90.03002166748047 380.6495361328125 1 1 1
v -906.735107421875 89.51546478271484 380.048095703125 1 1 1
v -906.0357666015625 92.6380386352539 380.6441345214844 1 1 1
v -907.2506103515625 90.03002166748047 380.6495361328125 1 1 1
v -906.0357666015625 92.6380386352539 380.6441345214844 1 1 1
v -906.735107421875 89.51546478271484 380.048095703125 1 1 1
v -905.279052734375 92.6380386352539 380.03955078125 1 1 1
v -906.735107421875 95.76062774658203 380.048095703125 1 1 1
v -906.0357666015625 92.6380386352539 380.6441345214844 1 1 1
v -905.279052734375 92.6380386352539 380.03955078125 1 1 1
v -906.0357666015625 92.6380386352539 380.6441345214844 1 1 1
v -906.735107421875 95.76062774658203 380.048095703125 1 1 1
v -907.2506103515625 95.24606323242188 380.6495361328125 1 1 1
v -906.735107421875 95.76062774658203 380.048095703125 1 1 1
v -909.8613891601562 96.45773315429688 380.6495666503906 1 1 1
v -907.2506103515625 95.24606323242188 380.6495361328125 1 1 1
v -906.735107421875 95.76062774658203 380.048095703125 1 1 1
v -909.8632202148438 97.21295928955078 380.0480651855469 1 1 1
v -909.8613891601562 96.45773315429688 380.6495666503906 1 1 1
v -912.9908447265625 95.76158905029297 380.048095703125 1 1 1
v -909.8613891601562 96.45773315429688 380.6495666503906 1 1 1
v -909.8632202148438 97.21295928955078 380.0480651855469 1 1 1
v -909.8613891601562 96.45773315429688 380.6495666503906 1 1 1
v -912.9908447265625 95.76158905029297 380.048095703125 1 1 1
v -912.47216796875 95.24605560302734 380.6495666503906 1 1 1
v -912.9908447265625 95.76158905029297 380.048095703125 1 1 1
v -913.6807861328125 92.6380386352539 380.6441345214844 1 1 1
v -912.47216796875 95.24605560302734 380.6495666503906 1 1 1
v -913.6807861328125 92.6380386352539 380.6441345214844 1 1 1
v -912.9908447265625 95.76158905029297 380.048095703125 1 1 1
v -914.4376220703125 92.6380386352539 380.0395202636719 1 1 1
v -914.4376220703125 92.6380386352539 380.0395202636719 1 1 1
v -912.9908447265625 89.51449584960938 380.048095703125 1 1 1
v -913.6807861328125 92.6380386352539 380.6441345214844 1 1 1
v -913.6807861328125 92.6380386352539 380.6441345214844 1 1 1
v -912.9908447265625 89.51449584960938 380.048095703125 1 1 1
v -912.47216796875 90.030029296875 380.6495666503906 1 1 1
v -912.9908447265625 89.51449584960938 380.048095703125 1 1 1
v -909.8613891601562 88.818359375 380.6495666503906 1 1 1
v -912.47216796875 90.030029296875 380.6495666503906 1 1 1
v -909.8613891601562 88.818359375 380.6495666503906 1 1 1
v -912.9908447265625 89.51449584960938 380.048095703125 1 1 1
v -909.8632202148438 88.0631332397461 380.0480651855469 1 1 1
v -893.7108154296875 91.34390258789062 383.85986328125 1 1 1
v -897.007080078125 91.3250503540039 378.0797424316406 1 1 1
v -892.5875244140625 92.63777923583984 383.21905517578125 1 1 1
v -895.8673095703125 92.63894653320312 377.42962646484375 1 1 1
v -892.5875244140625 92.63777923583984 383.21905517578125 1 1 1
v -897.007080078125 91.3250503540039 378.0797424316406 1 1 1
v -897.008544921875 93.9510726928711 378.0806579589844 1 1 1
v -892.5875244140625 92.63777923583984 383.21905517578125 1 1 1
v -895.8673095703125 92.63894653320312 377.42962646484375 1 1 1
v -892.5875244140625 92.63777923583984 383.21905517578125 1 1 1
v -897.008544921875 93.9510726928711 378.0806579589844 1 1 1
v -893.71142578125 93.93099975585938 383.86016845703125 1 1 1
v -897.008544921875 93.9510726928711 378.0806579589844 1 1 1
v -894.834716796875 92.63712310791016 384.5009765625 1 1 1
v -893.71142578125 93.93099975585938 383.86016845703125 1 1 1
v -894.834716796875 92.63712310791016 384.5009765625 1 1 1
v -897.008544921875 93.9510726928711 378.0806579589844 1 1 1
v -898.1483154296875 92.63717651367188 378.73077392578125 1 1 1
v -897.007080078125 91.3250503540039 378.0797424316406 1 1 1
v -894.834716796875 92.63712310791016 384.5009765625 1 1 1
v -898.1483154296875 92.63717651367188 378.73077392578125 1 1 1
v -894.834716796875 92.63712310791016 384.5009765625 1 1 1
v -897.007080078125 91.3250503540039 378.0797424316406 1 1 1
v -893.7108154296875 91.34390258789062 383.85986328125 1 1 1
v -892.62060546875 95.89318084716797 382.494384765625 1 1 1
v -896.92138671875 93.86552429199219 384.953369140625 1 1 1
v -895.44287109375 95.89318084716797 384.1033020019531 1 1 1
v -891.1176147460938 93.86553192138672 381.6442565917969 1 1 1
v -896.92138671875 93.86552429199219 384.953369140625 1 1 1
v -892.62060546875 95.89318084716797 382.494384765625 1 1 1
v -891.1298217773438 90.7094497680664 381.644287109375 1 1 1
v -896.92138671875 93.86552429199219 384.953369140625 1 1 1
v -891.1176147460938 93.86553192138672 381.6442565917969 1 1 1
v -891.1298217773438 90.7094497680664 381.644287109375 1 1 1
v -896.93359375 90.7094497680664 384.95343017578125 1 1 1
v -896.92138671875 93.86552429199219 384.953369140625 1 1 1
v -891.1298217773438 90.7094497680664 381.644287109375 1 1 1
v -895.5161743164062 87.02349090576172 384.14556884765625 1 1 1
v -896.93359375 90.7094497680664 384.95343017578125 1 1 1
v -895.5161743164062 87.02349090576172 384.14556884765625 1 1 1
v -891.1298217773438 90.7094497680664 381.644287109375 1 1 1
v -892.5467529296875 87.02349090576172 382.451904296875 1 1 1
v -894.1096801757812 90.58788299560547 375.95892333984375 1 1 1
v -899.4732666015625 90.1192398071289 377.2485046386719 1 1 1
v -894.1096801757812 94.68830871582031 375.95892333984375 1 1 1
v -899.4732666015625 90.1192398071289 377.2485046386719 1 1 1
v -899.4732666015625 95.1569595336914 377.2485046386719 1 1 1
v -894.1096801757812 94.68830871582031 375.95892333984375 1 1 1
v -899.4732666015625 90.1192398071289 377.2485046386719 1 1 1
v -906.7386474609375 95.33820343017578 377.25335693359375 1 1 1
v -899.4732666015625 95.1569595336914 377.2485046386719 1 1 1
v -906.7386474609375 89.93799591064453 377.25335693359375 1 1 1
v -906.7386474609375 95.33820343017578 377.25335693359375 1 1 1
v -899.4732666015625 90.1192398071289 377.2485046386719 1 1 1
v -893.5514526367188 94.68840026855469 376.98779296875 1 1 1
v -898.1658935546875 90.1190185546875 379.39605712890625 1 1 1
v -893.5514526367188 90.5877914428711 376.98779296875 1 1 1
v -898.1658935546875 90.1190185546875 379.39605712890625 1 1 1
v -893.5514526367188 94.68840026855469 376.98779296875 1 1 1
v -898.1658935546875 95.15718078613281 379.39605712890625 1 1 1
v -906.73876953125 95.33842468261719 379.3923034667969 1 1 1
v -898.1658935546875 90.1190185546875 379.39605712890625 1 1 1
v -898.1658935546875 95.15718078613281 379.39605712890625 1 1 1
v -898.1658935546875 90.1190185546875 379.39605712890625 1 1 1
v -906.73876953125 95.33842468261719 379.3923034667969 1 1 1
v -906.73876953125 89.9377670288086 379.3923034667969 1 1 1
v -906.6062622070312 59.32002639770508 388.9062805175781 1 1 1
v -897.0325927734375 68.14771270751953 389.6459655761719 1 1 1
v -903.9282836914062 59.37895965576172 393.58819580078125 1 1 1
v -897.0325927734375 68.14771270751953 389.6459655761719 1 1 1
v -906.6062622070312 59.32002639770508 388.9062805175781 1 1 1
v -899.7051391601562 68.14771270751953 384.96099853515625 1 1 1
v -899.7051391601562 87.9698486328125 384.96099853515625 1 1 1
v -897.0325927734375 68.14771270751953 389.6459655761719 1 1 1
v -899.7051391601562 68.14771270751953 384.96099853515625 1 1 1
v -897.0325927734375 68.14771270751953 389.6459655761719 1 1 1
v -899.7051391601562 87.9698486328125 384.96099853515625 1 1 1
v -897.0325927734375 87.96985626220703 389.64593505859375 1 1 1
v -897.0325927734375 87.96985626220703 389.64593505859375 1 1 1
v -899.7051391601562 87.9698486328125 384.96099853515625 1 1 1
v -898.3681640625 92.86116790771484 387.30267333984375 1 1 1
v -895.6883544921875 92.86942291259766 391.9996643066406 1 1 1
v -897.0325927734375 87.96985626220703 389.64593505859375 1 1 1
v -898.3681640625 92.86116790771484 387.30267333984375 1 1 1
v -899.7051391601562 87.9698486328125 384.96099853515625 1 1 1
v -901.0465087890625 92.84607696533203 382.60137939453125 1 1 1
v -898.3681640625 92.86116790771484 387.30267333984375 1 1 1
v -896.97705078125 97.48382568359375 389.7314147949219 1 1 1
v -895.6883544921875 92.86942291259766 391.9996643066406 1 1 1
v -898.3681640625 92.86116790771484 387.30267333984375 1 1 1
v -901.0465087890625 92.84607696533203 382.60137939453125 1 1 1
v -899.7498779296875 97.50968170166016 384.8805847167969 1 1 1
v -898.3681640625 92.86116790771484 387.30267333984375 1 1 1
v -899.7498779296875 97.50968170166016 384.8805847167969 1 1 1
v -896.97705078125 97.48382568359375 389.7314147949219 1 1 1
v -898.3681640625 92.86116790771484 387.30267333984375 1 1 1
v -914.6781616210938 89.72217559814453 367.5707092285156 1 1 1
v -914.6781616210938 95.55399322509766 367.5707092285156 1 1 1
v -915.9526977539062 94.49658966064453 365.30511474609375 1 1 1
v -914.6781616210938 89.72217559814453 367.5707092285156 1 1 1
v -915.9526977539062 94.49658966064453 365.30511474609375 1 1 1
v -915.9526977539062 90.77957916259766 365.30511474609375 1 1 1
v -915.9526977539062 94.49658966064453 365.30511474609375 1 1 1
v -915.9526977539062 90.77958679199219 357.1291198730469 1 1 1
v -915.9526977539062 90.77957916259766 365.30511474609375 1 1 1
v -915.9526977539062 90.77958679199219 357.1291198730469 1 1 1
v -915.9526977539062 94.49658966064453 365.30511474609375 1 1 1
v -915.9526977539062 94.49658203125 357.12908935546875 1 1 1
v -915.9526977539062 94.49658203125 357.12908935546875 1 1 1
v -928.6326904296875 92.11198425292969 336.7083435058594 1 1 1
v -915.9526977539062 90.77958679199219 357.1291198730469 1 1 1
v -928.6326904296875 92.11198425292969 336.7083435058594 1 1 1
v -915.9526977539062 94.49658203125 357.12908935546875 1 1 1
v -928.6326904296875 93.16416931152344 336.7083435058594 1 1 1
v -928.6326904296875 93.16416931152344 336.7083435058594 1 1 1
v -928.6326904296875 93.1641616821289 252.55174255371094 1 1 1
v -928.6326904296875 92.11198425292969 336.7083435058594 1 1 1
v -928.6326904296875 92.11198425292969 336.7083435058594 1 1 1
v -928.6326904296875 93.1641616821289 252.55174255371094 1 1 1
v -928.6326904296875 92.11197662353516 252.55174255371094 1 1 1
v -943.4240112304688 79.04222869873047 363.7538757324219 1 1 1
v -1027.79541015625 79.0422134399414 315.7852478027344 1 1 1
v -1030.5673828125 80.90263366699219 320.6610107421875 1 1 1
v -1030.5673828125 80.90263366699219 320.6610107421875 1 1 1
v -940.9728393554688 81.29170227050781 372.1495361328125 1 1 1
v -943.4240112304688 79.04222869873047 363.7538757324219 1 1 1
v -940.9728393554688 81.29170227050781 372.1495361328125 1 1 1
v -938.787841796875 80.90071868896484 370.8205871582031 1 1 1
v -943.4240112304688 79.04222869873047 363.7538757324219 1 1 1
v -940.9728393554688 81.29170227050781 372.1495361328125 1 1 1
v -931.3776245117188 80.90071105957031 375.0337219238281 1 1 1
v -938.787841796875 80.90071868896484 370.8205871582031 1 1 1
v -940.9728393554688 81.29170227050781 372.1495361328125 1 1 1
v -1030.5673828125 80.90263366699219 320.6610107421875 1 1 1
v -1033.16845703125 81.02095794677734 325.2356262207031 1 1 1
v -931.3776245117188 80.90071105957031 375.0337219238281 1 1 1
v -940.9728393554688 81.29170227050781 372.1495361328125 1 1 1
v -930.340576171875 81.95813751220703 377.08935546875 1 1 1
v -968.8313598632812 79.56829071044922 382.34698486328125 1 1 1
v -1033.16845703125 81.02095794677734 325.2356262207031 1 1 1
v -1041.9906005859375 79.56830596923828 340.7529602050781 1 1 1
v -938.868408203125 83.01387023925781 375.6327209472656 1 1 1
v -930.340576171875 81.95813751220703 377.08935546875 1 1 1
v -940.9728393554688 81.29170227050781 372.1495361328125 1 1 1
v -930.340576171875 81.95813751220703 377.08935546875 1 1 1
v -938.868408203125 83.01387023925781 375.6327209472656 1 1 1
v -931.7978515625 84.45159149169922 379.65252685546875 1 1 1
v -938.868408203125 83.01387023925781 375.6327209472656 1 1 1
v -933.64794921875 84.45154571533203 382.90643310546875 1 1 1
v -931.7978515625 84.45159149169922 379.65252685546875 1 1 1
v -1033.16845703125 81.02095794677734 325.2356262207031 1 1 1
v -944.6240234375 81.30321502685547 378.5714111328125 1 1 1
v -940.9728393554688 81.29170227050781 372.1495361328125 1 1 1
v -1033.16845703125 81.02095794677734 325.2356262207031 1 1 1
v -968.8313598632812 79.56829071044922 382.34698486328125 1 1 1
v -944.6240234375 81.30321502685547 378.5714111328125 1 1 1
v -940.9728393554688 81.29170227050781 372.1495361328125 1 1 1
v -944.6240234375 81.30321502685547 378.5714111328125 1 1 1
v -938.868408203125 83.01387023925781 375.6327209472656 1 1 1
v -944.6240234375 81.30321502685547 378.5714111328125 1 1 1
v -968.8313598632812 79.56829071044922 382.34698486328125 1 1 1
v -944.8121948242188 80.90074157714844 381.4168395996094 1 1 1
v -937.7045288085938 80.90070343017578 385.4577941894531 1 1 1
v -944.6240234375 81.30321502685547 378.5714111328125 1 1 1
v -944.8121948242188 80.90074157714844 381.4168395996094 1 1 1
v -944.6240234375 81.30321502685547 378.5714111328125 1 1 1
v -937.7045288085938 80.90070343017578 385.4577941894531 1 1 1
v -935.1051635742188 81.9581527709961 385.4695739746094 1 1 1
v -933.64794921875 84.45154571533203 382.90643310546875 1 1 1
v -938.868408203125 83.01387023925781 375.6327209472656 1 1 1
v -940.7183227539062 83.01388549804688 378.8865051269531 1 1 1
v -944.6240234375 81.30321502685547 378.5714111328125 1 1 1
v -940.7183227539062 83.01388549804688 378.8865051269531 1 1 1
v -938.868408203125 83.01387023925781 375.6327209472656 1 1 1
v -940.7183227539062 83.01388549804688 378.8865051269531 1 1 1
v -935.1051635742188 81.9581527709961 385.4695739746094 1 1 1
v -933.64794921875 84.45154571533203 382.90643310546875 1 1 1
v -935.1051635742188 81.9581527709961 385.4695739746094 1 1 1
v -940.7183227539062 83.01388549804688 378.8865051269531 1 1 1
v -944.6240234375 81.30321502685547 378.5714111328125 1 1 1
v -1027.79541015625 79.0422134399414 315.7852478027344 1 1 1
v -943.4240112304688 79.04222869873047 363.7538757324219 1 1 1
v -1030.5675048828125 77.18180084228516 320.6610412597656 1 1 1
v -1030.5675048828125 77.18180084228516 320.6610412597656 1 1 1
v -943.4240112304688 79.04222869873047 363.7538757324219 1 1 1
v -940.9728393554688 76.79273223876953 372.1495361328125 1 1 1
v -940.9728393554688 76.79273223876953 372.1495361328125 1 1 1
v -943.4240112304688 79.04222869873047 363.7538757324219 1 1 1
v -938.787841796875 77.18367767333984 370.82061767578125 1 1 1
v -931.3776245117188 77.18370819091797 375.03375244140625 1 1 1
v -940.9728393554688 76.79273223876953 372.1495361328125 1 1 1
v -938.787841796875 77.18367767333984 370.82061767578125 1 1 1
v -1030.5675048828125 77.18180084228516 320.6610412597656 1 1 1
v -940.9728393554688 76.79273223876953 372.1495361328125 1 1 1
v -1033.16845703125 77.06348419189453 325.23565673828125 1 1 1
v -940.9728393554688 76.79273223876953 372.1495361328125 1 1 1
v -931.3776245117188 77.18370819091797 375.03375244140625 1 1 1
v -930.340576171875 76.12630462646484 377.08935546875 1 1 1
v -1033.16845703125 77.06348419189453 325.23565673828125 1 1 1
v -968.8314819335938 78.51610565185547 382.3470153808594 1 1 1
v -1041.99072265625 78.51616668701172 340.7529602050781 1 1 1
v -930.340576171875 76.12630462646484 377.08935546875 1 1 1
v -938.8683471679688 75.07051849365234 375.6326904296875 1 1 1
v -940.9728393554688 76.79273223876953 372.1495361328125 1 1 1
v -938.8683471679688 75.07051849365234 375.6326904296875 1 1 1
v -930.340576171875 76.12630462646484 377.08935546875 1 1 1
v -931.7979736328125 73.63286590576172 379.6524963378906 1 1 1
v -938.8683471679688 75.07051849365234 375.6326904296875 1 1 1
v -931.7979736328125 73.63286590576172 379.6524963378906 1 1 1
v -933.6478881835938 73.63292694091797 382.9063415527344 1 1 1
v -1033.16845703125 77.06348419189453 325.23565673828125 1 1 1
v -940.9728393554688 76.79273223876953 372.1495361328125 1 1 1
v -944.6240234375 76.78125762939453 378.5714111328125 1 1 1
v -968.8314819335938 78.51610565185547 382.3470153808594 1 1 1
v -1033.16845703125 77.06348419189453 325.23565673828125 1 1 1
v -944.6240234375 76.78125762939453 378.5714111328125 1 1 1
v -938.8683471679688 75.07051849365234 375.6326904296875 1 1 1
v -944.6240234375 76.78125762939453 378.5714111328125 1 1 1
v -940.9728393554688 76.79273223876953 372.1495361328125 1 1 1
v -944.6240234375 76.78125762939453 378.5714111328125 1 1 1
v -944.8121948242188 77.18373107910156 381.4167785644531 1 1 1
v -968.8314819335938 78.51610565185547 382.3470153808594 1 1 1
v -944.6240234375 76.78125762939453 378.5714111328125 1 1 1
v -937.70458984375 77.1837387084961 385.4577941894531 1 1 1
v -944.8121948242188 77.18373107910156 381.4167785644531 1 1 1
v -937.70458984375 77.1837387084961 385.4577941894531 1 1 1
v -944.6240234375 76.78125762939453 378.5714111328125 1 1 1
v -935.1051635742188 76.12628936767578 385.4695739746094 1 1 1
v -944.6240234375 76.78125762939453 378.5714111328125 1 1 1
v -938.8683471679688 75.07051849365234 375.6326904296875 1 1 1
v -940.7183227539062 75.0705337524414 378.88653564453125 1 1 1
v -940.7183227539062 75.0705337524414 378.88653564453125 1 1 1
v -935.1051635742188 76.12628936767578 385.4695739746094 1 1 1
v -944.6240234375 76.78125762939453 378.5714111328125 1 1 1
v -933.6478881835938 73.63292694091797 382.9063415527344 1 1 1
v -940.7183227539062 75.0705337524414 378.88653564453125 1 1 1
v -938.8683471679688 75.07051849365234 375.6326904296875 1 1 1
v -935.1051635742188 76.12628936767578 385.4695739746094 1 1 1
v -940.7183227539062 75.0705337524414 378.88653564453125 1 1 1
v -933.6478881835938 73.63292694091797 382.9063415527344 1 1 1
v -788.473388671875 80.90259552001953 467.4927062988281 1 1 1
v -875.6170043945312 79.04219818115234 424.3998718261719 1 1 1
v -791.2454223632812 79.0422592163086 472.3685302734375 1 1 1
v -788.473388671875 80.90259552001953 467.4927062988281 1 1 1
v -878.0682373046875 81.29167938232422 416.00421142578125 1 1 1
v -875.6170043945312 79.04219818115234 424.3998718261719 1 1 1
v -878.0682373046875 81.29167938232422 416.00421142578125 1 1 1
v -880.2531127929688 80.90062713623047 417.3331604003906 1 1 1
v -875.6170043945312 79.04219818115234 424.3998718261719 1 1 1
v -878.0682373046875 81.29167938232422 416.00421142578125 1 1 1
v -887.6634521484375 80.90068054199219 413.12005615234375 1 1 1
v -880.2531127929688 80.90062713623047 417.3331604003906 1 1 1
v -785.8724975585938 81.02088165283203 462.9181213378906 1 1 1
v -878.0682373046875 81.29167938232422 416.00421142578125 1 1 1
v -788.473388671875 80.90259552001953 467.4927062988281 1 1 1
v -887.6634521484375 80.90068054199219 413.12005615234375 1 1 1
v -878.0682373046875 81.29167938232422 416.00421142578125 1 1 1
v -888.7003784179688 81.95806121826172 411.06439208984375 1 1 1
v -850.20947265625 79.56826782226562 405.80682373046875 1 1 1
v -785.8724975585938 81.02088165283203 462.9181213378906 1 1 1
v -777.05029296875 79.56829071044922 447.4007873535156 1 1 1
v -880.1726684570312 83.01392364501953 412.52105712890625 1 1 1
v -888.7003784179688 81.95806121826172 411.06439208984375 1 1 1
v -878.0682373046875 81.29167938232422 416.00421142578125 1 1 1
v -888.7003784179688 81.95806121826172 411.06439208984375 1 1 1
v -880.1726684570312 83.01392364501953 412.52105712890625 1 1 1
v -887.3392944335938 84.45153045654297 408.6485290527344 1 1 1
v -887.3392944335938 84.45153045654297 408.6485290527344 1 1 1
v -880.1726684570312 83.01392364501953 412.52105712890625 1 1 1
v -885.3931274414062 84.45153045654297 405.2473449707031 1 1 1
v -878.0682373046875 81.29167938232422 416.00421142578125 1 1 1
v -785.8724975585938 81.02088165283203 462.9181213378906 1 1 1
v -874.4170532226562 81.30316925048828 409.5823059082031 1 1 1
v -785.8724975585938 81.02088165283203 462.9181213378906 1 1 1
v -850.20947265625 79.56826782226562 405.80682373046875 1 1 1
v -874.4170532226562 81.30316925048828 409.5823059082031 1 1 1
v -874.4170532226562 81.30316925048828 409.5823059082031 1 1 1
v -880.1726684570312 83.01392364501953 412.52105712890625 1 1 1
v -878.0682373046875 81.29167938232422 416.00421142578125 1 1 1
v -874.4170532226562 81.30316925048828 409.5823059082031 1 1 1
v -850.20947265625 79.56826782226562 405.80682373046875 1 1 1
v -874.228759765625 80.90068054199219 406.7369689941406 1 1 1
v -881.33642578125 80.90067291259766 402.69598388671875 1 1 1
v -874.4170532226562 81.30316925048828 409.5823059082031 1 1 1
v -874.228759765625 80.90068054199219 406.7369689941406 1 1 1
v -874.4170532226562 81.30316925048828 409.5823059082031 1 1 1
v -881.33642578125 80.90067291259766 402.69598388671875 1 1 1
v -883.9358520507812 81.95804595947266 402.6842346191406 1 1 1
v -880.1726684570312 83.01392364501953 412.52105712890625 1 1 1
v -874.4170532226562 81.30316925048828 409.5823059082031 1 1 1
v -878.3226928710938 83.01387786865234 409.2672119140625 1 1 1
v -883.9358520507812 81.95804595947266 402.6842346191406 1 1 1
v -878.3226928710938 83.01387786865234 409.2672119140625 1 1 1
v -874.4170532226562 81.30316925048828 409.5823059082031 1 1 1
v -885.3931274414062 84.45153045654297 405.2473449707031 1 1 1
v -880.1726684570312 83.01392364501953 412.52105712890625 1 1 1
v -878.3226928710938 83.01387786865234 409.2672119140625 1 1 1
v -878.3226928710938 83.01387786865234 409.2672119140625 1 1 1
v -883.9358520507812 81.95804595947266 402.6842346191406 1 1 1
v -885.3931274414062 84.45153045654297 405.2473449707031 1 1 1
v -875.6170043945312 79.04219818115234 424.3998718261719 1 1 1
v -788.473388671875 77.18177795410156 467.4927062988281 1 1 1
v -791.2454223632812 79.0422592163086 472.3685302734375 1 1 1
v -878.0680541992188 76.79265594482422 416.0041809082031 1 1 1
v -788.473388671875 77.18177795410156 467.4927062988281 1 1 1
v -875.6170043945312 79.04219818115234 424.3998718261719 1 1 1
v -878.0680541992188 76.79265594482422 416.0041809082031 1 1 1
v -875.6170043945312 79.04219818115234 424.3998718261719 1 1 1
v -880.253173828125 77.18366241455078 417.3331604003906 1 1 1
v -887.6634521484375 77.18370819091797 413.1200256347656 1 1 1
v -878.0680541992188 76.79265594482422 416.0041809082031 1 1 1
v -880.253173828125 77.18366241455078 417.3331604003906 1 1 1
v -878.0680541992188 76.79265594482422 416.0041809082031 1 1 1
v -785.8724975585938 77.06342315673828 462.9181213378906 1 1 1
v -788.473388671875 77.18177795410156 467.4927062988281 1 1 1
v -878.0680541992188 76.79265594482422 416.0041809082031 1 1 1
v -887.6634521484375 77.18370819091797 413.1200256347656 1 1 1
v -888.7002563476562 76.12625885009766 411.06439208984375 1 1 1
v -785.8724975585938 77.06342315673828 462.9181213378906 1 1 1
v -850.20947265625 78.51608276367188 405.80682373046875 1 1 1
v -777.05029296875 78.51610565185547 447.4007873535156 1 1 1
v -888.7002563476562 76.12625885009766 411.06439208984375 1 1 1
v -880.1726684570312 75.0705337524414 412.5211181640625 1 1 1
v -878.0680541992188 76.79265594482422 416.0041809082031 1 1 1
v -880.1726684570312 75.0705337524414 412.5211181640625 1 1 1
v -888.7002563476562 76.12625885009766 411.06439208984375 1 1 1
v -887.2431030273438 73.63285064697266 408.5011901855469 1 1 1
v -874.4170532226562 76.78121185302734 409.5823059082031 1 1 1
v -785.8724975585938 77.06342315673828 462.9181213378906 1 1 1
v -878.0680541992188 76.79265594482422 416.0041809082031 1 1 1
v -850.20947265625 78.51608276367188 405.80682373046875 1 1 1
v -785.8724975585938 77.06342315673828 462.9181213378906 1 1 1
v -874.4170532226562 76.78121185302734 409.5823059082031 1 1 1
v -874.4170532226562 76.78121185302734 409.5823059082031 1 1 1
v -878.0680541992188 76.79265594482422 416.0041809082031 1 1 1
v -880.1726684570312 75.0705337524414 412.5211181640625 1 1 1
v -874.4170532226562 76.78121185302734 409.5823059082031 1 1 1
v -874.2288208007812 77.18375396728516 406.7369384765625 1 1 1
v -850.20947265625 78.51608276367188 405.80682373046875 1 1 1
v -874.4170532226562 76.78121185302734 409.5823059082031 1 1 1
v -881.3364868164062 77.18370819091797 402.69598388671875 1 1 1
v -874.2288208007812 77.18375396728516 406.7369384765625 1 1 1
v -881.3364868164062 77.18370819091797 402.69598388671875 1 1 1
v -874.4170532226562 76.78121185302734 409.5823059082031 1 1 1
v -883.9359130859375 76.12622833251953 402.6841735839844 1 1 1
v -874.4170532226562 76.78121185302734 409.5823059082031 1 1 1
v -880.1726684570312 75.0705337524414 412.5211181640625 1 1 1
v -878.32275390625 75.0704574584961 409.2672424316406 1 1 1
v -878.32275390625 75.0704574584961 409.2672424316406 1 1 1
v -883.9359130859375 76.12622833251953 402.6841735839844 1 1 1
v -874.4170532226562 76.78121185302734 409.5823059082031 1 1 1
v -887.2431030273438 73.63285064697266 408.5011901855469 1 1 1
v -878.32275390625 75.0704574584961 409.2672424316406 1 1 1
v -880.1726684570312 75.0705337524414 412.5211181640625 1 1 1
v -883.9359130859375 76.12622833251953 402.6841735839844 1 1 1
v -878.32275390625 75.0704574584961 409.2672424316406 1 1 1
v -885.3931274414062 73.63280487060547 405.2473449707031 1 1 1
v -878.32275390625 75.0704574584961 409.2672424316406 1 1 1
v -887.2431030273438 73.63285064697266 408.5011901855469 1 1 1
v -885.3931274414062 73.63280487060547 405.2473449707031 1 1 1
v -919.1195068359375 92.63805389404297 438.52618408203125 1 1 1
v -919.1195678710938 92.6380386352539 535.5804443359375 1 1 1
v -913.5108032226562 94.49845123291016 535.5804443359375 1 1 1
v -913.5108032226562 94.49845123291016 535.5804443359375 1 1 1
v -913.032470703125 94.88753509521484 432.24578857421875 1 1 1
v -919.1195068359375 92.63805389404297 438.52618408203125 1 1 1
v -913.032470703125 94.88753509521484 432.24578857421875 1 1 1
v -915.2676391601562 94.49655151367188 431.00311279296875 1 1 1
v -919.1195068359375 92.63805389404297 438.52618408203125 1 1 1
v -913.032470703125 94.88753509521484 432.24578857421875 1 1 1
v -915.2676391601562 94.49655151367188 422.47894287109375 1 1 1
v -915.2676391601562 94.49655151367188 431.00311279296875 1 1 1
v -913.032470703125 94.88753509521484 432.24578857421875 1 1 1
v -913.5108032226562 94.49845123291016 535.5804443359375 1 1 1
v -908.2485961914062 94.61676788330078 535.5804443359375 1 1 1
v -915.2676391601562 94.49655151367188 422.47894287109375 1 1 1
v -913.032470703125 94.88753509521484 432.24578857421875 1 1 1
v -913.9931030273438 95.55396270751953 420.5614929199219 1 1 1
v -890.3985595703125 93.16413879394531 451.4239196777344 1 1 1
v -908.2485961914062 94.61676788330078 535.5804443359375 1 1 1
v -890.3985595703125 93.16413116455078 535.5805053710938 1 1 1
v -911.0446166992188 96.60973358154297 428.6947937011719 1 1 1
v -913.9931030273438 95.55396270751953 420.5614929199219 1 1 1
v -913.032470703125 94.88753509521484 432.24578857421875 1 1 1
v -913.9931030273438 95.55396270751953 420.5614929199219 1 1 1
v -911.0446166992188 96.60973358154297 428.6947937011719 1 1 1
v -911.0446166992188 98.04741668701172 420.5614929199219 1 1 1
v -911.0446166992188 96.60973358154297 428.6947937011719 1 1 1
v -907.3016357421875 98.04741668701172 420.5615234375 1 1 1
v -911.0446166992188 98.04741668701172 420.5614929199219 1 1 1
v -908.2485961914062 94.61676788330078 535.5804443359375 1 1 1
v -905.6451416015625 94.89903259277344 432.24578857421875 1 1 1
v -913.032470703125 94.88753509521484 432.24578857421875 1 1 1
v -908.2485961914062 94.61676788330078 535.5804443359375 1 1 1
v -890.3985595703125 93.16413879394531 451.4239196777344 1 1 1
v -905.6451416015625 94.89903259277344 432.24578857421875 1 1 1
v -913.032470703125 94.88753509521484 432.24578857421875 1 1 1
v -905.6451416015625 94.89903259277344 432.24578857421875 1 1 1
v -911.0446166992188 96.60973358154297 428.6947937011719 1 1 1
v -905.6451416015625 94.89903259277344 432.24578857421875 1 1 1
v -890.3985595703125 93.16413879394531 451.4239196777344 1 1 1
v -903.07861328125 94.49655151367188 431.00311279296875 1 1 1
v -903.07861328125 94.4965591430664 422.8271179199219 1 1 1
v -905.6451416015625 94.89903259277344 432.24578857421875 1 1 1
v -903.07861328125 94.49655151367188 431.00311279296875 1 1 1
v -905.6451416015625 94.89903259277344 432.24578857421875 1 1 1
v -903.07861328125 94.4965591430664 422.8271179199219 1 1 1
v -904.3531494140625 95.55396270751953 420.5615234375 1 1 1
v -907.3015747070312 96.60973358154297 428.6947937011719 1 1 1
v -907.3016357421875 98.04741668701172 420.5615234375 1 1 1
v -911.0446166992188 96.60973358154297 428.6947937011719 1 1 1
v -911.0446166992188 96.60973358154297 428.6947937011719 1 1 1
v -905.6451416015625 94.89903259277344 432.24578857421875 1 1 1
v -907.3015747070312 96.60973358154297 428.6947937011719 1 1 1
v -907.3016357421875 98.04741668701172 420.5615234375 1 1 1
v -907.3015747070312 96.60973358154297 428.6947937011719 1 1 1
v -904.3531494140625 95.55396270751953 420.5615234375 1 1 1
v -905.6451416015625 94.89903259277344 432.24578857421875 1 1 1
v -904.3531494140625 95.55396270751953 420.5615234375 1 1 1
v -907.3015747070312 96.60973358154297 428.6947937011719 1 1 1
v -919.1195678710938 92.6380386352539 535.5804443359375 1 1 1
v -919.1195068359375 92.63805389404297 438.52618408203125 1 1 1
v -913.5108032226562 90.77763366699219 535.5804443359375 1 1 1
v -913.5108032226562 90.77763366699219 535.5804443359375 1 1 1
v -919.1195068359375 92.63805389404297 438.52618408203125 1 1 1
v -913.032470703125 90.3885726928711 432.24578857421875 1 1 1
v -913.032470703125 90.3885726928711 432.24578857421875 1 1 1
v -919.1195068359375 92.63805389404297 438.52618408203125 1 1 1
v -915.267578125 90.77954864501953 431.00311279296875 1 1 1
v -915.2676391601562 90.77954864501953 422.47894287109375 1 1 1
v -913.032470703125 90.3885726928711 432.24578857421875 1 1 1
v -915.267578125 90.77954864501953 431.00311279296875 1 1 1
v -913.5108032226562 90.77763366699219 535.5804443359375 1 1 1
v -913.032470703125 90.3885726928711 432.24578857421875 1 1 1
v -908.2485961914062 90.65931701660156 535.5804443359375 1 1 1
v -913.032470703125 90.3885726928711 432.24578857421875 1 1 1
v -915.2676391601562 90.77954864501953 422.47894287109375 1 1 1
v -913.9931030273438 89.7221450805664 420.5614929199219 1 1 1
v -908.2485961914062 90.65931701660156 535.5804443359375 1 1 1
v -890.3985595703125 92.11195373535156 451.4239196777344 1 1 1
v -890.3985595703125 92.11194610595703 535.5805053710938 1 1 1
v -913.9931030273438 89.7221450805664 420.5614929199219 1 1 1
v -911.0446166992188 88.66637420654297 428.6947937011719 1 1 1
v -913.032470703125 90.3885726928711 432.24578857421875 1 1 1
v -911.0446166992188 88.66637420654297 428.6947937011719 1 1 1
v -913.9931030273438 89.7221450805664 420.5614929199219 1 1 1
v -911.0446166992188 87.22869110107422 420.5614929199219 1 1 1
v -911.0446166992188 88.66637420654297 428.6947937011719 1 1 1
v -911.0446166992188 87.22869110107422 420.5614929199219 1 1 1
v -907.3016357421875 87.22869110107422 420.5615234375 1 1 1
v -908.2485961914062 90.65931701660156 535.5804443359375 1 1 1
v -913.032470703125 90.3885726928711 432.24578857421875 1 1 1
v -905.6452026367188 90.3770751953125 432.24578857421875 1 1 1
v -890.3985595703125 92.11195373535156 451.4239196777344 1 1 1
v -908.2485961914062 90.65931701660156 535.5804443359375 1 1 1
v -905.6452026367188 90.3770751953125 432.24578857421875 1 1 1
v -913.032470703125 90.3885726928711 432.24578857421875 1 1 1
v -911.0446166992188 88.66637420654297 428.6947937011719 1 1 1
v -905.6452026367188 90.3770751953125 432.24578857421875 1 1 1
v -905.6452026367188 90.3770751953125 432.24578857421875 1 1 1
v -903.07861328125 90.77955627441406 431.00311279296875 1 1 1
v -890.3985595703125 92.11195373535156 451.4239196777344 1 1 1
v -905.6452026367188 90.3770751953125 432.24578857421875 1 1 1
v -903.07861328125 90.77954864501953 422.8271179199219 1 1 1
v -903.07861328125 90.77955627441406 431.00311279296875 1 1 1
v -903.07861328125 90.77954864501953 422.8271179199219 1 1 1
v -905.6452026367188 90.3770751953125 432.24578857421875 1 1 1
v -904.3531494140625 89.7221450805664 420.5615234375 1 1 1
v -905.6452026367188 90.3770751953125 432.24578857421875 1 1 1
v -911.0446166992188 88.66637420654297 428.6947937011719 1 1 1
v -907.3015747070312 88.66637420654297 428.6947937011719 1 1 1
v -907.3015747070312 88.66637420654297 428.6947937011719 1 1 1
v -904.3531494140625 89.7221450805664 420.5615234375 1 1 1
v -905.6452026367188 90.3770751953125 432.24578857421875 1 1 1
v -907.3016357421875 87.22869110107422 420.5615234375 1 1 1
v -907.3015747070312 88.66637420654297 428.6947937011719 1 1 1
v -911.0446166992188 88.66637420654297 428.6947937011719 1 1 1
v -904.3531494140625 89.7221450805664 420.5615234375 1 1 1
v -907.3015747070312 88.66637420654297 428.6947937011719 1 1 1
v -907.3016357421875 87.22869110107422 420.5615234375 1 1 1
v -905.5205078125 94.49848175048828 252.55178833007812 1 1 1
v -899.9118041992188 92.6380844116211 349.6060485839844 1 1 1
v -899.9118041992188 92.63806915283203 252.55177307128906 1 1 1
v -905.5205078125 94.49848175048828 252.55178833007812 1 1 1
v -905.9989013671875 94.88756561279297 355.8864440917969 1 1 1
v -899.9118041992188 92.6380844116211 349.6060485839844 1 1 1
v -905.9989013671875 94.88756561279297 355.8864440917969 1 1 1
v -903.763671875 94.49658203125 357.1291198730469 1 1 1
v -899.9118041992188 92.6380844116211 349.6060485839844 1 1 1
v -905.9989013671875 94.88756561279297 355.8864440917969 1 1 1
v -903.7637329101562 94.49658203125 365.6533203125 1 1 1
v -903.763671875 94.49658203125 357.1291198730469 1 1 1
v -910.78271484375 94.6167984008789 252.55177307128906 1 1 1
v -905.9989013671875 94.88756561279297 355.8864440917969 1 1 1
v -905.5205078125 94.49848175048828 252.55178833007812 1 1 1
v -903.7637329101562 94.49658203125 365.6533203125 1 1 1
v -905.9989013671875 94.88756561279297 355.8864440917969 1 1 1
v -905.0382690429688 95.55399322509766 367.5707092285156 1 1 1
v -928.6326904296875 93.16416931152344 336.7083435058594 1 1 1
v -910.78271484375 94.6167984008789 252.55177307128906 1 1 1
v -928.6326904296875 93.1641616821289 252.55174255371094 1 1 1
v -907.9866943359375 96.6097640991211 359.4374694824219 1 1 1
v -905.0382690429688 95.55399322509766 367.5707092285156 1 1 1
v -905.9989013671875 94.88756561279297 355.8864440917969 1 1 1
v -905.0382690429688 95.55399322509766 367.5707092285156 1 1 1
v -907.9866943359375 96.6097640991211 359.4374694824219 1 1 1
v -907.9866943359375 98.04744720458984 367.57073974609375 1 1 1
v -907.9866943359375 98.04744720458984 367.57073974609375 1 1 1
v -907.9866943359375 96.6097640991211 359.4374694824219 1 1 1
v -911.729736328125 98.04744720458984 367.5707092285156 1 1 1
v -905.9989013671875 94.88756561279297 355.8864440917969 1 1 1
v -910.78271484375 94.6167984008789 252.55177307128906 1 1 1
v -913.3861083984375 94.89906311035156 355.8864440917969 1 1 1
v -910.78271484375 94.6167984008789 252.55177307128906 1 1 1
v -928.6326904296875 93.16416931152344 336.7083435058594 1 1 1
v -913.3861083984375 94.89906311035156 355.8864440917969 1 1 1
v -913.3861083984375 94.89906311035156 355.8864440917969 1 1 1
v -907.9866943359375 96.6097640991211 359.4374694824219 1 1 1
v -905.9989013671875 94.88756561279297 355.8864440917969 1 1 1
v -913.3861083984375 94.89906311035156 355.8864440917969 1 1 1
v -928.6326904296875 93.16416931152344 336.7083435058594 1 1 1
v -915.9526977539062 94.49658203125 357.12908935546875 1 1 1
v -915.9526977539062 94.49658966064453 365.30511474609375 1 1 1
v -913.3861083984375 94.89906311035156 355.8864440917969 1 1 1
v -915.9526977539062 94.49658203125 357.12908935546875 1 1 1
v -913.3861083984375 94.89906311035156 355.8864440917969 1 1 1
v -915.9526977539062 94.49658966064453 365.30511474609375 1 1 1
v -914.6781616210938 95.55399322509766 367.5707092285156 1 1 1
v -907.9866943359375 96.6097640991211 359.4374694824219 1 1 1
v -913.3861083984375 94.89906311035156 355.8864440917969 1 1 1
v -911.7296752929688 96.6097640991211 359.43743896484375 1 1 1
v -914.6781616210938 95.55399322509766 367.5707092285156 1 1 1
v -911.7296752929688 96.6097640991211 359.43743896484375 1 1 1
v -913.3861083984375 94.89906311035156 355.8864440917969 1 1 1
v -911.729736328125 98.04744720458984 367.5707092285156 1 1 1
v -907.9866943359375 96.6097640991211 359.4374694824219 1 1 1
v -911.7296752929688 96.6097640991211 359.43743896484375 1 1 1
v -911.7296752929688 96.6097640991211 359.43743896484375 1 1 1
v -914.6781616210938 95.55399322509766 367.5707092285156 1 1 1
v -911.729736328125 98.04744720458984 367.5707092285156 1 1 1
v -899.9118041992188 92.6380844116211 349.6060485839844 1 1 1
v -905.5205078125 90.77766418457031 252.55178833007812 1 1 1
v -899.9118041992188 92.63806915283203 252.55177307128906 1 1 1
v -905.9989013671875 90.38860321044922 355.8864440917969 1 1 1
v -905.5205078125 90.77766418457031 252.55178833007812 1 1 1
v -899.9118041992188 92.6380844116211 349.6060485839844 1 1 1
v -905.9989013671875 90.38860321044922 355.8864440917969 1 1 1
v -899.9118041992188 92.6380844116211 349.6060485839844 1 1 1
v -903.763671875 90.77957916259766 357.1291198730469 1 1 1
v -903.7637329101562 90.77957916259766 365.6533203125 1 1 1
v -905.9989013671875 90.38860321044922 355.8864440917969 1 1 1
v -903.763671875 90.77957916259766 357.1291198730469 1 1 1
v -905.9989013671875 90.38860321044922 355.8864440917969 1 1 1
v -910.78271484375 90.65934753417969 252.55177307128906 1 1 1
v -905.5205078125 90.77766418457031 252.55178833007812 1 1 1
v -905.9989013671875 90.38860321044922 355.8864440917969 1 1 1
v -903.7637329101562 90.77957916259766 365.6533203125 1 1 1
v -905.0382690429688 89.72217559814453 367.5707092285156 1 1 1
v -910.78271484375 90.65934753417969 252.55177307128906 1 1 1
v -928.6326904296875 92.11198425292969 336.7083435058594 1 1 1
v -928.6326904296875 92.11197662353516 252.55174255371094 1 1 1
v -905.0382690429688 89.72217559814453 367.5707092285156 1 1 1
v -907.9866943359375 88.6664047241211 359.4374694824219 1 1 1
v -905.9989013671875 90.38860321044922 355.8864440917969 1 1 1
v -907.9866943359375 88.6664047241211 359.4374694824219 1 1 1
v -905.0382690429688 89.72217559814453 367.5707092285156 1 1 1
v -907.9866943359375 87.22872161865234 367.57073974609375 1 1 1
v -911.729736328125 87.22872161865234 367.5707092285156 1 1 1
v -907.9866943359375 88.6664047241211 359.4374694824219 1 1 1
v -907.9866943359375 87.22872161865234 367.57073974609375 1 1 1
v -913.3861083984375 90.37710571289062 355.886474609375 1 1 1
v -910.78271484375 90.65934753417969 252.55177307128906 1 1 1
v -905.9989013671875 90.38860321044922 355.8864440917969 1 1 1
v -928.6326904296875 92.11198425292969 336.7083435058594 1 1 1
v -910.78271484375 90.65934753417969 252.55177307128906 1 1 1
v -913.3861083984375 90.37710571289062 355.886474609375 1 1 1
v -913.3861083984375 90.37710571289062 355.886474609375 1 1 1
v -905.9989013671875 90.38860321044922 355.8864440917969 1 1 1
v -907.9866943359375 88.6664047241211 359.4374694824219 1 1 1
v -913.3861083984375 90.37710571289062 355.886474609375 1 1 1
v -915.9526977539062 90.77958679199219 357.1291198730469 1 1 1
v -928.6326904296875 92.11198425292969 336.7083435058594 1 1 1
v -913.3861083984375 90.37710571289062 355.886474609375 1 1 1
v -915.9526977539062 90.77957916259766 365.30511474609375 1 1 1
v -915.9526977539062 90.77958679199219 357.1291198730469 1 1 1
v -915.9526977539062 90.77957916259766 365.30511474609375 1 1 1
v -913.3861083984375 90.37710571289062 355.886474609375 1 1 1
v -914.6781616210938 89.72217559814453 367.5707092285156 1 1 1
v -907.9866943359375 88.6664047241211 359.4374694824219 1 1 1
v -911.729736328125 87.22872161865234 367.5707092285156 1 1 1
v -911.7296752929688 88.6664047241211 359.43743896484375 1 1 1
v -913.3861083984375 90.37710571289062 355.886474609375 1 1 1
v -907.9866943359375 88.6664047241211 359.4374694824219 1 1 1
v -911.7296752929688 88.6664047241211 359.43743896484375 1 1 1
v -914.6781616210938 89.72217559814453 367.5707092285156 1 1 1
v -911.7296752929688 88.6664047241211 359.43743896484375 1 1 1
v -911.729736328125 87.22872161865234 367.5707092285156 1 1 1
v -911.7296752929688 88.6664047241211 359.43743896484375 1 1 1
v -914.6781616210938 89.72217559814453 367.5707092285156 1 1 1
v -913.3861083984375 90.37710571289062 355.886474609375 1 1 1
v -914.2645263671875 79.04219055175781 387.0432434082031 1 1 1
v -912.2678833007812 81.65023040771484 384.315185546875 1 1 1
v -913.92041015625 79.04215240478516 384.32568359375 1 1 1
v -920.064208984375 81.65018463134766 385.47674560546875 1 1 1
v -914.2645263671875 79.04219055175781 387.0432434082031 1 1 1
v -919.468505859375 79.04216766357422 384.4179992675781 1 1 1
v -912.6681518554688 81.65018463134766 389.2156066894531 1 1 1
v -912.2678833007812 81.65023040771484 384.315185546875 1 1 1
v -914.2645263671875 79.04219055175781 387.0432434082031 1 1 1
v -914.2645263671875 79.04219055175781 387.0432434082031 1 1 1
v -920.064208984375 81.65018463134766 385.47674560546875 1 1 1
v -912.6681518554688 81.65018463134766 389.2156066894531 1 1 1
v -912.6681518554688 81.65018463134766 389.2156066894531 1 1 1
v -909.833984375 82.66216278076172 384.2906188964844 1 1 1
v -912.2678833007812 81.65023040771484 384.315185546875 1 1 1
v -921.354736328125 82.86186218261719 387.74639892578125 1 1 1
v -912.6681518554688 81.65018463134766 389.2156066894531 1 1 1
v -920.064208984375 81.65018463134766 385.47674560546875 1 1 1
v -909.5016479492188 82.6959457397461 394.0711364746094 1 1 1
v -909.833984375 82.66216278076172 384.2906188964844 1 1 1
v -912.6681518554688 81.65018463134766 389.2156066894531 1 1 1
v -912.6681518554688 81.65018463134766 389.2156066894531 1 1 1
v -921.354736328125 82.86186218261719 387.74639892578125 1 1 1
v -909.5016479492188 82.6959457397461 394.0711364746094 1 1 1
v -905.3112182617188 81.64849853515625 392.52996826171875 1 1 1
v -909.833984375 82.66216278076172 384.2906188964844 1 1 1
v -909.5016479492188 82.6959457397461 394.0711364746094 1 1 1
v -909.833984375 82.66216278076172 384.2906188964844 1 1 1
v -905.3112182617188 81.64849853515625 392.52996826171875 1 1 1
v -907.1973266601562 81.68859100341797 384.2508850097656 1 1 1
v -907.1973266601562 81.68859100341797 384.2508850097656 1 1 1
v -904.0672607421875 79.04216003417969 391.87432861328125 1 1 1
v -905.9517211914062 79.0421371459961 384.2253112792969 1 1 1
v -904.0672607421875 79.04216003417969 391.87432861328125 1 1 1
v -907.1973266601562 81.68859100341797 384.2508850097656 1 1 1
v -905.3112182617188 81.64849853515625 392.52996826171875 1 1 1
v -895.7939453125 79.04219055175781 397.0898742675781 1 1 1
v -904.0672607421875 79.04216003417969 391.87432861328125 1 1 1
v -896.3959350585938 81.6501693725586 398.1378173828125 1 1 1
v -905.3112182617188 81.64849853515625 392.52996826171875 1 1 1
v -896.3959350585938 81.6501693725586 398.1378173828125 1 1 1
v -904.0672607421875 79.04216003417969 391.87432861328125 1 1 1
v -905.3112182617188 81.64849853515625 392.52996826171875 1 1 1
v -897.6864013671875 82.8618392944336 400.4074401855469 1 1 1
v -896.3959350585938 81.6501693725586 398.1378173828125 1 1 1
v -897.6864013671875 82.8618392944336 400.4074401855469 1 1 1
v -905.3112182617188 81.64849853515625 392.52996826171875 1 1 1
v -909.5016479492188 82.6959457397461 394.0711364746094 1 1 1
v -906.3728637695312 81.65016174316406 398.93817138671875 1 1 1
v -897.6864013671875 82.8618392944336 400.4074401855469 1 1 1
v -909.5016479492188 82.6959457397461 394.0711364746094 1 1 1
v -897.6864013671875 82.8618392944336 400.4074401855469 1 1 1
v -906.3728637695312 81.65016174316406 398.93817138671875 1 1 1
v -898.9767456054688 81.65016174316406 402.6770935058594 1 1 1
v -898.9767456054688 81.65016174316406 402.6770935058594 1 1 1
v -904.7764282226562 79.04216766357422 401.11053466796875 1 1 1
v -899.5724487304688 79.04217529296875 403.7358093261719 1 1 1
v -904.7764282226562 79.04216766357422 401.11053466796875 1 1 1
v -898.9767456054688 81.65016174316406 402.6770935058594 1 1 1
v -906.3728637695312 81.65016174316406 398.93817138671875 1 1 1
v -906.773193359375 81.65019989013672 403.8386535644531 1 1 1
v -905.1207275390625 79.04215240478516 403.828125 1 1 1
v -904.7764282226562 79.04216766357422 401.11053466796875 1 1 1
v -906.773193359375 81.65019989013672 403.8386535644531 1 1 1
v -904.7764282226562 79.04216766357422 401.11053466796875 1 1 1
v -906.3728637695312 81.65016174316406 398.93817138671875 1 1 1
v -906.3728637695312 81.65016174316406 398.93817138671875 1 1 1
v -909.20703125 82.66218566894531 403.8631591796875 1 1 1
v -906.773193359375 81.65019989013672 403.8386535644531 1 1 1
v -909.5016479492188 82.6959457397461 394.0711364746094 1 1 1
v -909.20703125 82.66218566894531 403.8631591796875 1 1 1
v -906.3728637695312 81.65016174316406 398.93817138671875 1 1 1
v -909.20703125 82.66218566894531 403.8631591796875 1 1 1
v -909.5016479492188 82.6959457397461 394.0711364746094 1 1 1
v -913.7297973632812 81.64850616455078 395.62384033203125 1 1 1
v -921.354736328125 82.86186218261719 387.74639892578125 1 1 1
v -913.7297973632812 81.64850616455078 395.62384033203125 1 1 1
v -909.5016479492188 82.6959457397461 394.0711364746094 1 1 1
v -909.20703125 82.66218566894531 403.8631591796875 1 1 1
v -913.7297973632812 81.64850616455078 395.62384033203125 1 1 1
v -911.84375 81.68860626220703 403.90289306640625 1 1 1
v -913.7297973632812 81.64850616455078 395.62384033203125 1 1 1
v -921.354736328125 82.86186218261719 387.74639892578125 1 1 1
v -922.64501953125 81.65019989013672 390.0160217285156 1 1 1
v -914.9738159179688 79.04219055175781 396.2794189453125 1 1 1
v -911.84375 81.68860626220703 403.90289306640625 1 1 1
v -913.7297973632812 81.64850616455078 395.62384033203125 1 1 1
v -913.7297973632812 81.64850616455078 395.62384033203125 1 1 1
v -922.64501953125 81.65019989013672 390.0160217285156 1 1 1
v -914.9738159179688 79.04219055175781 396.2794189453125 1 1 1
v -911.84375 81.68860626220703 403.90289306640625 1 1 1
v -914.9738159179688 79.04219055175781 396.2794189453125 1 1 1
v -913.0892333984375 79.0422134399414 403.928466796875 1 1 1
v -914.9738159179688 79.04219055175781 396.2794189453125 1 1 1
v -922.64501953125 81.65019989013672 390.0160217285156 1 1 1
v -923.2471313476562 79.04212188720703 391.06396484375 1 1 1
v -914.2645263671875 79.04219055175781 387.0432434082031 1 1 1
v -913.92041015625 79.04215240478516 384.32568359375 1 1 1
v -912.2678833007812 76.43415832519531 384.3151550292969 1 1 1
v -914.2645263671875 79.04219055175781 387.0432434082031 1 1 1
v -920.0642700195312 76.43421173095703 385.4766845703125 1 1 1
v -919.468505859375 79.04216766357422 384.4179992675781 1 1 1
v -912.6681518554688 76.43415832519531 389.2156066894531 1 1 1
v -914.2645263671875 79.04219055175781 387.0432434082031 1 1 1
v -912.2678833007812 76.43415832519531 384.3151550292969 1 1 1
v -920.0642700195312 76.43421173095703 385.4766845703125 1 1 1
v -914.2645263671875 79.04219055175781 387.0432434082031 1 1 1
v -912.6681518554688 76.43415832519531 389.2156066894531 1 1 1
v -912.6681518554688 76.43415832519531 389.2156066894531 1 1 1
v -912.2678833007812 76.43415832519531 384.3151550292969 1 1 1
v -909.7691040039062 75.4221420288086 384.28863525390625 1 1 1
v -912.6681518554688 76.43415832519531 389.2156066894531 1 1 1
v -921.354736328125 75.22252655029297 387.74639892578125 1 1 1
v -920.0642700195312 76.43421173095703 385.4766845703125 1 1 1
v -909.7691040039062 75.4221420288086 384.28863525390625 1 1 1
v -909.5016479492188 75.38837432861328 394.0711364746094 1 1 1
v -912.6681518554688 76.43415832519531 389.2156066894531 1 1 1
v -921.354736328125 75.22252655029297 387.74639892578125 1 1 1
v -912.6681518554688 76.43415832519531 389.2156066894531 1 1 1
v -909.5016479492188 75.38837432861328 394.0711364746094 1 1 1
v -909.7691040039062 75.4221420288086 384.28863525390625 1 1 1
v -905.3112182617188 76.4358139038086 392.52996826171875 1 1 1
v -909.5016479492188 75.38837432861328 394.0711364746094 1 1 1
v -905.3112182617188 76.4358139038086 392.52996826171875 1 1 1
v -909.7691040039062 75.4221420288086 384.28863525390625 1 1 1
v -907.1973266601562 76.39564514160156 384.2508850097656 1 1 1
v -904.0672607421875 79.04216003417969 391.87432861328125 1 1 1
v -907.1973266601562 76.39564514160156 384.2508850097656 1 1 1
v -905.9517211914062 79.0421371459961 384.2253112792969 1 1 1
v -907.1973266601562 76.39564514160156 384.2508850097656 1 1 1
v -904.0672607421875 79.04216003417969 391.87432861328125 1 1 1
v -905.3112182617188 76.4358139038086 392.52996826171875 1 1 1
v -904.0672607421875 79.04216003417969 391.87432861328125 1 1 1
v -895.7939453125 79.04219055175781 397.0898742675781 1 1 1
v -896.3958740234375 76.43412780761719 398.1378173828125 1 1 1
v -896.3958740234375 76.43412780761719 398.1378173828125 1 1 1
v -905.3112182617188 76.4358139038086 392.52996826171875 1 1 1
v -904.0672607421875 79.04216003417969 391.87432861328125 1 1 1
v -897.6864013671875 75.22245025634766 400.4074401855469 1 1 1
v -905.3112182617188 76.4358139038086 392.52996826171875 1 1 1
v -896.3958740234375 76.43412780761719 398.1378173828125 1 1 1
v -905.3112182617188 76.4358139038086 392.52996826171875 1 1 1
v -897.6864013671875 75.22245025634766 400.4074401855469 1 1 1
v -909.5016479492188 75.38837432861328 394.0711364746094 1 1 1
v -897.6864013671875 75.22245025634766 400.4074401855469 1 1 1
v -906.3729248046875 76.43415069580078 398.9382019042969 1 1 1
v -909.5016479492188 75.38837432861328 394.0711364746094 1 1 1
v -906.3729248046875 76.43415069580078 398.9382019042969 1 1 1
v -897.6864013671875 75.22245025634766 400.4074401855469 1 1 1
v -898.9766845703125 76.43411254882812 402.67706298828125 1 1 1
v -904.7764282226562 79.04216766357422 401.11053466796875 1 1 1
v -898.9766845703125 76.43411254882812 402.67706298828125 1 1 1
v -899.5724487304688 79.04217529296875 403.7358093261719 1 1 1
v -898.9766845703125 76.43411254882812 402.67706298828125 1 1 1
v -904.7764282226562 79.04216766357422 401.11053466796875 1 1 1
v -906.3729248046875 76.43415069580078 398.9382019042969 1 1 1
v -906.7731323242188 76.43412017822266 403.8386535644531 1 1 1
v -904.7764282226562 79.04216766357422 401.11053466796875 1 1 1
v -905.1207275390625 79.04215240478516 403.828125 1 1 1
v -906.7731323242188 76.43412017822266 403.8386535644531 1 1 1
v -906.3729248046875 76.43415069580078 398.9382019042969 1 1 1
v -904.7764282226562 79.04216766357422 401.11053466796875 1 1 1
v -909.2070922851562 75.42218017578125 403.8631896972656 1 1 1
v -906.3729248046875 76.43415069580078 398.9382019042969 1 1 1
v -906.7731323242188 76.43412017822266 403.8386535644531 1 1 1
v -909.2070922851562 75.42218017578125 403.8631896972656 1 1 1
v -909.5016479492188 75.38837432861328 394.0711364746094 1 1 1
v -906.3729248046875 76.43415069580078 398.9382019042969 1 1 1
v -909.5016479492188 75.38837432861328 394.0711364746094 1 1 1
v -909.2070922851562 75.42218017578125 403.8631896972656 1 1 1
v -913.7297973632812 76.43587493896484 395.6238708496094 1 1 1
v -913.7297973632812 76.43587493896484 395.6238708496094 1 1 1
v -921.354736328125 75.22252655029297 387.74639892578125 1 1 1
v -909.5016479492188 75.38837432861328 394.0711364746094 1 1 1
v -913.7297973632812 76.43587493896484 395.6238708496094 1 1 1
v -909.2070922851562 75.42218017578125 403.8631896972656 1 1 1
v -911.84375 76.3956527709961 403.90289306640625 1 1 1
v -921.354736328125 75.22252655029297 387.74639892578125 1 1 1
v -913.7297973632812 76.43587493896484 395.6238708496094 1 1 1
v -922.6449584960938 76.43412017822266 390.0160217285156 1 1 1
v -911.84375 76.3956527709961 403.90289306640625 1 1 1
v -914.9738159179688 79.04219055175781 396.2794189453125 1 1 1
v -913.7297973632812 76.43587493896484 395.6238708496094 1 1 1
v -914.9738159179688 79.04219055175781 396.2794189453125 1 1 1
v -922.6449584960938 76.43412017822266 390.0160217285156 1 1 1
v -913.7297973632812 76.43587493896484 395.6238708496094 1 1 1
v -914.9738159179688 79.04219055175781 396.2794189453125 1 1 1
v -911.84375 76.3956527709961 403.90289306640625 1 1 1
v -913.0892333984375 79.0422134399414 403.928466796875 1 1 1
v -914.9738159179688 79.04219055175781 396.2794189453125 1 1 1
v -923.2471313476562 79.04212188720703 391.06396484375 1 1 1
v -922.6449584960938 76.43412017822266 390.0160217285156 1 1 1
v -911.7808227539062 95.24605560302734 407.48260498046875 1 1 1
v -913.2855224609375 92.6380386352539 401.66650390625 1 1 1
v -912.9956665039062 92.6380386352539 407.488037109375 1 1 1
v -913.2855224609375 92.6380386352539 401.66650390625 1 1 1
v -916.6439819335938 95.24605560302734 401.27911376953125 1 1 1
v -915.8180541992188 92.6380386352539 402.71044921875 1 1 1
v -913.2855224609375 92.6380386352539 401.66650390625 1 1 1
v -911.7808227539062 95.24605560302734 407.48260498046875 1 1 1
v -912.18603515625 95.24605560302734 399.2050476074219 1 1 1
v -916.6439819335938 95.24605560302734 401.27911376953125 1 1 1
v -913.2855224609375 92.6380386352539 401.66650390625 1 1 1
v -912.18603515625 95.24605560302734 399.2050476074219 1 1 1
v -909.1699829101562 96.45772552490234 407.4826354980469 1 1 1
v -912.18603515625 95.24605560302734 399.2050476074219 1 1 1
v -911.7808227539062 95.24605560302734 407.48260498046875 1 1 1
v -912.18603515625 95.24605560302734 399.2050476074219 1 1 1
v -917.8682250976562 96.258056640625 399.1753845214844 1 1 1
v -916.6439819335938 95.24605560302734 401.27911376953125 1 1 1
v -912.18603515625 95.24605560302734 399.2050476074219 1 1 1
v -909.1699829101562 96.45772552490234 407.4826354980469 1 1 1
v -909.5014038085938 96.29183197021484 394.0796203613281 1 1 1
v -909.5014038085938 96.29183197021484 394.0796203613281 1 1 1
v -917.8682250976562 96.258056640625 399.1753845214844 1 1 1
v -912.18603515625 95.24605560302734 399.2050476074219 1 1 1
v -909.1699829101562 96.45772552490234 407.4826354980469 1 1 1
v -906.0905151367188 95.244384765625 396.9607849121094 1 1 1
v -909.5014038085938 96.29183197021484 394.0796203613281 1 1 1
v -906.0905151367188 95.244384765625 396.9607849121094 1 1 1
v -909.1699829101562 96.45772552490234 407.4826354980469 1 1 1
v -906.5592041015625 95.24605560302734 407.48260498046875 1 1 1
v -905.3507080078125 92.6380386352539 407.488037109375 1 1 1
v -904.9057006835938 92.6380386352539 397.7182312011719 1 1 1
v -906.5592041015625 95.24605560302734 407.48260498046875 1 1 1
v -906.5592041015625 95.24605560302734 407.48260498046875 1 1 1
v -904.9057006835938 92.6380386352539 397.7182312011719 1 1 1
v -906.0905151367188 95.244384765625 396.9607849121094 1 1 1
v -899.8255615234375 95.28451538085938 391.229248046875 1 1 1
v -904.9057006835938 92.6380386352539 397.7182312011719 1 1 1
v -899.1876831054688 92.6380386352539 392.2993469238281 1 1 1
v -904.9057006835938 92.6380386352539 397.7182312011719 1 1 1
v -899.8255615234375 95.28451538085938 391.229248046875 1 1 1
v -906.0905151367188 95.244384765625 396.9607849121094 1 1 1
v -901.1632080078125 96.258056640625 388.9567565917969 1 1 1
v -906.0905151367188 95.244384765625 396.9607849121094 1 1 1
v -899.8255615234375 95.28451538085938 391.229248046875 1 1 1
v -906.0905151367188 95.244384765625 396.9607849121094 1 1 1
v -901.1632080078125 96.258056640625 388.9567565917969 1 1 1
v -909.5014038085938 96.29183197021484 394.0796203613281 1 1 1
v -909.5014038085938 96.29183197021484 394.0796203613281 1 1 1
v -901.1632080078125 96.258056640625 388.9567565917969 1 1 1
v -906.8453979492188 95.24605560302734 388.9271240234375 1 1 1
v -901.1632080078125 96.258056640625 388.9567565917969 1 1 1
v -902.387451171875 95.24605560302734 386.8530578613281 1 1 1
v -906.8453979492188 95.24605560302734 388.9271240234375 1 1 1
v -905.7459106445312 92.63804626464844 386.46563720703125 1 1 1
v -902.387451171875 95.24605560302734 386.8530578613281 1 1 1
v -903.21337890625 92.63804626464844 385.42169189453125 1 1 1
v -905.7459106445312 92.63804626464844 386.46563720703125 1 1 1
v -906.8453979492188 95.24605560302734 388.9271240234375 1 1 1
v -902.387451171875 95.24605560302734 386.8530578613281 1 1 1
v -907.2506103515625 95.24606323242188 380.6495361328125 1 1 1
v -905.7459106445312 92.63804626464844 386.46563720703125 1 1 1
v -906.0357666015625 92.6380386352539 380.6441345214844 1 1 1
v -905.7459106445312 92.63804626464844 386.46563720703125 1 1 1
v -907.2506103515625 95.24606323242188 380.6495361328125 1 1 1
v -906.8453979492188 95.24605560302734 388.9271240234375 1 1 1
v -909.8613891601562 96.45773315429688 380.6495666503906 1 1 1
v -906.8453979492188 95.24605560302734 388.9271240234375 1 1 1
v -907.2506103515625 95.24606323242188 380.6495361328125 1 1 1
v -906.8453979492188 95.24605560302734 388.9271240234375 1 1 1
v -909.8613891601562 96.45773315429688 380.6495666503906 1 1 1
v -909.5014038085938 96.29183197021484 394.0796203613281 1 1 1
v -909.8613891601562 96.45773315429688 380.6495666503906 1 1 1
v -912.9409790039062 95.24439239501953 391.17138671875 1 1 1
v -909.5014038085938 96.29183197021484 394.0796203613281 1 1 1
v -917.8682250976562 96.258056640625 399.1753845214844 1 1 1
v -909.5014038085938 96.29183197021484 394.0796203613281 1 1 1
v -912.9409790039062 95.24439239501953 391.17138671875 1 1 1
v -912.9409790039062 95.24439239501953 391.17138671875 1 1 1
v -909.8613891601562 96.45773315429688 380.6495666503906 1 1 1
v -912.47216796875 95.24605560302734 380.6495666503906 1 1 1
v -912.9409790039062 95.24439239501953 391.17138671875 1 1 1
v -919.2059326171875 95.28451538085938 396.9029235839844 1 1 1
v -917.8682250976562 96.258056640625 399.1753845214844 1 1 1
v -912.9409790039062 95.24439239501953 391.17138671875 1 1 1
v -912.47216796875 95.24605560302734 380.6495666503906 1 1 1
v -914.125732421875 92.63804626464844 390.4139709472656 1 1 1
v -914.125732421875 92.63804626464844 390.4139709472656 1 1 1
v -919.2059326171875 95.28451538085938 396.9029235839844 1 1 1
v -912.9409790039062 95.24439239501953 391.17138671875 1 1 1
v -914.125732421875 92.63804626464844 390.4139709472656 1 1 1
v -912.47216796875 95.24605560302734 380.6495666503906 1 1 1
v -913.6807861328125 92.6380386352539 380.6441345214844 1 1 1
v -919.2059326171875 95.28451538085938 396.9029235839844 1 1 1
v -914.125732421875 92.63804626464844 390.4139709472656 1 1 1
v -919.84375 92.6380386352539 395.8327941894531 1 1 1
v -902.387451171875 90.030029296875 386.8530578613281 1 1 1
v -905.7459106445312 92.63804626464844 386.46563720703125 1 1 1
v -903.21337890625 92.63804626464844 385.42169189453125 1 1 1
v -905.7459106445312 92.63804626464844 386.46563720703125 1 1 1
v -907.2506103515625 90.03002166748047 380.6495361328125 1 1 1
v -906.0357666015625 92.6380386352539 380.6441345214844 1 1 1
v -902.387451171875 90.030029296875 386.8530578613281 1 1 1
v -906.8453979492188 90.030029296875 388.9271240234375 1 1 1
v -905.7459106445312 92.63804626464844 386.46563720703125 1 1 1
v -907.2506103515625 90.03002166748047 380.6495361328125 1 1 1
v -905.7459106445312 92.63804626464844 386.46563720703125 1 1 1
v -906.8453979492188 90.030029296875 388.9271240234375 1 1 1
v -901.1632080078125 89.01802825927734 388.9567565917969 1 1 1
v -906.8453979492188 90.030029296875 388.9271240234375 1 1 1
v -902.387451171875 90.030029296875 386.8530578613281 1 1 1
v -906.8453979492188 90.030029296875 388.9271240234375 1 1 1
v -909.8613891601562 88.818359375 380.6495666503906 1 1 1
v -907.2506103515625 90.03002166748047 380.6495361328125 1 1 1
v -901.1632080078125 89.01802825927734 388.9567565917969 1 1 1
v -909.5014038085938 88.98426055908203 394.0796203613281 1 1 1
v -906.8453979492188 90.030029296875 388.9271240234375 1 1 1
v -909.8613891601562 88.818359375 380.6495666503906 1 1 1
v -906.8453979492188 90.030029296875 388.9271240234375 1 1 1
v -909.5014038085938 88.98426055908203 394.0796203613281 1 1 1
v -901.1632080078125 89.01802825927734 388.9567565917969 1 1 1
v -906.0905151367188 90.03170013427734 396.9607849121094 1 1 1
v -909.5014038085938 88.98426055908203 394.0796203613281 1 1 1
v -906.0905151367188 90.03170013427734 396.9607849121094 1 1 1
v -901.1632080078125 89.01802825927734 388.9567565917969 1 1 1
v -899.8255615234375 89.99156951904297 391.229248046875 1 1 1
v -904.9057006835938 92.6380386352539 397.7182312011719 1 1 1
v -899.8255615234375 89.99156951904297 391.229248046875 1 1 1
v -899.1876831054688 92.6380386352539 392.2993469238281 1 1 1
v -899.8255615234375 89.99156951904297 391.229248046875 1 1 1
v -904.9057006835938 92.6380386352539 397.7182312011719 1 1 1
v -906.0905151367188 90.03170013427734 396.9607849121094 1 1 1
v -906.5592041015625 90.03002166748047 407.48260498046875 1 1 1
v -904.9057006835938 92.6380386352539 397.7182312011719 1 1 1
v -905.3507080078125 92.6380386352539 407.488037109375 1 1 1
v -904.9057006835938 92.6380386352539 397.7182312011719 1 1 1
v -906.5592041015625 90.03002166748047 407.48260498046875 1 1 1
v -906.0905151367188 90.03170013427734 396.9607849121094 1 1 1
v -909.1699829101562 88.81835174560547 407.4826354980469 1 1 1
v -906.0905151367188 90.03170013427734 396.9607849121094 1 1 1
v -906.5592041015625 90.03002166748047 407.48260498046875 1 1 1
v -906.0905151367188 90.03170013427734 396.9607849121094 1 1 1
v -909.1699829101562 88.81835174560547 407.4826354980469 1 1 1
v -909.5014038085938 88.98426055908203 394.0796203613281 1 1 1
v -909.1699829101562 88.81835174560547 407.4826354980469 1 1 1
v -912.18603515625 90.030029296875 399.2050476074219 1 1 1
v -909.5014038085938 88.98426055908203 394.0796203613281 1 1 1
v -912.18603515625 90.030029296875 399.2050476074219 1 1 1
v -909.1699829101562 88.81835174560547 407.4826354980469 1 1 1
v -911.7808227539062 90.03002166748047 407.48260498046875 1 1 1
v -913.2855224609375 92.6380386352539 401.66650390625 1 1 1
v -911.7808227539062 90.03002166748047 407.48260498046875 1 1 1
v -912.9956665039062 92.6380386352539 407.488037109375 1 1 1
v -911.7808227539062 90.03002166748047 407.48260498046875 1 1 1
v -913.2855224609375 92.6380386352539 401.66650390625 1 1 1
v -912.18603515625 90.030029296875 399.2050476074219 1 1 1
v -915.8180541992188 92.6380386352539 402.71044921875 1 1 1
v -916.6439819335938 90.030029296875 401.27911376953125 1 1 1
v -913.2855224609375 92.6380386352539 401.66650390625 1 1 1
v -913.2855224609375 92.6380386352539 401.66650390625 1 1 1
v -916.6439819335938 90.030029296875 401.27911376953125 1 1 1
v -912.18603515625 90.030029296875 399.2050476074219 1 1 1
v -912.18603515625 90.030029296875 399.2050476074219 1 1 1
v -916.6439819335938 90.030029296875 401.27911376953125 1 1 1
v -917.8682250976562 89.01802825927734 399.1753845214844 1 1 1
v -917.8682250976562 89.01802825927734 399.1753845214844 1 1 1
v -909.5014038085938 88.98426055908203 394.0796203613281 1 1 1
v -912.18603515625 90.030029296875 399.2050476074219 1 1 1
v -909.5014038085938 88.98426055908203 394.0796203613281 1 1 1
v -917.8682250976562 89.01802825927734 399.1753845214844 1 1 1
v -912.9409790039062 90.03170013427734 391.17138671875 1 1 1
v -912.9409790039062 90.03170013427734 391.17138671875 1 1 1
v -909.8613891601562 88.818359375 380.6495666503906 1 1 1
v -909.5014038085938 88.98426055908203 394.0796203613281 1 1 1
v -912.9409790039062 90.03170013427734 391.17138671875 1 1 1
v -917.8682250976562 89.01802825927734 399.1753845214844 1 1 1
v -919.2059326171875 89.99156951904297 396.9029235839844 1 1 1
v -909.8613891601562 88.818359375 380.6495666503906 1 1 1
v -912.9409790039062 90.03170013427734 391.17138671875 1 1 1
v -912.47216796875 90.030029296875 380.6495666503906 1 1 1
v -919.2059326171875 89.99156951904297 396.9029235839844 1 1 1
v -914.125732421875 92.63804626464844 390.4139709472656 1 1 1
v -912.9409790039062 90.03170013427734 391.17138671875 1 1 1
v -912.47216796875 90.030029296875 380.6495666503906 1 1 1
v -912.9409790039062 90.03170013427734 391.17138671875 1 1 1
v -914.125732421875 92.63804626464844 390.4139709472656 1 1 1
v -914.125732421875 92.63804626464844 390.4139709472656 1 1 1
v -919.2059326171875 89.99156951904297 396.9029235839844 1 1 1
v -919.84375 92.6380386352539 395.8327941894531 1 1 1
v -914.125732421875 92.63804626464844 390.4139709472656 1 1 1
v -913.6807861328125 92.6380386352539 380.6441345214844 1 1 1
v -912.47216796875 90.030029296875 380.6495666503906 1 1 1
v -907.6417236328125 83.0291519165039 384.32025146484375 1 1 1
v -912.12646484375 83.0455093383789 384.330810546875 1 1 1
v -909.90234375 79.26436614990234 384.32794189453125 1 1 1
v -905.5341796875 79.2696304321289 384.321044921875 1 1 1
v -907.6417236328125 83.0291519165039 384.32025146484375 1 1 1
v -909.90234375 79.26436614990234 384.32794189453125 1 1 1
v -912.12646484375 83.0455093383789 384.330810546875 1 1 1
v -914.2385864257812 79.24687957763672 384.33148193359375 1 1 1
v -909.90234375 79.26436614990234 384.32794189453125 1 1 1
v -907.7158813476562 75.2873764038086 384.32586669921875 1 1 1
v -905.5341796875 79.2696304321289 384.321044921875 1 1 1
v -909.90234375 79.26436614990234 384.32794189453125 1 1 1
v -914.2385864257812 79.24687957763672 384.33148193359375 1 1 1
v -912.0548095703125 75.2873764038086 384.3321228027344 1 1 1
v -909.90234375 79.26436614990234 384.32794189453125 1 1 1
v -912.0548095703125 75.2873764038086 384.3321228027344 1 1 1
v -907.7158813476562 75.2873764038086 384.32586669921875 1 1 1
v -909.90234375 79.26436614990234 384.32794189453125 1 1 1
v -911.4130249023438 82.82113647460938 403.8349304199219 1 1 1
v -906.9283447265625 82.83749389648438 403.82440185546875 1 1 1
v -909.1524047851562 79.05634307861328 403.8272705078125 1 1 1
v -913.5205078125 79.06161499023438 403.8341369628906 1 1 1
v -911.4130249023438 82.82113647460938 403.8349304199219 1 1 1
v -909.1524047851562 79.05634307861328 403.8272705078125 1 1 1
v -906.9283447265625 82.83749389648438 403.82440185546875 1 1 1
v -904.816162109375 79.03886413574219 403.82373046875 1 1 1
v -909.1524047851562 79.05634307861328 403.8272705078125 1 1 1
v -911.3388671875 75.0793685913086 403.8293151855469 1 1 1
v -913.5205078125 79.06161499023438 403.8341369628906 1 1 1
v -909.1524047851562 79.05634307861328 403.8272705078125 1 1 1
v -904.816162109375 79.03886413574219 403.82373046875 1 1 1
v -906.9998779296875 75.0793685913086 403.8230895996094 1 1 1
v -909.1524047851562 79.05634307861328 403.8272705078125 1 1 1
v -906.9998779296875 75.0793685913086 403.8230895996094 1 1 1
v -911.3388671875 75.0793685913086 403.8293151855469 1 1 1
v -909.1524047851562 79.05634307861328 403.8272705078125 1 1 1
v -918.9339599609375 96.4170150756836 397.2437744140625 1 1 1
v -916.7081909179688 96.4333724975586 401.13720703125 1 1 1
v -917.8099975585938 92.65222930908203 399.2052001953125 1 1 1
v -919.974853515625 92.6574935913086 395.4112548828125 1 1 1
v -918.9339599609375 96.4170150756836 397.2437744140625 1 1 1
v -917.8099975585938 92.65222930908203 399.2052001953125 1 1 1
v -916.7081909179688 96.4333724975586 401.13720703125 1 1 1
v -915.6636962890625 92.6347427368164 402.9730529785156 1 1 1
v -917.8099975585938 92.65222930908203 399.2052001953125 1 1 1
v -918.8924560546875 88.67523956298828 397.3054504394531 1 1 1
v -919.974853515625 92.6574935913086 395.4112548828125 1 1 1
v -917.8099975585938 92.65222930908203 399.2052001953125 1 1 1
v -915.6636962890625 92.6347427368164 402.9730529785156 1 1 1
v -916.7424926757812 88.67523956298828 401.07427978515625 1 1 1
v -917.8099975585938 92.65222930908203 399.2052001953125 1 1 1
v -916.7424926757812 88.67523956298828 401.07427978515625 1 1 1
v -918.8924560546875 88.67523956298828 397.3054504394531 1 1 1
v -917.8099975585938 92.65222930908203 399.2052001953125 1 1 1
v -900.10546875 96.62500762939453 390.87713623046875 1 1 1
v -902.3311767578125 96.64136505126953 386.9836730957031 1 1 1
v -901.2294921875 92.86022186279297 388.91571044921875 1 1 1
v -899.0645751953125 92.86548614501953 392.70965576171875 1 1 1
v -900.10546875 96.62500762939453 390.87713623046875 1 1 1
v -901.2294921875 92.86022186279297 388.91571044921875 1 1 1
v -902.3311767578125 96.64136505126953 386.9836730957031 1 1 1
v -903.375732421875 92.84273529052734 385.1478576660156 1 1 1
v -901.2294921875 92.86022186279297 388.91571044921875 1 1 1
v -900.14697265625 88.88323211669922 390.8154296875 1 1 1
v -899.0645751953125 92.86548614501953 392.70965576171875 1 1 1
v -901.2294921875 92.86022186279297 388.91571044921875 1 1 1
v -903.375732421875 92.84273529052734 385.1478576660156 1 1 1
v -902.2969360351562 88.88323211669922 387.0466003417969 1 1 1
v -901.2294921875 92.86022186279297 388.91571044921875 1 1 1
v -902.2969360351562 88.88323211669922 387.0466003417969 1 1 1
v -900.14697265625 88.88323211669922 390.8154296875 1 1 1
v -901.2294921875 92.86022186279297 388.91571044921875 1 1 1
v -909.0458374023438 69.49159240722656 401.21319580078125 1 1 1
v -904.1922607421875 69.4916000366211 398.96063232421875 1 1 1
v -909.0458984375 69.4916000366211 394.10699462890625 1 1 1
v -913.8995361328125 69.4916000366211 398.9606018066406 1 1 1
v -909.0458374023438 69.49159240722656 401.21319580078125 1 1 1
v -909.0458984375 69.4916000366211 394.10699462890625 1 1 1
v -904.1922607421875 69.4916000366211 398.96063232421875 1 1 1
v -901.9396362304688 69.4916000366211 394.1069641113281 1 1 1
v -909.0458984375 69.4916000366211 394.10699462890625 1 1 1
v -916.152099609375 69.4916000366211 394.10699462890625 1 1 1
v -913.8995361328125 69.4916000366211 398.9606018066406 1 1 1
v -909.0458984375 69.4916000366211 394.10699462890625 1 1 1
v -901.9396362304688 69.4916000366211 394.1069641113281 1 1 1
v -904.1922607421875 69.4916000366211 389.25335693359375 1 1 1
v -909.0458984375 69.4916000366211 394.10699462890625 1 1 1
v -913.8995361328125 69.4916000366211 389.2533264160156 1 1 1
v -916.152099609375 69.4916000366211 394.10699462890625 1 1 1
v -909.0458984375 69.4916000366211 394.10699462890625 1 1 1
v -904.1922607421875 69.4916000366211 389.25335693359375 1 1 1
v -909.0458374023438 69.4916000366211 387.0007629394531 1 1 1
v -909.0458984375 69.4916000366211 394.10699462890625 1 1 1
v -909.0458374023438 69.4916000366211 387.0007629394531 1 1 1
v -913.8995361328125 69.4916000366211 389.2533264160156 1 1 1
v -909.0458984375 69.4916000366211 394.10699462890625 1 1 1
v -904.6637573242188 37 386.540283203125 1 1 1
v -901.5012817382812 37 389.7896728515625 1 1 1
v -904.869384765625 37 386.4215393066406 1 1 1
v -916.9443359375 37 394.10711669921875 1 1 1
v -914.4453125 37 388.7225036621094 1 1 1
v -914.4406127929688 37 399.5018615722656 1 1 1
v -909.14599609375 37 402.85687255859375 1 1 1
v -913.422607421875 37 401.7109680175781 1 1 1
v -904.869384765625 37 401.7109680175781 1 1 1
v -913.5413208007812 37 401.67913818359375 1 1 1
v -916.6719970703125 37 398.5484619140625 1 1 1
v -913.422607421875 37 401.7109680175781 1 1 1
v -901.5012817382812 37 398.34283447265625 1 1 1
v -916.7907104492188 37 389.7896728515625 1 1 1
v -901.5012817382812 37 389.7896728515625 1 1 1
v -901.5012817382812 37 389.7896728515625 1 1 1
v -913.422607421875 37 386.4215393066406 1 1 1
v -904.869384765625 37 386.4215393066406 1 1 1
v -904.6637573242188 37 401.59222412109375 1 1 1
v -904.869384765625 37 401.7109680175781 1 1 1
v -901.5012817382812 37 398.34283447265625 1 1 1
v -913.422607421875 37 386.4215393066406 1 1 1
v -909.14599609375 37 385.275634765625 1 1 1
v -904.869384765625 37 386.4215393066406 1 1 1
v -916.6719970703125 37 389.58404541015625 1 1 1
v -913.422607421875 37 386.4215393066406 1 1 1
v -916.7907104492188 37 389.7896728515625 1 1 1
v -900.3553466796875 37 394.0662536621094 1 1 1
v -901.5012817382812 37 398.34283447265625 1 1 1
v -901.5012817382812 37 389.7896728515625 1 1 1
v -904.7506713867188 37 386.453369140625 1 1 1
v -904.6637573242188 37 386.540283203125 1 1 1
v -904.869384765625 37 386.4215393066406 1 1 1
v -917.9365234375 37 394.0662536621094 1 1 1
v -916.7907104492188 37 389.7896728515625 1 1 1
v -916.7907104492188 37 398.34283447265625 1 1 1
v -909.0559692382812 37 402.0008544921875 1 1 1
v -914.4406127929688 37 399.5018615722656 1 1 1
v -903.651123046875 37 399.5018615722656 1 1 1
v -914.4453125 37 388.7225036621094 1 1 1
v -909.0559692382812 37 386.2134094238281 1 1 1
v -903.646484375 37 388.72247314453125 1 1 1
v -914.4406127929688 37 399.5018615722656 1 1 1
v -914.4453125 37 388.7225036621094 1 1 1
v -903.651123046875 37 399.5018615722656 1 1 1
v -909.0458984375 37 402.00555419921875 1 1 1
v -909.0559692382812 37 402.0008544921875 1 1 1
v -903.651123046875 37 399.5018615722656 1 1 1
v -903.646484375 37 388.72247314453125 1 1 1
v -909.0559692382812 37 386.2134094238281 1 1 1
v -903.651123046875 37 388.71240234375 1 1 1
v -909.0559692382812 37 386.2134094238281 1 1 1
v -909.0458984375 37 386.2087097167969 1 1 1
v -903.651123046875 37 388.71240234375 1 1 1
v -903.651123046875 37 399.5018615722656 1 1 1
v -914.4453125 37 388.7225036621094 1 1 1
v -903.646484375 37 388.72247314453125 1 1 1
v -914.4406127929688 37 388.71240234375 1 1 1
v -909.0559692382812 37 386.2134094238281 1 1 1
v -914.4453125 37 388.7225036621094 1 1 1
v -901.5330810546875 37 398.4615478515625 1 1 1
v -904.6637573242188 37 401.59222412109375 1 1 1
v -901.5012817382812 37 398.34283447265625 1 1 1
v -901.5330810546875 37 389.67095947265625 1 1 1
v -901.5012817382812 37 389.7896728515625 1 1 1
v -904.6637573242188 37 386.540283203125 1 1 1
v -916.7907104492188 37 389.7896728515625 1 1 1
v -913.422607421875 37 386.4215393066406 1 1 1
v -901.5012817382812 37 389.7896728515625 1 1 1
v -904.7506713867188 37 401.67913818359375 1 1 1
v -904.869384765625 37 401.7109680175781 1 1 1
v -904.6637573242188 37 401.59222412109375 1 1 1
v -916.7907104492188 37 398.34283447265625 1 1 1
v -916.7907104492188 37 389.7896728515625 1 1 1
v -901.5012817382812 37 398.34283447265625 1 1 1
v -916.7589111328125 37 389.67095947265625 1 1 1
v -916.6719970703125 37 389.58404541015625 1 1 1
v -916.7907104492188 37 389.7896728515625 1 1 1
v -904.869384765625 37 401.7109680175781 1 1 1
v -913.422607421875 37 401.7109680175781 1 1 1
v -901.5012817382812 37 398.34283447265625 1 1 1
v -901.1474609375 37 394.10711669921875 1 1 1
v -903.651123046875 37 399.5018615722656 1 1 1
v -903.646484375 37 388.72247314453125 1 1 1
v -916.7589111328125 37 398.4615478515625 1 1 1
v -916.7907104492188 37 398.34283447265625 1 1 1
v -916.6719970703125 37 398.5484619140625 1 1 1
v -916.6719970703125 37 398.5484619140625 1 1 1
v -916.7907104492188 37 398.34283447265625 1 1 1
v -913.422607421875 37 401.7109680175781 1 1 1
v -913.5413208007812 37 386.453369140625 1 1 1
v -913.422607421875 37 386.4215393066406 1 1 1
v -916.6719970703125 37 389.58404541015625 1 1 1
v -913.422607421875 37 401.7109680175781 1 1 1
v -916.7907104492188 37 398.34283447265625 1 1 1
v -901.5012817382812 37 398.34283447265625 1 1 1
v -909.0559692382812 37 386.2134094238281 1 1 1
v -909.0458984375 37.02356719970703 386.2087097167969 1 1 1
v -909.0458984375 37 386.2087097167969 1 1 1
v -909.0559692382812 37 386.2134094238281 1 1 1
v -914.4406127929688 37.02356719970703 388.71240234375 1 1 1
v -909.0458984375 37.02356719970703 386.2087097167969 1 1 1
v -914.4406127929688 37 388.71240234375 1 1 1
v -914.4406127929688 37.02356719970703 388.71240234375 1 1 1
v -909.0559692382812 37 386.2134094238281 1 1 1
v -914.4453125 37 388.7225036621094 1 1 1
v -914.4406127929688 37.02356719970703 388.71240234375 1 1 1
v -914.4406127929688 37 388.71240234375 1 1 1
v -914.4453125 37 388.7225036621094 1 1 1
v -916.9443359375 37.023563385009766 394.10711669921875 1 1 1
v -914.4406127929688 37.02356719970703 388.71240234375 1 1 1
v -916.9443359375 37 394.10711669921875 1 1 1
v -916.9443359375 37.023563385009766 394.10711669921875 1 1 1
v -914.4453125 37 388.7225036621094 1 1 1
v -916.9443359375 37 394.10711669921875 1 1 1
v -914.4406127929688 37.0235710144043 399.5018615722656 1 1 1
v -916.9443359375 37.023563385009766 394.10711669921875 1 1 1
v -914.4406127929688 37 399.5018615722656 1 1 1
v -914.4406127929688 37.0235710144043 399.5018615722656 1 1 1
v -916.9443359375 37 394.10711669921875 1 1 1
v -914.4406127929688 37 399.5018615722656 1 1 1
v -909.0458984375 37.02356719970703 402.00555419921875 1 1 1
v -914.4406127929688 37.0235710144043 399.5018615722656 1 1 1
v -909.0559692382812 37 402.0008544921875 1 1 1
v -909.0458984375 37.02356719970703 402.00555419921875 1 1 1
v -914.4406127929688 37 399.5018615722656 1 1 1
v -909.0458984375 37 402.00555419921875 1 1 1
v -909.0458984375 37.02356719970703 402.00555419921875 1 1 1
v -909.0559692382812 37 402.0008544921875 1 1 1
v -909.0458984375 37 402.00555419921875 1 1 1
v -903.651123046875 37.0235710144043 399.5018615722656 1 1 1
v -909.0458984375 37.02356719970703 402.00555419921875 1 1 1
v -903.651123046875 37 399.5018615722656 1 1 1
v -903.651123046875 37.0235710144043 399.5018615722656 1 1 1
v -909.0458984375 37 402.00555419921875 1 1 1
v -903.651123046875 37 399.5018615722656 1 1 1
v -901.1474609375 37.02356719970703 394.10711669921875 1 1 1
v -903.651123046875 37.0235710144043 399.5018615722656 1 1 1
v -901.1474609375 37 394.10711669921875 1 1 1
v -901.1474609375 37.02356719970703 394.10711669921875 1 1 1
v -903.651123046875 37 399.5018615722656 1 1 1
v -901.1474609375 37 394.10711669921875 1 1 1
v -903.651123046875 37.023563385009766 388.71240234375 1 1 1
v -901.1474609375 37.02356719970703 394.10711669921875 1 1 1
v -903.646484375 37 388.72247314453125 1 1 1
v -903.651123046875 37.023563385009766 388.71240234375 1 1 1
v -901.1474609375 37 394.10711669921875 1 1 1
v -903.651123046875 37 388.71240234375 1 1 1
v -903.651123046875 37.023563385009766 388.71240234375 1 1 1
v -903.646484375 37 388.72247314453125 1 1 1
v -903.651123046875 37 388.71240234375 1 1 1
v -909.0458984375 37 386.2087097167969 1 1 1
v -903.651123046875 37.023563385009766 388.71240234375 1 1 1
v -913.422607421875 37 386.4215393066406 1 1 1
v -909.14599609375 41.926151275634766 383.4834899902344 1 1 1
v -909.14599609375 37 385.275634765625 1 1 1
v -913.422607421875 37 386.4215393066406 1 1 1
v -914.4374389648438 41.926143646240234 384.90130615234375 1 1 1
v -909.14599609375 41.926151275634766 383.4834899902344 1 1 1
v -913.5413208007812 37 386.453369140625 1 1 1
v -914.4374389648438 41.926143646240234 384.90130615234375 1 1 1
v -913.422607421875 37 386.4215393066406 1 1 1
v -916.6719970703125 37 389.58404541015625 1 1 1
v -914.4374389648438 41.926143646240234 384.90130615234375 1 1 1
v -913.5413208007812 37 386.453369140625 1 1 1
v -916.6719970703125 37 389.58404541015625 1 1 1
v -918.31103515625 41.9261360168457 388.7748718261719 1 1 1
v -914.4374389648438 41.926143646240234 384.90130615234375 1 1 1
v -916.7589111328125 37 389.67095947265625 1 1 1
v -918.31103515625 41.9261360168457 388.7748718261719 1 1 1
v -916.6719970703125 37 389.58404541015625 1 1 1
v -916.7589111328125 37 389.67095947265625 1 1 1
v -919.728759765625 41.92613220214844 394.0662536621094 1 1 1
v -918.31103515625 41.9261360168457 388.7748718261719 1 1 1
v -916.7907104492188 37 389.7896728515625 1 1 1
v -919.728759765625 41.92613220214844 394.0662536621094 1 1 1
v -916.7589111328125 37 389.67095947265625 1 1 1
v -917.9365234375 37 394.0662536621094 1 1 1
v -919.728759765625 41.92613220214844 394.0662536621094 1 1 1
v -916.7907104492188 37 389.7896728515625 1 1 1
v -916.7907104492188 37 398.34283447265625 1 1 1
v -919.728759765625 41.92613220214844 394.0662536621094 1 1 1
v -917.9365234375 37 394.0662536621094 1 1 1
v -916.7907104492188 37 398.34283447265625 1 1 1
v -918.31103515625 41.9261360168457 399.3576354980469 1 1 1
v -919.728759765625 41.92613220214844 394.0662536621094 1 1 1
v -916.7589111328125 37 398.4615478515625 1 1 1
v -918.31103515625 41.9261360168457 399.3576354980469 1 1 1
v -916.7907104492188 37 398.34283447265625 1 1 1
v -916.7589111328125 37 398.4615478515625 1 1 1
v -914.4374389648438 41.926143646240234 403.231201171875 1 1 1
v -918.31103515625 41.9261360168457 399.3576354980469 1 1 1
v -916.6719970703125 37 398.5484619140625 1 1 1
v -914.4374389648438 41.926143646240234 403.231201171875 1 1 1
v -916.7589111328125 37 398.4615478515625 1 1 1
v -913.5413208007812 37 401.67913818359375 1 1 1
v -914.4374389648438 41.926143646240234 403.231201171875 1 1 1
v -916.6719970703125 37 398.5484619140625 1 1 1
v -913.5413208007812 37 401.67913818359375 1 1 1
v -909.14599609375 41.926151275634766 404.6490173339844 1 1 1
v -914.4374389648438 41.926143646240234 403.231201171875 1 1 1
v -913.422607421875 37 401.7109680175781 1 1 1
v -909.14599609375 41.926151275634766 404.6490173339844 1 1 1
v -913.5413208007812 37 401.67913818359375 1 1 1
v -909.14599609375 37 402.85687255859375 1 1 1
v -909.14599609375 41.926151275634766 404.6490173339844 1 1 1
v -913.422607421875 37 401.7109680175781 1 1 1
v -904.869384765625 37 401.7109680175781 1 1 1
v -909.14599609375 41.926151275634766 404.6490173339844 1 1 1
v -909.14599609375 37 402.85687255859375 1 1 1
v -904.869384765625 37 401.7109680175781 1 1 1
v -903.8546752929688 41.9261589050293 403.231201171875 1 1 1
v -909.14599609375 41.926151275634766 404.6490173339844 1 1 1
v -904.7506713867188 37 401.67913818359375 1 1 1
v -903.8546752929688 41.9261589050293 403.231201171875 1 1 1
v -904.869384765625 37 401.7109680175781 1 1 1
v -904.7506713867188 37 401.67913818359375 1 1 1
v -899.9810791015625 41.92616653442383 399.3576354980469 1 1 1
v -903.8546752929688 41.9261589050293 403.231201171875 1 1 1
v -904.6637573242188 37 401.59222412109375 1 1 1
v -899.9810791015625 41.92616653442383 399.3576354980469 1 1 1
v -904.7506713867188 37 401.67913818359375 1 1 1
v -901.5330810546875 37 398.4615478515625 1 1 1
v -899.9810791015625 41.92616653442383 399.3576354980469 1 1 1
v -904.6637573242188 37 401.59222412109375 1 1 1
v -901.5330810546875 37 398.4615478515625 1 1 1
v -898.563232421875 41.926170349121094 394.0662536621094 1 1 1
v -899.9810791015625 41.92616653442383 399.3576354980469 1 1 1
v -901.5012817382812 37 398.34283447265625 1 1 1
v -898.563232421875 41.926170349121094 394.0662536621094 1 1 1
v -901.5330810546875 37 398.4615478515625 1 1 1
v -900.3553466796875 37 394.0662536621094 1 1 1
v -898.563232421875 41.926170349121094 394.0662536621094 1 1 1
v -901.5012817382812 37 398.34283447265625 1 1 1
v -901.5012817382812 37 389.7896728515625 1 1 1
v -898.563232421875 41.926170349121094 394.0662536621094 1 1 1
v -900.3553466796875 37 394.0662536621094 1 1 1
v -901.5012817382812 37 389.7896728515625 1 1 1
v -899.9810791015625 41.92616653442383 388.7748718261719 1 1 1
v -898.563232421875 41.926170349121094 394.0662536621094 1 1 1
v -901.5330810546875 37 389.67095947265625 1 1 1
v -899.9810791015625 41.92616653442383 388.7748718261719 1 1 1
v -901.5012817382812 37 389.7896728515625 1 1 1
v -904.6637573242188 37 386.540283203125 1 1 1
v -899.9810791015625 41.92616653442383 388.7748718261719 1 1 1
v -901.5330810546875 37 389.67095947265625 1 1 1
v -904.6637573242188 37 386.540283203125 1 1 1
v -903.8546752929688 41.9261589050293 384.90130615234375 1 1 1
v -899.9810791015625 41.92616653442383 388.7748718261719 1 1 1
v -904.7506713867188 37 386.453369140625 1 1 1
v -903.8546752929688 41.9261589050293 384.90130615234375 1 1 1
v -904.6637573242188 37 386.540283203125 1 1 1
v -904.7506713867188 37 386.453369140625 1 1 1
v -909.14599609375 41.926151275634766 383.4834899902344 1 1 1
v -903.8546752929688 41.9261589050293 384.90130615234375 1 1 1
v -904.869384765625 37 386.4215393066406 1 1 1
v -909.14599609375 41.926151275634766 383.4834899902344 1 1 1
v -904.7506713867188 37 386.453369140625 1 1 1
v -904.869384765625 37 386.4215393066406 1 1 1
v -909.14599609375 37 385.275634765625 1 1 1
v -909.14599609375 41.926151275634766 383.4834899902344 1 1 1
vt 0.37255859375 0.12261962890625
vt 0.37353515625 0.12548828125
vt 0.37353515625 0.12261962890625
vt 0.37353515625 0.12548828125
vt 0.37255859375 0.12261962890625
vt 0.37255859375 0.12548828125
vt 0.37353515625 0.12548828125
vt 0.37255859375 0.12261962890625
vt 0.37255859375 0.12548828125
vt 0.37255859375 0.12261962890625
vt 0.37353515625 0.12548828125
vt 0.37353515625 0.12261962890625
vt 0.37353515625 0.12548828125
vt 0.37353515625 0.12261962890625
vt 0.37255859375 0.12548828125
vt 0.37255859375 0.12261962890625
vt 0.37255859375 0.12548828125
vt 0.37353515625 0.12261962890625
vt 0.005329132080078125 0.170654296875
vt 0.007244110107421875 0.168212890625
vt 0.005329132080078125 0.168212890625
vt 0.007244110107421875 0.168212890625
vt 0.005329132080078125 0.170654296875
vt 0.007244110107421875 0.170654296875
vt 0.37353515625 0.12261962890625
vt 0.37255859375 0.12548828125
vt 0.37353515625 0.12548828125
vt 0.37255859375 0.12548828125
vt 0.37353515625 0.12261962890625
vt 0.37255859375 0.12261962890625
vt 0.007244110107421875 0.168212890625
vt 0.005329132080078125 0.170654296875
vt 0.007244110107421875 0.170654296875
vt 0.005329132080078125 0.170654296875
vt 0.007244110107421875 0.168212890625
vt 0.005329132080078125 0.168212890625
vt 0.007244110107421875 0.168212890625
vt 0.005329132080078125 0.170654296875
vt 0.007244110107421875 0.170654296875
vt 0.005329132080078125 0.170654296875
vt 0.007244110107421875 0.168212890625
vt 0.005329132080078125 0.168212890625
vt 0.005329132080078125 0.170654296875
vt 0.007244110107421875 0.168212890625
vt 0.005329132080078125 0.168212890625
vt 0.007244110107421875 0.168212890625
vt 0.005329132080078125 0.170654296875
vt 0.007244110107421875 0.170654296875
vt 0.82861328125 0.09257370233535767
vt 0.82861328125 0.09259033203125
vt 0.83251953125 0.09259033203125
vt 0.01251983642578125 0.281982421875
vt 0.01251983642578125 0.26416015625
vt 0.01195526123046875 0.26416015625
vt 0.01251983642578125 0.281982421875
vt 0.01195526123046875 0.26416015625
vt 0.01195526123046875 0.281982421875
vt 0.01195526123046875 0.281982421875
vt 0.01195526123046875 0.26416015625
vt 0.0113983154296875 0.26416015625
vt 0.01195526123046875 0.281982421875
vt 0.0113983154296875 0.26416015625
vt 0.0113983154296875 0.281982421875
vt 0.0113983154296875 0.26416015625
vt 0.010833740234375 0.281982421875
vt 0.0113983154296875 0.281982421875
vt 0.010833740234375 0.281982421875
vt 0.0113983154296875 0.26416015625
vt 0.010833740234375 0.26416015625
vt 0.010833740234375 0.26416015625
vt 0.01027679443359375 0.281982421875
vt 0.010833740234375 0.281982421875
vt 0.01027679443359375 0.281982421875
vt 0.010833740234375 0.26416015625
vt 0.01027679443359375 0.26416015625
vt 0.01027679443359375 0.26416015625
vt 0.00971221923828125 0.281982421875
vt 0.01027679443359375 0.281982421875
vt 0.00971221923828125 0.281982421875
vt 0.01027679443359375 0.26416015625
vt 0.00971221923828125 0.26416015625
vt 0.0091552734375 0.26416015625
vt 0.00971221923828125 0.281982421875
vt 0.00971221923828125 0.26416015625
vt 0.00971221923828125 0.281982421875
vt 0.0091552734375 0.26416015625
vt 0.0091552734375 0.281982421875
vt 0.37060546875 0.125244140625
vt 0.37060546875 0.12237548828125
vt 0.36669921875 0.1220703125
vt 0.37060546875 0.125244140625
vt 0.36669921875 0.1220703125
vt 0.36669921875 0.1256103515625
vt 0.361572265625 0.1219482421875
vt 0.36669921875 0.1256103515625
vt 0.36669921875 0.1220703125
vt 0.36669921875 0.1256103515625
vt 0.361572265625 0.1219482421875
vt 0.361572265625 0.125732421875
vt 0.117919921875 0.7578125
vt 0.11663818359375 0.76416015625
vt 0.1192626953125 0.76416015625
vt 0.11663818359375 0.77001953125
vt 0.1192626953125 0.76416015625
vt 0.11663818359375 0.76416015625
vt 0.1192626953125 0.76416015625
vt 0.11663818359375 0.77001953125
vt 0.1192626953125 0.77001953125
vt 0.11590576171875 0.771484375
vt 0.1192626953125 0.77001953125
vt 0.11663818359375 0.77001953125
vt 0.1192626953125 0.77001953125
vt 0.11590576171875 0.771484375
vt 0.1199951171875 0.771484375
vt 0.117919921875 0.7578125
vt 0.11663818359375 0.76416015625
vt 0.1192626953125 0.76416015625
vt 0.11663818359375 0.76416015625
vt 0.11663818359375 0.77001953125
vt 0.1192626953125 0.76416015625
vt 0.1192626953125 0.76416015625
vt 0.11663818359375 0.77001953125
vt 0.1192626953125 0.77001953125
vt 0.11663818359375 0.77001953125
vt 0.1199951171875 0.771484375
vt 0.1192626953125 0.77001953125
vt 0.11590576171875 0.771484375
vt 0.1199951171875 0.771484375
vt 0.11663818359375 0.77001953125
vt 0.16064453125 0.78173828125
vt 0.1646728515625 0.78173828125
vt 0.1639404296875 0.77978515625
vt 0.16064453125 0.78173828125
vt 0.1639404296875 0.77978515625
vt 0.161376953125 0.77978515625
vt 0.1639404296875 0.77392578125
vt 0.161376953125 0.77978515625
vt 0.1639404296875 0.77978515625
vt 0.161376953125 0.77978515625
vt 0.1639404296875 0.77392578125
vt 0.161376953125 0.77392578125
vt 0.161376953125 0.77392578125
vt 0.1639404296875 0.77392578125
vt 0.1630859375 0.7568359375
vt 0.162353515625 0.7568359375
vt 0.161376953125 0.77392578125
vt 0.1630859375 0.7568359375
vt 0.1630859375 0.697265625
vt 0.162353515625 0.7568359375
vt 0.1630859375 0.7568359375
vt 0.162353515625 0.697265625
vt 0.162353515625 0.7568359375
vt 0.1630859375 0.697265625
vt 0.11163330078125 0.00791168212890625
vt 0.11798095703125 0.0079803466796875
vt 0.11181640625 0.002376556396484375
vt 0.11181640625 0.002376556396484375
vt 0.10943603515625 0.0039520263671875
vt 0.11163330078125 0.00791168212890625
vt 0.11181640625 0.002376556396484375
vt 0.0977783203125 0.002376556396484375
vt 0.10943603515625 0.0039520263671875
vt 0.10943603515625 0.0039520263671875
vt 0.0977783203125 0.002376556396484375
vt 0.0977783203125 0.0039520263671875
vt 0.0977783203125 0.002376556396484375
vt 0.0938720703125 0.0039520263671875
vt 0.0977783203125 0.0039520263671875
vt 0.0938720703125 0.0039520263671875
vt 0.0977783203125 0.002376556396484375
vt 0.0938720703125 0.002376556396484375
vt 0.0977783203125 0.0039520263671875
vt 0.0938720703125 0.0039520263671875
vt 0.0972900390625 0.004985809326171875
vt 0.0972900390625 0.004985809326171875
vt 0.0938720703125 0.0039520263671875
vt 0.0938720703125 0.004985809326171875
vt 0.09027099609375 0.002376556396484375
vt 0.0938720703125 0.0039520263671875
vt 0.0938720703125 0.002376556396484375
vt 0.0938720703125 0.0039520263671875
vt 0.09027099609375 0.004985809326171875
vt 0.0938720703125 0.004985809326171875
vt 0.0938720703125 0.0039520263671875
vt 0.09027099609375 0.002376556396484375
vt 0.09027099609375 0.0039520263671875
vt 0.0938720703125 0.0039520263671875
vt 0.09027099609375 0.0039520263671875
vt 0.09027099609375 0.004985809326171875
vt 0.08648681640625 0.002376556396484375
vt 0.09027099609375 0.0039520263671875
vt 0.09027099609375 0.002376556396484375
vt 0.08648681640625 0.0039520263671875
vt 0.09027099609375 0.004985809326171875
vt 0.09027099609375 0.0039520263671875
vt 0.09027099609375 0.0039520263671875
vt 0.08648681640625 0.002376556396484375
vt 0.08648681640625 0.0039520263671875
vt 0.09027099609375 0.004985809326171875
vt 0.08648681640625 0.0039520263671875
vt 0.08648681640625 0.004985809326171875
vt 0.0828857421875 0.002376556396484375
vt 0.08648681640625 0.0039520263671875
vt 0.08648681640625 0.002376556396484375
vt 0.08648681640625 0.0039520263671875
vt 0.0828857421875 0.004985809326171875
vt 0.08648681640625 0.004985809326171875
vt 0.08648681640625 0.0039520263671875
vt 0.0828857421875 0.002376556396484375
vt 0.0828857421875 0.0039520263671875
vt 0.08648681640625 0.0039520263671875
vt 0.0828857421875 0.0039520263671875
vt 0.0828857421875 0.004985809326171875
vt 0.0828857421875 0.002376556396484375
vt 0.0789794921875 0.0039520263671875
vt 0.0828857421875 0.0039520263671875
vt 0.0789794921875 0.0039520263671875
vt 0.0828857421875 0.004985809326171875
vt 0.0828857421875 0.0039520263671875
vt 0.0794677734375 0.004985809326171875
vt 0.0828857421875 0.004985809326171875
vt 0.0789794921875 0.0039520263671875
vt 0.0789794921875 0.0039520263671875
vt 0.0828857421875 0.002376556396484375
vt 0.0789794921875 0.002376556396484375
vt 0.0789794921875 0.002376556396484375
vt 0.0672607421875 0.0039520263671875
vt 0.0789794921875 0.0039520263671875
vt 0.0672607421875 0.0039520263671875
vt 0.0789794921875 0.002376556396484375
vt 0.06494140625 0.002376556396484375
vt 0.06494140625 0.002376556396484375
vt 0.06500244140625 0.00791168212890625
vt 0.0672607421875 0.0039520263671875
vt 0.06500244140625 0.00791168212890625
vt 0.06494140625 0.002376556396484375
vt 0.0587158203125 0.00794219970703125
vt 0.005733489990234375 0.1656494140625
vt 0.00934600830078125 0.1656494140625
vt 0.009429931640625 0.1612548828125
vt 0.005733489990234375 0.1656494140625
vt 0.009429931640625 0.1612548828125
vt 0.0056304931640625 0.1612548828125
vt 0.0094451904296875 0.1495361328125
vt 0.0056304931640625 0.1612548828125
vt 0.009429931640625 0.1612548828125
vt 0.0056304931640625 0.1612548828125
vt 0.0094451904296875 0.1495361328125
vt 0.0056304931640625 0.1495361328125
vt 0.0094451904296875 0.1495361328125
vt 0.006000518798828125 0.1485595703125
vt 0.0056304931640625 0.1495361328125
vt 0.006000518798828125 0.1485595703125
vt 0.0094451904296875 0.1495361328125
vt 0.009063720703125 0.1485595703125
vt 0.005519866943359375 0.18896484375
vt 0.007434844970703125 0.18896484375
vt 0.005519866943359375 0.1861572265625
vt 0.007434844970703125 0.18896484375
vt 0.007434844970703125 0.1861572265625
vt 0.005519866943359375 0.1861572265625
vt 0.007434844970703125 0.1861572265625
vt 0.005527496337890625 0.183837890625
vt 0.005519866943359375 0.1861572265625
vt 0.005527496337890625 0.183837890625
vt 0.007434844970703125 0.1861572265625
vt 0.007442474365234375 0.183837890625
vt 0.007434844970703125 0.1820068359375
vt 0.005527496337890625 0.183837890625
vt 0.007442474365234375 0.183837890625
vt 0.005527496337890625 0.183837890625
vt 0.007434844970703125 0.1820068359375
vt 0.005519866943359375 0.1820068359375
vt 0.005519866943359375 0.1796875
vt 0.005519866943359375 0.1820068359375
vt 0.007434844970703125 0.1820068359375
vt 0.007434844970703125 0.1796875
vt 0.005519866943359375 0.1796875
vt 0.007434844970703125 0.1820068359375
vt 0.007434844970703125 0.1796875
vt 0.005527496337890625 0.1778564453125
vt 0.005519866943359375 0.1796875
vt 0.005527496337890625 0.1778564453125
vt 0.007434844970703125 0.1796875
vt 0.007442474365234375 0.1778564453125
vt 0.007442474365234375 0.1778564453125
vt 0.007434844970703125 0.175537109375
vt 0.005527496337890625 0.1778564453125
vt 0.005527496337890625 0.1778564453125
vt 0.007434844970703125 0.175537109375
vt 0.005519866943359375 0.175537109375
vt 0.005519866943359375 0.175537109375
vt 0.007434844970703125 0.175537109375
vt 0.005519866943359375 0.1727294921875
vt 0.007434844970703125 0.175537109375
vt 0.007434844970703125 0.1727294921875
vt 0.005519866943359375 0.1727294921875
vt 0.3759765625 0.12139892578125
vt 0.3759765625 0.12432861328125
vt 0.379638671875 0.124755859375
vt 0.379638671875 0.12115478515625
vt 0.3759765625 0.12139892578125
vt 0.379638671875 0.124755859375
vt 0.379638671875 0.12115478515625
vt 0.379638671875 0.124755859375
vt 0.3857421875 0.125
vt 0.3857421875 0.12115478515625
vt 0.379638671875 0.12115478515625
vt 0.3857421875 0.125
vt 0.00768280029296875 0.1944580078125
vt 0.00768280029296875 0.2215576171875
vt 0.00823974609375 0.1944580078125
vt 0.00823974609375 0.2215576171875
vt 0.00823974609375 0.1944580078125
vt 0.00768280029296875 0.2215576171875
vt 0.00823974609375 0.1944580078125
vt 0.00823974609375 0.2215576171875
vt 0.0088043212890625 0.1944580078125
vt 0.0088043212890625 0.2215576171875
vt 0.0088043212890625 0.1944580078125
vt 0.00823974609375 0.2215576171875
vt 0.0088043212890625 0.1944580078125
vt 0.0088043212890625 0.2215576171875
vt 0.00936126708984375 0.1944580078125
vt 0.0088043212890625 0.2215576171875
vt 0.00936126708984375 0.2215576171875
vt 0.00936126708984375 0.1944580078125
vt 0.00992584228515625 0.2215576171875
vt 0.00936126708984375 0.1944580078125
vt 0.00936126708984375 0.2215576171875
vt 0.00936126708984375 0.1944580078125
vt 0.00992584228515625 0.2215576171875
vt 0.00992584228515625 0.1944580078125
vt 0.0104827880859375 0.2215576171875
vt 0.00992584228515625 0.1944580078125
vt 0.00992584228515625 0.2215576171875
vt 0.00992584228515625 0.1944580078125
vt 0.0104827880859375 0.2215576171875
vt 0.0104827880859375 0.1944580078125
vt 0.01104736328125 0.2215576171875
vt 0.0104827880859375 0.1944580078125
vt 0.0104827880859375 0.2215576171875
vt 0.0104827880859375 0.1944580078125
vt 0.01104736328125 0.2215576171875
vt 0.01104736328125 0.1944580078125
vt 0.117919921875 0.7578125
vt 0.11663818359375 0.76416015625
vt 0.1192626953125 0.76416015625
vt 0.11663818359375 0.77001953125
vt 0.1192626953125 0.76416015625
vt 0.11663818359375 0.76416015625
vt 0.1192626953125 0.77001953125
vt 0.1192626953125 0.76416015625
vt 0.11663818359375 0.77001953125
vt 0.11663818359375 0.77001953125
vt 0.1199951171875 0.771484375
vt 0.1192626953125 0.77001953125
vt 0.11590576171875 0.771484375
vt 0.1199951171875 0.771484375
vt 0.11663818359375 0.77001953125
vt 0.89111328125 0.122314453125
vt 0.88720703125 0.12347412109375
vt 0.89111328125 0.12347412109375
vt 0.88720703125 0.12347412109375
vt 0.89111328125 0.122314453125
vt 0.88720703125 0.122314453125
vt 0.88720703125 0.122314453125
vt 0.88330078125 0.12347412109375
vt 0.88720703125 0.12347412109375
vt 0.88330078125 0.12347412109375
vt 0.88720703125 0.122314453125
vt 0.88330078125 0.122314453125
vt 0.88330078125 0.122314453125
vt 0.87939453125 0.12347412109375
vt 0.88330078125 0.12347412109375
vt 0.87939453125 0.12347412109375
vt 0.88330078125 0.122314453125
vt 0.87939453125 0.122314453125
vt 0.87548828125 0.122314453125
vt 0.87939453125 0.12347412109375
vt 0.87939453125 0.122314453125
vt 0.87548828125 0.12347412109375
vt 0.87939453125 0.12347412109375
vt 0.87548828125 0.122314453125
vt 0.87158203125 0.122314453125
vt 0.87548828125 0.12347412109375
vt 0.87548828125 0.122314453125
vt 0.87158203125 0.12347412109375
vt 0.87548828125 0.12347412109375
vt 0.87158203125 0.122314453125
vt 0.87158203125 0.122314453125
vt 0.86767578125 0.122314453125
vt 0.87158203125 0.12347412109375
vt 0.86767578125 0.12347412109375
vt 0.87158203125 0.12347412109375
vt 0.86767578125 0.122314453125
vt 0.86767578125 0.122314453125
vt 0.8642578125 0.122314453125
vt 0.86767578125 0.12347412109375
vt 0.8642578125 0.12347412109375
vt 0.86767578125 0.12347412109375
vt 0.8642578125 0.122314453125
vt 0.8642578125 0.122314453125
vt 0.8603515625 0.122314453125
vt 0.8642578125 0.12347412109375
vt 0.8603515625 0.12347412109375
vt 0.8642578125 0.12347412109375
vt 0.8603515625 0.122314453125
vt 0.8603515625 0.122314453125
vt 0.8564453125 0.122314453125
vt 0.8603515625 0.12347412109375
vt 0.8603515625 0.12347412109375
vt 0.8564453125 0.122314453125
vt 0.8564453125 0.12347412109375
vt 0.8564453125 0.122314453125
vt 0.8525390625 0.12347412109375
vt 0.8564453125 0.12347412109375
vt 0.8525390625 0.12347412109375
vt 0.8564453125 0.122314453125
vt 0.8525390625 0.122314453125
vt 0.8525390625 0.122314453125
vt 0.8486328125 0.12347412109375
vt 0.8525390625 0.12347412109375
vt 0.8486328125 0.12347412109375
vt 0.8525390625 0.122314453125
vt 0.8486328125 0.122314453125
vt 0.8486328125 0.122314453125
vt 0.8447265625 0.12347412109375
vt 0.8486328125 0.12347412109375
vt 0.8447265625 0.12347412109375
vt 0.8486328125 0.122314453125
vt 0.8447265625 0.122314453125
vt 0.7978515625 0.1083984375
vt 0.7939453125 0.109375
vt 0.80126953125 0.109375
vt 0.7939453125 0.109375
vt 0.80419921875 0.11212158203125
vt 0.80126953125 0.109375
vt 0.791015625 0.11212158203125
vt 0.80419921875 0.11212158203125
vt 0.7939453125 0.109375
vt 0.7900390625 0.1158447265625
vt 0.80419921875 0.11212158203125
vt 0.791015625 0.11212158203125
vt 0.80419921875 0.11212158203125
vt 0.7900390625 0.1158447265625
vt 0.80517578125 0.1158447265625
vt 0.80517578125 0.1158447265625
vt 0.7900390625 0.1158447265625
vt 0.80419921875 0.11956787109375
vt 0.791015625 0.11956787109375
vt 0.80419921875 0.11956787109375
vt 0.7900390625 0.1158447265625
vt 0.7939453125 0.122314453125
vt 0.80419921875 0.11956787109375
vt 0.791015625 0.11956787109375
vt 0.80419921875 0.11956787109375
vt 0.7939453125 0.122314453125
vt 0.80126953125 0.122314453125
vt 0.80126953125 0.122314453125
vt 0.7939453125 0.122314453125
vt 0.7978515625 0.123291015625
vt 0.020294189453125 0.3037109375
vt 0.016082763671875 0.304931640625
vt 0.020294189453125 0.304931640625
vt 0.016082763671875 0.304931640625
vt 0.020294189453125 0.3037109375
vt 0.016082763671875 0.3037109375
vt 0.020294189453125 0.302490234375
vt 0.016082763671875 0.3037109375
vt 0.020294189453125 0.3037109375
vt 0.016082763671875 0.3037109375
vt 0.020294189453125 0.302490234375
vt 0.016082763671875 0.302490234375
vt 0.016082763671875 0.302490234375
vt 0.020294189453125 0.302490234375
vt 0.016082763671875 0.301025390625
vt 0.020294189453125 0.301025390625
vt 0.016082763671875 0.301025390625
vt 0.020294189453125 0.302490234375
vt 0.020294189453125 0.2998046875
vt 0.016082763671875 0.301025390625
vt 0.020294189453125 0.301025390625
vt 0.016082763671875 0.301025390625
vt 0.020294189453125 0.2998046875
vt 0.0160980224609375 0.2998046875
vt 0.76611328125 0.0231475830078125
vt 0.77001953125 0.004611968994140625
vt 0.76611328125 0.004611968994140625
vt 0.77001953125 0.004611968994140625
vt 0.76611328125 0.0231475830078125
vt 0.77001953125 0.0231475830078125
vt 0.77001953125 0.0231475830078125
vt 0.77392578125 0.004611968994140625
vt 0.77001953125 0.004611968994140625
vt 0.77392578125 0.004611968994140625
vt 0.77001953125 0.0231475830078125
vt 0.77392578125 0.0231475830078125
vt 0.77783203125 0.0231475830078125
vt 0.77392578125 0.004611968994140625
vt 0.77392578125 0.0231475830078125
vt 0.77783203125 0.0231475830078125
vt 0.77783203125 0.004611968994140625
vt 0.77392578125 0.004611968994140625
vt 0.77783203125 0.004611968994140625
vt 0.77783203125 0.0231475830078125
vt 0.78173828125 0.0231475830078125
vt 0.78173828125 0.0231475830078125
vt 0.78125 0.004611968994140625
vt 0.77783203125 0.004611968994140625
vt 0.78173828125 0.0231475830078125
vt 0.78515625 0.004627227783203125
vt 0.78125 0.004611968994140625
vt 0.78515625 0.004627227783203125
vt 0.78173828125 0.0231475830078125
vt 0.78515625 0.0231475830078125
vt 0.78515625 0.0231475830078125
vt 0.7890625 0.004627227783203125
vt 0.78515625 0.004627227783203125
vt 0.7890625 0.004627227783203125
vt 0.78515625 0.0231475830078125
vt 0.7890625 0.0231475830078125
vt 0.7890625 0.0231475830078125
vt 0.79296875 0.004627227783203125
vt 0.7890625 0.004627227783203125
vt 0.79296875 0.004627227783203125
vt 0.7890625 0.0231475830078125
vt 0.79296875 0.0231475830078125
vt 0.796875 0.0231475830078125
vt 0.79296875 0.004627227783203125
vt 0.79296875 0.0231475830078125
vt 0.79296875 0.004627227783203125
vt 0.796875 0.0231475830078125
vt 0.796875 0.004611968994140625
vt 0.007694244384765625 0.2244873046875
vt 0.011260986328125 0.22705078125
vt 0.0101165771484375 0.2244873046875
vt 0.011260986328125 0.22705078125
vt 0.007694244384765625 0.2244873046875
vt 0.0065460205078125 0.22705078125
vt 0.0065460205078125 0.22705078125
vt 0.011260986328125 0.2293701171875
vt 0.011260986328125 0.22705078125
vt 0.011260986328125 0.2293701171875
vt 0.0065460205078125 0.22705078125
vt 0.006534576416015625 0.2293701171875
vt 0.007755279541015625 0.230712890625
vt 0.011260986328125 0.2293701171875
vt 0.006534576416015625 0.2293701171875
vt 0.011260986328125 0.2293701171875
vt 0.007755279541015625 0.230712890625
vt 0.0100555419921875 0.230712890625
vt 0.007434844970703125 0.18896484375
vt 0.005519866943359375 0.1861572265625
vt 0.005519866943359375 0.18896484375
vt 0.005519866943359375 0.1861572265625
vt 0.007434844970703125 0.18896484375
vt 0.007434844970703125 0.1861572265625
vt 0.007434844970703125 0.1861572265625
vt 0.005527496337890625 0.183837890625
vt 0.005519866943359375 0.1861572265625
vt 0.005527496337890625 0.183837890625
vt 0.007434844970703125 0.1861572265625
vt 0.007442474365234375 0.183837890625
vt 0.007434844970703125 0.1820068359375
vt 0.005527496337890625 0.183837890625
vt 0.007442474365234375 0.183837890625
vt 0.005527496337890625 0.183837890625
vt 0.007434844970703125 0.1820068359375
vt 0.005519866943359375 0.1820068359375
vt 0.007434844970703125 0.1820068359375
vt 0.005519866943359375 0.1796875
vt 0.005519866943359375 0.1820068359375
vt 0.005519866943359375 0.1796875
vt 0.007434844970703125 0.1820068359375
vt 0.007434844970703125 0.1796875
vt 0.005527496337890625 0.1778564453125
vt 0.005519866943359375 0.1796875
vt 0.007434844970703125 0.1796875
vt 0.007442474365234375 0.1778564453125
vt 0.005527496337890625 0.1778564453125
vt 0.007434844970703125 0.1796875
vt 0.007434844970703125 0.175537109375
vt 0.005527496337890625 0.1778564453125
vt 0.007442474365234375 0.1778564453125
vt 0.007434844970703125 0.175537109375
vt 0.005519866943359375 0.175537109375
vt 0.005527496337890625 0.1778564453125
vt 0.007434844970703125 0.175537109375
vt 0.005519866943359375 0.1727294921875
vt 0.005519866943359375 0.175537109375
vt 0.005519866943359375 0.1727294921875
vt 0.007434844970703125 0.175537109375
vt 0.007434844970703125 0.1727294921875
vt 0.1802978515625 0.0093536376953125
vt 0.1741943359375 0.00377655029296875
vt 0.1739501953125 0.0092926025390625
vt 0.1739501953125 0.0092926025390625
vt 0.1741943359375 0.00377655029296875
vt 0.1717529296875 0.005352020263671875
vt 0.1741943359375 0.00377655029296875
vt 0.16015625 0.00377655029296875
vt 0.1717529296875 0.005352020263671875
vt 0.1717529296875 0.005352020263671875
vt 0.16015625 0.00377655029296875
vt 0.16015625 0.005352020263671875
vt 0.16015625 0.00377655029296875
vt 0.15625 0.005352020263671875
vt 0.16015625 0.005352020263671875
vt 0.16015625 0.005352020263671875
vt 0.15625 0.005352020263671875
vt 0.15966796875 0.006366729736328125
vt 0.15625 0.006366729736328125
vt 0.15966796875 0.006366729736328125
vt 0.15625 0.005352020263671875
vt 0.15625 0.005352020263671875
vt 0.16015625 0.00377655029296875
vt 0.15625 0.00377655029296875
vt 0.152587890625 0.006366729736328125
vt 0.15625 0.006366729736328125
vt 0.15625 0.005352020263671875
vt 0.152587890625 0.005352020263671875
vt 0.15625 0.005352020263671875
vt 0.15625 0.00377655029296875
vt 0.152587890625 0.006366729736328125
vt 0.15625 0.005352020263671875
vt 0.152587890625 0.005352020263671875
vt 0.152587890625 0.005352020263671875
vt 0.15625 0.00377655029296875
vt 0.152587890625 0.00377655029296875
vt 0.1488037109375 0.00377655029296875
vt 0.152587890625 0.005352020263671875
vt 0.152587890625 0.00377655029296875
vt 0.1488037109375 0.005352020263671875
vt 0.152587890625 0.006366729736328125
vt 0.152587890625 0.005352020263671875
vt 0.152587890625 0.005352020263671875
vt 0.1488037109375 0.00377655029296875
vt 0.1488037109375 0.005352020263671875
vt 0.152587890625 0.006366729736328125
vt 0.1488037109375 0.005352020263671875
vt 0.1488037109375 0.006366729736328125
vt 0.145263671875 0.00377655029296875
vt 0.1488037109375 0.005352020263671875
vt 0.1488037109375 0.00377655029296875
vt 0.145263671875 0.005352020263671875
vt 0.1488037109375 0.006366729736328125
vt 0.1488037109375 0.005352020263671875
vt 0.1488037109375 0.005352020263671875
vt 0.145263671875 0.00377655029296875
vt 0.145263671875 0.005352020263671875
vt 0.1488037109375 0.006366729736328125
vt 0.145263671875 0.005352020263671875
vt 0.145263671875 0.006366729736328125
vt 0.145263671875 0.005352020263671875
vt 0.141845703125 0.006366729736328125
vt 0.145263671875 0.006366729736328125
vt 0.141845703125 0.006366729736328125
vt 0.145263671875 0.005352020263671875
vt 0.141357421875 0.005352020263671875
vt 0.145263671875 0.00377655029296875
vt 0.141357421875 0.00377655029296875
vt 0.145263671875 0.005352020263671875
vt 0.141357421875 0.005352020263671875
vt 0.145263671875 0.005352020263671875
vt 0.141357421875 0.00377655029296875
vt 0.141357421875 0.00377655029296875
vt 0.129638671875 0.005352020263671875
vt 0.141357421875 0.005352020263671875
vt 0.129638671875 0.005352020263671875
vt 0.141357421875 0.00377655029296875
vt 0.127197265625 0.00377655029296875
vt 0.127197265625 0.00377655029296875
vt 0.12744140625 0.0092926025390625
vt 0.129638671875 0.005352020263671875
vt 0.12744140625 0.0092926025390625
vt 0.127197265625 0.00377655029296875
vt 0.12109375 0.0093841552734375
vt 0.006008148193359375 0.1485595703125
vt 0.0094451904296875 0.1495361328125
vt 0.0090789794921875 0.1485595703125
vt 0.0094451904296875 0.1495361328125
vt 0.006008148193359375 0.1485595703125
vt 0.0056304931640625 0.1495361328125
vt 0.009429931640625 0.1612548828125
vt 0.0094451904296875 0.1495361328125
vt 0.0056304931640625 0.1495361328125
vt 0.0056304931640625 0.1495361328125
vt 0.0056304931640625 0.1612548828125
vt 0.009429931640625 0.1612548828125
vt 0.005733489990234375 0.1656494140625
vt 0.009429931640625 0.1612548828125
vt 0.0056304931640625 0.1612548828125
vt 0.005733489990234375 0.1656494140625
vt 0.00933837890625 0.1656494140625
vt 0.009429931640625 0.1612548828125
vt 0.006023406982421875 0.3232421875
vt 0.0098419189453125 0.31494140625
vt 0.0060272216796875 0.31494140625
vt 0.0098419189453125 0.31494140625
vt 0.006023406982421875 0.3232421875
vt 0.0098419189453125 0.3232421875
vt 0.006023406982421875 0.33740234375
vt 0.0098419189453125 0.3232421875
vt 0.006023406982421875 0.3232421875
vt 0.0098419189453125 0.3232421875
vt 0.006023406982421875 0.33740234375
vt 0.0098419189453125 0.33740234375
vt 0.0098419189453125 0.33740234375
vt 0.006023406982421875 0.33740234375
vt 0.0079345703125 0.3408203125
vt 0.011749267578125 0.3408203125
vt 0.0098419189453125 0.33740234375
vt 0.0079345703125 0.3408203125
vt 0.006023406982421875 0.33740234375
vt 0.0041046142578125 0.3408203125
vt 0.0079345703125 0.3408203125
vt 0.00991058349609375 0.343994140625
vt 0.011749267578125 0.3408203125
vt 0.0079345703125 0.3408203125
vt 0.0041046142578125 0.3408203125
vt 0.005962371826171875 0.343994140625
vt 0.0079345703125 0.3408203125
vt 0.005962371826171875 0.343994140625
vt 0.00991058349609375 0.343994140625
vt 0.0079345703125 0.3408203125
vt 0.117919921875 0.7578125
vt 0.11663818359375 0.76416015625
vt 0.1192626953125 0.76416015625
vt 0.11663818359375 0.76416015625
vt 0.1192626953125 0.77001953125
vt 0.1192626953125 0.76416015625
vt 0.1192626953125 0.77001953125
vt 0.11663818359375 0.76416015625
vt 0.11663818359375 0.77001953125
vt 0.11590576171875 0.771484375
vt 0.1192626953125 0.77001953125
vt 0.11663818359375 0.77001953125
vt 0.1192626953125 0.77001953125
vt 0.11590576171875 0.771484375
vt 0.1199951171875 0.771484375
vt 0.1990966796875 0.6787109375
vt 0.2037353515625 0.6806640625
vt 0.20166015625 0.6787109375
vt 0.197021484375 0.6806640625
vt 0.2037353515625 0.6806640625
vt 0.1990966796875 0.6787109375
vt 0.197021484375 0.6806640625
vt 0.2037353515625 0.6845703125
vt 0.2037353515625 0.6806640625
vt 0.197021484375 0.6806640625
vt 0.197021484375 0.6845703125
vt 0.2037353515625 0.6845703125
vt 0.2037353515625 0.6845703125
vt 0.197021484375 0.6845703125
vt 0.1990966796875 0.6865234375
vt 0.2037353515625 0.6845703125
vt 0.1990966796875 0.6865234375
vt 0.20166015625 0.6865234375
vt 0.1639404296875 0.77978515625
vt 0.16064453125 0.78173828125
vt 0.1646728515625 0.78173828125
vt 0.16064453125 0.78173828125
vt 0.1639404296875 0.77978515625
vt 0.161376953125 0.77978515625
vt 0.1639404296875 0.77978515625
vt 0.1639404296875 0.77392578125
vt 0.161376953125 0.77978515625
vt 0.161376953125 0.77392578125
vt 0.161376953125 0.77978515625
vt 0.1639404296875 0.77392578125
vt 0.1630859375 0.7568359375
vt 0.161376953125 0.77392578125
vt 0.1639404296875 0.77392578125
vt 0.161376953125 0.77392578125
vt 0.1630859375 0.7568359375
vt 0.162353515625 0.7568359375
vt 0.1630859375 0.697265625
vt 0.162353515625 0.7568359375
vt 0.1630859375 0.7568359375
vt 0.162353515625 0.7568359375
vt 0.1630859375 0.697265625
vt 0.162353515625 0.697265625
vt 0.135986328125 0.7763671875
vt 0.1319580078125 0.77490234375
vt 0.1319580078125 0.77783203125
vt 0.1319580078125 0.77490234375
vt 0.1282958984375 0.77783203125
vt 0.1319580078125 0.77783203125
vt 0.1282958984375 0.77783203125
vt 0.1319580078125 0.77490234375
vt 0.1282958984375 0.77490234375
vt 0.1282958984375 0.77490234375
vt 0.11566162109375 0.7763671875
vt 0.1282958984375 0.77783203125
vt 0.11566162109375 0.7763671875
vt 0.1282958984375 0.77490234375
vt 0.11566162109375 0.775390625
vt 0.06268310546875 0.0955810546875
vt 0.06488037109375 0.0963134765625
vt 0.06268310546875 0.0963134765625
vt 0.06488037109375 0.0963134765625
vt 0.06268310546875 0.0955810546875
vt 0.06488037109375 0.0955810546875
vt 0.06488037109375 0.0955810546875
vt 0.067138671875 0.0963134765625
vt 0.06488037109375 0.0963134765625
vt 0.067138671875 0.0963134765625
vt 0.06488037109375 0.0955810546875
vt 0.067138671875 0.0955810546875
vt 0.06939697265625 0.0955810546875
vt 0.067138671875 0.0963134765625
vt 0.067138671875 0.0955810546875
vt 0.067138671875 0.0963134765625
vt 0.06939697265625 0.0955810546875
vt 0.06939697265625 0.0963134765625
vt 0.07159423828125 0.0955810546875
vt 0.06939697265625 0.0963134765625
vt 0.06939697265625 0.0955810546875
vt 0.06939697265625 0.0963134765625
vt 0.07159423828125 0.0955810546875
vt 0.07159423828125 0.0963134765625
vt 0.0738525390625 0.0963134765625
vt 0.07159423828125 0.0963134765625
vt 0.07159423828125 0.0955810546875
vt 0.0738525390625 0.0963134765625
vt 0.07159423828125 0.0955810546875
vt 0.0738525390625 0.0955810546875
vt 0.07611083984375 0.0955810546875
vt 0.0738525390625 0.0963134765625
vt 0.0738525390625 0.0955810546875
vt 0.0738525390625 0.0963134765625
vt 0.07611083984375 0.0955810546875
vt 0.07611083984375 0.0963134765625
vt 0.07611083984375 0.0955810546875
vt 0.07830810546875 0.0963134765625
vt 0.07611083984375 0.0963134765625
vt 0.07830810546875 0.0963134765625
vt 0.07611083984375 0.0955810546875
vt 0.07830810546875 0.0955810546875
vt 0.08056640625 0.0955810546875
vt 0.07830810546875 0.0963134765625
vt 0.07830810546875 0.0955810546875
vt 0.07830810546875 0.0963134765625
vt 0.08056640625 0.0955810546875
vt 0.08056640625 0.0963134765625
vt 0.39208984375 0.1080322265625
vt 0.3974609375 0.1064453125
vt 0.39208984375 0.1064453125
vt 0.3974609375 0.1064453125
vt 0.39208984375 0.1080322265625
vt 0.398193359375 0.1080322265625
vt 0.398193359375 0.1080322265625
vt 0.4013671875 0.1064453125
vt 0.3974609375 0.1064453125
vt 0.4013671875 0.1064453125
vt 0.398193359375 0.1080322265625
vt 0.401611328125 0.10723876953125
vt 0.410888671875 0.106689453125
vt 0.4140625 0.1082763671875
vt 0.414306640625 0.1075439453125
vt 0.4140625 0.1082763671875
vt 0.410888671875 0.106689453125
vt 0.41015625 0.1082763671875
vt 0.40478515625 0.106689453125
vt 0.41015625 0.1082763671875
vt 0.410888671875 0.106689453125
vt 0.41015625 0.1082763671875
vt 0.40478515625 0.106689453125
vt 0.40478515625 0.1082763671875
vt 0.07977294921875 0.08441162109375
vt 0.08221435546875 0.09344482421875
vt 0.08221435546875 0.08441162109375
vt 0.08221435546875 0.09344482421875
vt 0.07977294921875 0.08441162109375
vt 0.07977294921875 0.09344482421875
vt 0.07733154296875 0.08441162109375
vt 0.07977294921875 0.09344482421875
vt 0.07977294921875 0.08441162109375
vt 0.07977294921875 0.09344482421875
vt 0.07733154296875 0.08441162109375
vt 0.07733154296875 0.09344482421875
vt 0.07733154296875 0.08441162109375
vt 0.07489013671875 0.09344482421875
vt 0.07733154296875 0.09344482421875
vt 0.07489013671875 0.09344482421875
vt 0.07733154296875 0.08441162109375
vt 0.07489013671875 0.08441162109375
vt 0.07489013671875 0.09344482421875
vt 0.07489013671875 0.08441162109375
vt 0.07244873046875 0.08441162109375
vt 0.07244873046875 0.08441162109375
vt 0.07244873046875 0.09344482421875
vt 0.07489013671875 0.09344482421875
vt 0.07244873046875 0.09344482421875
vt 0.07244873046875 0.08441162109375
vt 0.07000732421875 0.08441162109375
vt 0.07000732421875 0.08441162109375
vt 0.07000732421875 0.09344482421875
vt 0.07244873046875 0.09344482421875
vt 0.07000732421875 0.08441162109375
vt 0.06756591796875 0.09344482421875
vt 0.07000732421875 0.09344482421875
vt 0.06756591796875 0.09344482421875
vt 0.07000732421875 0.08441162109375
vt 0.06756591796875 0.08441162109375
vt 0.06512451171875 0.08441162109375
vt 0.06756591796875 0.09344482421875
vt 0.06756591796875 0.08441162109375
vt 0.06756591796875 0.09344482421875
vt 0.06512451171875 0.08441162109375
vt 0.06512451171875 0.09344482421875
vt 0.06512451171875 0.09344482421875
vt 0.06512451171875 0.08441162109375
vt 0.06268310546875 0.09344482421875
vt 0.06268310546875 0.09344482421875
vt 0.06512451171875 0.08441162109375
vt 0.06268310546875 0.08441162109375
vt 0.08056640625 0.0955810546875
vt 0.07830810546875 0.0963134765625
vt 0.08056640625 0.0963134765625
vt 0.07830810546875 0.0963134765625
vt 0.08056640625 0.0955810546875
vt 0.07830810546875 0.0955810546875
vt 0.07830810546875 0.0955810546875
vt 0.07611083984375 0.0963134765625
vt 0.07830810546875 0.0963134765625
vt 0.07611083984375 0.0963134765625
vt 0.07830810546875 0.0955810546875
vt 0.07611083984375 0.0955810546875
vt 0.0738525390625 0.0955810546875
vt 0.07611083984375 0.0963134765625
vt 0.07611083984375 0.0955810546875
vt 0.07611083984375 0.0963134765625
vt 0.0738525390625 0.0955810546875
vt 0.0738525390625 0.0963134765625
vt 0.07159423828125 0.0955810546875
vt 0.0738525390625 0.0963134765625
vt 0.0738525390625 0.0955810546875
vt 0.0738525390625 0.0963134765625
vt 0.07159423828125 0.0955810546875
vt 0.07159423828125 0.0963134765625
vt 0.07159423828125 0.0955810546875
vt 0.06939697265625 0.0963134765625
vt 0.07159423828125 0.0963134765625
vt 0.07159423828125 0.0955810546875
vt 0.06939697265625 0.0955810546875
vt 0.06939697265625 0.0963134765625
vt 0.067138671875 0.0955810546875
vt 0.06939697265625 0.0963134765625
vt 0.06939697265625 0.0955810546875
vt 0.06939697265625 0.0963134765625
vt 0.067138671875 0.0955810546875
vt 0.067138671875 0.0963134765625
vt 0.067138671875 0.0955810546875
vt 0.06488037109375 0.0963134765625
vt 0.067138671875 0.0963134765625
vt 0.06488037109375 0.0963134765625
vt 0.067138671875 0.0955810546875
vt 0.06488037109375 0.0955810546875
vt 0.06488037109375 0.0955810546875
vt 0.06268310546875 0.0955810546875
vt 0.06488037109375 0.0963134765625
vt 0.06488037109375 0.0963134765625
vt 0.06268310546875 0.0955810546875
vt 0.06268310546875 0.0963134765625
vt 0.4013671875 0.1064453125
vt 0.398193359375 0.1080322265625
vt 0.401611328125 0.10723876953125
vt 0.398193359375 0.1080322265625
vt 0.4013671875 0.1064453125
vt 0.3974609375 0.1064453125
vt 0.3974609375 0.1064453125
vt 0.39208984375 0.1080322265625
vt 0.398193359375 0.1080322265625
vt 0.39208984375 0.1080322265625
vt 0.3974609375 0.1064453125
vt 0.39208984375 0.1064453125
vt 0.379638671875 0.124755859375
vt 0.3759765625 0.12139892578125
vt 0.3759765625 0.12432861328125
vt 0.3759765625 0.12139892578125
vt 0.379638671875 0.124755859375
vt 0.379638671875 0.12115478515625
vt 0.379638671875 0.124755859375
vt 0.3857421875 0.125
vt 0.379638671875 0.12115478515625
vt 0.379638671875 0.12115478515625
vt 0.3857421875 0.125
vt 0.3857421875 0.12115478515625
vt 0.410888671875 0.106689453125
vt 0.4140625 0.1082763671875
vt 0.414306640625 0.1075439453125
vt 0.4140625 0.1082763671875
vt 0.410888671875 0.106689453125
vt 0.41015625 0.1082763671875
vt 0.40478515625 0.106689453125
vt 0.41015625 0.1082763671875
vt 0.410888671875 0.106689453125
vt 0.41015625 0.1082763671875
vt 0.40478515625 0.106689453125
vt 0.40478515625 0.1082763671875
vt 0.1990966796875 0.6787109375
vt 0.2037353515625 0.6806640625
vt 0.20166015625 0.6787109375
vt 0.197021484375 0.6806640625
vt 0.2037353515625 0.6806640625
vt 0.1990966796875 0.6787109375
vt 0.2037353515625 0.6806640625
vt 0.197021484375 0.6806640625
vt 0.2037353515625 0.6845703125
vt 0.2037353515625 0.6845703125
vt 0.197021484375 0.6806640625
vt 0.197021484375 0.6845703125
vt 0.197021484375 0.6845703125
vt 0.20166015625 0.6865234375
vt 0.2037353515625 0.6845703125
vt 0.20166015625 0.6865234375
vt 0.197021484375 0.6845703125
vt 0.1990966796875 0.6865234375
vt 0.162353515625 0.697265625
vt 0.1630859375 0.7568359375
vt 0.1630859375 0.697265625
vt 0.1630859375 0.7568359375
vt 0.162353515625 0.697265625
vt 0.162353515625 0.7568359375
vt 0.162353515625 0.7568359375
vt 0.1639404296875 0.77392578125
vt 0.1630859375 0.7568359375
vt 0.1639404296875 0.77392578125
vt 0.162353515625 0.7568359375
vt 0.161376953125 0.77392578125
vt 0.161376953125 0.77392578125
vt 0.1639404296875 0.77978515625
vt 0.1639404296875 0.77392578125
vt 0.1639404296875 0.77978515625
vt 0.161376953125 0.77392578125
vt 0.161376953125 0.77978515625
vt 0.161376953125 0.77978515625
vt 0.1646728515625 0.78173828125
vt 0.1639404296875 0.77978515625
vt 0.1646728515625 0.78173828125
vt 0.161376953125 0.77978515625
vt 0.16064453125 0.78173828125
vt 0.135986328125 0.7763671875
vt 0.1319580078125 0.77490234375
vt 0.1319580078125 0.77783203125
vt 0.1319580078125 0.77783203125
vt 0.1319580078125 0.77490234375
vt 0.1282958984375 0.77783203125
vt 0.1319580078125 0.77490234375
vt 0.1282958984375 0.77490234375
vt 0.1282958984375 0.77783203125
vt 0.11566162109375 0.775390625
vt 0.1282958984375 0.77783203125
vt 0.1282958984375 0.77490234375
vt 0.1282958984375 0.77783203125
vt 0.11566162109375 0.775390625
vt 0.11566162109375 0.7763671875
vt 0.1990966796875 0.6787109375
vt 0.2037353515625 0.6806640625
vt 0.20166015625 0.6787109375
vt 0.197021484375 0.6806640625
vt 0.2037353515625 0.6806640625
vt 0.1990966796875 0.6787109375
vt 0.2037353515625 0.6845703125
vt 0.2037353515625 0.6806640625
vt 0.197021484375 0.6806640625
vt 0.197021484375 0.6845703125
vt 0.2037353515625 0.6845703125
vt 0.197021484375 0.6806640625
vt 0.2037353515625 0.6845703125
vt 0.197021484375 0.6845703125
vt 0.1990966796875 0.6865234375
vt 0.2037353515625 0.6845703125
vt 0.1990966796875 0.6865234375
vt 0.20166015625 0.6865234375
vt 0.135986328125 0.7763671875
vt 0.1319580078125 0.77490234375
vt 0.1319580078125 0.77783203125
vt 0.1282958984375 0.77783203125
vt 0.1319580078125 0.77783203125
vt 0.1319580078125 0.77490234375
vt 0.1282958984375 0.77783203125
vt 0.1319580078125 0.77490234375
vt 0.1282958984375 0.77490234375
vt 0.11566162109375 0.7763671875
vt 0.1282958984375 0.77783203125
vt 0.1282958984375 0.77490234375
vt 0.11566162109375 0.7763671875
vt 0.1282958984375 0.77490234375
vt 0.11566162109375 0.775390625
vt 0.007678985595703125 0.2244873046875
vt 0.011260986328125 0.22705078125
vt 0.010101318359375 0.2244873046875
vt 0.011260986328125 0.22705078125
vt 0.007678985595703125 0.2244873046875
vt 0.006534576416015625 0.22705078125
vt 0.006534576416015625 0.22705078125
vt 0.011260986328125 0.2293701171875
vt 0.011260986328125 0.22705078125
vt 0.011260986328125 0.2293701171875
vt 0.006534576416015625 0.22705078125
vt 0.006534576416015625 0.2293701171875
vt 0.007762908935546875 0.230712890625
vt 0.011260986328125 0.2293701171875
vt 0.006534576416015625 0.2293701171875
vt 0.011260986328125 0.2293701171875
vt 0.007762908935546875 0.230712890625
vt 0.01006317138671875 0.230712890625
vt 0.005519866943359375 0.1727294921875
vt 0.007434844970703125 0.175537109375
vt 0.007434844970703125 0.1727294921875
vt 0.005519866943359375 0.1727294921875
vt 0.005519866943359375 0.175537109375
vt 0.007434844970703125 0.175537109375
vt 0.005519866943359375 0.175537109375
vt 0.007442474365234375 0.1778564453125
vt 0.007434844970703125 0.175537109375
vt 0.007442474365234375 0.1778564453125
vt 0.005519866943359375 0.175537109375
vt 0.005527496337890625 0.1778564453125
vt 0.005519866943359375 0.1796875
vt 0.007442474365234375 0.1778564453125
vt 0.005527496337890625 0.1778564453125
vt 0.007442474365234375 0.1778564453125
vt 0.005519866943359375 0.1796875
vt 0.007434844970703125 0.1796875
vt 0.005519866943359375 0.1796875
vt 0.007434844970703125 0.1820068359375
vt 0.007434844970703125 0.1796875
vt 0.007434844970703125 0.1820068359375
vt 0.005519866943359375 0.1796875
vt 0.005519866943359375 0.1820068359375
vt 0.005527496337890625 0.183837890625
vt 0.007434844970703125 0.1820068359375
vt 0.005519866943359375 0.1820068359375
vt 0.007434844970703125 0.1820068359375
vt 0.005527496337890625 0.183837890625
vt 0.007442474365234375 0.183837890625
vt 0.005527496337890625 0.183837890625
vt 0.005519866943359375 0.1861572265625
vt 0.007442474365234375 0.183837890625
vt 0.005519866943359375 0.1861572265625
vt 0.007434844970703125 0.1861572265625
vt 0.007442474365234375 0.183837890625
vt 0.005519866943359375 0.1861572265625
vt 0.007434844970703125 0.18896484375
vt 0.007434844970703125 0.1861572265625
vt 0.005519866943359375 0.1861572265625
vt 0.005519866943359375 0.18896484375
vt 0.007434844970703125 0.18896484375
vt 0.0104827880859375 0.1944580078125
vt 0.01104736328125 0.2215576171875
vt 0.01104736328125 0.1944580078125
vt 0.01104736328125 0.2215576171875
vt 0.0104827880859375 0.1944580078125
vt 0.0104827880859375 0.2215576171875
vt 0.00992584228515625 0.1944580078125
vt 0.0104827880859375 0.2215576171875
vt 0.0104827880859375 0.1944580078125
vt 0.0104827880859375 0.2215576171875
vt 0.00992584228515625 0.1944580078125
vt 0.00992584228515625 0.2215576171875
vt 0.00936126708984375 0.1944580078125
vt 0.00992584228515625 0.2215576171875
vt 0.00992584228515625 0.1944580078125
vt 0.00992584228515625 0.2215576171875
vt 0.00936126708984375 0.1944580078125
vt 0.00936126708984375 0.2215576171875
vt 0.00936126708984375 0.2215576171875
vt 0.00936126708984375 0.1944580078125
vt 0.0088043212890625 0.2215576171875
vt 0.0088043212890625 0.2215576171875
vt 0.00936126708984375 0.1944580078125
vt 0.0088043212890625 0.1944580078125
vt 0.0088043212890625 0.1944580078125
vt 0.00823974609375 0.2215576171875
vt 0.0088043212890625 0.2215576171875
vt 0.00823974609375 0.2215576171875
vt 0.0088043212890625 0.1944580078125
vt 0.00823974609375 0.1944580078125
vt 0.00823974609375 0.1944580078125
vt 0.00768280029296875 0.2215576171875
vt 0.00823974609375 0.2215576171875
vt 0.00768280029296875 0.2215576171875
vt 0.00823974609375 0.1944580078125
vt 0.00768280029296875 0.1944580078125
vt 0.1802978515625 0.0093536376953125
vt 0.1741943359375 0.00377655029296875
vt 0.1739501953125 0.0092926025390625
vt 0.1717529296875 0.005352020263671875
vt 0.1739501953125 0.0092926025390625
vt 0.1741943359375 0.00377655029296875
vt 0.1741943359375 0.00377655029296875
vt 0.16015625 0.00377655029296875
vt 0.1717529296875 0.005352020263671875
vt 0.16015625 0.005352020263671875
vt 0.1717529296875 0.005352020263671875
vt 0.16015625 0.00377655029296875
vt 0.16015625 0.00377655029296875
vt 0.15625 0.005352020263671875
vt 0.16015625 0.005352020263671875
vt 0.16015625 0.005352020263671875
vt 0.15625 0.005352020263671875
vt 0.15966796875 0.006366729736328125
vt 0.15966796875 0.006366729736328125
vt 0.15625 0.005352020263671875
vt 0.15625 0.006366729736328125
vt 0.15625 0.005352020263671875
vt 0.16015625 0.00377655029296875
vt 0.15625 0.00377655029296875
vt 0.15625 0.005352020263671875
vt 0.152587890625 0.006366729736328125
vt 0.15625 0.006366729736328125
vt 0.15625 0.00377655029296875
vt 0.152587890625 0.005352020263671875
vt 0.15625 0.005352020263671875
vt 0.15625 0.005352020263671875
vt 0.152587890625 0.005352020263671875
vt 0.152587890625 0.006366729736328125
vt 0.15625 0.00377655029296875
vt 0.152587890625 0.00377655029296875
vt 0.152587890625 0.005352020263671875
vt 0.1488037109375 0.00377655029296875
vt 0.152587890625 0.005352020263671875
vt 0.152587890625 0.00377655029296875
vt 0.1488037109375 0.005352020263671875
vt 0.152587890625 0.006366729736328125
vt 0.152587890625 0.005352020263671875
vt 0.152587890625 0.005352020263671875
vt 0.1488037109375 0.00377655029296875
vt 0.1488037109375 0.005352020263671875
vt 0.152587890625 0.006366729736328125
vt 0.1488037109375 0.005352020263671875
vt 0.1488037109375 0.006366729736328125
vt 0.145263671875 0.00377655029296875
vt 0.1488037109375 0.005352020263671875
vt 0.1488037109375 0.00377655029296875
vt 0.145263671875 0.005352020263671875
vt 0.1488037109375 0.006366729736328125
vt 0.1488037109375 0.005352020263671875
vt 0.1488037109375 0.005352020263671875
vt 0.145263671875 0.00377655029296875
vt 0.145263671875 0.005352020263671875
vt 0.1488037109375 0.006366729736328125
vt 0.145263671875 0.005352020263671875
vt 0.145263671875 0.006366729736328125
vt 0.145263671875 0.005352020263671875
vt 0.141845703125 0.006366729736328125
vt 0.145263671875 0.006366729736328125
vt 0.141845703125 0.006366729736328125
vt 0.145263671875 0.005352020263671875
vt 0.141357421875 0.005352020263671875
vt 0.141357421875 0.00377655029296875
vt 0.145263671875 0.005352020263671875
vt 0.145263671875 0.00377655029296875
vt 0.145263671875 0.005352020263671875
vt 0.141357421875 0.00377655029296875
vt 0.141357421875 0.005352020263671875
vt 0.141357421875 0.00377655029296875
vt 0.129638671875 0.005352020263671875
vt 0.141357421875 0.005352020263671875
vt 0.129638671875 0.005352020263671875
vt 0.141357421875 0.00377655029296875
vt 0.127197265625 0.00377655029296875
vt 0.127197265625 0.00377655029296875
vt 0.12744140625 0.0092926025390625
vt 0.129638671875 0.005352020263671875
vt 0.12744140625 0.0092926025390625
vt 0.127197265625 0.00377655029296875
vt 0.12109375 0.0093841552734375
vt 0.006008148193359375 0.1485595703125
vt 0.0094451904296875 0.1495361328125
vt 0.0090789794921875 0.1485595703125
vt 0.0094451904296875 0.1495361328125
vt 0.006008148193359375 0.1485595703125
vt 0.0056304931640625 0.1495361328125
vt 0.0056304931640625 0.1495361328125
vt 0.009429931640625 0.1612548828125
vt 0.0094451904296875 0.1495361328125
vt 0.009429931640625 0.1612548828125
vt 0.0056304931640625 0.1495361328125
vt 0.0056304931640625 0.1612548828125
vt 0.005733489990234375 0.1656494140625
vt 0.009429931640625 0.1612548828125
vt 0.0056304931640625 0.1612548828125
vt 0.009429931640625 0.1612548828125
vt 0.005733489990234375 0.1656494140625
vt 0.00933837890625 0.1656494140625
vt 0.007694244384765625 0.2244873046875
vt 0.011260986328125 0.22705078125
vt 0.0101165771484375 0.2244873046875
vt 0.011260986328125 0.22705078125
vt 0.007694244384765625 0.2244873046875
vt 0.0065460205078125 0.22705078125
vt 0.0065460205078125 0.22705078125
vt 0.011260986328125 0.2293701171875
vt 0.011260986328125 0.22705078125
vt 0.011260986328125 0.2293701171875
vt 0.0065460205078125 0.22705078125
vt 0.006534576416015625 0.2293701171875
vt 0.007755279541015625 0.230712890625
vt 0.011260986328125 0.2293701171875
vt 0.006534576416015625 0.2293701171875
vt 0.011260986328125 0.2293701171875
vt 0.007755279541015625 0.230712890625
vt 0.0100555419921875 0.230712890625
vt 0.99072265625 0.0246429443359375
vt 0.98974609375 0.026824951171875
vt 0.99072265625 0.0260162353515625
vt 0.990234375 0.023590087890625
vt 0.98974609375 0.026824951171875
vt 0.99072265625 0.0246429443359375
vt 0.98974609375 0.026824951171875
vt 0.990234375 0.023590087890625
vt 0.98828125 0.026611328125
vt 0.9873046875 0.0219573974609375
vt 0.98828125 0.026611328125
vt 0.990234375 0.023590087890625
vt 0.98828125 0.026611328125
vt 0.9873046875 0.0219573974609375
vt 0.9853515625 0.0249481201171875
vt 0.98291015625 0.0234222412109375
vt 0.9853515625 0.0249481201171875
vt 0.9873046875 0.0219573974609375
vt 0.984375 0.0204925537109375
vt 0.98291015625 0.0234222412109375
vt 0.9873046875 0.0219573974609375
vt 0.98388671875 0.01953125
vt 0.98291015625 0.0234222412109375
vt 0.984375 0.0204925537109375
vt 0.98388671875 0.01953125
vt 0.98095703125 0.02374267578125
vt 0.98291015625 0.0234222412109375
vt 0.98388671875 0.01953125
vt 0.97314453125 0.0235748291015625
vt 0.98095703125 0.02374267578125
vt 0.98388671875 0.01953125
vt 0.97119140625 0.020660400390625
vt 0.97314453125 0.0235748291015625
vt 0.98095703125 0.02374267578125
vt 0.97314453125 0.0235748291015625
vt 0.97509765625 0.024749755859375
vt 0.98388671875 0.0160980224609375
vt 0.97119140625 0.020660400390625
vt 0.98388671875 0.01953125
vt 0.98095703125 0.02374267578125
vt 0.97509765625 0.024749755859375
vt 0.97900390625 0.0255279541015625
vt 0.98388671875 0.0160980224609375
vt 0.970703125 0.0172119140625
vt 0.97119140625 0.020660400390625
vt 0.97900390625 0.0255279541015625
vt 0.97509765625 0.024749755859375
vt 0.9755859375 0.0255279541015625
vt 0.98193359375 0.01317596435546875
vt 0.970703125 0.0172119140625
vt 0.98388671875 0.0160980224609375
vt 0.9755859375 0.0285797119140625
vt 0.97900390625 0.0255279541015625
vt 0.9755859375 0.0255279541015625
vt 0.97900390625 0.0255279541015625
vt 0.9755859375 0.0285797119140625
vt 0.97900390625 0.0285797119140625
vt 0.9755859375 0.0285797119140625
vt 0.97900390625 0.03192138671875
vt 0.97900390625 0.0285797119140625
vt 0.97900390625 0.03192138671875
vt 0.9755859375 0.0285797119140625
vt 0.9755859375 0.03192138671875
vt 0.9755859375 0.03192138671875
vt 0.978515625 0.033203125
vt 0.97900390625 0.03192138671875
vt 0.978515625 0.033203125
vt 0.9755859375 0.03192138671875
vt 0.97607421875 0.033203125
vt 0.978515625 0.033203125
vt 0.97607421875 0.033203125
vt 0.9775390625 0.033782958984375
vt 0.970703125 0.0172119140625
vt 0.98193359375 0.01317596435546875
vt 0.9736328125 0.01287841796875
vt 0.9736328125 0.01287841796875
vt 0.98193359375 0.01317596435546875
vt 0.97998046875 0.01198577880859375
vt 0.970703125 0.0172119140625
vt 0.9736328125 0.01287841796875
vt 0.97216796875 0.013336181640625
vt 0.9736328125 0.01287841796875
vt 0.97998046875 0.01198577880859375
vt 0.9755859375 0.01122283935546875
vt 0.970703125 0.0172119140625
vt 0.97216796875 0.013336181640625
vt 0.97021484375 0.016265869140625
vt 0.9755859375 0.01122283935546875
vt 0.97998046875 0.01198577880859375
vt 0.97900390625 0.01120758056640625
vt 0.97216796875 0.013336181640625
vt 0.9677734375 0.01477813720703125
vt 0.97021484375 0.016265869140625
vt 0.9755859375 0.01122283935546875
vt 0.97900390625 0.01120758056640625
vt 0.9755859375 0.0081787109375
vt 0.9677734375 0.01477813720703125
vt 0.97216796875 0.013336181640625
vt 0.96923828125 0.01181793212890625
vt 0.97900390625 0.01120758056640625
vt 0.97900390625 0.0081787109375
vt 0.9755859375 0.0081787109375
vt 0.96923828125 0.01181793212890625
vt 0.96484375 0.01312255859375
vt 0.9677734375 0.01477813720703125
vt 0.97900390625 0.00482940673828125
vt 0.9755859375 0.0081787109375
vt 0.97900390625 0.0081787109375
vt 0.96484375 0.01312255859375
vt 0.96923828125 0.01181793212890625
vt 0.966796875 0.010101318359375
vt 0.9755859375 0.0081787109375
vt 0.97900390625 0.00482940673828125
vt 0.9755859375 0.00482940673828125
vt 0.966796875 0.010101318359375
vt 0.9638671875 0.01206207275390625
vt 0.96484375 0.01312255859375
vt 0.9755859375 0.00482940673828125
vt 0.97900390625 0.00482940673828125
vt 0.97607421875 0.003570556640625
vt 0.9638671875 0.01206207275390625
vt 0.966796875 0.010101318359375
vt 0.96533203125 0.009918212890625
vt 0.9638671875 0.01206207275390625
vt 0.96533203125 0.009918212890625
vt 0.9638671875 0.01068115234375
vt 0.978515625 0.0035495758056640625
vt 0.97607421875 0.003570556640625
vt 0.97900390625 0.00482940673828125
vt 0.97607421875 0.003570556640625
vt 0.978515625 0.0035495758056640625
vt 0.9775390625 0.0029659271240234375
vt 0.87109375 0.0074615478515625
vt 0.86962890625 0.004901885986328125
vt 0.86962890625 0.0074615478515625
vt 0.86962890625 0.004901885986328125
vt 0.87109375 0.0074615478515625
vt 0.87109375 0.004596710205078125
vt 0.87255859375 0.00745391845703125
vt 0.87109375 0.004596710205078125
vt 0.87109375 0.0074615478515625
vt 0.87109375 0.004596710205078125
vt 0.87255859375 0.00745391845703125
vt 0.87255859375 0.00429534912109375
vt 0.87548828125 0.00745391845703125
vt 0.87255859375 0.00429534912109375
vt 0.87255859375 0.00745391845703125
vt 0.87548828125 0.00745391845703125
vt 0.8759765625 0.00429534912109375
vt 0.87255859375 0.00429534912109375
vt 0.87890625 0.004802703857421875
vt 0.8759765625 0.00429534912109375
vt 0.87548828125 0.00745391845703125
vt 0.87890625 0.004802703857421875
vt 0.87548828125 0.00745391845703125
vt 0.87890625 0.0069580078125
vt 0.87890625 0.0069580078125
vt 0.88134765625 0.004795074462890625
vt 0.87890625 0.004802703857421875
vt 0.88134765625 0.004795074462890625
vt 0.87890625 0.0069580078125
vt 0.88134765625 0.006946563720703125
vt 0.88134765625 0.006946563720703125
vt 0.8828125 0.004795074462890625
vt 0.88134765625 0.004795074462890625
vt 0.8828125 0.004795074462890625
vt 0.88134765625 0.006946563720703125
vt 0.8828125 0.006946563720703125
vt 0.88623046875 0.00745391845703125
vt 0.8828125 0.004795074462890625
vt 0.8828125 0.006946563720703125
vt 0.8828125 0.004795074462890625
vt 0.88623046875 0.00745391845703125
vt 0.88623046875 0.0042877197265625
vt 0.88623046875 0.0042877197265625
vt 0.88623046875 0.00745391845703125
vt 0.88916015625 0.00429534912109375
vt 0.88916015625 0.00429534912109375
vt 0.88623046875 0.00745391845703125
vt 0.88916015625 0.0074615478515625
vt 0.88916015625 0.00429534912109375
vt 0.88916015625 0.0074615478515625
vt 0.890625 0.004596710205078125
vt 0.890625 0.004596710205078125
vt 0.88916015625 0.0074615478515625
vt 0.890625 0.0074615478515625
vt 0.890625 0.004596710205078125
vt 0.890625 0.0074615478515625
vt 0.89208984375 0.0048828125
vt 0.89208984375 0.0048828125
vt 0.890625 0.0074615478515625
vt 0.89208984375 0.0074615478515625
vt 0.8935546875 0.0074615478515625
vt 0.89208984375 0.0048828125
vt 0.89208984375 0.0074615478515625
vt 0.89208984375 0.0048828125
vt 0.8935546875 0.0074615478515625
vt 0.8935546875 0.004596710205078125
vt 0.89453125 0.0074615478515625
vt 0.8935546875 0.004596710205078125
vt 0.8935546875 0.0074615478515625
vt 0.8935546875 0.004596710205078125
vt 0.89453125 0.0074615478515625
vt 0.89453125 0.00429534912109375
vt 0.89794921875 0.0074310302734375
vt 0.89453125 0.00429534912109375
vt 0.89453125 0.0074615478515625
vt 0.89453125 0.00429534912109375
vt 0.89794921875 0.0074310302734375
vt 0.89794921875 0.0042877197265625
vt 0.89794921875 0.0074310302734375
vt 0.90087890625 0.004795074462890625
vt 0.89794921875 0.0042877197265625
vt 0.89794921875 0.0074310302734375
vt 0.90087890625 0.006946563720703125
vt 0.90087890625 0.004795074462890625
vt 0.90185546875 0.006938934326171875
vt 0.90087890625 0.004795074462890625
vt 0.90087890625 0.006946563720703125
vt 0.90185546875 0.006938934326171875
vt 0.90185546875 0.004795074462890625
vt 0.90087890625 0.004795074462890625
vt 0.90185546875 0.006938934326171875
vt 0.90576171875 0.004795074462890625
vt 0.90185546875 0.004795074462890625
vt 0.90576171875 0.004795074462890625
vt 0.90185546875 0.006938934326171875
vt 0.90576171875 0.006938934326171875
vt 0.9091796875 0.006938934326171875
vt 0.90576171875 0.004795074462890625
vt 0.90576171875 0.006938934326171875
vt 0.9091796875 0.006938934326171875
vt 0.9091796875 0.004795074462890625
vt 0.90576171875 0.004795074462890625
vt 0.91162109375 0.006946563720703125
vt 0.9091796875 0.004795074462890625
vt 0.9091796875 0.006938934326171875
vt 0.9091796875 0.004795074462890625
vt 0.91162109375 0.006946563720703125
vt 0.91162109375 0.004795074462890625
vt 0.91259765625 0.006946563720703125
vt 0.91162109375 0.004795074462890625
vt 0.91162109375 0.006946563720703125
vt 0.91259765625 0.006946563720703125
vt 0.91259765625 0.004802703857421875
vt 0.91162109375 0.004795074462890625
vt 0.91552734375 0.0074310302734375
vt 0.91259765625 0.004802703857421875
vt 0.91259765625 0.006946563720703125
vt 0.91259765625 0.004802703857421875
vt 0.91552734375 0.0074310302734375
vt 0.91552734375 0.0042877197265625
vt 0.9189453125 0.00429534912109375
vt 0.91552734375 0.0042877197265625
vt 0.91552734375 0.0074310302734375
vt 0.9189453125 0.00745391845703125
vt 0.9189453125 0.00429534912109375
vt 0.91552734375 0.0074310302734375
vt 0.9189453125 0.00429534912109375
vt 0.9189453125 0.00745391845703125
vt 0.919921875 0.00457763671875
vt 0.919921875 0.00745391845703125
vt 0.919921875 0.00457763671875
vt 0.9189453125 0.00745391845703125
vt 0.919921875 0.00745391845703125
vt 0.92138671875 0.0048828125
vt 0.919921875 0.00457763671875
vt 0.92138671875 0.00745391845703125
vt 0.92138671875 0.0048828125
vt 0.919921875 0.00745391845703125
vt 0.9228515625 0.00745391845703125
vt 0.92138671875 0.0048828125
vt 0.92138671875 0.00745391845703125
vt 0.92138671875 0.0048828125
vt 0.9228515625 0.00745391845703125
vt 0.9228515625 0.00457763671875
vt 0.92431640625 0.00745391845703125
vt 0.9228515625 0.00457763671875
vt 0.9228515625 0.00745391845703125
vt 0.9228515625 0.00457763671875
vt 0.92431640625 0.00745391845703125
vt 0.92431640625 0.00429534912109375
vt 0.92431640625 0.00745391845703125
vt 0.92724609375 0.0074310302734375
vt 0.92431640625 0.00429534912109375
vt 0.92431640625 0.00429534912109375
vt 0.92724609375 0.0074310302734375
vt 0.92724609375 0.0042877197265625
vt 0.92724609375 0.0074310302734375
vt 0.9306640625 0.004802703857421875
vt 0.92724609375 0.0042877197265625
vt 0.9306640625 0.004802703857421875
vt 0.92724609375 0.0074310302734375
vt 0.9306640625 0.0069580078125
vt 0.9306640625 0.0069580078125
vt 0.93310546875 0.006938934326171875
vt 0.9306640625 0.004802703857421875
vt 0.93310546875 0.006938934326171875
vt 0.93310546875 0.004795074462890625
vt 0.9306640625 0.004802703857421875
vt 0.93310546875 0.006938934326171875
vt 0.93505859375 0.004795074462890625
vt 0.93310546875 0.004795074462890625
vt 0.93505859375 0.004795074462890625
vt 0.93310546875 0.006938934326171875
vt 0.93505859375 0.006946563720703125
vt 0.93798828125 0.0074310302734375
vt 0.93505859375 0.004795074462890625
vt 0.93505859375 0.006946563720703125
vt 0.93505859375 0.004795074462890625
vt 0.93798828125 0.0074310302734375
vt 0.93798828125 0.0042877197265625
vt 0.93798828125 0.0074310302734375
vt 0.94140625 0.00429534912109375
vt 0.93798828125 0.0042877197265625
vt 0.93798828125 0.0074310302734375
vt 0.94140625 0.00745391845703125
vt 0.94140625 0.00429534912109375
vt 0.94140625 0.00745391845703125
vt 0.9423828125 0.004596710205078125
vt 0.94140625 0.00429534912109375
vt 0.9423828125 0.0074615478515625
vt 0.9423828125 0.004596710205078125
vt 0.94140625 0.00745391845703125
vt 0.9423828125 0.0074615478515625
vt 0.94384765625 0.0048828125
vt 0.9423828125 0.004596710205078125
vt 0.94384765625 0.0074615478515625
vt 0.94384765625 0.0048828125
vt 0.9423828125 0.0074615478515625
vt 0.9453125 0.0074615478515625
vt 0.94384765625 0.0048828125
vt 0.94384765625 0.0074615478515625
vt 0.94384765625 0.0048828125
vt 0.9453125 0.0074615478515625
vt 0.9453125 0.004596710205078125
vt 0.94677734375 0.00745391845703125
vt 0.9453125 0.004596710205078125
vt 0.9453125 0.0074615478515625
vt 0.9453125 0.004596710205078125
vt 0.94677734375 0.00745391845703125
vt 0.94677734375 0.00429534912109375
vt 0.94677734375 0.00429534912109375
vt 0.94677734375 0.00745391845703125
vt 0.94970703125 0.0074310302734375
vt 0.94970703125 0.0042877197265625
vt 0.94677734375 0.00429534912109375
vt 0.94970703125 0.0074310302734375
vt 0.94970703125 0.0042877197265625
vt 0.94970703125 0.0074310302734375
vt 0.953125 0.004795074462890625
vt 0.953125 0.004795074462890625
vt 0.94970703125 0.0074310302734375
vt 0.953125 0.006946563720703125
vt 0.953125 0.004795074462890625
vt 0.953125 0.006946563720703125
vt 0.9541015625 0.006938934326171875
vt 0.953125 0.004795074462890625
vt 0.9541015625 0.006938934326171875
vt 0.9541015625 0.004795074462890625
vt 0.9541015625 0.006938934326171875
vt 0.95751953125 0.004795074462890625
vt 0.9541015625 0.004795074462890625
vt 0.95751953125 0.004795074462890625
vt 0.9541015625 0.006938934326171875
vt 0.95751953125 0.006938934326171875
vt 0.95751953125 0.006938934326171875
vt 0.9609375 0.006938934326171875
vt 0.95751953125 0.004795074462890625
vt 0.95751953125 0.004795074462890625
vt 0.9609375 0.006938934326171875
vt 0.9609375 0.004795074462890625
vt 0.9609375 0.006938934326171875
vt 0.96337890625 0.004795074462890625
vt 0.9609375 0.004795074462890625
vt 0.96337890625 0.004795074462890625
vt 0.9609375 0.006938934326171875
vt 0.96337890625 0.006946563720703125
vt 0.96337890625 0.006946563720703125
vt 0.96435546875 0.004802703857421875
vt 0.96337890625 0.004795074462890625
vt 0.96435546875 0.004802703857421875
vt 0.96337890625 0.006946563720703125
vt 0.96435546875 0.0069580078125
vt 0.96728515625 0.00745391845703125
vt 0.96435546875 0.004802703857421875
vt 0.96435546875 0.0069580078125
vt 0.96435546875 0.004802703857421875
vt 0.96728515625 0.00745391845703125
vt 0.96728515625 0.0042877197265625
vt 0.96728515625 0.00745391845703125
vt 0.970703125 0.00429534912109375
vt 0.96728515625 0.0042877197265625
vt 0.970703125 0.00429534912109375
vt 0.96728515625 0.00745391845703125
vt 0.970703125 0.00745391845703125
vt 0.970703125 0.00745391845703125
vt 0.97216796875 0.004596710205078125
vt 0.970703125 0.00429534912109375
vt 0.97216796875 0.004596710205078125
vt 0.970703125 0.00745391845703125
vt 0.97216796875 0.00745391845703125
vt 0.97216796875 0.004596710205078125
vt 0.97216796875 0.00745391845703125
vt 0.97314453125 0.0048828125
vt 0.97314453125 0.0048828125
vt 0.97216796875 0.00745391845703125
vt 0.97314453125 0.0074615478515625
vt 0.99560546875 0.0343017578125
vt 0.9970703125 0.036468505859375
vt 0.99658203125 0.035125732421875
vt 0.99560546875 0.0343017578125
vt 0.99609375 0.037506103515625
vt 0.9970703125 0.036468505859375
vt 0.99609375 0.037506103515625
vt 0.99560546875 0.0343017578125
vt 0.994140625 0.03448486328125
vt 0.994140625 0.03448486328125
vt 0.9931640625 0.039093017578125
vt 0.99609375 0.037506103515625
vt 0.9931640625 0.039093017578125
vt 0.994140625 0.03448486328125
vt 0.99169921875 0.036163330078125
vt 0.98876953125 0.037689208984375
vt 0.9931640625 0.039093017578125
vt 0.99169921875 0.036163330078125
vt 0.9931640625 0.039093017578125
vt 0.98876953125 0.037689208984375
vt 0.990234375 0.040618896484375
vt 0.98876953125 0.037689208984375
vt 0.990234375 0.041534423828125
vt 0.990234375 0.040618896484375
vt 0.98681640625 0.037322998046875
vt 0.990234375 0.041534423828125
vt 0.98876953125 0.037689208984375
vt 0.97900390625 0.03753662109375
vt 0.990234375 0.041534423828125
vt 0.98681640625 0.037322998046875
vt 0.97900390625 0.03753662109375
vt 0.98681640625 0.037322998046875
vt 0.98095703125 0.036346435546875
vt 0.97705078125 0.040435791015625
vt 0.990234375 0.041534423828125
vt 0.97900390625 0.03753662109375
vt 0.98095703125 0.036346435546875
vt 0.98681640625 0.037322998046875
vt 0.9853515625 0.035552978515625
vt 0.990234375 0.041534423828125
vt 0.97705078125 0.040435791015625
vt 0.98974609375 0.04498291015625
vt 0.98095703125 0.036346435546875
vt 0.9853515625 0.035552978515625
vt 0.98193359375 0.035552978515625
vt 0.98974609375 0.04498291015625
vt 0.97705078125 0.040435791015625
vt 0.9765625 0.04388427734375
vt 0.9853515625 0.035552978515625
vt 0.98193359375 0.032470703125
vt 0.98193359375 0.035552978515625
vt 0.98193359375 0.032470703125
vt 0.9853515625 0.035552978515625
vt 0.9853515625 0.032470703125
vt 0.9853515625 0.0291900634765625
vt 0.98193359375 0.032470703125
vt 0.9853515625 0.032470703125
vt 0.98193359375 0.032470703125
vt 0.9853515625 0.0291900634765625
vt 0.98193359375 0.0291900634765625
vt 0.98486328125 0.0279388427734375
vt 0.98193359375 0.0291900634765625
vt 0.9853515625 0.0291900634765625
vt 0.98193359375 0.0291900634765625
vt 0.98486328125 0.0279388427734375
vt 0.982421875 0.0279388427734375
vt 0.982421875 0.0279388427734375
vt 0.98486328125 0.0279388427734375
vt 0.9833984375 0.0274200439453125
vt 0.98974609375 0.04498291015625
vt 0.9765625 0.04388427734375
vt 0.98779296875 0.04791259765625
vt 0.98779296875 0.04791259765625
vt 0.9765625 0.04388427734375
vt 0.9794921875 0.0482177734375
vt 0.98779296875 0.04791259765625
vt 0.9794921875 0.0482177734375
vt 0.98583984375 0.049102783203125
vt 0.9765625 0.04388427734375
vt 0.97802734375 0.047760009765625
vt 0.9794921875 0.0482177734375
vt 0.98193359375 0.04986572265625
vt 0.98583984375 0.049102783203125
vt 0.9794921875 0.0482177734375
vt 0.97802734375 0.047760009765625
vt 0.9765625 0.04388427734375
vt 0.9765625 0.044830322265625
vt 0.98583984375 0.049102783203125
vt 0.98193359375 0.04986572265625
vt 0.9853515625 0.049896240234375
vt 0.9736328125 0.046356201171875
vt 0.97802734375 0.047760009765625
vt 0.9765625 0.044830322265625
vt 0.9853515625 0.049896240234375
vt 0.98193359375 0.04986572265625
vt 0.9853515625 0.052947998046875
vt 0.97802734375 0.047760009765625
vt 0.9736328125 0.046356201171875
vt 0.9755859375 0.049285888671875
vt 0.98193359375 0.04986572265625
vt 0.98193359375 0.052947998046875
vt 0.9853515625 0.052947998046875
vt 0.97265625 0.05096435546875
vt 0.9755859375 0.049285888671875
vt 0.9736328125 0.046356201171875
vt 0.98193359375 0.052947998046875
vt 0.9853515625 0.0562744140625
vt 0.9853515625 0.052947998046875
vt 0.970703125 0.0479736328125
vt 0.97265625 0.05096435546875
vt 0.9736328125 0.046356201171875
vt 0.9853515625 0.0562744140625
vt 0.98193359375 0.052947998046875
vt 0.9814453125 0.056243896484375
vt 0.97265625 0.05096435546875
vt 0.970703125 0.0479736328125
vt 0.97119140625 0.051177978515625
vt 0.98193359375 0.0574951171875
vt 0.9853515625 0.0562744140625
vt 0.9814453125 0.056243896484375
vt 0.97119140625 0.051177978515625
vt 0.970703125 0.0479736328125
vt 0.97021484375 0.04901123046875
vt 0.97119140625 0.051177978515625
vt 0.97021484375 0.04901123046875
vt 0.97021484375 0.05035400390625
vt 0.9853515625 0.0562744140625
vt 0.98193359375 0.0574951171875
vt 0.98486328125 0.057525634765625
vt 0.98486328125 0.057525634765625
vt 0.98193359375 0.0574951171875
vt 0.9833984375 0.058013916015625
vt 0.39208984375 0.1080322265625
vt 0.3974609375 0.1064453125
vt 0.39208984375 0.1064453125
vt 0.3974609375 0.1064453125
vt 0.39208984375 0.1080322265625
vt 0.398193359375 0.1080322265625
vt 0.398193359375 0.1080322265625
vt 0.4013671875 0.1064453125
vt 0.3974609375 0.1064453125
vt 0.4013671875 0.1064453125
vt 0.398193359375 0.1080322265625
vt 0.401611328125 0.10723876953125
vt 0.410888671875 0.106689453125
vt 0.4140625 0.1082763671875
vt 0.414306640625 0.1075439453125
vt 0.4140625 0.1082763671875
vt 0.410888671875 0.106689453125
vt 0.41015625 0.1082763671875
vt 0.40478515625 0.106689453125
vt 0.41015625 0.1082763671875
vt 0.410888671875 0.106689453125
vt 0.41015625 0.1082763671875
vt 0.40478515625 0.106689453125
vt 0.40478515625 0.1082763671875
vt 0.01251983642578125 0.26416015625
vt 0.01195526123046875 0.281982421875
vt 0.01251983642578125 0.281982421875
vt 0.01195526123046875 0.281982421875
vt 0.01251983642578125 0.26416015625
vt 0.01195526123046875 0.26416015625
vt 0.01195526123046875 0.26416015625
vt 0.0113983154296875 0.281982421875
vt 0.01195526123046875 0.281982421875
vt 0.0113983154296875 0.281982421875
vt 0.01195526123046875 0.26416015625
vt 0.0113983154296875 0.26416015625
vt 0.010833740234375 0.26416015625
vt 0.0113983154296875 0.281982421875
vt 0.0113983154296875 0.26416015625
vt 0.0113983154296875 0.281982421875
vt 0.010833740234375 0.26416015625
vt 0.010833740234375 0.281982421875
vt 0.010833740234375 0.281982421875
vt 0.010833740234375 0.26416015625
vt 0.01027679443359375 0.26416015625
vt 0.010833740234375 0.281982421875
vt 0.01027679443359375 0.26416015625
vt 0.01027679443359375 0.281982421875
vt 0.01027679443359375 0.281982421875
vt 0.01027679443359375 0.26416015625
vt 0.00971221923828125 0.26416015625
vt 0.01027679443359375 0.281982421875
vt 0.00971221923828125 0.26416015625
vt 0.00971221923828125 0.281982421875
vt 0.00971221923828125 0.26416015625
vt 0.0091552734375 0.281982421875
vt 0.00971221923828125 0.281982421875
vt 0.0091552734375 0.281982421875
vt 0.00971221923828125 0.26416015625
vt 0.0091552734375 0.26416015625
vt 0.007678985595703125 0.2244873046875
vt 0.011260986328125 0.22705078125
vt 0.010101318359375 0.2244873046875
vt 0.011260986328125 0.22705078125
vt 0.007678985595703125 0.2244873046875
vt 0.006534576416015625 0.22705078125
vt 0.006534576416015625 0.22705078125
vt 0.011260986328125 0.2293701171875
vt 0.011260986328125 0.22705078125
vt 0.011260986328125 0.2293701171875
vt 0.006534576416015625 0.22705078125
vt 0.006534576416015625 0.2293701171875
vt 0.007762908935546875 0.230712890625
vt 0.011260986328125 0.2293701171875
vt 0.006534576416015625 0.2293701171875
vt 0.011260986328125 0.2293701171875
vt 0.007762908935546875 0.230712890625
vt 0.01006317138671875 0.230712890625
vt 0.007434844970703125 0.175537109375
vt 0.007434844970703125 0.1727294921875
vt 0.005519866943359375 0.1727294921875
vt 0.007434844970703125 0.175537109375
vt 0.005519866943359375 0.1727294921875
vt 0.005519866943359375 0.175537109375
vt 0.005519866943359375 0.175537109375
vt 0.007442474365234375 0.1778564453125
vt 0.007434844970703125 0.175537109375
vt 0.007442474365234375 0.1778564453125
vt 0.005519866943359375 0.175537109375
vt 0.005527496337890625 0.1778564453125
vt 0.005519866943359375 0.1796875
vt 0.007442474365234375 0.1778564453125
vt 0.005527496337890625 0.1778564453125
vt 0.007442474365234375 0.1778564453125
vt 0.005519866943359375 0.1796875
vt 0.007434844970703125 0.1796875
vt 0.007434844970703125 0.1796875
vt 0.005519866943359375 0.1796875
vt 0.007434844970703125 0.1820068359375
vt 0.005519866943359375 0.1796875
vt 0.005519866943359375 0.1820068359375
vt 0.007434844970703125 0.1820068359375
vt 0.005527496337890625 0.183837890625
vt 0.007434844970703125 0.1820068359375
vt 0.005519866943359375 0.1820068359375
vt 0.007434844970703125 0.1820068359375
vt 0.005527496337890625 0.183837890625
vt 0.007442474365234375 0.183837890625
vt 0.005519866943359375 0.1861572265625
vt 0.007442474365234375 0.183837890625
vt 0.005527496337890625 0.183837890625
vt 0.007442474365234375 0.183837890625
vt 0.005519866943359375 0.1861572265625
vt 0.007434844970703125 0.1861572265625
vt 0.007434844970703125 0.18896484375
vt 0.007434844970703125 0.1861572265625
vt 0.005519866943359375 0.1861572265625
vt 0.007434844970703125 0.18896484375
vt 0.005519866943359375 0.1861572265625
vt 0.005519866943359375 0.18896484375
vt 0.4013671875 0.1064453125
vt 0.398193359375 0.1080322265625
vt 0.401611328125 0.10723876953125
vt 0.398193359375 0.1080322265625
vt 0.4013671875 0.1064453125
vt 0.3974609375 0.1064453125
vt 0.3974609375 0.1064453125
vt 0.39208984375 0.1080322265625
vt 0.398193359375 0.1080322265625
vt 0.39208984375 0.1080322265625
vt 0.3974609375 0.1064453125
vt 0.39208984375 0.1064453125
vt 0.410888671875 0.106689453125
vt 0.4140625 0.1082763671875
vt 0.414306640625 0.1075439453125
vt 0.4140625 0.1082763671875
vt 0.410888671875 0.106689453125
vt 0.41015625 0.1082763671875
vt 0.40478515625 0.106689453125
vt 0.41015625 0.1082763671875
vt 0.410888671875 0.106689453125
vt 0.41015625 0.1082763671875
vt 0.40478515625 0.106689453125
vt 0.40478515625 0.1082763671875
vt 0.06500244140625 0.00791168212890625
vt 0.06494140625 0.002376556396484375
vt 0.0587158203125 0.00794219970703125
vt 0.06494140625 0.002376556396484375
vt 0.06500244140625 0.00791168212890625
vt 0.0672607421875 0.0039520263671875
vt 0.0672607421875 0.0039520263671875
vt 0.0789794921875 0.002376556396484375
vt 0.06494140625 0.002376556396484375
vt 0.0789794921875 0.002376556396484375
vt 0.0672607421875 0.0039520263671875
vt 0.0789794921875 0.0039520263671875
vt 0.0789794921875 0.0039520263671875
vt 0.0828857421875 0.002376556396484375
vt 0.0789794921875 0.002376556396484375
vt 0.0828857421875 0.004985809326171875
vt 0.0789794921875 0.0039520263671875
vt 0.0794677734375 0.004985809326171875
vt 0.0828857421875 0.002376556396484375
vt 0.0789794921875 0.0039520263671875
vt 0.0828857421875 0.0039520263671875
vt 0.0828857421875 0.0039520263671875
vt 0.0789794921875 0.0039520263671875
vt 0.0828857421875 0.004985809326171875
vt 0.08648681640625 0.0039520263671875
vt 0.0828857421875 0.002376556396484375
vt 0.0828857421875 0.0039520263671875
vt 0.08648681640625 0.0039520263671875
vt 0.0828857421875 0.0039520263671875
vt 0.0828857421875 0.004985809326171875
vt 0.0828857421875 0.004985809326171875
vt 0.08648681640625 0.004985809326171875
vt 0.08648681640625 0.0039520263671875
vt 0.0828857421875 0.002376556396484375
vt 0.08648681640625 0.0039520263671875
vt 0.08648681640625 0.002376556396484375
vt 0.09027099609375 0.004985809326171875
vt 0.08648681640625 0.0039520263671875
vt 0.08648681640625 0.004985809326171875
vt 0.09027099609375 0.0039520263671875
vt 0.08648681640625 0.002376556396484375
vt 0.08648681640625 0.0039520263671875
vt 0.08648681640625 0.0039520263671875
vt 0.09027099609375 0.004985809326171875
vt 0.09027099609375 0.0039520263671875
vt 0.08648681640625 0.002376556396484375
vt 0.09027099609375 0.0039520263671875
vt 0.09027099609375 0.002376556396484375
vt 0.09027099609375 0.004985809326171875
vt 0.0938720703125 0.0039520263671875
vt 0.09027099609375 0.0039520263671875
vt 0.0938720703125 0.0039520263671875
vt 0.09027099609375 0.002376556396484375
vt 0.09027099609375 0.0039520263671875
vt 0.09027099609375 0.004985809326171875
vt 0.0938720703125 0.004985809326171875
vt 0.0938720703125 0.0039520263671875
vt 0.09027099609375 0.002376556396484375
vt 0.0938720703125 0.0039520263671875
vt 0.0938720703125 0.002376556396484375
vt 0.0972900390625 0.004985809326171875
vt 0.0938720703125 0.0039520263671875
vt 0.0938720703125 0.004985809326171875
vt 0.0938720703125 0.0039520263671875
vt 0.0977783203125 0.002376556396484375
vt 0.0938720703125 0.002376556396484375
vt 0.0938720703125 0.0039520263671875
vt 0.0972900390625 0.004985809326171875
vt 0.0977783203125 0.0039520263671875
vt 0.0977783203125 0.002376556396484375
vt 0.0938720703125 0.0039520263671875
vt 0.0977783203125 0.0039520263671875
vt 0.10943603515625 0.0039520263671875
vt 0.0977783203125 0.002376556396484375
vt 0.0977783203125 0.0039520263671875
vt 0.11181640625 0.002376556396484375
vt 0.0977783203125 0.002376556396484375
vt 0.10943603515625 0.0039520263671875
vt 0.11163330078125 0.00791168212890625
vt 0.11181640625 0.002376556396484375
vt 0.10943603515625 0.0039520263671875
vt 0.11798095703125 0.0079803466796875
vt 0.11181640625 0.002376556396484375
vt 0.11163330078125 0.00791168212890625
vt 0.0056304931640625 0.1495361328125
vt 0.009063720703125 0.1485595703125
vt 0.006000518798828125 0.1485595703125
vt 0.0056304931640625 0.1495361328125
vt 0.0094451904296875 0.1495361328125
vt 0.009063720703125 0.1485595703125
vt 0.0056304931640625 0.1612548828125
vt 0.0094451904296875 0.1495361328125
vt 0.0056304931640625 0.1495361328125
vt 0.0094451904296875 0.1495361328125
vt 0.0056304931640625 0.1612548828125
vt 0.009429931640625 0.1612548828125
vt 0.0056304931640625 0.1612548828125
vt 0.005733489990234375 0.1656494140625
vt 0.009429931640625 0.1612548828125
vt 0.009429931640625 0.1612548828125
vt 0.005733489990234375 0.1656494140625
vt 0.00934600830078125 0.1656494140625
vt 0.1990966796875 0.6787109375
vt 0.2037353515625 0.6806640625
vt 0.20166015625 0.6787109375
vt 0.2037353515625 0.6806640625
vt 0.1990966796875 0.6787109375
vt 0.197021484375 0.6806640625
vt 0.197021484375 0.6806640625
vt 0.2037353515625 0.6845703125
vt 0.2037353515625 0.6806640625
vt 0.2037353515625 0.6845703125
vt 0.197021484375 0.6806640625
vt 0.197021484375 0.6845703125
vt 0.2037353515625 0.6845703125
vt 0.197021484375 0.6845703125
vt 0.1990966796875 0.6865234375
vt 0.2037353515625 0.6845703125
vt 0.1990966796875 0.6865234375
vt 0.20166015625 0.6865234375
vt 0.135986328125 0.7763671875
vt 0.1319580078125 0.77490234375
vt 0.1319580078125 0.77783203125
vt 0.1319580078125 0.77490234375
vt 0.1282958984375 0.77783203125
vt 0.1319580078125 0.77783203125
vt 0.1282958984375 0.77490234375
vt 0.1282958984375 0.77783203125
vt 0.1319580078125 0.77490234375
vt 0.1282958984375 0.77490234375
vt 0.11566162109375 0.7763671875
vt 0.1282958984375 0.77783203125
vt 0.11566162109375 0.7763671875
vt 0.1282958984375 0.77490234375
vt 0.11566162109375 0.775390625
vt 0.020294189453125 0.3037109375
vt 0.016082763671875 0.304931640625
vt 0.020294189453125 0.304931640625
vt 0.016082763671875 0.304931640625
vt 0.020294189453125 0.3037109375
vt 0.016082763671875 0.3037109375
vt 0.020294189453125 0.302490234375
vt 0.016082763671875 0.3037109375
vt 0.020294189453125 0.3037109375
vt 0.016082763671875 0.3037109375
vt 0.020294189453125 0.302490234375
vt 0.016082763671875 0.302490234375
vt 0.020294189453125 0.302490234375
vt 0.016082763671875 0.301025390625
vt 0.016082763671875 0.302490234375
vt 0.016082763671875 0.301025390625
vt 0.020294189453125 0.302490234375
vt 0.020294189453125 0.301025390625
vt 0.020294189453125 0.2998046875
vt 0.016082763671875 0.301025390625
vt 0.020294189453125 0.301025390625
vt 0.016082763671875 0.301025390625
vt 0.020294189453125 0.2998046875
vt 0.0160980224609375 0.2998046875
vt 0.0074310302734375 0.233154296875
vt 0.01100921630859375 0.23583984375
vt 0.009857177734375 0.233154296875
vt 0.01100921630859375 0.23583984375
vt 0.0074310302734375 0.233154296875
vt 0.006275177001953125 0.23583984375
vt 0.01100921630859375 0.23583984375
vt 0.006275177001953125 0.23583984375
vt 0.006282806396484375 0.238037109375
vt 0.006282806396484375 0.238037109375
vt 0.01100921630859375 0.238037109375
vt 0.01100921630859375 0.23583984375
vt 0.006282806396484375 0.238037109375
vt 0.0097808837890625 0.239501953125
vt 0.01100921630859375 0.238037109375
vt 0.0097808837890625 0.239501953125
vt 0.006282806396484375 0.238037109375
vt 0.00748443603515625 0.239501953125
vt 0.0207672119140625 0.307373046875
vt 0.0254058837890625 0.30859375
vt 0.0254058837890625 0.307373046875
vt 0.0254058837890625 0.30859375
vt 0.0207672119140625 0.307373046875
vt 0.0207672119140625 0.30859375
vt 0.0207672119140625 0.31005859375
vt 0.0254058837890625 0.30859375
vt 0.0207672119140625 0.30859375
vt 0.0254058837890625 0.30859375
vt 0.0207672119140625 0.31005859375
vt 0.0254058837890625 0.31005859375
vt 0.0254058837890625 0.31005859375
vt 0.0207672119140625 0.31005859375
vt 0.0254058837890625 0.311279296875
vt 0.0207672119140625 0.311279296875
vt 0.0254058837890625 0.311279296875
vt 0.0207672119140625 0.31005859375
vt 0.0207672119140625 0.3125
vt 0.0254058837890625 0.311279296875
vt 0.0207672119140625 0.311279296875
vt 0.0254058837890625 0.311279296875
vt 0.0207672119140625 0.3125
vt 0.0254058837890625 0.3125
vt 0.08221435546875 0.08441162109375
vt 0.07977294921875 0.09344482421875
vt 0.08221435546875 0.09344482421875
vt 0.07977294921875 0.08441162109375
vt 0.07977294921875 0.09344482421875
vt 0.08221435546875 0.08441162109375
vt 0.07733154296875 0.08441162109375
vt 0.07977294921875 0.09344482421875
vt 0.07977294921875 0.08441162109375
vt 0.07977294921875 0.09344482421875
vt 0.07733154296875 0.08441162109375
vt 0.07733154296875 0.09344482421875
vt 0.07733154296875 0.08441162109375
vt 0.07489013671875 0.09344482421875
vt 0.07733154296875 0.09344482421875
vt 0.07489013671875 0.09344482421875
vt 0.07733154296875 0.08441162109375
vt 0.07489013671875 0.08441162109375
vt 0.07244873046875 0.08441162109375
vt 0.07489013671875 0.09344482421875
vt 0.07489013671875 0.08441162109375
vt 0.07489013671875 0.09344482421875
vt 0.07244873046875 0.08441162109375
vt 0.07244873046875 0.09344482421875
vt 0.07000732421875 0.08441162109375
vt 0.07244873046875 0.09344482421875
vt 0.07244873046875 0.08441162109375
vt 0.07244873046875 0.09344482421875
vt 0.07000732421875 0.08441162109375
vt 0.07000732421875 0.09344482421875
vt 0.07000732421875 0.08441162109375
vt 0.06756591796875 0.09344482421875
vt 0.07000732421875 0.09344482421875
vt 0.06756591796875 0.09344482421875
vt 0.07000732421875 0.08441162109375
vt 0.06756591796875 0.08441162109375
vt 0.06512451171875 0.08441162109375
vt 0.06756591796875 0.09344482421875
vt 0.06756591796875 0.08441162109375
vt 0.06756591796875 0.09344482421875
vt 0.06512451171875 0.08441162109375
vt 0.06512451171875 0.09344482421875
vt 0.06512451171875 0.08441162109375
vt 0.06268310546875 0.09344482421875
vt 0.06512451171875 0.09344482421875
vt 0.06268310546875 0.08441162109375
vt 0.06268310546875 0.09344482421875
vt 0.06512451171875 0.08441162109375
vt 0.36669921875 0.1256103515625
vt 0.361572265625 0.1219482421875
vt 0.361572265625 0.125732421875
vt 0.361572265625 0.1219482421875
vt 0.36669921875 0.1256103515625
vt 0.36669921875 0.1220703125
vt 0.36669921875 0.1256103515625
vt 0.37060546875 0.12237548828125
vt 0.36669921875 0.1220703125
vt 0.37060546875 0.12237548828125
vt 0.36669921875 0.1256103515625
vt 0.37060546875 0.125244140625
vt 0.379638671875 0.124755859375
vt 0.3759765625 0.12139892578125
vt 0.3759765625 0.12432861328125
vt 0.379638671875 0.124755859375
vt 0.379638671875 0.12115478515625
vt 0.3759765625 0.12139892578125
vt 0.379638671875 0.124755859375
vt 0.3857421875 0.12115478515625
vt 0.379638671875 0.12115478515625
vt 0.3857421875 0.12115478515625
vt 0.379638671875 0.124755859375
vt 0.3857421875 0.125
vt 0.00977325439453125 0.239501953125
vt 0.006275177001953125 0.238037109375
vt 0.007476806640625 0.239501953125
vt 0.01100921630859375 0.238037109375
vt 0.006275177001953125 0.238037109375
vt 0.00977325439453125 0.239501953125
vt 0.006275177001953125 0.238037109375
vt 0.01100921630859375 0.238037109375
vt 0.01100921630859375 0.23583984375
vt 0.006275177001953125 0.238037109375
vt 0.01100921630859375 0.23583984375
vt 0.006275177001953125 0.23583984375
vt 0.01100921630859375 0.23583984375
vt 0.007442474365234375 0.233154296875
vt 0.006275177001953125 0.23583984375
vt 0.007442474365234375 0.233154296875
vt 0.01100921630859375 0.23583984375
vt 0.009857177734375 0.233154296875
vt 0.006023406982421875 0.3232421875
vt 0.0098419189453125 0.31494140625
vt 0.0060272216796875 0.31494140625
vt 0.0098419189453125 0.31494140625
vt 0.006023406982421875 0.3232421875
vt 0.0098419189453125 0.3232421875
vt 0.006023406982421875 0.3232421875
vt 0.0098419189453125 0.33740234375
vt 0.0098419189453125 0.3232421875
vt 0.0098419189453125 0.33740234375
vt 0.006023406982421875 0.3232421875
vt 0.006023406982421875 0.33740234375
vt 0.0098419189453125 0.33740234375
vt 0.006023406982421875 0.33740234375
vt 0.0079345703125 0.3408203125
vt 0.011749267578125 0.3408203125
vt 0.0098419189453125 0.33740234375
vt 0.0079345703125 0.3408203125
vt 0.006023406982421875 0.33740234375
vt 0.0041046142578125 0.3408203125
vt 0.0079345703125 0.3408203125
vt 0.00991058349609375 0.343994140625
vt 0.011749267578125 0.3408203125
vt 0.0079345703125 0.3408203125
vt 0.0041046142578125 0.3408203125
vt 0.005962371826171875 0.343994140625
vt 0.0079345703125 0.3408203125
vt 0.005962371826171875 0.343994140625
vt 0.00991058349609375 0.343994140625
vt 0.0079345703125 0.3408203125
vt 0.01035308837890625 0.0853271484375
vt 0.006534576416015625 0.0853271484375
vt 0.010345458984375 0.09368896484375
vt 0.006534576416015625 0.0853271484375
vt 0.00653076171875 0.09368896484375
vt 0.010345458984375 0.09368896484375
vt 0.00653076171875 0.10772705078125
vt 0.010345458984375 0.09368896484375
vt 0.00653076171875 0.09368896484375
vt 0.010345458984375 0.09368896484375
vt 0.00653076171875 0.10772705078125
vt 0.010345458984375 0.10772705078125
vt 0.010345458984375 0.10772705078125
vt 0.00653076171875 0.10772705078125
vt 0.00843048095703125 0.1112060546875
vt 0.01226806640625 0.1112060546875
vt 0.010345458984375 0.10772705078125
vt 0.00843048095703125 0.1112060546875
vt 0.00653076171875 0.10772705078125
vt 0.0046234130859375 0.1112060546875
vt 0.00843048095703125 0.1112060546875
vt 0.0104217529296875 0.11444091796875
vt 0.01226806640625 0.1112060546875
vt 0.00843048095703125 0.1112060546875
vt 0.0046234130859375 0.1112060546875
vt 0.006465911865234375 0.11444091796875
vt 0.00843048095703125 0.1112060546875
vt 0.006465911865234375 0.11444091796875
vt 0.0104217529296875 0.11444091796875
vt 0.00843048095703125 0.1112060546875
vt 0.0097808837890625 0.239501953125
vt 0.006282806396484375 0.238037109375
vt 0.00748443603515625 0.239501953125
vt 0.01100921630859375 0.238037109375
vt 0.006282806396484375 0.238037109375
vt 0.0097808837890625 0.239501953125
vt 0.01100921630859375 0.23583984375
vt 0.006282806396484375 0.238037109375
vt 0.01100921630859375 0.238037109375
vt 0.006282806396484375 0.238037109375
vt 0.01100921630859375 0.23583984375
vt 0.006275177001953125 0.23583984375
vt 0.01100921630859375 0.23583984375
vt 0.0074310302734375 0.233154296875
vt 0.006275177001953125 0.23583984375
vt 0.0074310302734375 0.233154296875
vt 0.01100921630859375 0.23583984375
vt 0.009857177734375 0.233154296875
vt 0.36669921875 0.1256103515625
vt 0.361572265625 0.1219482421875
vt 0.361572265625 0.125732421875
vt 0.361572265625 0.1219482421875
vt 0.36669921875 0.1256103515625
vt 0.36669921875 0.1220703125
vt 0.36669921875 0.1256103515625
vt 0.37060546875 0.12237548828125
vt 0.36669921875 0.1220703125
vt 0.37060546875 0.12237548828125
vt 0.36669921875 0.1256103515625
vt 0.37060546875 0.125244140625
vt 0.07977294921875 0.08441162109375
vt 0.08221435546875 0.09344482421875
vt 0.08221435546875 0.08441162109375
vt 0.08221435546875 0.09344482421875
vt 0.07977294921875 0.08441162109375
vt 0.07977294921875 0.09344482421875
vt 0.07977294921875 0.08441162109375
vt 0.07733154296875 0.09344482421875
vt 0.07977294921875 0.09344482421875
vt 0.07733154296875 0.08441162109375
vt 0.07733154296875 0.09344482421875
vt 0.07977294921875 0.08441162109375
vt 0.07489013671875 0.08441162109375
vt 0.07733154296875 0.09344482421875
vt 0.07733154296875 0.08441162109375
vt 0.07733154296875 0.09344482421875
vt 0.07489013671875 0.08441162109375
vt 0.07489013671875 0.09344482421875
vt 0.07489013671875 0.08441162109375
vt 0.07244873046875 0.09344482421875
vt 0.07489013671875 0.09344482421875
vt 0.07244873046875 0.09344482421875
vt 0.07489013671875 0.08441162109375
vt 0.07244873046875 0.08441162109375
vt 0.07000732421875 0.08441162109375
vt 0.07244873046875 0.09344482421875
vt 0.07244873046875 0.08441162109375
vt 0.07244873046875 0.09344482421875
vt 0.07000732421875 0.08441162109375
vt 0.07000732421875 0.09344482421875
vt 0.07000732421875 0.08441162109375
vt 0.06756591796875 0.09344482421875
vt 0.07000732421875 0.09344482421875
vt 0.06756591796875 0.09344482421875
vt 0.07000732421875 0.08441162109375
vt 0.06756591796875 0.08441162109375
vt 0.06512451171875 0.08441162109375
vt 0.06756591796875 0.09344482421875
vt 0.06756591796875 0.08441162109375
vt 0.06756591796875 0.09344482421875
vt 0.06512451171875 0.08441162109375
vt 0.06512451171875 0.09344482421875
vt 0.06512451171875 0.08441162109375
vt 0.06268310546875 0.09344482421875
vt 0.06512451171875 0.09344482421875
vt 0.06268310546875 0.08441162109375
vt 0.06268310546875 0.09344482421875
vt 0.06512451171875 0.08441162109375
vt 0.06268310546875 0.0963134765625
vt 0.06488037109375 0.0955810546875
vt 0.06268310546875 0.0955810546875
vt 0.06488037109375 0.0955810546875
vt 0.06268310546875 0.0963134765625
vt 0.06488037109375 0.0963134765625
vt 0.067138671875 0.0963134765625
vt 0.06488037109375 0.0955810546875
vt 0.06488037109375 0.0963134765625
vt 0.067138671875 0.0955810546875
vt 0.06488037109375 0.0955810546875
vt 0.067138671875 0.0963134765625
vt 0.06939697265625 0.0955810546875
vt 0.067138671875 0.0955810546875
vt 0.067138671875 0.0963134765625
vt 0.06939697265625 0.0955810546875
vt 0.067138671875 0.0963134765625
vt 0.06939697265625 0.0963134765625
vt 0.07159423828125 0.0963134765625
vt 0.06939697265625 0.0955810546875
vt 0.06939697265625 0.0963134765625
vt 0.06939697265625 0.0955810546875
vt 0.07159423828125 0.0963134765625
vt 0.07159423828125 0.0955810546875
vt 0.0738525390625 0.0955810546875
vt 0.07159423828125 0.0955810546875
vt 0.07159423828125 0.0963134765625
vt 0.07159423828125 0.0963134765625
vt 0.0738525390625 0.0963134765625
vt 0.0738525390625 0.0955810546875
vt 0.07611083984375 0.0963134765625
vt 0.0738525390625 0.0955810546875
vt 0.0738525390625 0.0963134765625
vt 0.0738525390625 0.0955810546875
vt 0.07611083984375 0.0963134765625
vt 0.07611083984375 0.0955810546875
vt 0.07611083984375 0.0963134765625
vt 0.07830810546875 0.0955810546875
vt 0.07611083984375 0.0955810546875
vt 0.07830810546875 0.0955810546875
vt 0.07611083984375 0.0963134765625
vt 0.07830810546875 0.0963134765625
vt 0.07830810546875 0.0963134765625
vt 0.08056640625 0.0963134765625
vt 0.07830810546875 0.0955810546875
vt 0.07830810546875 0.0955810546875
vt 0.08056640625 0.0963134765625
vt 0.08056640625 0.0955810546875
vt 0.07977294921875 0.08441162109375
vt 0.08221435546875 0.09344482421875
vt 0.08221435546875 0.08441162109375
vt 0.08221435546875 0.09344482421875
vt 0.07977294921875 0.08441162109375
vt 0.07977294921875 0.09344482421875
vt 0.07977294921875 0.09344482421875
vt 0.07977294921875 0.08441162109375
vt 0.07733154296875 0.09344482421875
vt 0.07733154296875 0.09344482421875
vt 0.07977294921875 0.08441162109375
vt 0.07733154296875 0.08441162109375
vt 0.07733154296875 0.09344482421875
vt 0.07733154296875 0.08441162109375
vt 0.07489013671875 0.08441162109375
vt 0.07489013671875 0.08441162109375
vt 0.07489013671875 0.09344482421875
vt 0.07733154296875 0.09344482421875
vt 0.07489013671875 0.08441162109375
vt 0.07244873046875 0.09344482421875
vt 0.07489013671875 0.09344482421875
vt 0.07244873046875 0.09344482421875
vt 0.07489013671875 0.08441162109375
vt 0.07244873046875 0.08441162109375
vt 0.07244873046875 0.09344482421875
vt 0.07244873046875 0.08441162109375
vt 0.07000732421875 0.08441162109375
vt 0.07000732421875 0.08441162109375
vt 0.07000732421875 0.09344482421875
vt 0.07244873046875 0.09344482421875
vt 0.07000732421875 0.08441162109375
vt 0.06756591796875 0.09344482421875
vt 0.07000732421875 0.09344482421875
vt 0.06756591796875 0.09344482421875
vt 0.07000732421875 0.08441162109375
vt 0.06756591796875 0.08441162109375
vt 0.06512451171875 0.08441162109375
vt 0.06756591796875 0.09344482421875
vt 0.06756591796875 0.08441162109375
vt 0.06756591796875 0.09344482421875
vt 0.06512451171875 0.08441162109375
vt 0.06512451171875 0.09344482421875
vt 0.06512451171875 0.09344482421875
vt 0.06512451171875 0.08441162109375
vt 0.06268310546875 0.09344482421875
vt 0.06268310546875 0.09344482421875
vt 0.06512451171875 0.08441162109375
vt 0.06268310546875 0.08441162109375
vt 0.06268310546875 0.0955810546875
vt 0.06488037109375 0.0955810546875
vt 0.06268310546875 0.0963134765625
vt 0.06268310546875 0.0963134765625
vt 0.06488037109375 0.0955810546875
vt 0.06488037109375 0.0963134765625
vt 0.06488037109375 0.0955810546875
vt 0.067138671875 0.0963134765625
vt 0.06488037109375 0.0963134765625
vt 0.067138671875 0.0963134765625
vt 0.06488037109375 0.0955810546875
vt 0.067138671875 0.0955810546875
vt 0.06939697265625 0.0955810546875
vt 0.067138671875 0.0963134765625
vt 0.067138671875 0.0955810546875
vt 0.067138671875 0.0963134765625
vt 0.06939697265625 0.0955810546875
vt 0.06939697265625 0.0963134765625
vt 0.06939697265625 0.0955810546875
vt 0.07159423828125 0.0963134765625
vt 0.06939697265625 0.0963134765625
vt 0.06939697265625 0.0955810546875
vt 0.07159423828125 0.0955810546875
vt 0.07159423828125 0.0963134765625
vt 0.0738525390625 0.0955810546875
vt 0.07159423828125 0.0963134765625
vt 0.07159423828125 0.0955810546875
vt 0.07159423828125 0.0963134765625
vt 0.0738525390625 0.0955810546875
vt 0.0738525390625 0.0963134765625
vt 0.0738525390625 0.0955810546875
vt 0.07611083984375 0.0963134765625
vt 0.0738525390625 0.0963134765625
vt 0.07611083984375 0.0963134765625
vt 0.0738525390625 0.0955810546875
vt 0.07611083984375 0.0955810546875
vt 0.07611083984375 0.0955810546875
vt 0.07830810546875 0.0955810546875
vt 0.07611083984375 0.0963134765625
vt 0.07611083984375 0.0963134765625
vt 0.07830810546875 0.0955810546875
vt 0.07830810546875 0.0963134765625
vt 0.07830810546875 0.0955810546875
vt 0.08056640625 0.0963134765625
vt 0.07830810546875 0.0963134765625
vt 0.08056640625 0.0963134765625
vt 0.07830810546875 0.0955810546875
vt 0.08056640625 0.0955810546875
vt 0.0254058837890625 0.307373046875
vt 0.0207672119140625 0.307373046875
vt 0.0254058837890625 0.30859375
vt 0.0207672119140625 0.30859375
vt 0.0254058837890625 0.30859375
vt 0.0207672119140625 0.307373046875
vt 0.0207672119140625 0.31005859375
vt 0.0254058837890625 0.30859375
vt 0.0207672119140625 0.30859375
vt 0.0254058837890625 0.30859375
vt 0.0207672119140625 0.31005859375
vt 0.0254058837890625 0.31005859375
vt 0.0207672119140625 0.31005859375
vt 0.0254058837890625 0.311279296875
vt 0.0254058837890625 0.31005859375
vt 0.0254058837890625 0.311279296875
vt 0.0207672119140625 0.31005859375
vt 0.0207672119140625 0.311279296875
vt 0.0207672119140625 0.3125
vt 0.0254058837890625 0.311279296875
vt 0.0207672119140625 0.311279296875
vt 0.0254058837890625 0.311279296875
vt 0.0207672119140625 0.3125
vt 0.0254058837890625 0.3125
vt 0.00977325439453125 0.239501953125
vt 0.006275177001953125 0.238037109375
vt 0.007476806640625 0.239501953125
vt 0.01100921630859375 0.238037109375
vt 0.006275177001953125 0.238037109375
vt 0.00977325439453125 0.239501953125
vt 0.01100921630859375 0.23583984375
vt 0.006275177001953125 0.238037109375
vt 0.01100921630859375 0.238037109375
vt 0.01100921630859375 0.23583984375
vt 0.006275177001953125 0.23583984375
vt 0.006275177001953125 0.238037109375
vt 0.01100921630859375 0.23583984375
vt 0.007442474365234375 0.233154296875
vt 0.006275177001953125 0.23583984375
vt 0.007442474365234375 0.233154296875
vt 0.01100921630859375 0.23583984375
vt 0.009857177734375 0.233154296875
vt 0.37060546875 0.12237548828125
vt 0.36669921875 0.1220703125
vt 0.37060546875 0.125244140625
vt 0.36669921875 0.1220703125
vt 0.36669921875 0.1256103515625
vt 0.37060546875 0.125244140625
vt 0.36669921875 0.1220703125
vt 0.361572265625 0.125732421875
vt 0.36669921875 0.1256103515625
vt 0.361572265625 0.1219482421875
vt 0.361572265625 0.125732421875
vt 0.36669921875 0.1220703125
vt 0.3759765625 0.12432861328125
vt 0.379638671875 0.12115478515625
vt 0.3759765625 0.12139892578125
vt 0.379638671875 0.12115478515625
vt 0.3759765625 0.12432861328125
vt 0.379638671875 0.124755859375
vt 0.3857421875 0.125
vt 0.379638671875 0.12115478515625
vt 0.379638671875 0.124755859375
vt 0.379638671875 0.12115478515625
vt 0.3857421875 0.125
vt 0.3857421875 0.12115478515625
vt 0.006534576416015625 0.0853271484375
vt 0.010345458984375 0.09368896484375
vt 0.01035308837890625 0.0853271484375
vt 0.010345458984375 0.09368896484375
vt 0.006534576416015625 0.0853271484375
vt 0.00653076171875 0.09368896484375
vt 0.00653076171875 0.10772705078125
vt 0.010345458984375 0.09368896484375
vt 0.00653076171875 0.09368896484375
vt 0.010345458984375 0.09368896484375
vt 0.00653076171875 0.10772705078125
vt 0.010345458984375 0.10772705078125
vt 0.010345458984375 0.10772705078125
vt 0.00653076171875 0.10772705078125
vt 0.00843048095703125 0.1112060546875
vt 0.01226806640625 0.1112060546875
vt 0.010345458984375 0.10772705078125
vt 0.00843048095703125 0.1112060546875
vt 0.00653076171875 0.10772705078125
vt 0.0046234130859375 0.1112060546875
vt 0.00843048095703125 0.1112060546875
vt 0.0104217529296875 0.11444091796875
vt 0.01226806640625 0.1112060546875
vt 0.00843048095703125 0.1112060546875
vt 0.0046234130859375 0.1112060546875
vt 0.006465911865234375 0.11444091796875
vt 0.00843048095703125 0.1112060546875
vt 0.006465911865234375 0.11444091796875
vt 0.0104217529296875 0.11444091796875
vt 0.00843048095703125 0.1112060546875
vt 0.16064453125 0.78173828125
vt 0.1646728515625 0.78173828125
vt 0.1639404296875 0.77978515625
vt 0.16064453125 0.78173828125
vt 0.1639404296875 0.77978515625
vt 0.161376953125 0.77978515625
vt 0.1639404296875 0.77978515625
vt 0.161376953125 0.77392578125
vt 0.161376953125 0.77978515625
vt 0.161376953125 0.77392578125
vt 0.1639404296875 0.77978515625
vt 0.1639404296875 0.77392578125
vt 0.1639404296875 0.77392578125
vt 0.162353515625 0.7568359375
vt 0.161376953125 0.77392578125
vt 0.162353515625 0.7568359375
vt 0.1639404296875 0.77392578125
vt 0.1630859375 0.7568359375
vt 0.1630859375 0.7568359375
vt 0.1630859375 0.697265625
vt 0.162353515625 0.7568359375
vt 0.162353515625 0.7568359375
vt 0.1630859375 0.697265625
vt 0.162353515625 0.697265625
vt 0.13671875 0.75927734375
vt 0.13671875 0.6904296875
vt 0.132568359375 0.6904296875
vt 0.132568359375 0.6904296875
vt 0.1322021484375 0.763671875
vt 0.13671875 0.75927734375
vt 0.1322021484375 0.763671875
vt 0.1337890625 0.76416015625
vt 0.13671875 0.75927734375
vt 0.1322021484375 0.763671875
vt 0.1343994140625 0.7705078125
vt 0.1337890625 0.76416015625
vt 0.1322021484375 0.763671875
vt 0.132568359375 0.6904296875
vt 0.1287841796875 0.6904296875
vt 0.1343994140625 0.7705078125
vt 0.1322021484375 0.763671875
vt 0.1334228515625 0.77197265625
vt 0.1160888671875 0.75
vt 0.1287841796875 0.6904296875
vt 0.1160888671875 0.6904296875
vt 0.1307373046875 0.76611328125
vt 0.1334228515625 0.77197265625
vt 0.1322021484375 0.763671875
vt 0.1334228515625 0.77197265625
vt 0.1307373046875 0.76611328125
vt 0.1307373046875 0.77197265625
vt 0.1307373046875 0.76611328125
vt 0.1280517578125 0.77197265625
vt 0.1307373046875 0.77197265625
vt 0.1287841796875 0.6904296875
vt 0.1268310546875 0.763671875
vt 0.1322021484375 0.763671875
vt 0.1287841796875 0.6904296875
vt 0.1160888671875 0.75
vt 0.1268310546875 0.763671875
vt 0.1322021484375 0.763671875
vt 0.1268310546875 0.763671875
vt 0.1307373046875 0.76611328125
vt 0.1268310546875 0.763671875
vt 0.1160888671875 0.75
vt 0.125 0.76416015625
vt 0.12445068359375 0.77001953125
vt 0.1268310546875 0.763671875
vt 0.125 0.76416015625
vt 0.1268310546875 0.763671875
vt 0.12445068359375 0.77001953125
vt 0.1253662109375 0.77197265625
vt 0.1280517578125 0.77197265625
vt 0.1307373046875 0.76611328125
vt 0.1280517578125 0.76611328125
vt 0.1268310546875 0.763671875
vt 0.1280517578125 0.76611328125
vt 0.1307373046875 0.76611328125
vt 0.1280517578125 0.76611328125
vt 0.1253662109375 0.77197265625
vt 0.1280517578125 0.77197265625
vt 0.1253662109375 0.77197265625
vt 0.1280517578125 0.76611328125
vt 0.1268310546875 0.763671875
vt 0.1392822265625 0.697265625
vt 0.1392822265625 0.76611328125
vt 0.1434326171875 0.697265625
vt 0.1434326171875 0.697265625
vt 0.1392822265625 0.76611328125
vt 0.143798828125 0.7705078125
vt 0.143798828125 0.7705078125
vt 0.1392822265625 0.76611328125
vt 0.1422119140625 0.771484375
vt 0.1416015625 0.77734375
vt 0.143798828125 0.7705078125
vt 0.1422119140625 0.771484375
vt 0.1434326171875 0.697265625
vt 0.143798828125 0.7705078125
vt 0.147216796875 0.697265625
vt 0.143798828125 0.7705078125
vt 0.1416015625 0.77734375
vt 0.142578125 0.77880859375
vt 0.147216796875 0.697265625
vt 0.159912109375 0.7568359375
vt 0.159912109375 0.697265625
vt 0.142578125 0.77880859375
vt 0.145263671875 0.7734375
vt 0.143798828125 0.7705078125
vt 0.145263671875 0.7734375
vt 0.142578125 0.77880859375
vt 0.145263671875 0.779296875
vt 0.145263671875 0.7734375
vt 0.145263671875 0.779296875
vt 0.14794921875 0.779296875
vt 0.147216796875 0.697265625
vt 0.143798828125 0.7705078125
vt 0.1490478515625 0.7705078125
vt 0.159912109375 0.7568359375
vt 0.147216796875 0.697265625
vt 0.1490478515625 0.7705078125
vt 0.145263671875 0.7734375
vt 0.1490478515625 0.7705078125
vt 0.143798828125 0.7705078125
vt 0.1490478515625 0.7705078125
vt 0.1510009765625 0.771484375
vt 0.159912109375 0.7568359375
vt 0.1490478515625 0.7705078125
vt 0.1514892578125 0.77685546875
vt 0.1510009765625 0.771484375
vt 0.1514892578125 0.77685546875
vt 0.1490478515625 0.7705078125
vt 0.150634765625 0.77880859375
vt 0.1490478515625 0.7705078125
vt 0.145263671875 0.7734375
vt 0.1478271484375 0.7734375
vt 0.1478271484375 0.7734375
vt 0.150634765625 0.77880859375
vt 0.1490478515625 0.7705078125
vt 0.14794921875 0.779296875
vt 0.1478271484375 0.7734375
vt 0.145263671875 0.7734375
vt 0.150634765625 0.77880859375
vt 0.1478271484375 0.7734375
vt 0.14794921875 0.779296875
vt 0.132568359375 0.6904296875
vt 0.13671875 0.75927734375
vt 0.13671875 0.6904296875
vt 0.132568359375 0.6904296875
vt 0.1322021484375 0.763671875
vt 0.13671875 0.75927734375
vt 0.1322021484375 0.763671875
vt 0.1337890625 0.76416015625
vt 0.13671875 0.75927734375
vt 0.1322021484375 0.763671875
vt 0.1343994140625 0.7705078125
vt 0.1337890625 0.76416015625
vt 0.1287841796875 0.6904296875
vt 0.1322021484375 0.763671875
vt 0.132568359375 0.6904296875
vt 0.1343994140625 0.7705078125
vt 0.1322021484375 0.763671875
vt 0.1334228515625 0.77197265625
vt 0.1160888671875 0.75
vt 0.1287841796875 0.6904296875
vt 0.1160888671875 0.6904296875
vt 0.1307373046875 0.76611328125
vt 0.1334228515625 0.77197265625
vt 0.1322021484375 0.763671875
vt 0.1334228515625 0.77197265625
vt 0.1307373046875 0.76611328125
vt 0.1307373046875 0.77197265625
vt 0.1307373046875 0.77197265625
vt 0.1307373046875 0.76611328125
vt 0.1280517578125 0.77197265625
vt 0.1322021484375 0.763671875
vt 0.1287841796875 0.6904296875
vt 0.1268310546875 0.763671875
vt 0.1287841796875 0.6904296875
vt 0.1160888671875 0.75
vt 0.1268310546875 0.763671875
vt 0.1268310546875 0.763671875
vt 0.1307373046875 0.76611328125
vt 0.1322021484375 0.763671875
vt 0.1268310546875 0.763671875
vt 0.1160888671875 0.75
vt 0.125 0.76416015625
vt 0.12445068359375 0.77001953125
vt 0.1268310546875 0.763671875
vt 0.125 0.76416015625
vt 0.1268310546875 0.763671875
vt 0.12445068359375 0.77001953125
vt 0.1253662109375 0.77197265625
vt 0.1307373046875 0.76611328125
vt 0.1268310546875 0.763671875
vt 0.1280517578125 0.76611328125
vt 0.1253662109375 0.77197265625
vt 0.1280517578125 0.76611328125
vt 0.1268310546875 0.763671875
vt 0.1280517578125 0.77197265625
vt 0.1307373046875 0.76611328125
vt 0.1280517578125 0.76611328125
vt 0.1280517578125 0.76611328125
vt 0.1253662109375 0.77197265625
vt 0.1280517578125 0.77197265625
vt 0.1392822265625 0.76611328125
vt 0.1434326171875 0.697265625
vt 0.1392822265625 0.697265625
vt 0.143798828125 0.7705078125
vt 0.1434326171875 0.697265625
vt 0.1392822265625 0.76611328125
vt 0.143798828125 0.7705078125
vt 0.1392822265625 0.76611328125
vt 0.1422119140625 0.771484375
vt 0.1416015625 0.77734375
vt 0.143798828125 0.7705078125
vt 0.1422119140625 0.771484375
vt 0.143798828125 0.7705078125
vt 0.147216796875 0.697265625
vt 0.1434326171875 0.697265625
vt 0.143798828125 0.7705078125
vt 0.1416015625 0.77734375
vt 0.142578125 0.77880859375
vt 0.147216796875 0.697265625
vt 0.159912109375 0.7568359375
vt 0.159912109375 0.697265625
vt 0.142578125 0.77880859375
vt 0.145263671875 0.7734375
vt 0.143798828125 0.7705078125
vt 0.145263671875 0.7734375
vt 0.142578125 0.77880859375
vt 0.145263671875 0.779296875
vt 0.1490478515625 0.7705078125
vt 0.147216796875 0.697265625
vt 0.143798828125 0.7705078125
vt 0.159912109375 0.7568359375
vt 0.147216796875 0.697265625
vt 0.1490478515625 0.7705078125
vt 0.1490478515625 0.7705078125
vt 0.143798828125 0.7705078125
vt 0.145263671875 0.7734375
vt 0.1490478515625 0.7705078125
vt 0.1510009765625 0.771484375
vt 0.159912109375 0.7568359375
vt 0.1490478515625 0.7705078125
vt 0.1514892578125 0.77685546875
vt 0.1510009765625 0.771484375
vt 0.1514892578125 0.77685546875
vt 0.1490478515625 0.7705078125
vt 0.150634765625 0.77880859375
vt 0.1490478515625 0.7705078125
vt 0.145263671875 0.7734375
vt 0.1478271484375 0.7734375
vt 0.1478271484375 0.7734375
vt 0.150634765625 0.77880859375
vt 0.1490478515625 0.7705078125
vt 0.145263671875 0.779296875
vt 0.1478271484375 0.7734375
vt 0.145263671875 0.7734375
vt 0.150634765625 0.77880859375
vt 0.1478271484375 0.7734375
vt 0.14794921875 0.779296875
vt 0.1478271484375 0.7734375
vt 0.145263671875 0.779296875
vt 0.14794921875 0.779296875
vt 0.13671875 0.75927734375
vt 0.13671875 0.6904296875
vt 0.132568359375 0.6904296875
vt 0.132568359375 0.6904296875
vt 0.1322021484375 0.763671875
vt 0.13671875 0.75927734375
vt 0.1322021484375 0.763671875
vt 0.1337890625 0.76416015625
vt 0.13671875 0.75927734375
vt 0.1322021484375 0.763671875
vt 0.1343994140625 0.7705078125
vt 0.1337890625 0.76416015625
vt 0.1322021484375 0.763671875
vt 0.132568359375 0.6904296875
vt 0.1287841796875 0.6904296875
vt 0.1343994140625 0.7705078125
vt 0.1322021484375 0.763671875
vt 0.1334228515625 0.77197265625
vt 0.1160888671875 0.75
vt 0.1287841796875 0.6904296875
vt 0.1160888671875 0.6904296875
vt 0.1307373046875 0.76611328125
vt 0.1334228515625 0.77197265625
vt 0.1322021484375 0.763671875
vt 0.1334228515625 0.77197265625
vt 0.1307373046875 0.76611328125
vt 0.1307373046875 0.77197265625
vt 0.1307373046875 0.76611328125
vt 0.1280517578125 0.77197265625
vt 0.1307373046875 0.77197265625
vt 0.1287841796875 0.6904296875
vt 0.1268310546875 0.763671875
vt 0.1322021484375 0.763671875
vt 0.1287841796875 0.6904296875
vt 0.1160888671875 0.75
vt 0.1268310546875 0.763671875
vt 0.1322021484375 0.763671875
vt 0.1268310546875 0.763671875
vt 0.1307373046875 0.76611328125
vt 0.1268310546875 0.763671875
vt 0.1160888671875 0.75
vt 0.125 0.76416015625
vt 0.12445068359375 0.77001953125
vt 0.1268310546875 0.763671875
vt 0.125 0.76416015625
vt 0.1268310546875 0.763671875
vt 0.12445068359375 0.77001953125
vt 0.1253662109375 0.77197265625
vt 0.1280517578125 0.76611328125
vt 0.1280517578125 0.77197265625
vt 0.1307373046875 0.76611328125
vt 0.1307373046875 0.76611328125
vt 0.1268310546875 0.763671875
vt 0.1280517578125 0.76611328125
vt 0.1280517578125 0.77197265625
vt 0.1280517578125 0.76611328125
vt 0.1253662109375 0.77197265625
vt 0.1268310546875 0.763671875
vt 0.1253662109375 0.77197265625
vt 0.1280517578125 0.76611328125
vt 0.1392822265625 0.697265625
vt 0.1392822265625 0.76611328125
vt 0.1434326171875 0.697265625
vt 0.1434326171875 0.697265625
vt 0.1392822265625 0.76611328125
vt 0.143798828125 0.7705078125
vt 0.143798828125 0.7705078125
vt 0.1392822265625 0.76611328125
vt 0.1422119140625 0.771484375
vt 0.1416015625 0.77734375
vt 0.143798828125 0.7705078125
vt 0.1422119140625 0.771484375
vt 0.1434326171875 0.697265625
vt 0.143798828125 0.7705078125
vt 0.147216796875 0.697265625
vt 0.143798828125 0.7705078125
vt 0.1416015625 0.77734375
vt 0.142578125 0.77880859375
vt 0.147216796875 0.697265625
vt 0.159912109375 0.7568359375
vt 0.159912109375 0.697265625
vt 0.142578125 0.77880859375
vt 0.145263671875 0.7734375
vt 0.143798828125 0.7705078125
vt 0.145263671875 0.7734375
vt 0.142578125 0.77880859375
vt 0.145263671875 0.779296875
vt 0.145263671875 0.7734375
vt 0.145263671875 0.779296875
vt 0.14794921875 0.779296875
vt 0.147216796875 0.697265625
vt 0.143798828125 0.7705078125
vt 0.1490478515625 0.7705078125
vt 0.159912109375 0.7568359375
vt 0.147216796875 0.697265625
vt 0.1490478515625 0.7705078125
vt 0.143798828125 0.7705078125
vt 0.145263671875 0.7734375
vt 0.1490478515625 0.7705078125
vt 0.1490478515625 0.7705078125
vt 0.1510009765625 0.771484375
vt 0.159912109375 0.7568359375
vt 0.1490478515625 0.7705078125
vt 0.1514892578125 0.77685546875
vt 0.1510009765625 0.771484375
vt 0.1514892578125 0.77685546875
vt 0.1490478515625 0.7705078125
vt 0.150634765625 0.77880859375
vt 0.1490478515625 0.7705078125
vt 0.145263671875 0.7734375
vt 0.1478271484375 0.7734375
vt 0.1478271484375 0.7734375
vt 0.150634765625 0.77880859375
vt 0.1490478515625 0.7705078125
vt 0.14794921875 0.779296875
vt 0.1478271484375 0.7734375
vt 0.145263671875 0.7734375
vt 0.150634765625 0.77880859375
vt 0.1478271484375 0.7734375
vt 0.14794921875 0.779296875
vt 0.132568359375 0.6904296875
vt 0.13671875 0.75927734375
vt 0.13671875 0.6904296875
vt 0.132568359375 0.6904296875
vt 0.1322021484375 0.763671875
vt 0.13671875 0.75927734375
vt 0.1322021484375 0.763671875
vt 0.1337890625 0.76416015625
vt 0.13671875 0.75927734375
vt 0.1322021484375 0.763671875
vt 0.1343994140625 0.7705078125
vt 0.1337890625 0.76416015625
vt 0.1287841796875 0.6904296875
vt 0.1322021484375 0.763671875
vt 0.132568359375 0.6904296875
vt 0.1343994140625 0.7705078125
vt 0.1322021484375 0.763671875
vt 0.1334228515625 0.77197265625
vt 0.1160888671875 0.75
vt 0.1287841796875 0.6904296875
vt 0.1160888671875 0.6904296875
vt 0.1307373046875 0.76611328125
vt 0.1334228515625 0.77197265625
vt 0.1322021484375 0.763671875
vt 0.1334228515625 0.77197265625
vt 0.1307373046875 0.76611328125
vt 0.1307373046875 0.77197265625
vt 0.1307373046875 0.77197265625
vt 0.1307373046875 0.76611328125
vt 0.1280517578125 0.77197265625
vt 0.1322021484375 0.763671875
vt 0.1287841796875 0.6904296875
vt 0.1268310546875 0.763671875
vt 0.1287841796875 0.6904296875
vt 0.1160888671875 0.75
vt 0.1268310546875 0.763671875
vt 0.1268310546875 0.763671875
vt 0.1307373046875 0.76611328125
vt 0.1322021484375 0.763671875
vt 0.1268310546875 0.763671875
vt 0.1160888671875 0.75
vt 0.125 0.76416015625
vt 0.12445068359375 0.77001953125
vt 0.1268310546875 0.763671875
vt 0.125 0.76416015625
vt 0.1268310546875 0.763671875
vt 0.12445068359375 0.77001953125
vt 0.1253662109375 0.77197265625
vt 0.1307373046875 0.76611328125
vt 0.1268310546875 0.763671875
vt 0.1280517578125 0.76611328125
vt 0.1253662109375 0.77197265625
vt 0.1280517578125 0.76611328125
vt 0.1268310546875 0.763671875
vt 0.1280517578125 0.77197265625
vt 0.1307373046875 0.76611328125
vt 0.1280517578125 0.76611328125
vt 0.1280517578125 0.76611328125
vt 0.1253662109375 0.77197265625
vt 0.1280517578125 0.77197265625
vt 0.1392822265625 0.76611328125
vt 0.1434326171875 0.697265625
vt 0.1392822265625 0.697265625
vt 0.143798828125 0.7705078125
vt 0.1434326171875 0.697265625
vt 0.1392822265625 0.76611328125
vt 0.143798828125 0.7705078125
vt 0.1392822265625 0.76611328125
vt 0.1422119140625 0.771484375
vt 0.1416015625 0.77734375
vt 0.143798828125 0.7705078125
vt 0.1422119140625 0.771484375
vt 0.143798828125 0.7705078125
vt 0.147216796875 0.697265625
vt 0.1434326171875 0.697265625
vt 0.143798828125 0.7705078125
vt 0.1416015625 0.77734375
vt 0.142578125 0.77880859375
vt 0.147216796875 0.697265625
vt 0.159912109375 0.7568359375
vt 0.159912109375 0.697265625
vt 0.142578125 0.77880859375
vt 0.145263671875 0.7734375
vt 0.143798828125 0.7705078125
vt 0.145263671875 0.7734375
vt 0.142578125 0.77880859375
vt 0.145263671875 0.779296875
vt 0.14794921875 0.779296875
vt 0.145263671875 0.7734375
vt 0.145263671875 0.779296875
vt 0.1490478515625 0.7705078125
vt 0.147216796875 0.697265625
vt 0.143798828125 0.7705078125
vt 0.159912109375 0.7568359375
vt 0.147216796875 0.697265625
vt 0.1490478515625 0.7705078125
vt 0.1490478515625 0.7705078125
vt 0.143798828125 0.7705078125
vt 0.145263671875 0.7734375
vt 0.1490478515625 0.7705078125
vt 0.1510009765625 0.771484375
vt 0.159912109375 0.7568359375
vt 0.1490478515625 0.7705078125
vt 0.1514892578125 0.77685546875
vt 0.1510009765625 0.771484375
vt 0.1514892578125 0.77685546875
vt 0.1490478515625 0.7705078125
vt 0.150634765625 0.77880859375
vt 0.145263671875 0.7734375
vt 0.14794921875 0.779296875
vt 0.1478271484375 0.7734375
vt 0.1490478515625 0.7705078125
vt 0.145263671875 0.7734375
vt 0.1478271484375 0.7734375
vt 0.150634765625 0.77880859375
vt 0.1478271484375 0.7734375
vt 0.14794921875 0.779296875
vt 0.1478271484375 0.7734375
vt 0.150634765625 0.77880859375
vt 0.1490478515625 0.7705078125
vt 0.00908660888671875 0.07891845703125
vt 0.007129669189453125 0.07733154296875
vt 0.007381439208984375 0.07928466796875
vt 0.0111236572265625 0.0826416015625
vt 0.00908660888671875 0.07891845703125
vt 0.00919342041015625 0.08282470703125
vt 0.01062774658203125 0.07672119140625
vt 0.007129669189453125 0.07733154296875
vt 0.00908660888671875 0.07891845703125
vt 0.00908660888671875 0.07891845703125
vt 0.0111236572265625 0.0826416015625
vt 0.01062774658203125 0.07672119140625
vt 0.01062774658203125 0.07672119140625
vt 0.00656890869140625 0.07598876953125
vt 0.007129669189453125 0.07733154296875
vt 0.01294708251953125 0.08258056640625
vt 0.01062774658203125 0.07672119140625
vt 0.0111236572265625 0.0826416015625
vt 0.01287841796875 0.072998046875
vt 0.00656890869140625 0.07598876953125
vt 0.01062774658203125 0.07672119140625
vt 0.01062774658203125 0.07672119140625
vt 0.01294708251953125 0.08258056640625
vt 0.01287841796875 0.072998046875
vt 0.01038360595703125 0.0706787109375
vt 0.00656890869140625 0.07598876953125
vt 0.01287841796875 0.072998046875
vt 0.00656890869140625 0.07598876953125
vt 0.01038360595703125 0.0706787109375
vt 0.0056915283203125 0.07452392578125
vt 0.0056915283203125 0.07452392578125
vt 0.00858306884765625 0.069580078125
vt 0.00447845458984375 0.072998046875
vt 0.00858306884765625 0.069580078125
vt 0.0056915283203125 0.07452392578125
vt 0.01038360595703125 0.0706787109375
vt 0.009033203125 0.06292724609375
vt 0.00858306884765625 0.069580078125
vt 0.01097869873046875 0.06317138671875
vt 0.01038360595703125 0.0706787109375
vt 0.01097869873046875 0.06317138671875
vt 0.00858306884765625 0.069580078125
vt 0.01038360595703125 0.0706787109375
vt 0.01282501220703125 0.0633544921875
vt 0.01097869873046875 0.06317138671875
vt 0.01282501220703125 0.0633544921875
vt 0.01038360595703125 0.0706787109375
vt 0.01287841796875 0.072998046875
vt 0.01514434814453125 0.06927490234375
vt 0.01282501220703125 0.0633544921875
vt 0.01287841796875 0.072998046875
vt 0.01282501220703125 0.0633544921875
vt 0.01514434814453125 0.06927490234375
vt 0.0146484375 0.0633544921875
vt 0.0146484375 0.0633544921875
vt 0.016693115234375 0.06707763671875
vt 0.016571044921875 0.0631103515625
vt 0.016693115234375 0.06707763671875
vt 0.0146484375 0.0633544921875
vt 0.01514434814453125 0.06927490234375
vt 0.018646240234375 0.06866455078125
vt 0.018402099609375 0.06671142578125
vt 0.016693115234375 0.06707763671875
vt 0.018646240234375 0.06866455078125
vt 0.016693115234375 0.06707763671875
vt 0.01514434814453125 0.06927490234375
vt 0.01514434814453125 0.06927490234375
vt 0.0192108154296875 0.07000732421875
vt 0.018646240234375 0.06866455078125
vt 0.01287841796875 0.072998046875
vt 0.0192108154296875 0.07000732421875
vt 0.01514434814453125 0.06927490234375
vt 0.0192108154296875 0.07000732421875
vt 0.01287841796875 0.072998046875
vt 0.015411376953125 0.0753173828125
vt 0.01294708251953125 0.08258056640625
vt 0.015411376953125 0.0753173828125
vt 0.01287841796875 0.072998046875
vt 0.0192108154296875 0.07000732421875
vt 0.015411376953125 0.0753173828125
vt 0.02008056640625 0.07147216796875
vt 0.015411376953125 0.0753173828125
vt 0.01294708251953125 0.08258056640625
vt 0.0147857666015625 0.082763671875
vt 0.0171966552734375 0.07635498046875
vt 0.02008056640625 0.07147216796875
vt 0.015411376953125 0.0753173828125
vt 0.015411376953125 0.0753173828125
vt 0.0147857666015625 0.082763671875
vt 0.0171966552734375 0.07635498046875
vt 0.02008056640625 0.07147216796875
vt 0.0171966552734375 0.07635498046875
vt 0.02130126953125 0.072998046875
vt 0.0171966552734375 0.07635498046875
vt 0.0147857666015625 0.082763671875
vt 0.0167388916015625 0.0830078125
vt 0.006092071533203125 0.044464111328125
vt 0.0043792724609375 0.044097900390625
vt 0.00412750244140625 0.046051025390625
vt 0.006092071533203125 0.044464111328125
vt 0.0081329345703125 0.040740966796875
vt 0.00620269775390625 0.040557861328125
vt 0.007640838623046875 0.046661376953125
vt 0.006092071533203125 0.044464111328125
vt 0.00412750244140625 0.046051025390625
vt 0.0081329345703125 0.040740966796875
vt 0.006092071533203125 0.044464111328125
vt 0.007640838623046875 0.046661376953125
vt 0.007640838623046875 0.046661376953125
vt 0.00412750244140625 0.046051025390625
vt 0.0035686492919921875 0.04742431640625
vt 0.007640838623046875 0.046661376953125
vt 0.00994873046875 0.040802001953125
vt 0.0081329345703125 0.040740966796875
vt 0.0035686492919921875 0.04742431640625
vt 0.00988006591796875 0.0504150390625
vt 0.007640838623046875 0.046661376953125
vt 0.00994873046875 0.040802001953125
vt 0.007640838623046875 0.046661376953125
vt 0.00988006591796875 0.0504150390625
vt 0.0035686492919921875 0.04742431640625
vt 0.00738525390625 0.052703857421875
vt 0.00988006591796875 0.0504150390625
vt 0.00738525390625 0.052703857421875
vt 0.0035686492919921875 0.04742431640625
vt 0.00269317626953125 0.048858642578125
vt 0.005588531494140625 0.053802490234375
vt 0.00269317626953125 0.048858642578125
vt 0.0014801025390625 0.0504150390625
vt 0.00269317626953125 0.048858642578125
vt 0.005588531494140625 0.053802490234375
vt 0.00738525390625 0.052703857421875
vt 0.005588531494140625 0.053802490234375
vt 0.00603485107421875 0.060455322265625
vt 0.00798797607421875 0.060211181640625
vt 0.00798797607421875 0.060211181640625
vt 0.00738525390625 0.052703857421875
vt 0.005588531494140625 0.053802490234375
vt 0.00982666015625 0.060028076171875
vt 0.00738525390625 0.052703857421875
vt 0.00798797607421875 0.060211181640625
vt 0.00738525390625 0.052703857421875
vt 0.00982666015625 0.060028076171875
vt 0.00988006591796875 0.0504150390625
vt 0.00982666015625 0.060028076171875
vt 0.01214599609375 0.05413818359375
vt 0.00988006591796875 0.0504150390625
vt 0.01214599609375 0.05413818359375
vt 0.00982666015625 0.060028076171875
vt 0.01165008544921875 0.06005859375
vt 0.013702392578125 0.05633544921875
vt 0.01165008544921875 0.06005859375
vt 0.01357269287109375 0.06024169921875
vt 0.01165008544921875 0.06005859375
vt 0.013702392578125 0.05633544921875
vt 0.01214599609375 0.05413818359375
vt 0.015655517578125 0.054779052734375
vt 0.013702392578125 0.05633544921875
vt 0.01540374755859375 0.05670166015625
vt 0.015655517578125 0.054779052734375
vt 0.01214599609375 0.05413818359375
vt 0.013702392578125 0.05633544921875
vt 0.016204833984375 0.05340576171875
vt 0.01214599609375 0.05413818359375
vt 0.015655517578125 0.054779052734375
vt 0.016204833984375 0.05340576171875
vt 0.00988006591796875 0.0504150390625
vt 0.01214599609375 0.05413818359375
vt 0.00988006591796875 0.0504150390625
vt 0.016204833984375 0.05340576171875
vt 0.0124053955078125 0.048095703125
vt 0.0124053955078125 0.048095703125
vt 0.00994873046875 0.040802001953125
vt 0.00988006591796875 0.0504150390625
vt 0.0124053955078125 0.048095703125
vt 0.016204833984375 0.05340576171875
vt 0.01708984375 0.05194091796875
vt 0.00994873046875 0.040802001953125
vt 0.0124053955078125 0.048095703125
vt 0.0117950439453125 0.04058837890625
vt 0.01708984375 0.05194091796875
vt 0.0142059326171875 0.0469970703125
vt 0.0124053955078125 0.048095703125
vt 0.0142059326171875 0.0469970703125
vt 0.0117950439453125 0.04058837890625
vt 0.0124053955078125 0.048095703125
vt 0.0142059326171875 0.0469970703125
vt 0.01708984375 0.05194091796875
vt 0.018310546875 0.050384521484375
vt 0.0142059326171875 0.0469970703125
vt 0.0137481689453125 0.04034423828125
vt 0.0117950439453125 0.04058837890625
vt 0.0146484375 0.0633544921875
vt 0.016693115234375 0.06707763671875
vt 0.016571044921875 0.0631103515625
vt 0.016693115234375 0.06707763671875
vt 0.018646240234375 0.06866455078125
vt 0.018402099609375 0.06671142578125
vt 0.016693115234375 0.06707763671875
vt 0.0146484375 0.0633544921875
vt 0.01514434814453125 0.06927490234375
vt 0.018646240234375 0.06866455078125
vt 0.016693115234375 0.06707763671875
vt 0.01514434814453125 0.06927490234375
vt 0.01282501220703125 0.0633544921875
vt 0.01514434814453125 0.06927490234375
vt 0.0146484375 0.0633544921875
vt 0.01514434814453125 0.06927490234375
vt 0.0192108154296875 0.07000732421875
vt 0.018646240234375 0.06866455078125
vt 0.01514434814453125 0.06927490234375
vt 0.01282501220703125 0.0633544921875
vt 0.01287841796875 0.072998046875
vt 0.01287841796875 0.072998046875
vt 0.0192108154296875 0.07000732421875
vt 0.01514434814453125 0.06927490234375
vt 0.01282501220703125 0.0633544921875
vt 0.01038360595703125 0.0706787109375
vt 0.01287841796875 0.072998046875
vt 0.01038360595703125 0.0706787109375
vt 0.01282501220703125 0.0633544921875
vt 0.01097869873046875 0.06317138671875
vt 0.009033203125 0.06292724609375
vt 0.00858306884765625 0.069580078125
vt 0.01097869873046875 0.06317138671875
vt 0.01097869873046875 0.06317138671875
vt 0.00858306884765625 0.069580078125
vt 0.01038360595703125 0.0706787109375
vt 0.0056915283203125 0.07452392578125
vt 0.00858306884765625 0.069580078125
vt 0.00447845458984375 0.072998046875
vt 0.00858306884765625 0.069580078125
vt 0.0056915283203125 0.07452392578125
vt 0.01038360595703125 0.0706787109375
vt 0.00656890869140625 0.07598876953125
vt 0.01038360595703125 0.0706787109375
vt 0.0056915283203125 0.07452392578125
vt 0.01038360595703125 0.0706787109375
vt 0.00656890869140625 0.07598876953125
vt 0.01287841796875 0.072998046875
vt 0.01287841796875 0.072998046875
vt 0.00656890869140625 0.07598876953125
vt 0.01062774658203125 0.07672119140625
vt 0.00656890869140625 0.07598876953125
vt 0.007129669189453125 0.07733154296875
vt 0.01062774658203125 0.07672119140625
vt 0.00908660888671875 0.07891845703125
vt 0.007129669189453125 0.07733154296875
vt 0.007381439208984375 0.07928466796875
vt 0.00908660888671875 0.07891845703125
vt 0.01062774658203125 0.07672119140625
vt 0.007129669189453125 0.07733154296875
vt 0.0111236572265625 0.0826416015625
vt 0.00908660888671875 0.07891845703125
vt 0.00919342041015625 0.08282470703125
vt 0.00908660888671875 0.07891845703125
vt 0.0111236572265625 0.0826416015625
vt 0.01062774658203125 0.07672119140625
vt 0.01294708251953125 0.08258056640625
vt 0.01062774658203125 0.07672119140625
vt 0.0111236572265625 0.0826416015625
vt 0.01062774658203125 0.07672119140625
vt 0.01294708251953125 0.08258056640625
vt 0.01287841796875 0.072998046875
vt 0.01294708251953125 0.08258056640625
vt 0.015411376953125 0.0753173828125
vt 0.01287841796875 0.072998046875
vt 0.0192108154296875 0.07000732421875
vt 0.01287841796875 0.072998046875
vt 0.015411376953125 0.0753173828125
vt 0.015411376953125 0.0753173828125
vt 0.01294708251953125 0.08258056640625
vt 0.0147857666015625 0.082763671875
vt 0.015411376953125 0.0753173828125
vt 0.02008056640625 0.07147216796875
vt 0.0192108154296875 0.07000732421875
vt 0.015411376953125 0.0753173828125
vt 0.0147857666015625 0.082763671875
vt 0.0171966552734375 0.07635498046875
vt 0.0171966552734375 0.07635498046875
vt 0.02008056640625 0.07147216796875
vt 0.015411376953125 0.0753173828125
vt 0.0171966552734375 0.07635498046875
vt 0.0147857666015625 0.082763671875
vt 0.0167388916015625 0.0830078125
vt 0.02008056640625 0.07147216796875
vt 0.0171966552734375 0.07635498046875
vt 0.02130126953125 0.072998046875
vt 0.00412750244140625 0.046051025390625
vt 0.006092071533203125 0.044464111328125
vt 0.0043792724609375 0.044097900390625
vt 0.006092071533203125 0.044464111328125
vt 0.0081329345703125 0.040740966796875
vt 0.00620269775390625 0.040557861328125
vt 0.00412750244140625 0.046051025390625
vt 0.007640838623046875 0.046661376953125
vt 0.006092071533203125 0.044464111328125
vt 0.0081329345703125 0.040740966796875
vt 0.006092071533203125 0.044464111328125
vt 0.007640838623046875 0.046661376953125
vt 0.0035686492919921875 0.04742431640625
vt 0.007640838623046875 0.046661376953125
vt 0.00412750244140625 0.046051025390625
vt 0.007640838623046875 0.046661376953125
vt 0.00994873046875 0.040802001953125
vt 0.0081329345703125 0.040740966796875
vt 0.0035686492919921875 0.04742431640625
vt 0.00988006591796875 0.0504150390625
vt 0.007640838623046875 0.046661376953125
vt 0.00994873046875 0.040802001953125
vt 0.007640838623046875 0.046661376953125
vt 0.00988006591796875 0.0504150390625
vt 0.0035686492919921875 0.04742431640625
vt 0.00738525390625 0.052703857421875
vt 0.00988006591796875 0.0504150390625
vt 0.00738525390625 0.052703857421875
vt 0.0035686492919921875 0.04742431640625
vt 0.00269317626953125 0.048858642578125
vt 0.005588531494140625 0.053802490234375
vt 0.00269317626953125 0.048858642578125
vt 0.0014801025390625 0.0504150390625
vt 0.00269317626953125 0.048858642578125
vt 0.005588531494140625 0.053802490234375
vt 0.00738525390625 0.052703857421875
vt 0.00798797607421875 0.060211181640625
vt 0.005588531494140625 0.053802490234375
vt 0.00603485107421875 0.060455322265625
vt 0.005588531494140625 0.053802490234375
vt 0.00798797607421875 0.060211181640625
vt 0.00738525390625 0.052703857421875
vt 0.00982666015625 0.060028076171875
vt 0.00738525390625 0.052703857421875
vt 0.00798797607421875 0.060211181640625
vt 0.00738525390625 0.052703857421875
vt 0.00982666015625 0.060028076171875
vt 0.00988006591796875 0.0504150390625
vt 0.00982666015625 0.060028076171875
vt 0.01214599609375 0.05413818359375
vt 0.00988006591796875 0.0504150390625
vt 0.01214599609375 0.05413818359375
vt 0.00982666015625 0.060028076171875
vt 0.01165008544921875 0.06005859375
vt 0.013702392578125 0.05633544921875
vt 0.01165008544921875 0.06005859375
vt 0.01357269287109375 0.06024169921875
vt 0.01165008544921875 0.06005859375
vt 0.013702392578125 0.05633544921875
vt 0.01214599609375 0.05413818359375
vt 0.01540374755859375 0.05670166015625
vt 0.015655517578125 0.054779052734375
vt 0.013702392578125 0.05633544921875
vt 0.013702392578125 0.05633544921875
vt 0.015655517578125 0.054779052734375
vt 0.01214599609375 0.05413818359375
vt 0.01214599609375 0.05413818359375
vt 0.015655517578125 0.054779052734375
vt 0.016204833984375 0.05340576171875
vt 0.016204833984375 0.05340576171875
vt 0.00988006591796875 0.0504150390625
vt 0.01214599609375 0.05413818359375
vt 0.00988006591796875 0.0504150390625
vt 0.016204833984375 0.05340576171875
vt 0.0124053955078125 0.048095703125
vt 0.0124053955078125 0.048095703125
vt 0.00994873046875 0.040802001953125
vt 0.00988006591796875 0.0504150390625
vt 0.0124053955078125 0.048095703125
vt 0.016204833984375 0.05340576171875
vt 0.01708984375 0.05194091796875
vt 0.00994873046875 0.040802001953125
vt 0.0124053955078125 0.048095703125
vt 0.0117950439453125 0.04058837890625
vt 0.01708984375 0.05194091796875
vt 0.0142059326171875 0.0469970703125
vt 0.0124053955078125 0.048095703125
vt 0.0117950439453125 0.04058837890625
vt 0.0124053955078125 0.048095703125
vt 0.0142059326171875 0.0469970703125
vt 0.0142059326171875 0.0469970703125
vt 0.01708984375 0.05194091796875
vt 0.018310546875 0.050384521484375
vt 0.0142059326171875 0.0469970703125
vt 0.0137481689453125 0.04034423828125
vt 0.0117950439453125 0.04058837890625
vt 0.023590087890625 0.1248779296875
vt 0.020416259765625 0.1248779296875
vt 0.022003173828125 0.1275634765625
vt 0.02508544921875 0.12744140625
vt 0.023590087890625 0.1248779296875
vt 0.022003173828125 0.1275634765625
vt 0.020416259765625 0.1248779296875
vt 0.0189361572265625 0.1275634765625
vt 0.022003173828125 0.1275634765625
vt 0.0235595703125 0.13037109375
vt 0.02508544921875 0.12744140625
vt 0.022003173828125 0.1275634765625
vt 0.0189361572265625 0.1275634765625
vt 0.0204925537109375 0.13037109375
vt 0.022003173828125 0.1275634765625
vt 0.0204925537109375 0.13037109375
vt 0.0235595703125 0.13037109375
vt 0.022003173828125 0.1275634765625
vt 0.023590087890625 0.1248779296875
vt 0.020416259765625 0.1248779296875
vt 0.022003173828125 0.1275634765625
vt 0.02508544921875 0.12744140625
vt 0.023590087890625 0.1248779296875
vt 0.022003173828125 0.1275634765625
vt 0.020416259765625 0.1248779296875
vt 0.0189361572265625 0.1275634765625
vt 0.022003173828125 0.1275634765625
vt 0.0235595703125 0.13037109375
vt 0.02508544921875 0.12744140625
vt 0.022003173828125 0.1275634765625
vt 0.0189361572265625 0.1275634765625
vt 0.0204925537109375 0.13037109375
vt 0.022003173828125 0.1275634765625
vt 0.0204925537109375 0.13037109375
vt 0.0235595703125 0.13037109375
vt 0.022003173828125 0.1275634765625
vt 0.023590087890625 0.1248779296875
vt 0.020416259765625 0.1248779296875
vt 0.022003173828125 0.1275634765625
vt 0.02508544921875 0.12744140625
vt 0.023590087890625 0.1248779296875
vt 0.022003173828125 0.1275634765625
vt 0.020416259765625 0.1248779296875
vt 0.0189361572265625 0.1275634765625
vt 0.022003173828125 0.1275634765625
vt 0.0235595703125 0.13037109375
vt 0.02508544921875 0.12744140625
vt 0.022003173828125 0.1275634765625
vt 0.0189361572265625 0.1275634765625
vt 0.0204925537109375 0.13037109375
vt 0.022003173828125 0.1275634765625
vt 0.0204925537109375 0.13037109375
vt 0.0235595703125 0.13037109375
vt 0.022003173828125 0.1275634765625
vt 0.023590087890625 0.1248779296875
vt 0.020416259765625 0.1248779296875
vt 0.022003173828125 0.1275634765625
vt 0.02508544921875 0.12744140625
vt 0.023590087890625 0.1248779296875
vt 0.022003173828125 0.1275634765625
vt 0.020416259765625 0.1248779296875
vt 0.0189361572265625 0.1275634765625
vt 0.022003173828125 0.1275634765625
vt 0.0235595703125 0.13037109375
vt 0.02508544921875 0.12744140625
vt 0.022003173828125 0.1275634765625
vt 0.0189361572265625 0.1275634765625
vt 0.0204925537109375 0.13037109375
vt 0.022003173828125 0.1275634765625
vt 0.0204925537109375 0.13037109375
vt 0.0235595703125 0.13037109375
vt 0.022003173828125 0.1275634765625
vt 0.77978515625 0.034881591796875
vt 0.7763671875 0.036468505859375
vt 0.77978515625 0.0399169921875
vt 0.783203125 0.036468505859375
vt 0.77978515625 0.034881591796875
vt 0.77978515625 0.0399169921875
vt 0.7763671875 0.036468505859375
vt 0.77490234375 0.0399169921875
vt 0.77978515625 0.0399169921875
vt 0.78515625 0.0399169921875
vt 0.783203125 0.036468505859375
vt 0.77978515625 0.0399169921875
vt 0.77490234375 0.0399169921875
vt 0.7763671875 0.043365478515625
vt 0.77978515625 0.0399169921875
vt 0.783203125 0.043365478515625
vt 0.78515625 0.0399169921875
vt 0.77978515625 0.0399169921875
vt 0.7763671875 0.043365478515625
vt 0.77978515625 0.044921875
vt 0.77978515625 0.0399169921875
vt 0.77978515625 0.044921875
vt 0.783203125 0.043365478515625
vt 0.77978515625 0.0399169921875
vt 0.1143762394785881 0.029374659061431885
vt 0.12006962299346924 0.023524761199951172
vt 0.11400605738162994 0.029588401317596436
vt 0.09226759523153305 0.015752136707305908
vt 0.09676660597324371 0.025446057319641113
vt 0.09677504003047943 0.006039977073669434
vt 0.10630691051483154 0
vt 0.09860776364803314 0.002062976360321045
vt 0.11400605738162994 0.002062976360321045
vt 0.09839402884244919 0.0021202564239501953
vt 0.09275791794061661 0.007756412029266357
vt 0.09860776364803314 0.002062976360321045
vt 0.12006962299346924 0.008126616477966309
vt 0.09254419803619385 0.023524761199951172
vt 0.12006962299346924 0.023524761199951172
vt 0.12006962299346924 0.023524761199951172
vt 0.09860776364803314 0.029588401317596436
vt 0.11400605738162994 0.029588401317596436
vt 0.1143762394785881 0.0022767186164855957
vt 0.11400605738162994 0.002062976360321045
vt 0.12006962299346924 0.008126616477966309
vt 0.09860776364803314 0.029588401317596436
vt 0.10630691051483154 0.03165137767791748
vt 0.11400605738162994 0.029588401317596436
vt 0.09275791794061661 0.023894965648651123
vt 0.09860776364803314 0.029588401317596436
vt 0.09254419803619385 0.023524761199951172
vt 0.12213265895843506 0.01582568883895874
vt 0.12006962299346924 0.008126616477966309
vt 0.12006962299346924 0.023524761199951172
vt 0.1142197847366333 0.029531121253967285
vt 0.1143762394785881 0.029374659061431885
vt 0.11400605738162994 0.029588401317596436
vt 0.09048137068748474 0.01582568883895874
vt 0.09254419803619385 0.023524761199951172
vt 0.09254419803619385 0.008126616477966309
vt 0.10646893829107285 0.0015410780906677246
vt 0.09677504003047943 0.006039977073669434
vt 0.1161992996931076 0.006039977073669434
vt 0.09676660597324371 0.025446057319641113
vt 0.10646893829107285 0.029963135719299316
vt 0.11620770394802094 0.02544611692428589
vt 0.09677504003047943 0.006039977073669434
vt 0.09676660597324371 0.025446057319641113
vt 0.1161992996931076 0.006039977073669434
vt 0.10648711025714874 0.0015326142311096191
vt 0.10646893829107285 0.0015410780906677246
vt 0.1161992996931076 0.006039977073669434
vt 0.11620770394802094 0.02544611692428589
vt 0.10646893829107285 0.029963135719299316
vt 0.1161992996931076 0.025464177131652832
vt 0.10646893829107285 0.029963135719299316
vt 0.10648711025714874 0.029971599578857422
vt 0.1161992996931076 0.025464177131652832
vt 0.1161992996931076 0.006039977073669434
vt 0.09676660597324371 0.025446057319641113
vt 0.11620770394802094 0.02544611692428589
vt 0.09677504003047943 0.025464177131652832
vt 0.10646893829107285 0.029963135719299316
vt 0.09676660597324371 0.025446057319641113
vt 0.12001235783100128 0.007912874221801758
vt 0.1143762394785881 0.0022767186164855957
vt 0.12006962299346924 0.008126616477966309
vt 0.12001235783100128 0.023738503456115723
vt 0.12006962299346924 0.023524761199951172
vt 0.1143762394785881 0.029374659061431885
vt 0.09254419803619385 0.023524761199951172
vt 0.09860776364803314 0.029588401317596436
vt 0.12006962299346924 0.023524761199951172
vt 0.1142197847366333 0.0021202564239501953
vt 0.11400605738162994 0.002062976360321045
vt 0.1143762394785881 0.0022767186164855957
vt 0.09254419803619385 0.008126616477966309
vt 0.09254419803619385 0.023524761199951172
vt 0.12006962299346924 0.008126616477966309
vt 0.09260145574808121 0.023738503456115723
vt 0.09275791794061661 0.023894965648651123
vt 0.09254419803619385 0.023524761199951172
vt 0.11400605738162994 0.002062976360321045
vt 0.09860776364803314 0.002062976360321045
vt 0.12006962299346924 0.008126616477966309
vt 0.12070663273334503 0.015752136707305908
vt 0.1161992996931076 0.006039977073669434
vt 0.11620770394802094 0.02544611692428589
vt 0.09260145574808121 0.007912874221801758
vt 0.09254419803619385 0.008126616477966309
vt 0.09275791794061661 0.007756412029266357
vt 0.09275791794061661 0.007756412029266357
vt 0.09254419803619385 0.008126616477966309
vt 0.09860776364803314 0.002062976360321045
vt 0.09839402884244919 0.029531121253967285
vt 0.09860776364803314 0.029588401317596436
vt 0.09275791794061661 0.023894965648651123
vt 0.09860776364803314 0.002062976360321045
vt 0.09254419803619385 0.008126616477966309
vt 0.12006962299346924 0.008126616477966309
vt 0.862296462059021 0.09257364273071289
vt 0.8623046875 0.09259033203125
vt 0.8623046875 0.09257370233535767
vt 0.862296462059021 0.09257364273071289
vt 0.85791015625 0.09259033203125
vt 0.8623046875 0.09259033203125
vt 0.85791015625 0.09257364273071289
vt 0.85791015625 0.09259033203125
vt 0.862296462059021 0.09257364273071289
vt 0.857901930809021 0.09257364273071289
vt 0.85791015625 0.09259033203125
vt 0.85791015625 0.09257364273071289
vt 0.857901930809021 0.09257364273071289
vt 0.853515625 0.09259033203125
vt 0.85791015625 0.09259033203125
vt 0.853515625 0.09257364273071289
vt 0.853515625 0.09259033203125
vt 0.857901930809021 0.09257364273071289
vt 0.853515625 0.09257364273071289
vt 0.849609375 0.09259033203125
vt 0.853515625 0.09259033203125
vt 0.849609375 0.09257364273071289
vt 0.849609375 0.09259033203125
vt 0.853515625 0.09257364273071289
vt 0.849609375 0.09257364273071289
vt 0.84521484375 0.09259033203125
vt 0.849609375 0.09259033203125
vt 0.845223069190979 0.09257364273071289
vt 0.84521484375 0.09259033203125
vt 0.849609375 0.09257364273071289
vt 0.84521484375 0.09257370233535767
vt 0.84521484375 0.09259033203125
vt 0.845223069190979 0.09257364273071289
vt 0.84521484375 0.09257370233535767
vt 0.8408203125 0.09259033203125
vt 0.84521484375 0.09259033203125
vt 0.8408203125 0.09257370233535767
vt 0.8408203125 0.09259033203125
vt 0.84521484375 0.09257370233535767
vt 0.8408203125 0.09257370233535767
vt 0.8369140625 0.09259033203125
vt 0.8408203125 0.09259033203125
vt 0.8369140625 0.09257370233535767
vt 0.8369140625 0.09259033203125
vt 0.8408203125 0.09257370233535767
vt 0.8369140625 0.09257370233535767
vt 0.83251953125 0.09259033203125
vt 0.8369140625 0.09259033203125
vt 0.8325276970863342 0.09257370233535767
vt 0.83251953125 0.09259033203125
vt 0.8369140625 0.09257370233535767
vt 0.83251953125 0.09257370233535767
vt 0.83251953125 0.09259033203125
vt 0.8325276970863342 0.09257370233535767
vt 0.83251953125 0.09257370233535767
vt 0.82861328125 0.09257370233535767
vt 0.83251953125 0.09259033203125
vt 0.8877720236778259 0.11611270904541016
vt 0.89111328125 0.11981201171875
vt 0.89111328125 0.11611270904541016
vt 0.8877720236778259 0.11611270904541016
vt 0.8876953125 0.11981201171875
vt 0.89111328125 0.11981201171875
vt 0.8876953125 0.11611270904541016
vt 0.8876953125 0.11981201171875
vt 0.8877720236778259 0.11611270904541016
vt 0.8838766813278198 0.11611270904541016
vt 0.8876953125 0.11981201171875
vt 0.8876953125 0.11611270904541016
vt 0.8838766813278198 0.11611270904541016
vt 0.8837890625 0.11981201171875
vt 0.8876953125 0.11981201171875
vt 0.8837890625 0.11611270904541016
vt 0.8837890625 0.11981201171875
vt 0.8838766813278198 0.11611270904541016
vt 0.8837890625 0.11611270904541016
vt 0.88037109375 0.11981201171875
vt 0.8837890625 0.11981201171875
vt 0.8837123513221741 0.11611270904541016
vt 0.88037109375 0.11981201171875
vt 0.8837890625 0.11611270904541016
vt 0.88037109375 0.11611270904541016
vt 0.88037109375 0.11981201171875
vt 0.8837123513221741 0.11611270904541016
vt 0.8770298361778259 0.11611270904541016
vt 0.88037109375 0.11981201171875
vt 0.88037109375 0.11611270904541016
vt 0.8770298361778259 0.11611270904541016
vt 0.876953125 0.11981201171875
vt 0.88037109375 0.11981201171875
vt 0.876953125 0.11611270904541016
vt 0.876953125 0.11981201171875
vt 0.8770298361778259 0.11611270904541016
vt 0.876953125 0.11611270904541016
vt 0.87353515625 0.11981201171875
vt 0.876953125 0.11981201171875
vt 0.8768764138221741 0.11611270904541016
vt 0.87353515625 0.11981201171875
vt 0.876953125 0.11611270904541016
vt 0.87353515625 0.11611270904541016
vt 0.87353515625 0.11981201171875
vt 0.8768764138221741 0.11611270904541016
vt 0.87353515625 0.11611270904541016
vt 0.86962890625 0.11981201171875
vt 0.87353515625 0.11981201171875
vt 0.8734475374221802 0.11611270904541016
vt 0.86962890625 0.11981201171875
vt 0.87353515625 0.11611270904541016
vt 0.86962890625 0.11611270904541016
vt 0.86962890625 0.11981201171875
vt 0.8734475374221802 0.11611270904541016
vt 0.8662876486778259 0.11611270904541016
vt 0.86962890625 0.11981201171875
vt 0.86962890625 0.11611270904541016
vt 0.8662876486778259 0.11611270904541016
vt 0.8662109375 0.11981201171875
vt 0.86962890625 0.11981201171875
vt 0.8662109375 0.11611270904541016
vt 0.8662109375 0.11981201171875
vt 0.8662876486778259 0.11611270904541016
vt 0.8662109375 0.11611270904541016
vt 0.86279296875 0.11981201171875
vt 0.8662109375 0.11981201171875
vt 0.8661342263221741 0.11611270904541016
vt 0.86279296875 0.11981201171875
vt 0.8662109375 0.11611270904541016
vt 0.86279296875 0.11611270904541016
vt 0.86279296875 0.11981201171875
vt 0.8661342263221741 0.11611270904541016
vt 0.86279296875 0.11611270904541016
vt 0.859375 0.11981201171875
vt 0.86279296875 0.11981201171875
vt 0.8627162575721741 0.11611270904541016
vt 0.859375 0.11981201171875
vt 0.86279296875 0.11611270904541016
vt 0.859375 0.11611270904541016
vt 0.859375 0.11981201171875
vt 0.8627162575721741 0.11611270904541016
vt 0.8555563688278198 0.11611270904541016
vt 0.859375 0.11981201171875
vt 0.859375 0.11611270904541016
vt 0.8555563688278198 0.11611270904541016
vt 0.85546875 0.11981201171875
vt 0.859375 0.11981201171875
vt 0.85546875 0.11611270904541016
vt 0.85546875 0.11981201171875
vt 0.8555563688278198 0.11611270904541016
vt 0.8521274924278259 0.11611270904541016
vt 0.85546875 0.11981201171875
vt 0.85546875 0.11611270904541016
vt 0.8521274924278259 0.11611270904541016
vt 0.85205078125 0.11981201171875
vt 0.85546875 0.11981201171875
vt 0.85205078125 0.11611270904541016
vt 0.85205078125 0.11981201171875
vt 0.8521274924278259 0.11611270904541016
vt 0.85205078125 0.11611270904541016
vt 0.8486328125 0.11981201171875
vt 0.85205078125 0.11981201171875
vt 0.8519740700721741 0.11611270904541016
vt 0.8486328125 0.11981201171875
vt 0.85205078125 0.11611270904541016
vt 0.8519740700721741 0.11611270904541016
vt 0.8486328125 0.11611270904541016
vt 0.8486328125 0.11981201171875
vn 0.015871016183348567 0 -0.9998740474906367
vn 0.015871016183348567 0 -0.9998740474906367
vn 0.015871016183348567 0 -0.9998740474906367
vn 0.015871016183348567 0 -0.9998740474906367
vn 0.015871016183348567 0 -0.9998740474906367
vn 0.015871016183348567 0 -0.9998740474906367
vn -0.015871016183348567 0 0.9998740474906367
vn -0.015871016183348567 0 0.9998740474906367
vn -0.015871016183348567 0 0.9998740474906367
vn -0.015871016183348567 0 0.9998740474906367
vn -0.015871016183348567 0 0.9998740474906367
vn -0.015871016183348567 0 0.9998740474906367
vn -0.8797065108806087 0 0.4755170393521826
vn -0.8797065108806087 0 0.4755170393521826
vn -0.8797065108806087 0 0.4755170393521826
vn -0.8797065108806087 0 0.4755170393521826
vn -0.8797065108806087 0 0.4755170393521826
vn -0.8797065108806087 0 0.4755170393521826
vn 0 -1 0
vn 0 -1 0
vn 0 -1 0
vn 0 -1 0
vn 0 -1 0
vn 0 -1 0
vn 0.8797065108806087 0 -0.4755170393521826
vn 0.8797065108806087 0 -0.4755170393521826
vn 0.8797065108806087 0 -0.4755170393521826
vn 0.8797065108806087 0 -0.4755170393521826
vn 0.8797065108806087 0 -0.4755170393521826
vn 0.8797065108806087 0 -0.4755170393521826
vn 0 -1 0
vn 0 -1 0
vn 0 -1 0
vn 0 -1 0
vn 0 -1 0
vn 0 -1 0
vn 0 -1 0
vn 0 -1 0
vn 0 -1 0
vn 0 -1 0
vn 0 -1 0
vn 0 -1 0
vn 0 -1 0
vn 0 -1 0
vn 0 -1 0
vn 0 -1 0
vn 0 -1 0
vn 0 -1 0
vn 0 0 -1
vn 0 0 -1
vn 0.7071067811865476 0 -0.7071067811865476
vn 0.5121604324915794 0.00787939149834986 0.8588536584189733
vn 0.5063126239167197 0.007911134748698746 0.8623137136851962
vn 1 0 0
vn 0.5121604324915794 0.00787939149834986 0.8588536584189733
vn 1 0 0
vn 1 0 0
vn 1 0 0
vn 1 0 0
vn 0.48496776042006184 0 -0.8745320299183728
vn 1 0 0
vn 0.48496776042006184 0 -0.8745320299183728
vn 0.48496776042006184 0 -0.8745320299183728
vn 0.48496776042006184 0 -0.8745320299183728
vn -0.5063126239167197 -0.007911134748698746 -0.8623137136851962
vn 0.48496776042006184 0 -0.8745320299183728
vn -0.5063126239167197 -0.007911134748698746 -0.8623137136851962
vn 0.48496776042006184 0 -0.8745320299183728
vn -0.5121604324915794 -0.00787939149834986 -0.8588536584189733
vn -0.5121604324915794 -0.00787939149834986 -0.8588536584189733
vn -1 0 0
vn -0.5063126239167197 -0.007911134748698746 -0.8623137136851962
vn -1 0 0
vn -0.5121604324915794 -0.00787939149834986 -0.8588536584189733
vn -1 0 0
vn -1 0 0
vn -0.48496776042006184 0 0.8745320299183728
vn -1 0 0
vn -0.48496776042006184 0 0.8745320299183728
vn -1 0 0
vn -0.48496776042006184 0 0.8745320299183728
vn 0.5063126239167197 0.007911134748698746 0.8623137136851962
vn -0.48496776042006184 0 0.8745320299183728
vn -0.48496776042006184 0 0.8745320299183728
vn -0.48496776042006184 0 0.8745320299183728
vn 0.5063126239167197 0.007911134748698746 0.8623137136851962
vn 0.5121604324915794 0.00787939149834986 0.8588536584189733
vn 0.9612260664405996 0 0.2757615803463783
vn 0.9612260664405996 0 0.2757615803463783
vn 0.9111787541129059 0 0.41201125961950646
vn 0.9612260664405996 0 0.2757615803463783
vn 0.9111787541129059 0 0.41201125961950646
vn 0.9111787541129059 0 0.41201125961950646
vn 0.8677572604028473 0 0.4969882664793456
vn 0.9111787541129059 0 0.41201125961950646
vn 0.9111787541129059 0 0.41201125961950646
vn 0.9111787541129059 0 0.41201125961950646
vn 0.8677572604028473 0 0.4969882664793456
vn 0.8677572604028473 0 0.4969882664793456
vn -0.8357054922066949 0 0.5491778676308484
vn -0.6100936147658279 0 0.7923293388622976
vn -0.6100936147658279 0 0.7923293388622976
vn -0.6362646432812227 0 0.7714708702927274
vn -0.6100936147658279 0 0.7923293388622976
vn -0.6100936147658279 0 0.7923293388622976
vn -0.6100936147658279 0 0.7923293388622976
vn -0.6362646432812227 0 0.7714708702927274
vn -0.6362646432812227 0 0.7714708702927274
vn -0.8928413567991519 0 0.45037130413587595
vn -0.6362646432812227 0 0.7714708702927274
vn -0.6362646432812227 0 0.7714708702927274
vn -0.6362646432812227 0 0.7714708702927274
vn -0.8928413567991519 0 0.45037130413587595
vn -0.8928413567991519 0 0.45037130413587595
vn -0.8912216011491239 0 -0.4535681400243981
vn -0.9908783422247647 0 -0.1347594557346609
vn -0.9908783422247647 0 -0.1347594557346609
vn -0.9908783422247647 0 -0.1347594557346609
vn -0.9848627728328895 0 -0.17333585517114614
vn -0.9908783422247647 0 -0.1347594557346609
vn -0.9908783422247647 0 -0.1347594557346609
vn -0.9848627728328895 0 -0.17333585517114614
vn -0.9848627728328895 0 -0.17333585517114614
vn -0.9848627728328895 0 -0.17333585517114614
vn -0.8357054922066949 0 -0.5491778676308484
vn -0.9848627728328895 0 -0.17333585517114614
vn -0.8357054922066949 0 -0.5491778676308484
vn -0.8357054922066949 0 -0.5491778676308484
vn -0.9848627728328895 0 -0.17333585517114614
vn 0.8745320299183728 0 -0.48496776042006184
vn 0.8745320299183728 0 -0.48496776042006184
vn 0.9848627728328895 0 -0.17333585517114614
vn 0.8745320299183728 0 -0.48496776042006184
vn 0.9848627728328895 0 -0.17333585517114614
vn 0.9848627728328895 0 -0.17333585517114614
vn 0.93698019916409 0 -0.3493824643201518
vn 0.9848627728328895 0 -0.17333585517114614
vn 0.9848627728328895 0 -0.17333585517114614
vn 0.9848627728328895 0 -0.17333585517114614
vn 0.93698019916409 0 -0.3493824643201518
vn 0.93698019916409 0 -0.3493824643201518
vn 0.93698019916409 0 -0.3493824643201518
vn 0.93698019916409 0 -0.3493824643201518
vn 0.9767443436285596 0 -0.2144072927621968
vn 0.9767443436285596 0 -0.2144072927621968
vn 0.93698019916409 0 -0.3493824643201518
vn 0.9767443436285596 0 -0.2144072927621968
vn 1 0 0
vn 0.9767443436285596 0 -0.2144072927621968
vn 0.9767443436285596 0 -0.2144072927621968
vn 1 0 0
vn 0.9767443436285596 0 -0.2144072927621968
vn 1 0 0
vn -0.48160064181374496 0.007895092473482334 -0.8763552300976039
vn -0.48160064181374496 0.007895092473482334 -0.8763552300976039
vn -0.48496776042006184 0 -0.8745320299183728
vn -0.48496776042006184 0 -0.8745320299183728
vn -0.48496776042006184 0 -0.8745320299183728
vn -0.48160064181374496 0.007895092473482334 -0.8763552300976039
vn -0.48496776042006184 0 -0.8745320299183728
vn -0.48573591056220977 -0.10351748498342613 -0.8679543510421542
vn -0.48496776042006184 0 -0.8745320299183728
vn -0.48496776042006184 0 -0.8745320299183728
vn -0.48573591056220977 -0.10351748498342613 -0.8679543510421542
vn -0.4336897402896706 -0.1340495487744191 -0.891035312230022
vn -0.48573591056220977 -0.10351748498342613 -0.8679543510421542
vn -0.2684498425799506 -0.007895584207913153 -0.9632613050303722
vn -0.4336897402896706 -0.1340495487744191 -0.891035312230022
vn -0.2684498425799506 -0.007895584207913153 -0.9632613050303722
vn -0.48573591056220977 -0.10351748498342613 -0.8679543510421542
vn -0.49697280055997584 -0.007888456826521891 -0.867730262093279
vn -0.4336897402896706 -0.1340495487744191 -0.891035312230022
vn -0.2684498425799506 -0.007895584207913153 -0.9632613050303722
vn 0.19104865685933128 -0.3741369641920616 -0.9074810977300812
vn 0.19104865685933128 -0.3741369641920616 -0.9074810977300812
vn -0.2684498425799506 -0.007895584207913153 -0.9632613050303722
vn 0.2144072927621968 0 -0.9767443436285596
vn -0.23859924319525513 0.8748638718477203 -0.42152533361859373
vn -0.2684498425799506 -0.007895584207913153 -0.9632613050303722
vn -0.49697280055997584 -0.007888456826521891 -0.867730262093279
vn -0.2684498425799506 -0.007895584207913153 -0.9632613050303722
vn 0.3938962179106464 0.6538677145791157 -0.6459897687632309
vn 0.2144072927621968 0 -0.9767443436285596
vn -0.2684498425799506 -0.007895584207913153 -0.9632613050303722
vn -0.23859924319525513 0.8748638718477203 -0.42152533361859373
vn -0.031535189700486466 0.8435663608095935 -0.5360982435347215
vn -0.2684498425799506 -0.007895584207913153 -0.9632613050303722
vn -0.031535189700486466 0.8435663608095935 -0.5360982435347215
vn 0.3938962179106464 0.6538677145791157 -0.6459897687632309
vn 0.23859924319525513 0.8748638718477203 0.42152533361859373
vn -0.031535189700486466 0.8435663608095935 -0.5360982435347215
vn -0.23859924319525513 0.8748638718477203 -0.42152533361859373
vn 0.4463462121875169 0.8448696521149047 0.2949073240885954
vn 0.3938962179106464 0.6538677145791157 -0.6459897687632309
vn -0.031535189700486466 0.8435663608095935 -0.5360982435347215
vn -0.031535189700486466 0.8435663608095935 -0.5360982435347215
vn 0.23859924319525513 0.8748638718477203 0.42152533361859373
vn 0.4463462121875169 0.8448696521149047 0.2949073240885954
vn 0.3938962179106464 0.6538677145791157 -0.6459897687632309
vn 0.4463462121875169 0.8448696521149047 0.2949073240885954
vn 0.7563745944964476 0.6539489004442361 -0.01575780467289104
vn 0.49697280055997584 -0.007888456826521891 0.867730262093279
vn 0.4463462121875169 0.8448696521149047 0.2949073240885954
vn 0.23859924319525513 0.8748638718477203 0.42152533361859373
vn 0.4463462121875169 0.8448696521149047 0.2949073240885954
vn 0.953342220204369 0 0.30189172094611066
vn 0.7563745944964476 0.6539489004442361 -0.01575780467289104
vn 0.4463462121875169 0.8448696521149047 0.2949073240885954
vn 0.49697280055997584 -0.007888456826521891 0.867730262093279
vn 0.6910422398905796 0 0.7228143763699022
vn 0.4463462121875169 0.8448696521149047 0.2949073240885954
vn 0.6910422398905796 0 0.7228143763699022
vn 0.953342220204369 0 0.30189172094611066
vn 0.49697280055997584 -0.007888456826521891 0.867730262093279
vn 0.5442188515483843 -0.1340829017826491 0.8281591737515815
vn 0.6910422398905796 0 0.7228143763699022
vn 0.5442188515483843 -0.1340829017826491 0.8281591737515815
vn 0.953342220204369 0 0.30189172094611066
vn 0.6910422398905796 0 0.7228143763699022
vn 0.8823429188139638 -0.3736046485780488 0.28616523230421936
vn 0.953342220204369 0 0.30189172094611066
vn 0.5442188515483843 -0.1340829017826491 0.8281591737515815
vn 0.5442188515483843 -0.1340829017826491 0.8281591737515815
vn 0.49697280055997584 -0.007888456826521891 0.867730262093279
vn 0.4917847731876864 -0.10311616043760961 0.8645893790218228
vn 0.4917847731876864 -0.10311616043760961 0.8645893790218228
vn 0.50040991798952 0 0.8657886081357978
vn 0.5442188515483843 -0.1340829017826491 0.8281591737515815
vn 0.50040991798952 0 0.8657886081357978
vn 0.4917847731876864 -0.10311616043760961 0.8645893790218228
vn 0.5121604324915794 0.00787939149834986 0.8588536584189733
vn 0.5121604324915794 0.00787939149834986 0.8588536584189733
vn 0.5121604324915794 0.00787939149834986 0.8588536584189733
vn 0.50040991798952 0 0.8657886081357978
vn 0.5121604324915794 0.00787939149834986 0.8588536584189733
vn 0.5121604324915794 0.00787939149834986 0.8588536584189733
vn 0.5121604324915794 0.00787939149834986 0.8588536584189733
vn 0.4421527090086317 0.8606187109846117 -0.25265869511954986
vn 0.4421527090086317 0.8606187109846117 -0.25265869511954986
vn 0.8364106931168345 0.27617332069917666 -0.473440016658717
vn 0.4421527090086317 0.8606187109846117 -0.25265869511954986
vn 0.8364106931168345 0.27617332069917666 -0.473440016658717
vn 0.8364106931168345 0.27617332069917666 -0.473440016658717
vn 0.8675143700365762 -0.023659482548249147 -0.49684911861207093
vn 0.8364106931168345 0.27617332069917666 -0.473440016658717
vn 0.8364106931168345 0.27617332069917666 -0.473440016658717
vn 0.8364106931168345 0.27617332069917666 -0.473440016658717
vn 0.8675143700365762 -0.023659482548249147 -0.49684911861207093
vn 0.8675143700365762 -0.023659482548249147 -0.49684911861207093
vn 0.8675143700365762 -0.023659482548249147 -0.49684911861207093
vn 0.5398015489324571 -0.7858875553168496 -0.3016538383117739
vn 0.8675143700365762 -0.023659482548249147 -0.49684911861207093
vn 0.5398015489324571 -0.7858875553168496 -0.3016538383117739
vn 0.8675143700365762 -0.023659482548249147 -0.49684911861207093
vn 0.5398015489324571 -0.7858875553168496 -0.3016538383117739
vn 0 -0.4024741268172207 -0.9154313612951632
vn 0 -0.4024741268172207 -0.9154313612951632
vn 0 -0.22196371977486928 -0.975054925172784
vn 0 -0.4024741268172207 -0.9154313612951632
vn 0 -0.22196371977486928 -0.975054925172784
vn 0 -0.22196371977486928 -0.975054925172784
vn 0 -0.22196371977486928 -0.975054925172784
vn 0 0.3090860561644492 -0.9510340739872083
vn 0 -0.22196371977486928 -0.975054925172784
vn 0 0.3090860561644492 -0.9510340739872083
vn 0 -0.22196371977486928 -0.975054925172784
vn 0 0.3090860561644492 -0.9510340739872083
vn 0 0.9279287085235605 -0.37275771205676905
vn 0 0.3090860561644492 -0.9510340739872083
vn 0 0.3090860561644492 -0.9510340739872083
vn 0 0.3090860561644492 -0.9510340739872083
vn 0 0.9279287085235605 -0.37275771205676905
vn 0 0.9279287085235605 -0.37275771205676905
vn 0 0.9279287085235605 0.37275771205676905
vn 0 0.9279287085235605 -0.37275771205676905
vn 0 0.9279287085235605 -0.37275771205676905
vn 0 0.9279287085235605 0.37275771205676905
vn 0 0.9279287085235605 0.37275771205676905
vn 0 0.9279287085235605 -0.37275771205676905
vn 0 0.9279287085235605 0.37275771205676905
vn 0 0.3090860561644492 0.9510340739872083
vn 0 0.9279287085235605 0.37275771205676905
vn 0 0.3090860561644492 0.9510340739872083
vn 0 0.9279287085235605 0.37275771205676905
vn 0 0.3090860561644492 0.9510340739872083
vn 0 0.3090860561644492 0.9510340739872083
vn 0 -0.23695617333028182 0.9715203404564771
vn 0 0.3090860561644492 0.9510340739872083
vn 0 0.3090860561644492 0.9510340739872083
vn 0 -0.23695617333028182 0.9715203404564771
vn 0 -0.23695617333028182 0.9715203404564771
vn 0 -0.23695617333028182 0.9715203404564771
vn 0 -0.23695617333028182 0.9715203404564771
vn 0 -0.4024741268172207 0.9154313612951632
vn 0 -0.23695617333028182 0.9715203404564771
vn 0 -0.4024741268172207 0.9154313612951632
vn 0 -0.4024741268172207 0.9154313612951632
vn -0.4598542459828707 0 -0.8879944101465534
vn -0.4598542459828707 0 -0.8879944101465534
vn -0.15799049820083025 0 -0.9874406323816403
vn -0.15799049820083025 0 -0.9874406323816403
vn -0.4598542459828707 0 -0.8879944101465534
vn -0.15799049820083025 0 -0.9874406323816403
vn -0.15799049820083025 0 -0.9874406323816403
vn -0.15799049820083025 0 -0.9874406323816403
vn 0 0 -1
vn 0 0 -1
vn -0.15799049820083025 0 -0.9874406323816403
vn 0 0 -1
vn -0.49697280055997584 0.007888456826521891 0.867730262093279
vn -0.49697280055997584 0.007888456826521891 0.867730262093279
vn -1 0 0
vn -1 0 0
vn -1 0 0
vn -0.49697280055997584 0.007888456826521891 0.867730262093279
vn -1 0 0
vn -1 0 0
vn -0.50040991798952 0 -0.8657886081357978
vn -0.50040991798952 0 -0.8657886081357978
vn -0.50040991798952 0 -0.8657886081357978
vn -1 0 0
vn -0.50040991798952 0 -0.8657886081357978
vn -0.50040991798952 0 -0.8657886081357978
vn 0.49697280055997584 -0.007888456826521891 -0.867730262093279
vn -0.50040991798952 0 -0.8657886081357978
vn 0.49697280055997584 -0.007888456826521891 -0.867730262093279
vn 0.49697280055997584 -0.007888456826521891 -0.867730262093279
vn 1 0 0
vn 0.49697280055997584 -0.007888456826521891 -0.867730262093279
vn 0.49697280055997584 -0.007888456826521891 -0.867730262093279
vn 0.49697280055997584 -0.007888456826521891 -0.867730262093279
vn 1 0 0
vn 1 0 0
vn 0.50040991798952 0 0.8657886081357978
vn 1 0 0
vn 1 0 0
vn 1 0 0
vn 0.50040991798952 0 0.8657886081357978
vn 0.50040991798952 0 0.8657886081357978
vn -0.49697280055997584 0.007888456826521891 0.867730262093279
vn 0.50040991798952 0 0.8657886081357978
vn 0.50040991798952 0 0.8657886081357978
vn 0.50040991798952 0 0.8657886081357978
vn -0.49697280055997584 0.007888456826521891 0.867730262093279
vn -0.49697280055997584 0.007888456826521891 0.867730262093279
vn 0.8912216011491239 0 0.4535681400243981
vn 0.9908783422247647 0 0.1347594557346609
vn 0.9908783422247647 0 0.1347594557346609
vn 0.9848627728328895 0 0.17333585517114614
vn 0.9908783422247647 0 0.1347594557346609
vn 0.9908783422247647 0 0.1347594557346609
vn 0.9848627728328895 0 0.17333585517114614
vn 0.9908783422247647 0 0.1347594557346609
vn 0.9848627728328895 0 0.17333585517114614
vn 0.9848627728328895 0 0.17333585517114614
vn 0.8357054922066949 0 0.5491778676308484
vn 0.9848627728328895 0 0.17333585517114614
vn 0.8357054922066949 0 0.5491778676308484
vn 0.8357054922066949 0 0.5491778676308484
vn 0.9848627728328895 0 0.17333585517114614
vn 0 0 -1
vn -0.4969882664793456 0 -0.8677572604028473
vn 0 0 -1
vn -0.4969882664793456 0 -0.8677572604028473
vn 0 0 -1
vn -0.50040991798952 0 -0.8657886081357978
vn -0.50040991798952 0 -0.8657886081357978
vn -0.8657886081357978 0 -0.50040991798952
vn -0.4969882664793456 0 -0.8677572604028473
vn -0.8657886081357978 0 -0.50040991798952
vn -0.50040991798952 0 -0.8657886081357978
vn -0.8677572604028473 0 -0.4969882664793456
vn -0.8677572604028473 0 -0.4969882664793456
vn -1 0 0
vn -0.8657886081357978 0 -0.50040991798952
vn -1 0 0
vn -0.8677572604028473 0 -0.4969882664793456
vn -1 0 0
vn -0.8677572604028473 0 0.4969882664793456
vn -1 0 0
vn -1 0 0
vn -0.8657886081357978 0 0.50040991798952
vn -1 0 0
vn -0.8677572604028473 0 0.4969882664793456
vn -0.50040991798952 0 0.8657886081357978
vn -0.8657886081357978 0 0.50040991798952
vn -0.8677572604028473 0 0.4969882664793456
vn -0.4969882664793456 0 0.8677572604028473
vn -0.8657886081357978 0 0.50040991798952
vn -0.50040991798952 0 0.8657886081357978
vn -0.50040991798952 0 0.8657886081357978
vn 0 0 1
vn -0.4969882664793456 0 0.8677572604028473
vn 0 0 1
vn -0.4969882664793456 0 0.8677572604028473
vn 0 0 1
vn 0 0 1
vn 0.4969882664793456 0 0.8677572604028473
vn 0 0 1
vn 0.50040991798952 0 0.8657886081357978
vn 0 0 1
vn 0.4969882664793456 0 0.8677572604028473
vn 0.4969882664793456 0 0.8677572604028473
vn 0.8657886081357978 0 0.50040991798952
vn 0.50040991798952 0 0.8657886081357978
vn 0.8677572604028473 0 0.4969882664793456
vn 0.50040991798952 0 0.8657886081357978
vn 0.8657886081357978 0 0.50040991798952
vn 0.8657886081357978 0 0.50040991798952
vn 1 0 0
vn 0.8677572604028473 0 0.4969882664793456
vn 0.8677572604028473 0 0.4969882664793456
vn 1 0 0
vn 1 0 0
vn 1 0 0
vn 0.8677572604028473 0 -0.4969882664793456
vn 1 0 0
vn 0.8677572604028473 0 -0.4969882664793456
vn 1 0 0
vn 0.8657886081357978 0 -0.50040991798952
vn 0.8657886081357978 0 -0.50040991798952
vn 0.50040991798952 0 -0.8657886081357978
vn 0.8677572604028473 0 -0.4969882664793456
vn 0.50040991798952 0 -0.8657886081357978
vn 0.8657886081357978 0 -0.50040991798952
vn 0.4969882664793456 0 -0.8677572604028473
vn 0.4969882664793456 0 -0.8677572604028473
vn 0 0 -1
vn 0.50040991798952 0 -0.8657886081357978
vn 0 0 -1
vn 0.4969882664793456 0 -0.8677572604028473
vn 0 0 -1
vn 0 1 0
vn 0 1 0
vn 0 1 0
vn 0 1 0
vn 0 1 0
vn 0 1 0
vn 0 1 0
vn 0 1 0
vn 0 1 0
vn 0 1 0
vn 0 1 0
vn 0 1 0
vn 0 1 0
vn 0 1 0
vn 0 1 0
vn 0 1 0
vn 0 1 0
vn 0 1 0
vn 0 1 0
vn 0 1 0
vn 0 1 0
vn 0 1 0
vn 0 1 0
vn 0 1 0
vn 0 1 0
vn 0 1 0
vn 0 1 0
vn 0 1 0
vn 0 1 0
vn 0 1 0
vn 0 1 0
vn 0 0 -1
vn 0 0 -1
vn 0 0 -1
vn 0 1 0
vn 0 1 0
vn 0 0 1
vn 0 1 0
vn 0 1 0
vn 0 1 0
vn 0 0 1
vn 0 0 1
vn 0 0 1
vn 0 0 1
vn 0 -1 0
vn 0 -1 0
vn 0 -1 0
vn 0 0 1
vn 0 0 -1
vn 0 -1 0
vn 0 -1 0
vn 0 -1 0
vn 0 0 -1
vn 0 0 -1
vn 0 0 -1
vn 0.7071067811865476 0 -0.7071067811865476
vn 0 0 -1
vn 0.7071067811865476 0 -0.7071067811865476
vn 0 0 -1
vn 0.7071067811865476 0 -0.7071067811865476
vn 0.7071067811865476 0 -0.7071067811865476
vn 1 0 0
vn 0.7071067811865476 0 -0.7071067811865476
vn 1 0 0
vn 0.7071067811865476 0 -0.7071067811865476
vn 1 0 0
vn 0.7071067811865476 0 0.7071067811865476
vn 1 0 0
vn 1 0 0
vn 0.7071067811865476 0 0.7071067811865476
vn 0.7071067811865476 0 0.7071067811865476
vn 1 0 0
vn 0.7071067811865476 0 0.7071067811865476
vn 0.7071067811865476 0 0.7071067811865476
vn 0 0 1
vn 0 0 1
vn 0 0 1
vn 0.7071067811865476 0 0.7071067811865476
vn 0 0 1
vn -0.7071067811865476 0 0.7071067811865476
vn 0 0 1
vn -0.7071067811865476 0 0.7071067811865476
vn 0 0 1
vn -0.7071067811865476 0 0.7071067811865476
vn -0.7071067811865476 0 0.7071067811865476
vn -1 0 0
vn -0.7071067811865476 0 0.7071067811865476
vn -1 0 0
vn -0.7071067811865476 0 0.7071067811865476
vn -1 0 0
vn -1 0 0
vn -0.7071067811865476 0 -0.7071067811865476
vn -1 0 0
vn -0.7071067811865476 0 -0.7071067811865476
vn -1 0 0
vn -0.7071067811865476 0 -0.7071067811865476
vn 0 0 -1
vn -0.7071067811865476 0 -0.7071067811865476
vn -0.7071067811865476 0 -0.7071067811865476
vn -0.7071067811865476 0 -0.7071067811865476
vn 0 0 -1
vn 0 0 -1
vn 1 0 0
vn 1 0 0
vn 1 0 0
vn 1 0 0
vn 1 0 0
vn 1 0 0
vn 1 0 0
vn 1 0 0
vn 1 0 0
vn 1 0 0
vn 1 0 0
vn 1 0 0
vn 1 0 0
vn 1 0 0
vn 1 0 0
vn 1 0 0
vn 1 0 0
vn 1 0 0
vn 0 -0.4024741268172207 0.9154313612951632
vn 0 -0.22196371977486928 0.975054925172784
vn 0 -0.4024741268172207 0.9154313612951632
vn 0 -0.22196371977486928 0.975054925172784
vn 0 -0.4024741268172207 0.9154313612951632
vn 0 -0.22196371977486928 0.975054925172784
vn 0 -0.22196371977486928 0.975054925172784
vn 0 0.3090860561644492 0.9510340739872083
vn 0 -0.22196371977486928 0.975054925172784
vn 0 0.3090860561644492 0.9510340739872083
vn 0 -0.22196371977486928 0.975054925172784
vn 0 0.3090860561644492 0.9510340739872083
vn 0 0.9279287085235605 0.37275771205676905
vn 0 0.3090860561644492 0.9510340739872083
vn 0 0.3090860561644492 0.9510340739872083
vn 0 0.3090860561644492 0.9510340739872083
vn 0 0.9279287085235605 0.37275771205676905
vn 0 0.9279287085235605 0.37275771205676905
vn 0 0.9279287085235605 0.37275771205676905
vn 0 0.9279287085235605 -0.37275771205676905
vn 0 0.9279287085235605 0.37275771205676905
vn 0 0.9279287085235605 -0.37275771205676905
vn 0 0.9279287085235605 0.37275771205676905
vn 0 0.9279287085235605 -0.37275771205676905
vn 0 0.3090860561644492 -0.9510340739872083
vn 0 0.9279287085235605 -0.37275771205676905
vn 0 0.9279287085235605 -0.37275771205676905
vn 0 0.3090860561644492 -0.9510340739872083
vn 0 0.3090860561644492 -0.9510340739872083
vn 0 0.9279287085235605 -0.37275771205676905
vn 0 -0.23695617333028182 -0.9715203404564771
vn 0 0.3090860561644492 -0.9510340739872083
vn 0 0.3090860561644492 -0.9510340739872083
vn 0 -0.23695617333028182 -0.9715203404564771
vn 0 -0.23695617333028182 -0.9715203404564771
vn 0 0.3090860561644492 -0.9510340739872083
vn 0 -0.23695617333028182 -0.9715203404564771
vn 0 -0.4024741268172207 -0.9154313612951632
vn 0 -0.23695617333028182 -0.9715203404564771
vn 0 -0.4024741268172207 -0.9154313612951632
vn 0 -0.23695617333028182 -0.9715203404564771
vn 0 -0.4024741268172207 -0.9154313612951632
vn 0.9999685074109705 0 0.00793625769966721
vn 1 0 0
vn 0.9999685074109705 0 0.00793625769966721
vn 0.9999685074109705 0 0.00793625769966721
vn 1 0 0
vn 1 0 0
vn 1 0 0
vn 0.9938837350370618 -0.11043152280385991 0
vn 1 0 0
vn 1 0 0
vn 0.9938837350370618 -0.11043152280385991 0
vn 0.9903806019221174 -0.1267687103703107 0.055461314512301296
vn 0.9938837350370618 -0.11043152280385991 0
vn 0.9696468567271705 -0.007883307407255 0.2443825417320983
vn 0.9903806019221174 -0.1267687103703107 0.055461314512301296
vn 0.9903806019221174 -0.1267687103703107 0.055461314512301296
vn 0.9696468567271705 -0.007883307407255 0.2443825417320983
vn 0.6853581286715122 -0.37812862990898133 0.6223367052545103
vn 0.7416996328939621 -0.007890420932993428 0.6706857653346028
vn 0.6853581286715122 -0.37812862990898133 0.6223367052545103
vn 0.9696468567271705 -0.007883307407255 0.2443825417320983
vn 0.9696468567271705 -0.007883307407255 0.2443825417320983
vn 0.9938837350370618 -0.11043152280385991 0
vn 1 0 0
vn 0.3629706876397873 0.6549253601622359 0.6628160020176531
vn 0.7416996328939621 -0.007890420932993428 0.6706857653346028
vn 0.9696468567271705 -0.007883307407255 0.2443825417320983
vn 0.48119587084703624 0.8440648979783497 0.23665371723376824
vn 0.9696468567271705 -0.007883307407255 0.2443825417320983
vn 1 0 0
vn 0.3629706876397873 0.6549253601622359 0.6628160020176531
vn 0.9696468567271705 -0.007883307407255 0.2443825417320983
vn 0.48119587084703624 0.8440648979783497 0.23665371723376824
vn 0.48119587084703624 0.8440648979783497 0.23665371723376824
vn 1 0 0
vn 0.49101307036015573 0.8711522052635192 0
vn -0.48496776042006184 0.8745320299183728 0
vn 0.48119587084703624 0.8440648979783497 0.23665371723376824
vn 0.49101307036015573 0.8711522052635192 0
vn -0.4783040677710586 0.845003860016079 0.2391520338855293
vn 0.3629706876397873 0.6549253601622359 0.6628160020176531
vn 0.48119587084703624 0.8440648979783497 0.23665371723376824
vn 0.48119587084703624 0.8440648979783497 0.23665371723376824
vn -0.48496776042006184 0.8745320299183728 0
vn -0.4783040677710586 0.845003860016079 0.2391520338855293
vn 0.3629706876397873 0.6549253601622359 0.6628160020176531
vn -0.4783040677710586 0.845003860016079 0.2391520338855293
vn -0.35794416557714626 0.6522537558739162 0.6681624145951717
vn -1 0 0
vn -0.4783040677710586 0.845003860016079 0.2391520338855293
vn -0.48496776042006184 0.8745320299183728 0
vn -0.9696468567271705 -0.007883307407255 0.2443825417320983
vn -0.35794416557714626 0.6522537558739162 0.6681624145951717
vn -0.4783040677710586 0.845003860016079 0.2391520338855293
vn -0.4783040677710586 0.845003860016079 0.2391520338855293
vn -1 0 0
vn -0.9696468567271705 -0.007883307407255 0.2443825417320983
vn -0.35794416557714626 0.6522537558739162 0.6681624145951717
vn -0.9696468567271705 -0.007883307407255 0.2443825417320983
vn -0.7416996328939621 -0.007890420932993428 0.6706857653346028
vn -0.9696468567271705 -0.007883307407255 0.2443825417320983
vn -0.6853581286715122 -0.37812862990898133 0.6223367052545103
vn -0.7416996328939621 -0.007890420932993428 0.6706857653346028
vn -0.6853581286715122 -0.37812862990898133 0.6223367052545103
vn -0.9696468567271705 -0.007883307407255 0.2443825417320983
vn -0.9903806019221174 -0.1267687103703107 0.055461314512301296
vn -1 0 0
vn -0.9938837350370618 -0.11043152280385991 0
vn -0.9696468567271705 -0.007883307407255 0.2443825417320983
vn -0.9903806019221174 -0.1267687103703107 0.055461314512301296
vn -0.9696468567271705 -0.007883307407255 0.2443825417320983
vn -0.9938837350370618 -0.11043152280385991 0
vn -0.9938837350370618 -0.11043152280385991 0
vn -1 0 0
vn -0.9903806019221174 -0.1267687103703107 0.055461314512301296
vn -1 0 0
vn -0.9938837350370618 -0.11043152280385991 0
vn -0.9999685074109705 0 0.00793625769966721
vn -0.9999685074109705 0 0.00793625769966721
vn -0.9998740474906367 0 0.015871016183348567
vn -1 0 0
vn -0.9998740474906367 0 0.015871016183348567
vn -0.9999685074109705 0 0.00793625769966721
vn -0.9998740474906367 0 0.015871016183348567
vn 0 -0.7854916625692189 0.6188722388621454
vn 0 -0.015871016183348567 0.9998740474906367
vn 0 -0.7854916625692189 0.6188722388621454
vn 0 -0.015871016183348567 0.9998740474906367
vn 0 -0.7854916625692189 0.6188722388621454
vn 0 -0.015871016183348567 0.9998740474906367
vn 0 0.2757615803463783 0.9612260664405996
vn 0 -0.015871016183348567 0.9998740474906367
vn 0 -0.015871016183348567 0.9998740474906367
vn 0 -0.015871016183348567 0.9998740474906367
vn 0 0.2757615803463783 0.9612260664405996
vn 0 0.2757615803463783 0.9612260664405996
vn 0 0.8588803246330011 0.5121763250661931
vn 0 0.2757615803463783 0.9612260664405996
vn 0 0.2757615803463783 0.9612260664405996
vn 0 0.8588803246330011 0.5121763250661931
vn 0 0.8588803246330011 0.5121763250661931
vn 0 0.2757615803463783 0.9612260664405996
vn 0 -0.26845821285395616 -0.96329133077759
vn 0 -0.6707066788728475 -0.7417226913849644
vn 0 -0.6707066788728475 -0.7417226913849644
vn 0 -0.6707066788728475 -0.7417226913849644
vn 0 -0.26845821285395616 -0.96329133077759
vn 0 -0.26845821285395616 -0.96329133077759
vn 0 0 -1
vn 0 -0.26845821285395616 -0.96329133077759
vn 0 -0.26845821285395616 -0.96329133077759
vn 0 -0.26845821285395616 -0.96329133077759
vn 0 0 -1
vn 0 0 -1
vn 0 0 -1
vn 0 0 -1
vn 0 0 -1
vn 0 0 -1
vn 0 0 -1
vn 0 0 -1
vn 0 0 -1
vn 0 0 -1
vn 0 0 -1
vn 0 0 -1
vn 0 0 -1
vn 0 0 -1
vn 0 0 -1
vn 0 0 -1
vn 0 0 -1
vn 0 0 -1
vn 0 0 -1
vn 0 0 -1
vn 0.8357054922066949 0 -0.5491778676308484
vn 0.6100936147658279 0 -0.7923293388622976
vn 0.6100936147658279 0 -0.7923293388622976
vn 0.6100936147658279 0 -0.7923293388622976
vn 0.6362646432812227 0 -0.7714708702927274
vn 0.6100936147658279 0 -0.7923293388622976
vn 0.6362646432812227 0 -0.7714708702927274
vn 0.6100936147658279 0 -0.7923293388622976
vn 0.6362646432812227 0 -0.7714708702927274
vn 0.8928413567991519 0 -0.45037130413587595
vn 0.6362646432812227 0 -0.7714708702927274
vn 0.6362646432812227 0 -0.7714708702927274
vn 0.6362646432812227 0 -0.7714708702927274
vn 0.8928413567991519 0 -0.45037130413587595
vn 0.8928413567991519 0 -0.45037130413587595
vn 0.8677572604028473 0 0.4969882664793456
vn 0.8677572604028473 0 0.4969882664793456
vn 0.8677572604028473 0 0.4969882664793456
vn 0.8677572604028473 0 0.4969882664793456
vn 0.8677572604028473 0 0.4969882664793456
vn 0.8677572604028473 0 0.4969882664793456
vn 0.8677572604028473 0 0.4969882664793456
vn 0.8677572604028473 0 0.4969882664793456
vn 0.8677572604028473 0 0.4969882664793456
vn 0.8677572604028473 0 0.4969882664793456
vn 0.8677572604028473 0 0.4969882664793456
vn 0.8677572604028473 0 0.4969882664793456
vn 0.8677572604028473 0 0.4969882664793456
vn 0.8677572604028473 0 0.4969882664793456
vn 0.8677572604028473 0 0.4969882664793456
vn 0.8677572604028473 0 0.4969882664793456
vn 0.8677572604028473 0 0.4969882664793456
vn 0.8677572604028473 0 0.4969882664793456
vn -0.33983865506237426 0 0.9404837523984115
vn 0 0 1
vn 0 0 1
vn 0 0 1
vn -0.33983865506237426 0 0.9404837523984115
vn -0.33983865506237426 0 0.9404837523984115
vn -0.33983865506237426 0 0.9404837523984115
vn -0.15799049820083025 0 0.9874406323816403
vn -0.33983865506237426 0 0.9404837523984115
vn -0.15799049820083025 0 0.9874406323816403
vn -0.33983865506237426 0 0.9404837523984115
vn -0.15799049820083025 0 0.9874406323816403
vn -0.29241931815433664 0 0.9562901977800216
vn -0.15799049820083025 0 0.9874406323816403
vn -0.15799049820083025 0 0.9874406323816403
vn -0.15799049820083025 0 0.9874406323816403
vn -0.29241931815433664 0 0.9562901977800216
vn -0.29241931815433664 0 0.9562901977800216
vn -0.4969882664793456 0 0.8677572604028473
vn -0.29241931815433664 0 0.9562901977800216
vn -0.29241931815433664 0 0.9562901977800216
vn -0.29241931815433664 0 0.9562901977800216
vn -0.4969882664793456 0 0.8677572604028473
vn -0.4969882664793456 0 0.8677572604028473
vn -0.8677572604028473 0 -0.4969882664793456
vn -0.8677572604028473 0 -0.4969882664793456
vn -0.8677572604028473 0 -0.4969882664793456
vn -0.8677572604028473 0 -0.4969882664793456
vn -0.8677572604028473 0 -0.4969882664793456
vn -0.8677572604028473 0 -0.4969882664793456
vn -0.8677572604028473 0 -0.4969882664793456
vn -0.8677572604028473 0 -0.4969882664793456
vn -0.8677572604028473 0 -0.4969882664793456
vn -0.8677572604028473 0 -0.4969882664793456
vn -0.8677572604028473 0 -0.4969882664793456
vn -0.8677572604028473 0 -0.4969882664793456
vn -0.8677572604028473 0 -0.4969882664793456
vn -0.8677572604028473 0 -0.4969882664793456
vn -0.8677572604028473 0 -0.4969882664793456
vn 0.6790837563944812 -0.6238095089353833 0.38691982162065136
vn 0.892813486574224 -0.4503572496598931 -0.007901004363659132
vn 0.6790837563944812 -0.6238095089353833 0.38691982162065136
vn 0.892813486574224 -0.4503572496598931 -0.007901004363659132
vn 0.6790837563944812 -0.6238095089353833 0.38691982162065136
vn 0.892813486574224 -0.4503572496598931 -0.007901004363659132
vn 0.892813486574224 -0.4503572496598931 -0.007901004363659132
vn 0.9874406323816403 0 -0.15799049820083025
vn 0.892813486574224 -0.4503572496598931 -0.007901004363659132
vn 0.9874406323816403 0 -0.15799049820083025
vn 0.892813486574224 -0.4503572496598931 -0.007901004363659132
vn 0.9874406323816403 0 -0.15799049820083025
vn 0.892813486574224 0.4503572496598931 -0.007901004363659132
vn 0.9874406323816403 0 -0.15799049820083025
vn 0.9874406323816403 0 -0.15799049820083025
vn 0.9874406323816403 0 -0.15799049820083025
vn 0.892813486574224 0.4503572496598931 -0.007901004363659132
vn 0.892813486574224 0.4503572496598931 -0.007901004363659132
vn 0.6790837563944812 0.6238095089353833 0.38691982162065136
vn 0.892813486574224 0.4503572496598931 -0.007901004363659132
vn 0.892813486574224 0.4503572496598931 -0.007901004363659132
vn 0.892813486574224 0.4503572496598931 -0.007901004363659132
vn 0.6790837563944812 0.6238095089353833 0.38691982162065136
vn 0.6790837563944812 0.6238095089353833 0.38691982162065136
vn 0.4491950248548331 0.4491950248548331 0.7723002390853778
vn 0.6790837563944812 0.6238095089353833 0.38691982162065136
vn 0.6790837563944812 0.6238095089353833 0.38691982162065136
vn 0.4491950248548331 0.4491950248548331 0.7723002390853778
vn 0.6790837563944812 0.6238095089353833 0.38691982162065136
vn 0.4491950248548331 0.4491950248548331 0.7723002390853778
vn 0.36589846504871254 0 0.9306547766357813
vn 0.4491950248548331 0.4491950248548331 0.7723002390853778
vn 0.4491950248548331 0.4491950248548331 0.7723002390853778
vn 0.4491950248548331 0.4491950248548331 0.7723002390853778
vn 0.36589846504871254 0 0.9306547766357813
vn 0.36589846504871254 0 0.9306547766357813
vn 0.36589846504871254 0 0.9306547766357813
vn 0.4491950248548331 -0.4491950248548331 0.7723002390853778
vn 0.36589846504871254 0 0.9306547766357813
vn 0.4491950248548331 -0.4491950248548331 0.7723002390853778
vn 0.36589846504871254 0 0.9306547766357813
vn 0.4491950248548331 -0.4491950248548331 0.7723002390853778
vn 0.6790837563944812 -0.6238095089353833 0.38691982162065136
vn 0.4491950248548331 -0.4491950248548331 0.7723002390853778
vn 0.4491950248548331 -0.4491950248548331 0.7723002390853778
vn 0.4491950248548331 -0.4491950248548331 0.7723002390853778
vn 0.6790837563944812 -0.6238095089353833 0.38691982162065136
vn 0.6790837563944812 -0.6238095089353833 0.38691982162065136
vn 0 0.9998740474906367 -0.015871016183348567
vn 0 0.9994964752316072 -0.0317300488432236
vn 0 0.9998740474906367 -0.015871016183348567
vn 0 0.9994964752316072 -0.0317300488432236
vn 0 0.9998740474906367 -0.015871016183348567
vn 0 0.9988681378930027 -0.047565145875580896
vn 0 0.9988681378930027 -0.047565145875580896
vn 0 0.9962108620381728 -0.08697079025259419
vn 0 0.9994964752316072 -0.0317300488432236
vn 0 0.9962108620381728 -0.08697079025259419
vn 0 0.9988681378930027 -0.047565145875580896
vn 0 0.9962108620381728 -0.08697079025259419
vn 0 -0.9988681378930027 -0.047565145875580896
vn 0 -0.9962108620381728 -0.08697079025259419
vn 0 -0.9962108620381728 -0.08697079025259419
vn 0 -0.9962108620381728 -0.08697079025259419
vn 0 -0.9988681378930027 -0.047565145875580896
vn 0 -0.9994964752316072 -0.0317300488432236
vn 0 -0.9998740474906367 -0.015871016183348567
vn 0 -0.9994964752316072 -0.0317300488432236
vn 0 -0.9988681378930027 -0.047565145875580896
vn 0 -0.9994964752316072 -0.0317300488432236
vn 0 -0.9998740474906367 -0.015871016183348567
vn 0 -0.9998740474906367 -0.015871016183348567
vn -0.3465534151844866 -0.7088592055005147 0.6143446566880417
vn 0 -1 0
vn 0 -1 0
vn 0 -1 0
vn -0.3465534151844866 -0.7088592055005147 0.6143446566880417
vn -0.3465534151844866 -0.7088592055005147 0.6143446566880417
vn -0.4969882664793456 0 0.8677572604028473
vn -0.3465534151844866 -0.7088592055005147 0.6143446566880417
vn -0.3465534151844866 -0.7088592055005147 0.6143446566880417
vn -0.3465534151844866 -0.7088592055005147 0.6143446566880417
vn -0.4969882664793456 0 0.8677572604028473
vn -0.4969882664793456 0 0.8677572604028473
vn -0.4969882664793456 0 0.8677572604028473
vn -0.3465534151844866 0.7088592055005147 0.6143446566880417
vn -0.4969882664793456 0 0.8677572604028473
vn -0.3465534151844866 0.7088592055005147 0.6143446566880417
vn -0.4969882664793456 0 0.8677572604028473
vn -0.3465534151844866 0.7088592055005147 0.6143446566880417
vn -0.3465534151844866 0.7088592055005147 0.6143446566880417
vn -0.3465534151844866 0.7088592055005147 0.6143446566880417
vn 0 1 0
vn 0 1 0
vn 0 1 0
vn -0.3465534151844866 0.7088592055005147 0.6143446566880417
vn 0 1 0
vn 0 1 0
vn 0.3465534151844866 0.7088592055005147 -0.6143446566880417
vn 0.3465534151844866 0.7088592055005147 -0.6143446566880417
vn 0.3465534151844866 0.7088592055005147 -0.6143446566880417
vn 0 1 0
vn 0.3465534151844866 0.7088592055005147 -0.6143446566880417
vn 0.4969882664793456 0 -0.8677572604028473
vn 0.3465534151844866 0.7088592055005147 -0.6143446566880417
vn 0.4969882664793456 0 -0.8677572604028473
vn 0.3465534151844866 0.7088592055005147 -0.6143446566880417
vn 0.4969882664793456 0 -0.8677572604028473
vn 0.3465534151844866 -0.7088592055005147 -0.6143446566880417
vn 0.4969882664793456 0 -0.8677572604028473
vn 0.4969882664793456 0 -0.8677572604028473
vn 0.4969882664793456 0 -0.8677572604028473
vn 0.3465534151844866 -0.7088592055005147 -0.6143446566880417
vn 0.3465534151844866 -0.7088592055005147 -0.6143446566880417
vn 0.3465534151844866 -0.7088592055005147 -0.6143446566880417
vn 0.3465534151844866 -0.7088592055005147 -0.6143446566880417
vn 0 -1 0
vn 0 -1 0
vn 0.3465534151844866 -0.7088592055005147 -0.6143446566880417
vn 0 -1 0
vn -0.6790837563944812 -0.6238095089353833 -0.38691982162065136
vn -0.892813486574224 -0.4503572496598931 0.007901004363659132
vn -0.6790837563944812 -0.6238095089353833 -0.38691982162065136
vn -0.892813486574224 -0.4503572496598931 0.007901004363659132
vn -0.6790837563944812 -0.6238095089353833 -0.38691982162065136
vn -0.892813486574224 -0.4503572496598931 0.007901004363659132
vn -0.892813486574224 -0.4503572496598931 0.007901004363659132
vn -0.9874406323816403 0 0.15799049820083025
vn -0.892813486574224 -0.4503572496598931 0.007901004363659132
vn -0.9874406323816403 0 0.15799049820083025
vn -0.892813486574224 -0.4503572496598931 0.007901004363659132
vn -0.9874406323816403 0 0.15799049820083025
vn -0.892813486574224 0.4503572496598931 0.007901004363659132
vn -0.9874406323816403 0 0.15799049820083025
vn -0.9874406323816403 0 0.15799049820083025
vn -0.9874406323816403 0 0.15799049820083025
vn -0.892813486574224 0.4503572496598931 0.007901004363659132
vn -0.892813486574224 0.4503572496598931 0.007901004363659132
vn -0.6790837563944812 0.6238095089353833 -0.38691982162065136
vn -0.892813486574224 0.4503572496598931 0.007901004363659132
vn -0.892813486574224 0.4503572496598931 0.007901004363659132
vn -0.892813486574224 0.4503572496598931 0.007901004363659132
vn -0.6790837563944812 0.6238095089353833 -0.38691982162065136
vn -0.6790837563944812 0.6238095089353833 -0.38691982162065136
vn -0.6790837563944812 0.6238095089353833 -0.38691982162065136
vn -0.4491950248548331 0.4491950248548331 -0.7723002390853778
vn -0.6790837563944812 0.6238095089353833 -0.38691982162065136
vn -0.6790837563944812 0.6238095089353833 -0.38691982162065136
vn -0.4491950248548331 0.4491950248548331 -0.7723002390853778
vn -0.4491950248548331 0.4491950248548331 -0.7723002390853778
vn -0.36589846504871254 0 -0.9306547766357813
vn -0.4491950248548331 0.4491950248548331 -0.7723002390853778
vn -0.4491950248548331 0.4491950248548331 -0.7723002390853778
vn -0.4491950248548331 0.4491950248548331 -0.7723002390853778
vn -0.36589846504871254 0 -0.9306547766357813
vn -0.36589846504871254 0 -0.9306547766357813
vn -0.36589846504871254 0 -0.9306547766357813
vn -0.4491950248548331 -0.4491950248548331 -0.7723002390853778
vn -0.36589846504871254 0 -0.9306547766357813
vn -0.4491950248548331 -0.4491950248548331 -0.7723002390853778
vn -0.36589846504871254 0 -0.9306547766357813
vn -0.4491950248548331 -0.4491950248548331 -0.7723002390853778
vn -0.4491950248548331 -0.4491950248548331 -0.7723002390853778
vn -0.6790837563944812 -0.6238095089353833 -0.38691982162065136
vn -0.4491950248548331 -0.4491950248548331 -0.7723002390853778
vn -0.4491950248548331 -0.4491950248548331 -0.7723002390853778
vn -0.6790837563944812 -0.6238095089353833 -0.38691982162065136
vn -0.6790837563944812 -0.6238095089353833 -0.38691982162065136
vn 0 0.9962108620381728 0.08697079025259419
vn 0 0.9988681378930027 0.047565145875580896
vn 0 0.9962108620381728 0.08697079025259419
vn 0 0.9988681378930027 0.047565145875580896
vn 0 0.9962108620381728 0.08697079025259419
vn 0 0.9994964752316072 0.0317300488432236
vn 0 0.9994964752316072 0.0317300488432236
vn 0 0.9998740474906367 0.015871016183348567
vn 0 0.9988681378930027 0.047565145875580896
vn 0 0.9998740474906367 0.015871016183348567
vn 0 0.9994964752316072 0.0317300488432236
vn 0 0.9998740474906367 0.015871016183348567
vn -0.93698019916409 0 -0.3493824643201518
vn -0.9994964752316072 0 -0.0317300488432236
vn -0.9994964752316072 0 -0.0317300488432236
vn -0.9994964752316072 0 -0.0317300488432236
vn -0.93698019916409 0 -0.3493824643201518
vn -0.93698019916409 0 -0.3493824643201518
vn -0.93698019916409 0 -0.3493824643201518
vn -0.8677572604028473 0 -0.4969882664793456
vn -0.93698019916409 0 -0.3493824643201518
vn -0.93698019916409 0 -0.3493824643201518
vn -0.8677572604028473 0 -0.4969882664793456
vn -0.8677572604028473 0 -0.4969882664793456
vn 0 -0.9988681378930027 0.047565145875580896
vn 0 -0.9962108620381728 0.08697079025259419
vn 0 -0.9962108620381728 0.08697079025259419
vn 0 -0.9962108620381728 0.08697079025259419
vn 0 -0.9988681378930027 0.047565145875580896
vn 0 -0.9994964752316072 0.0317300488432236
vn 0 -0.9998740474906367 0.015871016183348567
vn 0 -0.9994964752316072 0.0317300488432236
vn 0 -0.9988681378930027 0.047565145875580896
vn 0 -0.9994964752316072 0.0317300488432236
vn 0 -0.9998740474906367 0.015871016183348567
vn 0 -0.9998740474906367 0.015871016183348567
vn -0.8677572604028473 0 -0.4969882664793456
vn -0.8677572604028473 0 -0.4969882664793456
vn -0.8677572604028473 0 -0.4969882664793456
vn -0.8677572604028473 0 -0.4969882664793456
vn -0.8677572604028473 0 -0.4969882664793456
vn -0.8677572604028473 0 -0.4969882664793456
vn -0.8677572604028473 0 -0.4969882664793456
vn -0.8677572604028473 0 -0.4969882664793456
vn -0.8677572604028473 0 -0.4969882664793456
vn -0.8677572604028473 0 -0.4969882664793456
vn -0.8677572604028473 0 -0.4969882664793456
vn -0.8677572604028473 0 -0.4969882664793456
vn -0.8677572604028473 0 -0.4969882664793456
vn -0.8677572604028473 0 -0.4969882664793456
vn -0.8677572604028473 0 -0.4969882664793456
vn -0.8677572604028473 0 -0.4969882664793456
vn -0.8677572604028473 0 -0.4969882664793456
vn -0.8677572604028473 0 -0.4969882664793456
vn 0.4969882664793456 0 -0.8677572604028473
vn 0.29241931815433664 0 -0.9562901977800216
vn 0.4969882664793456 0 -0.8677572604028473
vn 0.29241931815433664 0 -0.9562901977800216
vn 0.4969882664793456 0 -0.8677572604028473
vn 0.29241931815433664 0 -0.9562901977800216
vn 0.29241931815433664 0 -0.9562901977800216
vn 0.15799049820083025 0 -0.9874406323816403
vn 0.29241931815433664 0 -0.9562901977800216
vn 0.15799049820083025 0 -0.9874406323816403
vn 0.29241931815433664 0 -0.9562901977800216
vn 0.15799049820083025 0 -0.9874406323816403
vn 0.15799049820083025 0 -0.9874406323816403
vn 0.33983865506237426 0 -0.9404837523984115
vn 0.15799049820083025 0 -0.9874406323816403
vn 0.33983865506237426 0 -0.9404837523984115
vn 0.15799049820083025 0 -0.9874406323816403
vn 0.33983865506237426 0 -0.9404837523984115
vn 0.33983865506237426 0 -0.9404837523984115
vn 0 0 -1
vn 0.33983865506237426 0 -0.9404837523984115
vn 0 0 -1
vn 0.33983865506237426 0 -0.9404837523984115
vn 0 0 -1
vn 0.8677572604028473 0 0.4969882664793456
vn 0.8677572604028473 0 0.4969882664793456
vn 0.8677572604028473 0 0.4969882664793456
vn 0.8677572604028473 0 0.4969882664793456
vn 0.8677572604028473 0 0.4969882664793456
vn 0.8677572604028473 0 0.4969882664793456
vn 0.8677572604028473 0 0.4969882664793456
vn 0.8677572604028473 0 0.4969882664793456
vn 0.8677572604028473 0 0.4969882664793456
vn 0.8677572604028473 0 0.4969882664793456
vn 0.8677572604028473 0 0.4969882664793456
vn 0.8677572604028473 0 0.4969882664793456
vn 0.8677572604028473 0 0.4969882664793456
vn 0.8677572604028473 0 0.4969882664793456
vn 0.8677572604028473 0 0.4969882664793456
vn 0 0 -1
vn 0 0 -1
vn 0 0 -1
vn 0 0 -1
vn 0 0 -1
vn 0 0 -1
vn 0 0 -1
vn 0 0 -1
vn 0 0 -1
vn 0 0 -1
vn 0 0 -1
vn 0 0 -1
vn 0 0 -1
vn 0 0 -1
vn 0 0 -1
vn 0 0 -1
vn 0 0 -1
vn 0 0 -1
vn 0 0 1
vn 0 0 1
vn 0 0 1
vn 0 0 1
vn 0 0 1
vn 0 0 1
vn 0 0 1
vn 0 0 1
vn 0 0 1
vn 0 0 1
vn 0 0 1
vn 0 0 1
vn 0 0 1
vn 0 0 1
vn 0 0 1
vn -0.4969882664793456 0 -0.8677572604028473
vn -0.4969882664793456 0 -0.8677572604028473
vn -0.4969882664793456 0 -0.8677572604028473
vn -0.4969882664793456 0 -0.8677572604028473
vn -0.4969882664793456 0 -0.8677572604028473
vn -0.4969882664793456 0 -0.8677572604028473
vn -0.4969882664793456 0 -0.8677572604028473
vn -0.4969882664793456 0 -0.8677572604028473
vn -0.4969882664793456 0 -0.8677572604028473
vn -0.4969882664793456 0 -0.8677572604028473
vn -0.4969882664793456 0 -0.8677572604028473
vn -0.4969882664793456 0 -0.8677572604028473
vn -0.4969882664793456 0 -0.8677572604028473
vn -0.4969882664793456 0 -0.8677572604028473
vn -0.4969882664793456 0 -0.8677572604028473
vn -0.4969882664793456 0 -0.8677572604028473
vn -0.4969882664793456 0 -0.8677572604028473
vn -0.4969882664793456 0 -0.8677572604028473
vn -0.7968443720950648 -0.3984221860475324 0.45420128613372235
vn -0.8440648979783497 -0.23665371723376824 0.48119587084703624
vn -0.7968443720950648 -0.3984221860475324 0.45420128613372235
vn -0.7968443720950648 -0.3984221860475324 0.45420128613372235
vn -0.8440648979783497 -0.23665371723376824 0.48119587084703624
vn -0.8440648979783497 -0.23665371723376824 0.48119587084703624
vn -0.8440648979783497 -0.23665371723376824 0.48119587084703624
vn -0.8269086894219084 0.3100907734343765 0.4691116408589877
vn -0.8440648979783497 -0.23665371723376824 0.48119587084703624
vn -0.8269086894219084 0.3100907734343765 0.4691116408589877
vn -0.8440648979783497 -0.23665371723376824 0.48119587084703624
vn -0.8269086894219084 0.3100907734343765 0.4691116408589877
vn -0.3251613670246306 0.9278995376723831 0.18240760231429864
vn -0.8269086894219084 0.3100907734343765 0.4691116408589877
vn -0.8269086894219084 0.3100907734343765 0.4691116408589877
vn -0.8269086894219084 0.3100907734343765 0.4691116408589877
vn -0.3251613670246306 0.9278995376723831 0.18240760231429864
vn -0.3251613670246306 0.9278995376723831 0.18240760231429864
vn -0.3251613670246306 0.9278995376723831 0.18240760231429864
vn 0.3251613670246306 0.9278995376723831 -0.18240760231429864
vn -0.3251613670246306 0.9278995376723831 0.18240760231429864
vn 0.3251613670246306 0.9278995376723831 -0.18240760231429864
vn -0.3251613670246306 0.9278995376723831 0.18240760231429864
vn 0.3251613670246306 0.9278995376723831 -0.18240760231429864
vn 0.8269086894219084 0.3100907734343765 -0.4691116408589877
vn 0.3251613670246306 0.9278995376723831 -0.18240760231429864
vn 0.3251613670246306 0.9278995376723831 -0.18240760231429864
vn 0.3251613670246306 0.9278995376723831 -0.18240760231429864
vn 0.8269086894219084 0.3100907734343765 -0.4691116408589877
vn 0.8269086894219084 0.3100907734343765 -0.4691116408589877
vn 0.8269086894219084 0.3100907734343765 -0.4691116408589877
vn 0.8456186518292056 -0.22918635243882324 -0.48208164405455683
vn 0.8269086894219084 0.3100907734343765 -0.4691116408589877
vn 0.8456186518292056 -0.22918635243882324 -0.48208164405455683
vn 0.8456186518292056 -0.22918635243882324 -0.48208164405455683
vn 0.8269086894219084 0.3100907734343765 -0.4691116408589877
vn 0.8456186518292056 -0.22918635243882324 -0.48208164405455683
vn 0.7968443720950648 -0.3984221860475324 -0.45420128613372235
vn 0.8456186518292056 -0.22918635243882324 -0.48208164405455683
vn 0.8456186518292056 -0.22918635243882324 -0.48208164405455683
vn 0.7968443720950648 -0.3984221860475324 -0.45420128613372235
vn 0.7968443720950648 -0.3984221860475324 -0.45420128613372235
vn -0.50040991798952 0 -0.8657886081357978
vn 0.49697280055997584 0.007888456826521891 -0.867730262093279
vn 0.49697280055997584 0.007888456826521891 -0.867730262093279
vn 0.49697280055997584 0.007888456826521891 -0.867730262093279
vn -0.50040991798952 0 -0.8657886081357978
vn -0.50040991798952 0 -0.8657886081357978
vn -1 0 0
vn -0.50040991798952 0 -0.8657886081357978
vn -0.50040991798952 0 -0.8657886081357978
vn -0.50040991798952 0 -0.8657886081357978
vn -1 0 0
vn -1 0 0
vn -0.49697280055997584 -0.007888456826521891 0.867730262093279
vn -1 0 0
vn -1 0 0
vn -1 0 0
vn -0.49697280055997584 -0.007888456826521891 0.867730262093279
vn -0.49697280055997584 -0.007888456826521891 0.867730262093279
vn -0.49697280055997584 -0.007888456826521891 0.867730262093279
vn -0.49697280055997584 -0.007888456826521891 0.867730262093279
vn 0.50040991798952 0 0.8657886081357978
vn 0.50040991798952 0 0.8657886081357978
vn -0.49697280055997584 -0.007888456826521891 0.867730262093279
vn 0.50040991798952 0 0.8657886081357978
vn 0.50040991798952 0 0.8657886081357978
vn 1 0 0
vn 0.50040991798952 0 0.8657886081357978
vn 1 0 0
vn 0.50040991798952 0 0.8657886081357978
vn 1 0 0
vn 1 0 0
vn 0.49697280055997584 0.007888456826521891 -0.867730262093279
vn 1 0 0
vn 0.49697280055997584 0.007888456826521891 -0.867730262093279
vn 1 0 0
vn 0.49697280055997584 0.007888456826521891 -0.867730262093279
vn -0.9999685074109705 0 -0.00793625769966721
vn -1 0 0
vn -0.9999685074109705 0 -0.00793625769966721
vn -1 0 0
vn -0.9999685074109705 0 -0.00793625769966721
vn -1 0 0
vn -1 0 0
vn -0.9938837350370618 -0.11043152280385991 0
vn -1 0 0
vn -0.9903806019221174 -0.1267687103703107 -0.055461314512301296
vn -1 0 0
vn -0.9938837350370618 -0.11043152280385991 0
vn -0.9938837350370618 -0.11043152280385991 0
vn -0.9696468567271705 -0.007883307407255 -0.2443825417320983
vn -0.9903806019221174 -0.1267687103703107 -0.055461314512301296
vn -0.9903806019221174 -0.1267687103703107 -0.055461314512301296
vn -0.9696468567271705 -0.007883307407255 -0.2443825417320983
vn -0.6853581286715122 -0.37812862990898133 -0.6223367052545103
vn -0.6853581286715122 -0.37812862990898133 -0.6223367052545103
vn -0.9696468567271705 -0.007883307407255 -0.2443825417320983
vn -0.7416996328939621 -0.007890420932993428 -0.6706857653346028
vn -0.9696468567271705 -0.007883307407255 -0.2443825417320983
vn -0.9938837350370618 -0.11043152280385991 0
vn -1 0 0
vn -0.9696468567271705 -0.007883307407255 -0.2443825417320983
vn -0.3629706876397873 0.6549253601622359 -0.6628160020176531
vn -0.7416996328939621 -0.007890420932993428 -0.6706857653346028
vn -1 0 0
vn -0.48119587084703624 0.8440648979783497 -0.23665371723376824
vn -0.9696468567271705 -0.007883307407255 -0.2443825417320983
vn -0.9696468567271705 -0.007883307407255 -0.2443825417320983
vn -0.48119587084703624 0.8440648979783497 -0.23665371723376824
vn -0.3629706876397873 0.6549253601622359 -0.6628160020176531
vn -1 0 0
vn -0.49101307036015573 0.8711522052635192 0
vn -0.48119587084703624 0.8440648979783497 -0.23665371723376824
vn 0.48496776042006184 0.8745320299183728 0
vn -0.48119587084703624 0.8440648979783497 -0.23665371723376824
vn -0.49101307036015573 0.8711522052635192 0
vn 0.4783040677710586 0.845003860016079 -0.2391520338855293
vn -0.3629706876397873 0.6549253601622359 -0.6628160020176531
vn -0.48119587084703624 0.8440648979783497 -0.23665371723376824
vn -0.48119587084703624 0.8440648979783497 -0.23665371723376824
vn 0.48496776042006184 0.8745320299183728 0
vn 0.4783040677710586 0.845003860016079 -0.2391520338855293
vn -0.3629706876397873 0.6549253601622359 -0.6628160020176531
vn 0.4783040677710586 0.845003860016079 -0.2391520338855293
vn 0.35794416557714626 0.6522537558739162 -0.6681624145951717
vn 1 0 0
vn 0.4783040677710586 0.845003860016079 -0.2391520338855293
vn 0.48496776042006184 0.8745320299183728 0
vn 0.9696468567271705 -0.007883307407255 -0.2443825417320983
vn 0.35794416557714626 0.6522537558739162 -0.6681624145951717
vn 0.4783040677710586 0.845003860016079 -0.2391520338855293
vn 0.4783040677710586 0.845003860016079 -0.2391520338855293
vn 1 0 0
vn 0.9696468567271705 -0.007883307407255 -0.2443825417320983
vn 0.35794416557714626 0.6522537558739162 -0.6681624145951717
vn 0.9696468567271705 -0.007883307407255 -0.2443825417320983
vn 0.7416996328939621 -0.007890420932993428 -0.6706857653346028
vn 0.9696468567271705 -0.007883307407255 -0.2443825417320983
vn 0.6853581286715122 -0.37812862990898133 -0.6223367052545103
vn 0.7416996328939621 -0.007890420932993428 -0.6706857653346028
vn 0.6853581286715122 -0.37812862990898133 -0.6223367052545103
vn 0.9696468567271705 -0.007883307407255 -0.2443825417320983
vn 0.9903806019221174 -0.1267687103703107 -0.055461314512301296
vn 0.9938837350370618 -0.11043152280385991 0
vn 0.9696468567271705 -0.007883307407255 -0.2443825417320983
vn 1 0 0
vn 0.9696468567271705 -0.007883307407255 -0.2443825417320983
vn 0.9938837350370618 -0.11043152280385991 0
vn 0.9903806019221174 -0.1267687103703107 -0.055461314512301296
vn 0.9938837350370618 -0.11043152280385991 0
vn 1 0 0
vn 0.9903806019221174 -0.1267687103703107 -0.055461314512301296
vn 1 0 0
vn 0.9938837350370618 -0.11043152280385991 0
vn 0.9999685074109705 0 -0.00793625769966721
vn 0.9999685074109705 0 -0.00793625769966721
vn 0.9998740474906367 0 -0.015871016183348567
vn 1 0 0
vn 0.9998740474906367 0 -0.015871016183348567
vn 0.9999685074109705 0 -0.00793625769966721
vn 0.9998740474906367 0 -0.015871016183348567
vn 0 -0.7854916625692189 -0.6188722388621454
vn 0 -0.015871016183348567 -0.9998740474906367
vn 0 -0.7854916625692189 -0.6188722388621454
vn 0 -0.015871016183348567 -0.9998740474906367
vn 0 -0.7854916625692189 -0.6188722388621454
vn 0 -0.015871016183348567 -0.9998740474906367
vn 0 -0.015871016183348567 -0.9998740474906367
vn 0 0.2757615803463783 -0.9612260664405996
vn 0 -0.015871016183348567 -0.9998740474906367
vn 0 0.2757615803463783 -0.9612260664405996
vn 0 -0.015871016183348567 -0.9998740474906367
vn 0 0.2757615803463783 -0.9612260664405996
vn 0 0.8588803246330011 -0.5121763250661931
vn 0 0.2757615803463783 -0.9612260664405996
vn 0 0.2757615803463783 -0.9612260664405996
vn 0 0.2757615803463783 -0.9612260664405996
vn 0 0.8588803246330011 -0.5121763250661931
vn 0 0.8588803246330011 -0.5121763250661931
vn -1 0 0
vn -1 0 0
vn -1 0 0
vn -1 0 0
vn -1 0 0
vn -1 0 0
vn -1 0 0
vn -1 0 0
vn -1 0 0
vn -1 0 0
vn -1 0 0
vn -1 0 0
vn -1 0 0
vn -1 0 0
vn -1 0 0
vn -1 0 0
vn -1 0 0
vn -1 0 0
vn -0.20535560219281895 -0.9714900381525597 0.11847439562353954
vn -0.20535560219281895 -0.9714900381525597 0.11847439562353954
vn -0.4421527090086317 -0.8606187109846117 0.25265869511954986
vn -0.03172605544143814 -0.9993707128776882 0.01586302772071907
vn -0.20535560219281895 -0.9714900381525597 0.11847439562353954
vn -0.20535560219281895 -0.9714900381525597 0.11847439562353954
vn -0.20535560219281895 -0.9714900381525597 0.11847439562353954
vn -0.03172605544143814 -0.9993707128776882 0.01586302772071907
vn -0.03172605544143814 -0.9993707128776882 0.01586302772071907
vn 0.06333269349341976 -0.9974899560489747 -0.03166634674670988
vn -0.03172605544143814 -0.9993707128776882 0.01586302772071907
vn -0.03172605544143814 -0.9993707128776882 0.01586302772071907
vn -0.03172605544143814 -0.9993707128776882 0.01586302772071907
vn 0.06333269349341976 -0.9974899560489747 -0.03166634674670988
vn 0.06333269349341976 -0.9974899560489747 -0.03166634674670988
vn 0.09466442958362342 -0.9939765069027557 -0.055220915394468564
vn 0.06333269349341976 -0.9974899560489747 -0.03166634674670988
vn 0.06333269349341976 -0.9974899560489747 -0.03166634674670988
vn 0.09466442958362342 -0.9939765069027557 -0.055220915394468564
vn 0.09466442958362342 -0.9939765069027557 -0.055220915394468564
vn 0.06333269349341976 -0.9974899560489747 -0.03166634674670988
vn 0 -1 0
vn 0.09466442958362342 -0.9939765069027557 -0.055220915394468564
vn 0.09466442958362342 -0.9939765069027557 -0.055220915394468564
vn 0 -1 0
vn 0 -1 0
vn 0.09466442958362342 -0.9939765069027557 -0.055220915394468564
vn 0 -1 0
vn 0 -1 0
vn 0 -1 0
vn 0 -1 0
vn 0 -1 0
vn 0 -1 0
vn 0 -1 0
vn 0 -1 0
vn 0 -1 0
vn 0 -1 0
vn 0 -1 0
vn 0 -1 0
vn 0 -1 0
vn 0 -1 0
vn 0 -0.9954954728283524 -0.09480909016679247
vn 0 -1 0
vn 0 -1 0
vn 0 -1 0
vn 0 -0.9954954728283524 -0.09480909016679247
vn 0 -1 0
vn 0 -0.9947196213545068 -0.1026297953439781
vn 0 -1 0
vn 0 -1 0
vn 0 -1 0
vn 0 -0.9974586999063754 -0.07124704892894387
vn 0 -0.9954954728283524 -0.09480909016679247
vn 0 -0.9947196213545068 -0.1026297953439781
vn 0 -0.9954954728283524 -0.09480909016679247
vn 0 -0.9974586999063754 -0.07124704892894387
vn 0 -0.9974586999063754 -0.07124704892894387
vn 0 -0.9974586999063754 -0.07124704892894387
vn 0 -0.9992135767609389 0.039651330578069015
vn 0 -0.9974586999063754 -0.07124704892894387
vn 0 -0.9992135767609389 0.039651330578069015
vn 0 -0.9974586999063754 -0.07124704892894387
vn 0 -0.9992135767609389 0.039651330578069015
vn 0 -0.9992135767609389 0.039651330578069015
vn 0 -0.9715203404564771 0.23695617333028182
vn 0 -0.9992135767609389 0.039651330578069015
vn 0 -0.9715203404564771 0.23695617333028182
vn 0 -0.9992135767609389 0.039651330578069015
vn 0 -0.9715203404564771 0.23695617333028182
vn 0 -0.9715203404564771 0.23695617333028182
vn 0 -0.9715203404564771 0.23695617333028182
vn 0 -0.8588803246330011 0.5121763250661931
vn 0 -1 0
vn 0 -1 0
vn 0 -1 0
vn 0 -1 0
vn 0 -1 0
vn 0 -1 0
vn 0 -1 0
vn 0 -1 0
vn -0.09466442958362342 -0.9939765069027557 0.055220915394468564
vn 0 -1 0
vn 0 -1 0
vn 0 -0.9954954728283524 0.09480909016679247
vn 0 -1 0
vn -0.09466442958362342 -0.9939765069027557 0.055220915394468564
vn -0.1024734475052973 -0.9932041984140431 0.05517801019516009
vn 0 -0.9954954728283524 0.09480909016679247
vn 0 -1 0
vn 0 -0.9947196213545068 0.1026297953439781
vn -0.09466442958362342 -0.9939765069027557 0.055220915394468564
vn -0.06333269349341976 -0.9974899560489747 0.03166634674670988
vn -0.1024734475052973 -0.9932041984140431 0.05517801019516009
vn 0 -0.9954954728283524 0.09480909016679247
vn 0 -0.9947196213545068 0.1026297953439781
vn 0 -0.9974586999063754 0.07124704892894387
vn -0.06333269349341976 -0.9974899560489747 0.03166634674670988
vn -0.09466442958362342 -0.9939765069027557 0.055220915394468564
vn -0.06333269349341976 -0.9974899560489747 0.03166634674670988
vn 0 -0.9947196213545068 0.1026297953439781
vn 0 -0.9974586999063754 0.07124704892894387
vn 0 -0.9974586999063754 0.07124704892894387
vn -0.06333269349341976 -0.9974899560489747 0.03166634674670988
vn 0.03172605544143814 -0.9993707128776882 -0.01586302772071907
vn -0.06333269349341976 -0.9974899560489747 0.03166634674670988
vn 0 -0.9992135767609389 -0.039651330578069015
vn 0 -0.9974586999063754 0.07124704892894387
vn 0 -0.9974586999063754 0.07124704892894387
vn 0.03172605544143814 -0.9993707128776882 -0.01586302772071907
vn -0.06333269349341976 -0.9974899560489747 0.03166634674670988
vn 0.03172605544143814 -0.9993707128776882 -0.01586302772071907
vn 0 -0.9974586999063754 0.07124704892894387
vn 0 -0.9992135767609389 -0.039651330578069015
vn 0 -0.9992135767609389 -0.039651330578069015
vn 0.03172605544143814 -0.9993707128776882 -0.01586302772071907
vn 0.20535560219281895 -0.9714900381525597 -0.11847439562353954
vn 0.03172605544143814 -0.9993707128776882 -0.01586302772071907
vn 0 -0.9992135767609389 -0.039651330578069015
vn 0 -0.9992135767609389 -0.039651330578069015
vn 0 -0.9715203404564771 -0.23695617333028182
vn 0.20535560219281895 -0.9714900381525597 -0.11847439562353954
vn 0.03172605544143814 -0.9993707128776882 -0.01586302772071907
vn 0.20535560219281895 -0.9714900381525597 -0.11847439562353954
vn 0.20535560219281895 -0.9714900381525597 -0.11847439562353954
vn 0.20535560219281895 -0.9714900381525597 -0.11847439562353954
vn 0.4421527090086317 -0.8606187109846117 -0.25265869511954986
vn 0 -0.9715203404564771 -0.23695617333028182
vn 0 -0.9715203404564771 -0.23695617333028182
vn 0 -0.9992135767609389 -0.039651330578069015
vn 0 -0.9715203404564771 -0.23695617333028182
vn 0 -0.9715203404564771 -0.23695617333028182
vn 0 -0.8588803246330011 -0.5121763250661931
vn 0.7305269697060066 0 -0.6828838455639138
vn 0 0 -1
vn 0 0 -1
vn 0 0 -1
vn 0.7305269697060066 0 -0.6828838455639138
vn 0.7642914770816056 0 -0.644870946826121
vn 0.9954954728283524 0 -0.09480909016679247
vn 0.7642914770816056 0 -0.644870946826121
vn 0.7305269697060066 0 -0.6828838455639138
vn 0.7642914770816056 0 -0.644870946826121
vn 0.9954954728283524 0 -0.09480909016679247
vn 0.9968653926696093 0 -0.07911629982289271
vn 0.9999685074109705 0 0.00793625769966721
vn 0.9968653926696093 0 -0.07911629982289271
vn 0.9954954728283524 0 -0.09480909016679247
vn 0.9999685074109705 0 0.00793625769966721
vn 0.9999685074109705 0 0.00793625769966721
vn 0.9968653926696093 0 -0.07911629982289271
vn 0.93698019916409 0 -0.3493824643201518
vn 0.9999685074109705 0 0.00793625769966721
vn 0.9999685074109705 0 0.00793625769966721
vn 0.93698019916409 0 -0.3493824643201518
vn 0.9999685074109705 0 0.00793625769966721
vn 0.9343622271886619 0 -0.35632461099823454
vn 0.9343622271886619 0 -0.35632461099823454
vn 0.50040991798952 0 -0.8657886081357978
vn 0.93698019916409 0 -0.3493824643201518
vn 0.50040991798952 0 -0.8657886081357978
vn 0.9343622271886619 0 -0.35632461099823454
vn 0.50040991798952 0 -0.8657886081357978
vn 0.50040991798952 0 -0.8657886081357978
vn -0.30189172094611066 0 -0.953342220204369
vn 0.50040991798952 0 -0.8657886081357978
vn -0.30189172094611066 0 -0.953342220204369
vn 0.50040991798952 0 -0.8657886081357978
vn -0.30189172094611066 0 -0.953342220204369
vn -0.5063284695284705 0 -0.8623406988800637
vn -0.30189172094611066 0 -0.953342220204369
vn -0.30189172094611066 0 -0.953342220204369
vn -0.30189172094611066 0 -0.953342220204369
vn -0.5063284695284705 0 -0.8623406988800637
vn -0.5063284695284705 0 -0.8623406988800637
vn -0.5063284695284705 0 -0.8623406988800637
vn -0.5063284695284705 0 -0.8623406988800637
vn -0.42157868405114646 0 -0.9067918245957579
vn -0.42157868405114646 0 -0.9067918245957579
vn -0.5063284695284705 0 -0.8623406988800637
vn -0.40540078987649264 0 -0.9141390482675575
vn -0.42157868405114646 0 -0.9067918245957579
vn -0.40540078987649264 0 -0.9141390482675575
vn 0.17333585517114614 0 -0.9848627728328895
vn 0.17333585517114614 0 -0.9848627728328895
vn -0.40540078987649264 0 -0.9141390482675575
vn 0.2294803606559815 0 -0.9733132918404026
vn 0.17333585517114614 0 -0.9848627728328895
vn 0.2294803606559815 0 -0.9733132918404026
vn 0.8677572604028473 0 -0.4969882664793456
vn 0.8677572604028473 0 -0.4969882664793456
vn 0.2294803606559815 0 -0.9733132918404026
vn 0.8677572604028473 0 -0.4969882664793456
vn 0.9606200495663834 0 0.27786529177117303
vn 0.8677572604028473 0 -0.4969882664793456
vn 0.8677572604028473 0 -0.4969882664793456
vn 0.8677572604028473 0 -0.4969882664793456
vn 0.9606200495663834 0 0.27786529177117303
vn 0.9404837523984115 0 0.33983865506237426
vn 0.5834736084883781 0 0.8121321002137217
vn 0.9404837523984115 0 0.33983865506237426
vn 0.9606200495663834 0 0.27786529177117303
vn 0.9404837523984115 0 0.33983865506237426
vn 0.5834736084883781 0 0.8121321002137217
vn 0.572928180910038 0 0.8196055755783478
vn 0.49101307036015573 0 0.8711522052635192
vn 0.572928180910038 0 0.8196055755783478
vn 0.5834736084883781 0 0.8121321002137217
vn 0.572928180910038 0 0.8196055755783478
vn 0.49101307036015573 0 0.8711522052635192
vn 0.49101307036015573 0 0.8711522052635192
vn 0.49101307036015573 0 0.8711522052635192
vn 0.6050832826462972 0 0.7961621826374203
vn 0.49101307036015573 0 0.8711522052635192
vn 0.49101307036015573 0 0.8711522052635192
vn 0.6050832826462972 0 0.7961621826374203
vn 0.6050832826462972 0 0.7961621826374203
vn 0.9848627728328895 0 0.17333585517114614
vn 0.6050832826462972 0 0.7961621826374203
vn 0.6050832826462972 0 0.7961621826374203
vn 0.9848627728328895 0 0.17333585517114614
vn 0.9848627728328895 0 0.17333585517114614
vn 0.6050832826462972 0 0.7961621826374203
vn 0.9848627728328895 0 0.17333585517114614
vn 0.9404837523984115 0 0.33983865506237426
vn 0.9848627728328895 0 0.17333585517114614
vn 0.9404837523984115 0 0.33983865506237426
vn 0.9848627728328895 0 0.17333585517114614
vn 0.9404837523984115 0 0.33983865506237426
vn 0.7188567770895344 0 0.6951582079156138
vn 0.9404837523984115 0 0.33983865506237426
vn 0.9404837523984115 0 0.33983865506237426
vn 0.7188567770895344 0 0.6951582079156138
vn 0.7188567770895344 0 0.6951582079156138
vn 0.9404837523984115 0 0.33983865506237426
vn 0.592390469821417 0 0.8056509984259691
vn 0.7188567770895344 0 0.6951582079156138
vn 0.7188567770895344 0 0.6951582079156138
vn 0.7188567770895344 0 0.6951582079156138
vn 0.592390469821417 0 0.8056509984259691
vn 0.592390469821417 0 0.8056509984259691
vn 0.9928768381696259 0 0.11914522326256415
vn 0.592390469821417 0 0.8056509984259691
vn 0.592390469821417 0 0.8056509984259691
vn 0.9928768381696259 0 0.11914522326256415
vn 0.9928768381696259 0 0.11914522326256415
vn 0.592390469821417 0 0.8056509984259691
vn 1 0 0
vn 0.9928768381696259 0 0.11914522326256415
vn 0.9928768381696259 0 0.11914522326256415
vn 0.9928768381696259 0 0.11914522326256415
vn 1 0 0
vn 1 0 0
vn 0.9968653926696093 0 0.07911629982289271
vn 1 0 0
vn 1 0 0
vn 0.9954954728283524 0 0.09480909016679247
vn 0.9968653926696093 0 0.07911629982289271
vn 1 0 0
vn 0.9968653926696093 0 0.07911629982289271
vn 0.9954954728283524 0 0.09480909016679247
vn 0.7642914770816056 0 0.644870946826121
vn 0.7265750003436423 0 0.6870871625024267
vn 0.7642914770816056 0 0.644870946826121
vn 0.9954954728283524 0 0.09480909016679247
vn 0.7265750003436423 0 0.6870871625024267
vn 0 0 1
vn 0.7642914770816056 0 0.644870946826121
vn 0 0 1
vn 0 0 1
vn 0.7265750003436423 0 0.6870871625024267
vn -0.7265750003436423 0 0.6870871625024267
vn 0 0 1
vn 0 0 1
vn 0 0 1
vn -0.7265750003436423 0 0.6870871625024267
vn -0.7642914770816056 0 0.644870946826121
vn -0.9954954728283524 0 0.09480909016679247
vn -0.7642914770816056 0 0.644870946826121
vn -0.7265750003436423 0 0.6870871625024267
vn -0.7642914770816056 0 0.644870946826121
vn -0.9954954728283524 0 0.09480909016679247
vn -0.9968653926696093 0 0.07911629982289271
vn -0.9954954728283524 0 0.09480909016679247
vn -1 0 0
vn -0.9968653926696093 0 0.07911629982289271
vn -0.9968653926696093 0 0.07911629982289271
vn -1 0 0
vn -1 0 0
vn -1 0 0
vn -0.9584778610419342 0 0.2851669509120551
vn -1 0 0
vn -0.9584778610419342 0 0.2851669509120551
vn -1 0 0
vn -0.9562901977800216 0 0.29241931815433664
vn -0.9562901977800216 0 0.29241931815433664
vn -0.50040991798952 0 0.8657886081357978
vn -0.9584778610419342 0 0.2851669509120551
vn -0.50040991798952 0 0.8657886081357978
vn -0.50040991798952 0 0.8657886081357978
vn -0.9584778610419342 0 0.2851669509120551
vn -0.50040991798952 0 0.8657886081357978
vn 0.30189172094611066 0 0.953342220204369
vn -0.50040991798952 0 0.8657886081357978
vn 0.30189172094611066 0 0.953342220204369
vn -0.50040991798952 0 0.8657886081357978
vn 0.2996215592431941 0 0.9540581330488603
vn 0.50040991798952 0 0.8657886081357978
vn 0.30189172094611066 0 0.953342220204369
vn 0.2996215592431941 0 0.9540581330488603
vn 0.30189172094611066 0 0.953342220204369
vn 0.50040991798952 0 0.8657886081357978
vn 0.50040991798952 0 0.8657886081357978
vn 0.50040991798952 0 0.8657886081357978
vn 0.4185573214482114 0 0.9081903812869296
vn 0.50040991798952 0 0.8657886081357978
vn 0.50040991798952 0 0.8657886081357978
vn 0.40540078987649264 0 0.9141390482675575
vn 0.4185573214482114 0 0.9081903812869296
vn 0.40540078987649264 0 0.9141390482675575
vn -0.17469123207739606 0 0.9846232647237629
vn 0.4185573214482114 0 0.9081903812869296
vn -0.23695617333028182 0 0.9715203404564771
vn -0.17469123207739606 0 0.9846232647237629
vn 0.40540078987649264 0 0.9141390482675575
vn -0.23695617333028182 0 0.9715203404564771
vn -0.8677572604028473 0 0.4969882664793456
vn -0.17469123207739606 0 0.9846232647237629
vn -0.8677572604028473 0 0.4969882664793456
vn -0.8677572604028473 0 0.4969882664793456
vn -0.23695617333028182 0 0.9715203404564771
vn -0.9562901977800216 0 -0.29241931815433664
vn -0.8677572604028473 0 0.4969882664793456
vn -0.8677572604028473 0 0.4969882664793456
vn -0.8677572604028473 0 0.4969882664793456
vn -0.9562901977800216 0 -0.29241931815433664
vn -0.9379387597357907 0 -0.3468009270248379
vn -0.572928180910038 0 -0.8196055755783478
vn -0.9379387597357907 0 -0.3468009270248379
vn -0.9562901977800216 0 -0.29241931815433664
vn -0.9379387597357907 0 -0.3468009270248379
vn -0.572928180910038 0 -0.8196055755783478
vn -0.5638295354639326 0 -0.8258911883163096
vn -0.5638295354639326 0 -0.8258911883163096
vn -0.572928180910038 0 -0.8196055755783478
vn -0.48496776042006184 0 -0.8745320299183728
vn -0.48496776042006184 0 -0.8745320299183728
vn -0.5638295354639326 0 -0.8258911883163096
vn -0.48496776042006184 0 -0.8745320299183728
vn -0.48496776042006184 0 -0.8745320299183728
vn -0.48496776042006184 0 -0.8745320299183728
vn -0.596177658259118 0 -0.8028525392577857
vn -0.596177658259118 0 -0.8028525392577857
vn -0.48496776042006184 0 -0.8745320299183728
vn -0.596177658259118 0 -0.8028525392577857
vn -0.596177658259118 0 -0.8028525392577857
vn -0.596177658259118 0 -0.8028525392577857
vn -0.9861798665979907 0 -0.1656782143698117
vn -0.596177658259118 0 -0.8028525392577857
vn -0.9861798665979907 0 -0.1656782143698117
vn -0.9861798665979907 0 -0.1656782143698117
vn -0.9861798665979907 0 -0.1656782143698117
vn -0.9404837523984115 0 -0.33983865506237426
vn -0.9861798665979907 0 -0.1656782143698117
vn -0.9404837523984115 0 -0.33983865506237426
vn -0.9861798665979907 0 -0.1656782143698117
vn -0.9404837523984115 0 -0.33983865506237426
vn -0.9404837523984115 0 -0.33983865506237426
vn -0.7188567770895344 0 -0.6951582079156138
vn -0.9404837523984115 0 -0.33983865506237426
vn -0.9404837523984115 0 -0.33983865506237426
vn -0.7188567770895344 0 -0.6951582079156138
vn -0.7188567770895344 0 -0.6951582079156138
vn -0.7188567770895344 0 -0.6951582079156138
vn -0.592390469821417 0 -0.8056509984259691
vn -0.7188567770895344 0 -0.6951582079156138
vn -0.592390469821417 0 -0.8056509984259691
vn -0.7188567770895344 0 -0.6951582079156138
vn -0.592390469821417 0 -0.8056509984259691
vn -0.592390469821417 0 -0.8056509984259691
vn -0.9928768381696259 0 -0.11914522326256415
vn -0.592390469821417 0 -0.8056509984259691
vn -0.9928768381696259 0 -0.11914522326256415
vn -0.592390469821417 0 -0.8056509984259691
vn -0.9928768381696259 0 -0.11914522326256415
vn -1 0 0
vn -0.9928768381696259 0 -0.11914522326256415
vn -0.9928768381696259 0 -0.11914522326256415
vn -0.9928768381696259 0 -0.11914522326256415
vn -1 0 0
vn -1 0 0
vn -1 0 0
vn -0.9962108620381728 0 -0.08697079025259419
vn -1 0 0
vn -0.9962108620381728 0 -0.08697079025259419
vn -1 0 0
vn -0.9947196213545068 0 -0.1026297953439781
vn -0.9947196213545068 0 -0.1026297953439781
vn -0.7642914770816056 0 -0.644870946826121
vn -0.9962108620381728 0 -0.08697079025259419
vn -0.7642914770816056 0 -0.644870946826121
vn -0.9947196213545068 0 -0.1026297953439781
vn -0.7228143763699022 0 -0.6910422398905796
vn -0.7642914770816056 0 -0.644870946826121
vn -0.7228143763699022 0 -0.6910422398905796
vn 0 0 -1
vn 0 0 -1
vn -0.7228143763699022 0 -0.6910422398905796
vn 0 0 -1
vn 0 1 0
vn 0 1 0
vn 0 1 0
vn 0 1 0
vn 0 1 0
vn 0 1 0
vn 0 1 0
vn 0 1 0
vn 0 1 0
vn 0 1 0
vn 0.05544217373315076 0.9979591495484558 -0.03168124372978201
vn 0 1 0
vn 0.05544217373315076 0.9979591495484558 -0.03168124372978201
vn 0 1 0
vn 0.05544217373315076 0.9979591495484558 -0.03168124372978201
vn 0.07902731158507775 0.9957441289522121 -0.04741638620598858
vn 0.05544217373315076 0.9979591495484558 -0.03168124372978201
vn 0.05544217373315076 0.9979591495484558 -0.03168124372978201
vn 0.05544217373315076 0.9979591495484558 -0.03168124372978201
vn 0.07902731158507775 0.9957441289522121 -0.04741638620598858
vn 0.07902731158507775 0.9957441289522121 -0.04741638620598858
vn 0.07902731158507775 0.9957441289522121 -0.04741638620598858
vn 0 1 0
vn 0.07902731158507775 0.9957441289522121 -0.04741638620598858
vn 0 1 0
vn 0 1 0
vn 0.07902731158507775 0.9957441289522121 -0.04741638620598858
vn 0 1 0
vn 0 1 0
vn 0 1 0
vn 0 1 0
vn 0 1 0
vn 0 1 0
vn 0 1 0
vn 0 1 0
vn 0 1 0
vn 0 1 0
vn 0 1 0
vn 0 0.9968653926696093 -0.07911629982289271
vn 0 1 0
vn 0 1 0
vn 0 1 0
vn 0 1 0
vn 0 0.9968653926696093 -0.07911629982289271
vn 0 0.9968653926696093 -0.07911629982289271
vn 0 1 0
vn 0 1 0
vn 0 1 0
vn 0 0.9968653926696093 -0.07911629982289271
vn 0 0.9979904523595851 -0.06336447742316266
vn 0 0.9968653926696093 -0.07911629982289271
vn 0 0.9979904523595851 -0.06336447742316266
vn 0 0.9968653926696093 -0.07911629982289271
vn 0 0.9979904523595851 -0.06336447742316266
vn 0 1 0
vn 0 0.9979904523595851 -0.06336447742316266
vn 0 0.9979904523595851 -0.06336447742316266
vn 0 0.9979904523595851 -0.06336447742316266
vn 0 1 0
vn 0 1 0
vn 0 1 0
vn 0 1 0
vn 0 1 0
vn 0 1 0
vn 0 1 0
vn 0 1 0
vn 0 1 0
vn 0 1 0
vn 0 1 0
vn 0 1 0
vn 0 1 0
vn 0 1 0
vn 0 1 0
vn 0 1 0
vn 0 1 0
vn 0 1 0
vn 0 1 0
vn 0 1 0
vn 0 1 0
vn -0.08687309979049909 0.9950918025949838 0.04738532411048924
vn 0 1 0
vn 0 0.9968653926696093 0.07911629982289271
vn 0 1 0
vn 0 1 0
vn -0.08687309979049909 0.9950918025949838 0.04738532411048924
vn 0 1 0
vn -0.08683789471555825 0.9946886243882536 0.05526047913268075
vn 0 1 0
vn 0 0.9968653926696093 0.07911629982289271
vn 0 0.9962108620381728 0.08697079025259419
vn -0.05544217373315076 0.9979591495484558 0.03168124372978201
vn -0.08687309979049909 0.9950918025949838 0.04738532411048924
vn -0.08683789471555825 0.9946886243882536 0.05526047913268075
vn 0 0.9962108620381728 0.08697079025259419
vn 0 0.9968653926696093 0.07911629982289271
vn 0 0.9979904523595851 0.06336447742316266
vn -0.08687309979049909 0.9950918025949838 0.04738532411048924
vn -0.05544217373315076 0.9979591495484558 0.03168124372978201
vn -0.05544217373315076 0.9979591495484558 0.03168124372978201
vn 0 0.9968653926696093 0.07911629982289271
vn 0 0.9979904523595851 0.06336447742316266
vn 0 0.9979904523595851 0.06336447742316266
vn 0 1 0
vn -0.05544217373315076 0.9979591495484558 0.03168124372978201
vn -0.05544217373315076 0.9979591495484558 0.03168124372978201
vn 0 0.9979904523595851 0.06336447742316266
vn 0 1 0
vn 0 0.9979904523595851 0.06336447742316266
vn 0 1 0
vn 0 1 0
vn -0.05544217373315076 0.9979591495484558 0.03168124372978201
vn 0 1 0
vn 0 0.9979904523595851 0.06336447742316266
vn 0 1 0
vn 0 1 0
vn 0 1 0
vn 0 1 0
vn 0 1 0
vn 0 1 0
vn 0 1 0
vn 0 1 0
vn 0 1 0
vn 0 1 0
vn 0 1 0
vn 0 1 0
vn 0 1 0
vn 0 1 0
vn 0 1 0
vn 0 1 0
vn 0 1 0
vn 0 1 0
vn 0 1 0
vn -0.015871016183348567 0.9998740474906367 0
vn -0.03172904940633582 0.9994650302225467 0.007932262351583955
vn -0.015871016183348567 0.9998740474906367 0
vn -0.03172904940633582 0.9994650302225467 0.007932262351583955
vn -0.015871016183348567 0.9998740474906367 0
vn -0.039646345778569375 0.9990879210705287 0.01585853831142775
vn -0.039646345778569375 0.9990879210705287 0.01585853831142775
vn -0.07902731158507775 0.9957441289522121 0.04741638620598858
vn -0.03172904940633582 0.9994650302225467 0.007932262351583955
vn -0.07902731158507775 0.9957441289522121 0.04741638620598858
vn -0.039646345778569375 0.9990879210705287 0.01585853831142775
vn -0.07902731158507775 0.9957441289522121 0.04741638620598858
vn -0.039646345778569375 -0.9990879210705287 0.01585853831142775
vn -0.07902731158507775 -0.9957441289522121 0.04741638620598858
vn -0.07902731158507775 -0.9957441289522121 0.04741638620598858
vn -0.07902731158507775 -0.9957441289522121 0.04741638620598858
vn -0.039646345778569375 -0.9990879210705287 0.01585853831142775
vn -0.03172904940633582 -0.9994650302225467 0.007932262351583955
vn -0.015871016183348567 -0.9998740474906367 0
vn -0.03172904940633582 -0.9994650302225467 0.007932262351583955
vn -0.039646345778569375 -0.9990879210705287 0.01585853831142775
vn -0.03172904940633582 -0.9994650302225467 0.007932262351583955
vn -0.015871016183348567 -0.9998740474906367 0
vn -0.015871016183348567 -0.9998740474906367 0
vn -0.5121763250661931 0 -0.8588803246330011
vn -1 0 0
vn -0.5063284695284705 0 -0.8623406988800637
vn -1 0 0
vn -0.5121763250661931 0 -0.8588803246330011
vn -1 0 0
vn -1 0 0
vn -0.48496776042006184 0 0.8745320299183728
vn -1 0 0
vn -0.48496776042006184 0 0.8745320299183728
vn -1 0 0
vn -0.49101307036015573 0 0.8711522052635192
vn 0.5063284695284705 0 0.8623406988800637
vn -0.48496776042006184 0 0.8745320299183728
vn -0.49101307036015573 0 0.8711522052635192
vn -0.48496776042006184 0 0.8745320299183728
vn 0.5063284695284705 0 0.8623406988800637
vn 0.5121763250661931 0 0.8588803246330011
vn 0.5121763250661931 0 0.8588803246330011
vn 0.5063284695284705 0 0.8623406988800637
vn 1 0 0
vn 0.5121763250661931 0 0.8588803246330011
vn 1 0 0
vn 1 0 0
vn 1 0 0
vn 1 0 0
vn 0.48496776042006184 0 -0.8745320299183728
vn 1 0 0
vn 0.48496776042006184 0 -0.8745320299183728
vn 0.49101307036015573 0 -0.8711522052635192
vn 0.48496776042006184 0 -0.8745320299183728
vn -0.5063284695284705 0 -0.8623406988800637
vn 0.49101307036015573 0 -0.8711522052635192
vn -0.5063284695284705 0 -0.8623406988800637
vn 0.48496776042006184 0 -0.8745320299183728
vn -0.5121763250661931 0 -0.8588803246330011
vn 0.4969882664793456 0 0.8677572604028473
vn 0.4969882664793456 0 0.8677572604028473
vn 0.4969882664793456 0 0.8677572604028473
vn 0.4969882664793456 0 0.8677572604028473
vn 0.4969882664793456 0 0.8677572604028473
vn 0.4969882664793456 0 0.8677572604028473
vn 0.4969882664793456 0 0.8677572604028473
vn 0.4969882664793456 0 0.8677572604028473
vn 0.4969882664793456 0 0.8677572604028473
vn 0.4969882664793456 0 0.8677572604028473
vn 0.4969882664793456 0 0.8677572604028473
vn 0.4969882664793456 0 0.8677572604028473
vn 0.4969882664793456 0 0.8677572604028473
vn 0.4969882664793456 0 0.8677572604028473
vn 0.4969882664793456 0 0.8677572604028473
vn 0.4969882664793456 0 0.8677572604028473
vn 0.4969882664793456 0 0.8677572604028473
vn 0.4969882664793456 0 0.8677572604028473
vn 0.8440648979783497 -0.23665371723376824 -0.48119587084703624
vn 0.7968443720950648 -0.3984221860475324 -0.45420128613372235
vn 0.7968443720950648 -0.3984221860475324 -0.45420128613372235
vn 0.8440648979783497 -0.23665371723376824 -0.48119587084703624
vn 0.7968443720950648 -0.3984221860475324 -0.45420128613372235
vn 0.8440648979783497 -0.23665371723376824 -0.48119587084703624
vn 0.8440648979783497 -0.23665371723376824 -0.48119587084703624
vn 0.8269086894219084 0.3100907734343765 -0.4691116408589877
vn 0.8440648979783497 -0.23665371723376824 -0.48119587084703624
vn 0.8269086894219084 0.3100907734343765 -0.4691116408589877
vn 0.8440648979783497 -0.23665371723376824 -0.48119587084703624
vn 0.8269086894219084 0.3100907734343765 -0.4691116408589877
vn 0.3251613670246306 0.9278995376723831 -0.18240760231429864
vn 0.8269086894219084 0.3100907734343765 -0.4691116408589877
vn 0.8269086894219084 0.3100907734343765 -0.4691116408589877
vn 0.8269086894219084 0.3100907734343765 -0.4691116408589877
vn 0.3251613670246306 0.9278995376723831 -0.18240760231429864
vn 0.3251613670246306 0.9278995376723831 -0.18240760231429864
vn 0.3251613670246306 0.9278995376723831 -0.18240760231429864
vn 0.3251613670246306 0.9278995376723831 -0.18240760231429864
vn -0.3251613670246306 0.9278995376723831 0.18240760231429864
vn 0.3251613670246306 0.9278995376723831 -0.18240760231429864
vn -0.3251613670246306 0.9278995376723831 0.18240760231429864
vn -0.3251613670246306 0.9278995376723831 0.18240760231429864
vn -0.8269086894219084 0.3100907734343765 0.4691116408589877
vn -0.3251613670246306 0.9278995376723831 0.18240760231429864
vn -0.3251613670246306 0.9278995376723831 0.18240760231429864
vn -0.3251613670246306 0.9278995376723831 0.18240760231429864
vn -0.8269086894219084 0.3100907734343765 0.4691116408589877
vn -0.8269086894219084 0.3100907734343765 0.4691116408589877
vn -0.8456186518292056 -0.22918635243882324 0.48208164405455683
vn -0.8269086894219084 0.3100907734343765 0.4691116408589877
vn -0.8269086894219084 0.3100907734343765 0.4691116408589877
vn -0.8269086894219084 0.3100907734343765 0.4691116408589877
vn -0.8456186518292056 -0.22918635243882324 0.48208164405455683
vn -0.8456186518292056 -0.22918635243882324 0.48208164405455683
vn -0.7968443720950648 -0.3984221860475324 0.45420128613372235
vn -0.8456186518292056 -0.22918635243882324 0.48208164405455683
vn -0.8456186518292056 -0.22918635243882324 0.48208164405455683
vn -0.7968443720950648 -0.3984221860475324 0.45420128613372235
vn -0.8456186518292056 -0.22918635243882324 0.48208164405455683
vn -0.7968443720950648 -0.3984221860475324 0.45420128613372235
vn 0.07902731158507775 0.9957441289522121 -0.04741638620598858
vn 0.039646345778569375 0.9990879210705287 -0.01585853831142775
vn 0.07902731158507775 0.9957441289522121 -0.04741638620598858
vn 0.039646345778569375 0.9990879210705287 -0.01585853831142775
vn 0.07902731158507775 0.9957441289522121 -0.04741638620598858
vn 0.03172904940633582 0.9994650302225467 -0.007932262351583955
vn 0.03172904940633582 0.9994650302225467 -0.007932262351583955
vn 0.015871016183348567 0.9998740474906367 0
vn 0.039646345778569375 0.9990879210705287 -0.01585853831142775
vn 0.015871016183348567 0.9998740474906367 0
vn 0.03172904940633582 0.9994650302225467 -0.007932262351583955
vn 0.015871016183348567 0.9998740474906367 0
vn 0.039646345778569375 -0.9990879210705287 -0.01585853831142775
vn 0.07902731158507775 -0.9957441289522121 -0.04741638620598858
vn 0.07902731158507775 -0.9957441289522121 -0.04741638620598858
vn 0.07902731158507775 -0.9957441289522121 -0.04741638620598858
vn 0.039646345778569375 -0.9990879210705287 -0.01585853831142775
vn 0.03172904940633582 -0.9994650302225467 -0.007932262351583955
vn 0.015871016183348567 -0.9998740474906367 0
vn 0.03172904940633582 -0.9994650302225467 -0.007932262351583955
vn 0.039646345778569375 -0.9990879210705287 -0.01585853831142775
vn 0.03172904940633582 -0.9994650302225467 -0.007932262351583955
vn 0.015871016183348567 -0.9998740474906367 0
vn 0.015871016183348567 -0.9998740474906367 0
vn -0.5121604324915794 0.00787939149834986 -0.8588536584189733
vn -0.5121604324915794 0.00787939149834986 -0.8588536584189733
vn -0.5121604324915794 0.00787939149834986 -0.8588536584189733
vn -0.5121604324915794 0.00787939149834986 -0.8588536584189733
vn -0.5121604324915794 0.00787939149834986 -0.8588536584189733
vn -0.50040991798952 0 -0.8657886081357978
vn -0.50040991798952 0 -0.8657886081357978
vn -0.4917847731876864 -0.10311616043760961 -0.8645893790218228
vn -0.5121604324915794 0.00787939149834986 -0.8588536584189733
vn -0.4917847731876864 -0.10311616043760961 -0.8645893790218228
vn -0.50040991798952 0 -0.8657886081357978
vn -0.5442188515483843 -0.1340829017826491 -0.8281591737515815
vn -0.5442188515483843 -0.1340829017826491 -0.8281591737515815
vn -0.49697280055997584 -0.007888456826521891 -0.867730262093279
vn -0.4917847731876864 -0.10311616043760961 -0.8645893790218228
vn -0.953342220204369 0 -0.30189172094611066
vn -0.5442188515483843 -0.1340829017826491 -0.8281591737515815
vn -0.8823429188139638 -0.3736046485780488 -0.28616523230421936
vn -0.49697280055997584 -0.007888456826521891 -0.867730262093279
vn -0.5442188515483843 -0.1340829017826491 -0.8281591737515815
vn -0.6910422398905796 0 -0.7228143763699022
vn -0.6910422398905796 0 -0.7228143763699022
vn -0.5442188515483843 -0.1340829017826491 -0.8281591737515815
vn -0.953342220204369 0 -0.30189172094611066
vn -0.4463462121875169 0.8448696521149047 -0.2949073240885954
vn -0.49697280055997584 -0.007888456826521891 -0.867730262093279
vn -0.6910422398905796 0 -0.7228143763699022
vn -0.4463462121875169 0.8448696521149047 -0.2949073240885954
vn -0.6910422398905796 0 -0.7228143763699022
vn -0.953342220204369 0 -0.30189172094611066
vn -0.953342220204369 0 -0.30189172094611066
vn -0.7563745944964476 0.6539489004442361 0.01575780467289104
vn -0.4463462121875169 0.8448696521149047 -0.2949073240885954
vn -0.49697280055997584 -0.007888456826521891 -0.867730262093279
vn -0.4463462121875169 0.8448696521149047 -0.2949073240885954
vn -0.23859924319525513 0.8748638718477203 -0.42152533361859373
vn -0.3938962179106464 0.6538677145791157 0.6459897687632309
vn -0.4463462121875169 0.8448696521149047 -0.2949073240885954
vn -0.7563745944964476 0.6539489004442361 0.01575780467289104
vn 0.031535189700486466 0.8435663608095935 0.5360982435347215
vn -0.23859924319525513 0.8748638718477203 -0.42152533361859373
vn -0.4463462121875169 0.8448696521149047 -0.2949073240885954
vn -0.4463462121875169 0.8448696521149047 -0.2949073240885954
vn -0.3938962179106464 0.6538677145791157 0.6459897687632309
vn 0.031535189700486466 0.8435663608095935 0.5360982435347215
vn -0.23859924319525513 0.8748638718477203 -0.42152533361859373
vn 0.031535189700486466 0.8435663608095935 0.5360982435347215
vn 0.23859924319525513 0.8748638718477203 0.42152533361859373
vn -0.3938962179106464 0.6538677145791157 0.6459897687632309
vn 0.2684498425799506 -0.007895584207913153 0.9632613050303722
vn 0.031535189700486466 0.8435663608095935 0.5360982435347215
vn 0.2684498425799506 -0.007895584207913153 0.9632613050303722
vn 0.23859924319525513 0.8748638718477203 0.42152533361859373
vn 0.031535189700486466 0.8435663608095935 0.5360982435347215
vn -0.3938962179106464 0.6538677145791157 0.6459897687632309
vn -0.2144072927621968 0 0.9767443436285596
vn 0.2684498425799506 -0.007895584207913153 0.9632613050303722
vn 0.23859924319525513 0.8748638718477203 0.42152533361859373
vn 0.2684498425799506 -0.007895584207913153 0.9632613050303722
vn 0.49697280055997584 -0.007888456826521891 0.867730262093279
vn -0.19104865685933128 -0.3741369641920616 0.9074810977300812
vn 0.2684498425799506 -0.007895584207913153 0.9632613050303722
vn -0.2144072927621968 0 0.9767443436285596
vn 0.2684498425799506 -0.007895584207913153 0.9632613050303722
vn 0.48573591056220977 -0.10351748498342613 0.8679543510421542
vn 0.49697280055997584 -0.007888456826521891 0.867730262093279
vn 0.2684498425799506 -0.007895584207913153 0.9632613050303722
vn -0.19104865685933128 -0.3741369641920616 0.9074810977300812
vn 0.4336897402896706 -0.1340495487744191 0.891035312230022
vn 0.48573591056220977 -0.10351748498342613 0.8679543510421542
vn 0.2684498425799506 -0.007895584207913153 0.9632613050303722
vn 0.4336897402896706 -0.1340495487744191 0.891035312230022
vn 0.48496776042006184 0 0.8745320299183728
vn 0.48573591056220977 -0.10351748498342613 0.8679543510421542
vn 0.4336897402896706 -0.1340495487744191 0.891035312230022
vn 0.48496776042006184 0 0.8745320299183728
vn 0.48573591056220977 -0.10351748498342613 0.8679543510421542
vn 0.48496776042006184 0 0.8745320299183728
vn 0.48160064181374496 0.007895092473482334 0.8763552300976039
vn 0.48496776042006184 0 0.8745320299183728
vn 0.48496776042006184 0 0.8745320299183728
vn 0.48160064181374496 0.007895092473482334 0.8763552300976039
vn 0.48496776042006184 0 0.8745320299183728
vn 0.48160064181374496 0.007895092473482334 0.8763552300976039
vn -0.8675143700365762 -0.023659482548249147 0.49684911861207093
vn -0.5398015489324571 -0.7858875553168496 0.3016538383117739
vn -0.5398015489324571 -0.7858875553168496 0.3016538383117739
vn -0.8675143700365762 -0.023659482548249147 0.49684911861207093
vn -0.8675143700365762 -0.023659482548249147 0.49684911861207093
vn -0.5398015489324571 -0.7858875553168496 0.3016538383117739
vn -0.8364106931168345 0.27617332069917666 0.473440016658717
vn -0.8675143700365762 -0.023659482548249147 0.49684911861207093
vn -0.8675143700365762 -0.023659482548249147 0.49684911861207093
vn -0.8675143700365762 -0.023659482548249147 0.49684911861207093
vn -0.8364106931168345 0.27617332069917666 0.473440016658717
vn -0.8364106931168345 0.27617332069917666 0.473440016658717
vn -0.8364106931168345 0.27617332069917666 0.473440016658717
vn -0.4421527090086317 0.8606187109846117 0.25265869511954986
vn -0.8364106931168345 0.27617332069917666 0.473440016658717
vn -0.8364106931168345 0.27617332069917666 0.473440016658717
vn -0.4421527090086317 0.8606187109846117 0.25265869511954986
vn -0.4421527090086317 0.8606187109846117 0.25265869511954986
vn 0 0 1
vn 0 0 1
vn 0 0 1
vn 0 0 1
vn 0 0 1
vn 0 0 1
vn 0 0 1
vn 0 0 1
vn 0 0 1
vn 0 0 1
vn 0 0 1
vn 0 0 1
vn 0 0 1
vn 0 0 1
vn 0 0 1
vn 0 0 1
vn 0 0 1
vn 0 0 1
vn 0 0 -1
vn 0 0 -1
vn 0 0 -1
vn 0 0 -1
vn 0 0 -1
vn 0 0 -1
vn 0 0 -1
vn 0 0 -1
vn 0 0 -1
vn 0 0 -1
vn 0 0 -1
vn 0 0 -1
vn 0 0 -1
vn 0 0 -1
vn 0 0 -1
vn 0 1 0
vn 0 0 1
vn 0 0 1
vn 0 0 1
vn 0 1 0
vn 0 1 0
vn 0 0 -1
vn 0 1 0
vn 0 1 0
vn 0 1 0
vn 0 0 -1
vn 0 0 -1
vn 0 0 -1
vn 0 -1 0
vn 0 0 -1
vn 0 -1 0
vn 0 0 -1
vn 0 -1 0
vn 0 0 1
vn 0 -1 0
vn 0 -1 0
vn 0 -1 0
vn 0 0 1
vn 0 0 1
vn -1 0 0
vn -1 0 0
vn -1 0 0
vn -1 0 0
vn -1 0 0
vn -1 0 0
vn -1 0 0
vn -1 0 0
vn -1 0 0
vn -1 0 0
vn -1 0 0
vn -1 0 0
vn -1 0 0
vn -1 0 0
vn -1 0 0
vn -1 0 0
vn -1 0 0
vn -1 0 0
vn 0 -1 0
vn -0.8677572604028473 0 0.4969882664793456
vn 0 -1 0
vn -0.8677572604028473 0 0.4969882664793456
vn 0 -1 0
vn -0.8677572604028473 0 0.4969882664793456
vn 0 1 0
vn -0.8677572604028473 0 0.4969882664793456
vn -0.8677572604028473 0 0.4969882664793456
vn -0.8677572604028473 0 0.4969882664793456
vn 0 1 0
vn 0 1 0
vn 0 1 0
vn 0 1 0
vn 0.8677572604028473 0 -0.4969882664793456
vn 0.8677572604028473 0 -0.4969882664793456
vn 0.8677572604028473 0 -0.4969882664793456
vn 0 1 0
vn 0 -1 0
vn 0.8677572604028473 0 -0.4969882664793456
vn 0.8677572604028473 0 -0.4969882664793456
vn 0.8677572604028473 0 -0.4969882664793456
vn 0 -1 0
vn 0 -1 0
vn 0 -1 0
vn 0.3465534151844866 -0.7088592055005147 -0.6143446566880417
vn 0 -1 0
vn 0.3465534151844866 -0.7088592055005147 -0.6143446566880417
vn 0.3465534151844866 -0.7088592055005147 -0.6143446566880417
vn 0 -1 0
vn 0.4969882664793456 0 -0.8677572604028473
vn 0.3465534151844866 -0.7088592055005147 -0.6143446566880417
vn 0.3465534151844866 -0.7088592055005147 -0.6143446566880417
vn 0.3465534151844866 -0.7088592055005147 -0.6143446566880417
vn 0.4969882664793456 0 -0.8677572604028473
vn 0.4969882664793456 0 -0.8677572604028473
vn 0.4969882664793456 0 -0.8677572604028473
vn 0.3465534151844866 0.7088592055005147 -0.6143446566880417
vn 0.4969882664793456 0 -0.8677572604028473
vn 0.3465534151844866 0.7088592055005147 -0.6143446566880417
vn 0.4969882664793456 0 -0.8677572604028473
vn 0.3465534151844866 0.7088592055005147 -0.6143446566880417
vn 0 1 0
vn 0.3465534151844866 0.7088592055005147 -0.6143446566880417
vn 0.3465534151844866 0.7088592055005147 -0.6143446566880417
vn 0.3465534151844866 0.7088592055005147 -0.6143446566880417
vn 0 1 0
vn 0 1 0
vn -0.3465534151844866 0.7088592055005147 0.6143446566880417
vn 0 1 0
vn 0 1 0
vn 0 1 0
vn -0.3465534151844866 0.7088592055005147 0.6143446566880417
vn -0.3465534151844866 0.7088592055005147 0.6143446566880417
vn -0.3465534151844866 0.7088592055005147 0.6143446566880417
vn -0.4969882664793456 0 0.8677572604028473
vn -0.3465534151844866 0.7088592055005147 0.6143446566880417
vn -0.4969882664793456 0 0.8677572604028473
vn -0.3465534151844866 0.7088592055005147 0.6143446566880417
vn -0.4969882664793456 0 0.8677572604028473
vn -0.3465534151844866 -0.7088592055005147 0.6143446566880417
vn -0.4969882664793456 0 0.8677572604028473
vn -0.4969882664793456 0 0.8677572604028473
vn -0.4969882664793456 0 0.8677572604028473
vn -0.3465534151844866 -0.7088592055005147 0.6143446566880417
vn -0.3465534151844866 -0.7088592055005147 0.6143446566880417
vn -0.3465534151844866 -0.7088592055005147 0.6143446566880417
vn 0 -1 0
vn -0.3465534151844866 -0.7088592055005147 0.6143446566880417
vn 0 -1 0
vn 0 -1 0
vn -0.3465534151844866 -0.7088592055005147 0.6143446566880417
vn -0.9111787541129059 0 -0.41201125961950646
vn -0.8677572604028473 0 -0.4969882664793456
vn -0.8677572604028473 0 -0.4969882664793456
vn -0.8677572604028473 0 -0.4969882664793456
vn -0.9111787541129059 0 -0.41201125961950646
vn -0.9111787541129059 0 -0.41201125961950646
vn -0.9111787541129059 0 -0.41201125961950646
vn -0.9612260664405996 0 -0.2757615803463783
vn -0.9111787541129059 0 -0.41201125961950646
vn -0.9612260664405996 0 -0.2757615803463783
vn -0.9111787541129059 0 -0.41201125961950646
vn -0.9612260664405996 0 -0.2757615803463783
vn 0.93698019916409 0 0.3493824643201518
vn 0.9994964752316072 0 0.0317300488432236
vn 0.9994964752316072 0 0.0317300488432236
vn 0.93698019916409 0 0.3493824643201518
vn 0.93698019916409 0 0.3493824643201518
vn 0.9994964752316072 0 0.0317300488432236
vn 0.93698019916409 0 0.3493824643201518
vn 0.8677572604028473 0 0.4969882664793456
vn 0.93698019916409 0 0.3493824643201518
vn 0.8677572604028473 0 0.4969882664793456
vn 0.93698019916409 0 0.3493824643201518
vn 0.8677572604028473 0 0.4969882664793456
vn 0.4969882664793456 0 0.8677572604028473
vn 0.4969882664793456 0 0.8677572604028473
vn 0.4969882664793456 0 0.8677572604028473
vn 0.4969882664793456 0 0.8677572604028473
vn 0.4969882664793456 0 0.8677572604028473
vn 0.4969882664793456 0 0.8677572604028473
vn 0.4969882664793456 0 0.8677572604028473
vn 0.4969882664793456 0 0.8677572604028473
vn 0.4969882664793456 0 0.8677572604028473
vn 0.4969882664793456 0 0.8677572604028473
vn 0.4969882664793456 0 0.8677572604028473
vn 0.4969882664793456 0 0.8677572604028473
vn 0.4969882664793456 0 0.8677572604028473
vn 0.4969882664793456 0 0.8677572604028473
vn 0.4969882664793456 0 0.8677572604028473
vn 0.4969882664793456 0 0.8677572604028473
vn 0.4969882664793456 0 0.8677572604028473
vn 0.4969882664793456 0 0.8677572604028473
vn 0 -0.26845821285395616 0.96329133077759
vn 0 -0.6707066788728475 0.7417226913849644
vn 0 -0.6707066788728475 0.7417226913849644
vn 0 -0.6707066788728475 0.7417226913849644
vn 0 -0.26845821285395616 0.96329133077759
vn 0 -0.26845821285395616 0.96329133077759
vn 0 -0.26845821285395616 0.96329133077759
vn 0 0 1
vn 0 -0.26845821285395616 0.96329133077759
vn 0 0 1
vn 0 -0.26845821285395616 0.96329133077759
vn 0 0 1
vn 0 0 1
vn 0 0 1
vn 0 0 1
vn 0 0 1
vn 0 0 1
vn 0 0 1
vn 0 0 1
vn 0 0 1
vn 0 0 1
vn 0 0 1
vn 0 0 1
vn 0 0 1
vn 0 0 1
vn 0 0 1
vn 0 0 1
vn 0 0 1
vn 0 0 1
vn 0 0 1
vn -0.646954117721962 -0.6706231817126395 0.36292549884544345
vn -0.646954117721962 -0.6706231817126395 0.36292549884544345
vn -0.8382131590773844 -0.2688608212358792 0.4744602815345877
vn -0.646954117721962 -0.6706231817126395 0.36292549884544345
vn -0.8382131590773844 -0.2688608212358792 0.4744602815345877
vn -0.8382131590773844 -0.2688608212358792 0.4744602815345877
vn -0.8677572604028473 0 0.4969882664793456
vn -0.8382131590773844 -0.2688608212358792 0.4744602815345877
vn -0.8382131590773844 -0.2688608212358792 0.4744602815345877
vn -0.8382131590773844 -0.2688608212358792 0.4744602815345877
vn -0.8677572604028473 0 0.4969882664793456
vn -0.8677572604028473 0 0.4969882664793456
vn -0.8677572604028473 0 0.4969882664793456
vn -0.8677572604028473 0 0.4969882664793456
vn -0.8677572604028473 0 0.4969882664793456
vn -0.8677572604028473 0 0.4969882664793456
vn -0.8677572604028473 0 0.4969882664793456
vn -0.8677572604028473 0 0.4969882664793456
vn -0.8677572604028473 0 0.4969882664793456
vn -0.8677572604028473 0 0.4969882664793456
vn -0.8677572604028473 0 0.4969882664793456
vn -0.8677572604028473 0 0.4969882664793456
vn -0.8677572604028473 0 0.4969882664793456
vn -0.8677572604028473 0 0.4969882664793456
vn -0.8677572604028473 0 0.4969882664793456
vn -0.8677572604028473 0 0.4969882664793456
vn -0.8677572604028473 0 0.4969882664793456
vn -0.8677572604028473 0 0.4969882664793456
vn -0.8677572604028473 0 0.4969882664793456
vn -0.8677572604028473 0 0.4969882664793456
vn 1 0 0
vn 1 0 0
vn 1 0 0
vn 1 0 0
vn 1 0 0
vn 1 0 0
vn 1 0 0
vn 1 0 0
vn 1 0 0
vn 1 0 0
vn 1 0 0
vn 1 0 0
vn 1 0 0
vn 1 0 0
vn 1 0 0
vn 1 0 0
vn 1 0 0
vn 1 0 0
vn 0.08697079025259419 0 0.9962108620381728
vn 0 0 1
vn 0 0 1
vn 0 0 1
vn 0.08697079025259419 0 0.9962108620381728
vn 0.08697079025259419 0 0.9962108620381728
vn 0.08697079025259419 0 0.9962108620381728
vn 0.23695617333028182 0 0.9715203404564771
vn 0.08697079025259419 0 0.9962108620381728
vn 0.23695617333028182 0 0.9715203404564771
vn 0.08697079025259419 0 0.9962108620381728
vn 0.23695617333028182 0 0.9715203404564771
vn -0.7071067811865476 -0.7071067811865476 0
vn 0 -1 0
vn 0 -1 0
vn 0 -1 0
vn -0.7071067811865476 -0.7071067811865476 0
vn -0.7071067811865476 -0.7071067811865476 0
vn -0.7071067811865476 -0.7071067811865476 0
vn -1 0 0
vn -0.7071067811865476 -0.7071067811865476 0
vn -1 0 0
vn -1 0 0
vn -0.7071067811865476 -0.7071067811865476 0
vn -0.7071067811865476 0.7071067811865476 0
vn -1 0 0
vn -1 0 0
vn -1 0 0
vn -0.7071067811865476 0.7071067811865476 0
vn -0.7071067811865476 0.7071067811865476 0
vn -0.7071067811865476 0.7071067811865476 0
vn 0 1 0
vn -0.7071067811865476 0.7071067811865476 0
vn 0 1 0
vn -0.7071067811865476 0.7071067811865476 0
vn 0 1 0
vn 0.7071067811865476 0.7071067811865476 0
vn 0 1 0
vn 0 1 0
vn 0 1 0
vn 0.7071067811865476 0.7071067811865476 0
vn 0.7071067811865476 0.7071067811865476 0
vn 0.7071067811865476 0.7071067811865476 0
vn 1 0 0
vn 0.7071067811865476 0.7071067811865476 0
vn 1 0 0
vn 0.7071067811865476 0.7071067811865476 0
vn 1 0 0
vn 0.7071067811865476 -0.7071067811865476 0
vn 1 0 0
vn 1 0 0
vn 1 0 0
vn 0.7071067811865476 -0.7071067811865476 0
vn 0.7071067811865476 -0.7071067811865476 0
vn 0.7071067811865476 -0.7071067811865476 0
vn 0 -1 0
vn 0.7071067811865476 -0.7071067811865476 0
vn 0 -1 0
vn 0 -1 0
vn 0.7071067811865476 -0.7071067811865476 0
vn 0 -0.6237317250545458 -0.7816384939090962
vn 0.4491950248548331 -0.4491950248548331 -0.7723002390853778
vn 0 -0.6237317250545458 -0.7816384939090962
vn 0.4491950248548331 -0.4491950248548331 -0.7723002390853778
vn 0 -0.6237317250545458 -0.7816384939090962
vn 0.4491950248548331 -0.4491950248548331 -0.7723002390853778
vn 0.6237317250545458 0 -0.7816384939090962
vn 0.4491950248548331 -0.4491950248548331 -0.7723002390853778
vn 0.4491950248548331 -0.4491950248548331 -0.7723002390853778
vn 0.6237317250545458 0 -0.7816384939090962
vn 0.4491950248548331 -0.4491950248548331 -0.7723002390853778
vn 0.6237317250545458 0 -0.7816384939090962
vn 0.4491950248548331 0.4491950248548331 -0.7723002390853778
vn 0.6237317250545458 0 -0.7816384939090962
vn 0.6237317250545458 0 -0.7816384939090962
vn 0.4491950248548331 0.4491950248548331 -0.7723002390853778
vn 0.6237317250545458 0 -0.7816384939090962
vn 0.4491950248548331 0.4491950248548331 -0.7723002390853778
vn 0 0.6237317250545458 -0.7816384939090962
vn 0.4491950248548331 0.4491950248548331 -0.7723002390853778
vn 0.4491950248548331 0.4491950248548331 -0.7723002390853778
vn 0.4491950248548331 0.4491950248548331 -0.7723002390853778
vn 0 0.6237317250545458 -0.7816384939090962
vn 0 0.6237317250545458 -0.7816384939090962
vn -0.4491950248548331 0.4491950248548331 -0.7723002390853778
vn 0 0.6237317250545458 -0.7816384939090962
vn 0 0.6237317250545458 -0.7816384939090962
vn 0 0.6237317250545458 -0.7816384939090962
vn -0.4491950248548331 0.4491950248548331 -0.7723002390853778
vn -0.4491950248548331 0.4491950248548331 -0.7723002390853778
vn -0.6237317250545458 0 -0.7816384939090962
vn -0.4491950248548331 0.4491950248548331 -0.7723002390853778
vn -0.4491950248548331 0.4491950248548331 -0.7723002390853778
vn -0.4491950248548331 0.4491950248548331 -0.7723002390853778
vn -0.6237317250545458 0 -0.7816384939090962
vn -0.6237317250545458 0 -0.7816384939090962
vn -0.6237317250545458 0 -0.7816384939090962
vn -0.4491950248548331 -0.4491950248548331 -0.7723002390853778
vn -0.6237317250545458 0 -0.7816384939090962
vn -0.4491950248548331 -0.4491950248548331 -0.7723002390853778
vn -0.6237317250545458 0 -0.7816384939090962
vn -0.4491950248548331 -0.4491950248548331 -0.7723002390853778
vn -0.4491950248548331 -0.4491950248548331 -0.7723002390853778
vn 0 -0.6237317250545458 -0.7816384939090962
vn -0.4491950248548331 -0.4491950248548331 -0.7723002390853778
vn -0.4491950248548331 -0.4491950248548331 -0.7723002390853778
vn 0 -0.6237317250545458 -0.7816384939090962
vn 0 -0.6237317250545458 -0.7816384939090962
vn 0.7071067811865476 -0.7071067811865476 0
vn 0 -1 0
vn 0 -1 0
vn 0 -1 0
vn 0.7071067811865476 -0.7071067811865476 0
vn 0.7071067811865476 -0.7071067811865476 0
vn 0.7071067811865476 -0.7071067811865476 0
vn 0.7071067811865476 -0.7071067811865476 0
vn 1 0 0
vn 1 0 0
vn 0.7071067811865476 -0.7071067811865476 0
vn 1 0 0
vn 1 0 0
vn 1 0 0
vn 0.7071067811865476 0.7071067811865476 0
vn 0.7071067811865476 0.7071067811865476 0
vn 0.7071067811865476 0.7071067811865476 0
vn 1 0 0
vn 0.7071067811865476 0.7071067811865476 0
vn 0 1 0
vn 0.7071067811865476 0.7071067811865476 0
vn 0 1 0
vn 0.7071067811865476 0.7071067811865476 0
vn 0 1 0
vn 0 1 0
vn 0 1 0
vn -0.7071067811865476 0.7071067811865476 0
vn -0.7071067811865476 0.7071067811865476 0
vn -0.7071067811865476 0.7071067811865476 0
vn 0 1 0
vn -0.7071067811865476 0.7071067811865476 0
vn -1 0 0
vn -0.7071067811865476 0.7071067811865476 0
vn -1 0 0
vn -0.7071067811865476 0.7071067811865476 0
vn -1 0 0
vn -0.7071067811865476 -0.7071067811865476 0
vn -1 0 0
vn -1 0 0
vn -1 0 0
vn -0.7071067811865476 -0.7071067811865476 0
vn -0.7071067811865476 -0.7071067811865476 0
vn -0.7071067811865476 -0.7071067811865476 0
vn -0.7071067811865476 -0.7071067811865476 0
vn 0 -1 0
vn 0 -1 0
vn -0.7071067811865476 -0.7071067811865476 0
vn 0 -1 0
vn 0 -0.6237317250545458 0.7816384939090962
vn 0.4491950248548331 -0.4491950248548331 0.7723002390853778
vn 0 -0.6237317250545458 0.7816384939090962
vn 0 -0.6237317250545458 0.7816384939090962
vn 0.4491950248548331 -0.4491950248548331 0.7723002390853778
vn 0.4491950248548331 -0.4491950248548331 0.7723002390853778
vn 0.4491950248548331 -0.4491950248548331 0.7723002390853778
vn 0.6237317250545458 0 0.7816384939090962
vn 0.4491950248548331 -0.4491950248548331 0.7723002390853778
vn 0.6237317250545458 0 0.7816384939090962
vn 0.4491950248548331 -0.4491950248548331 0.7723002390853778
vn 0.6237317250545458 0 0.7816384939090962
vn 0.4491950248548331 0.4491950248548331 0.7723002390853778
vn 0.6237317250545458 0 0.7816384939090962
vn 0.6237317250545458 0 0.7816384939090962
vn 0.6237317250545458 0 0.7816384939090962
vn 0.4491950248548331 0.4491950248548331 0.7723002390853778
vn 0.4491950248548331 0.4491950248548331 0.7723002390853778
vn 0.4491950248548331 0.4491950248548331 0.7723002390853778
vn 0 0.6237317250545458 0.7816384939090962
vn 0.4491950248548331 0.4491950248548331 0.7723002390853778
vn 0.4491950248548331 0.4491950248548331 0.7723002390853778
vn 0 0.6237317250545458 0.7816384939090962
vn 0 0.6237317250545458 0.7816384939090962
vn -0.4491950248548331 0.4491950248548331 0.7723002390853778
vn 0 0.6237317250545458 0.7816384939090962
vn 0 0.6237317250545458 0.7816384939090962
vn 0 0.6237317250545458 0.7816384939090962
vn -0.4491950248548331 0.4491950248548331 0.7723002390853778
vn -0.4491950248548331 0.4491950248548331 0.7723002390853778
vn -0.4491950248548331 0.4491950248548331 0.7723002390853778
vn -0.6237317250545458 0 0.7816384939090962
vn -0.4491950248548331 0.4491950248548331 0.7723002390853778
vn -0.6237317250545458 0 0.7816384939090962
vn -0.4491950248548331 0.4491950248548331 0.7723002390853778
vn -0.6237317250545458 0 0.7816384939090962
vn -0.6237317250545458 0 0.7816384939090962
vn -0.4491950248548331 -0.4491950248548331 0.7723002390853778
vn -0.6237317250545458 0 0.7816384939090962
vn -0.6237317250545458 0 0.7816384939090962
vn -0.4491950248548331 -0.4491950248548331 0.7723002390853778
vn -0.4491950248548331 -0.4491950248548331 0.7723002390853778
vn -0.4491950248548331 -0.4491950248548331 0.7723002390853778
vn 0 -0.6237317250545458 0.7816384939090962
vn -0.4491950248548331 -0.4491950248548331 0.7723002390853778
vn 0 -0.6237317250545458 0.7816384939090962
vn -0.4491950248548331 -0.4491950248548331 0.7723002390853778
vn 0 -0.6237317250545458 0.7816384939090962
vn 0 -1 0
vn 0 -1 0
vn 0.8711522052635192 0 -0.49101307036015573
vn 0.8711522052635192 0 -0.49101307036015573
vn 0.8711522052635192 0 -0.49101307036015573
vn 0 -1 0
vn 0 1 0
vn 0.8711522052635192 0 -0.49101307036015573
vn 0.8711522052635192 0 -0.49101307036015573
vn 0.8711522052635192 0 -0.49101307036015573
vn 0 1 0
vn 0 1 0
vn 0 1 0
vn -0.8677572604028473 0 0.4969882664793456
vn 0 1 0
vn -0.8677572604028473 0 0.4969882664793456
vn 0 1 0
vn -0.8677572604028473 0 0.4969882664793456
vn 0 -1 0
vn -0.8677572604028473 0 0.4969882664793456
vn -0.8677572604028473 0 0.4969882664793456
vn -0.8677572604028473 0 0.4969882664793456
vn 0 -1 0
vn 0 -1 0
vn -0.4969882664793456 0 -0.8677572604028473
vn -0.4969882664793456 0 -0.8677572604028473
vn -0.4969882664793456 0 -0.8677572604028473
vn -0.4969882664793456 0 -0.8677572604028473
vn -0.4969882664793456 0 -0.8677572604028473
vn -0.4969882664793456 0 -0.8677572604028473
vn -0.4969882664793456 0 -0.8677572604028473
vn -0.4969882664793456 0 -0.8677572604028473
vn -0.4969882664793456 0 -0.8677572604028473
vn -0.4969882664793456 0 -0.8677572604028473
vn -0.4969882664793456 0 -0.8677572604028473
vn -0.4969882664793456 0 -0.8677572604028473
vn -0.4969882664793456 0 -0.8677572604028473
vn -0.4969882664793456 0 -0.8677572604028473
vn -0.4969882664793456 0 -0.8677572604028473
vn -0.4969882664793456 0 -0.8677572604028473
vn -0.4969882664793456 0 -0.8677572604028473
vn -0.4969882664793456 0 -0.8677572604028473
vn -0.23695617333028182 0 -0.9715203404564771
vn -0.08697079025259419 0 -0.9962108620381728
vn -0.23695617333028182 0 -0.9715203404564771
vn -0.08697079025259419 0 -0.9962108620381728
vn -0.08697079025259419 0 -0.9962108620381728
vn -0.23695617333028182 0 -0.9715203404564771
vn -0.08697079025259419 0 -0.9962108620381728
vn 0 0 -1
vn -0.08697079025259419 0 -0.9962108620381728
vn 0 0 -1
vn 0 0 -1
vn -0.08697079025259419 0 -0.9962108620381728
vn 0.4598542459828707 0 0.8879944101465534
vn 0.15799049820083025 0 0.9874406323816403
vn 0.4598542459828707 0 0.8879944101465534
vn 0.15799049820083025 0 0.9874406323816403
vn 0.4598542459828707 0 0.8879944101465534
vn 0.15799049820083025 0 0.9874406323816403
vn 0 0 1
vn 0.15799049820083025 0 0.9874406323816403
vn 0.15799049820083025 0 0.9874406323816403
vn 0.15799049820083025 0 0.9874406323816403
vn 0 0 1
vn 0 0 1
vn 0.646954117721962 -0.6706231817126395 -0.36292549884544345
vn 0.8382131590773844 -0.2688608212358792 -0.4744602815345877
vn 0.646954117721962 -0.6706231817126395 -0.36292549884544345
vn 0.8382131590773844 -0.2688608212358792 -0.4744602815345877
vn 0.646954117721962 -0.6706231817126395 -0.36292549884544345
vn 0.8382131590773844 -0.2688608212358792 -0.4744602815345877
vn 0.8677572604028473 0 -0.4969882664793456
vn 0.8382131590773844 -0.2688608212358792 -0.4744602815345877
vn 0.8382131590773844 -0.2688608212358792 -0.4744602815345877
vn 0.8382131590773844 -0.2688608212358792 -0.4744602815345877
vn 0.8677572604028473 0 -0.4969882664793456
vn 0.8677572604028473 0 -0.4969882664793456
vn 0.8677572604028473 0 -0.4969882664793456
vn 0.8677572604028473 0 -0.4969882664793456
vn 0.8677572604028473 0 -0.4969882664793456
vn 0.8677572604028473 0 -0.4969882664793456
vn 0.8677572604028473 0 -0.4969882664793456
vn 0.8677572604028473 0 -0.4969882664793456
vn 0.8677572604028473 0 -0.4969882664793456
vn 0.8677572604028473 0 -0.4969882664793456
vn 0.8677572604028473 0 -0.4969882664793456
vn 0.8677572604028473 0 -0.4969882664793456
vn 0.8677572604028473 0 -0.4969882664793456
vn 0.8677572604028473 0 -0.4969882664793456
vn 0.8677572604028473 0 -0.4969882664793456
vn 0.8677572604028473 0 -0.4969882664793456
vn 0.8677572604028473 0 -0.4969882664793456
vn 0.8677572604028473 0 -0.4969882664793456
vn 0.8677572604028473 0 -0.4969882664793456
vn 0.8677572604028473 0 -0.4969882664793456
vn -0.8745320299183728 0 0.48496776042006184
vn -0.8745320299183728 0 0.48496776042006184
vn -0.9848627728328895 0 0.17333585517114614
vn -0.8745320299183728 0 0.48496776042006184
vn -0.9848627728328895 0 0.17333585517114614
vn -0.9848627728328895 0 0.17333585517114614
vn -0.9848627728328895 0 0.17333585517114614
vn -0.93698019916409 0 0.3493824643201518
vn -0.9848627728328895 0 0.17333585517114614
vn -0.93698019916409 0 0.3493824643201518
vn -0.9848627728328895 0 0.17333585517114614
vn -0.93698019916409 0 0.3493824643201518
vn -0.93698019916409 0 0.3493824643201518
vn -0.9767443436285596 0 0.2144072927621968
vn -0.93698019916409 0 0.3493824643201518
vn -0.9767443436285596 0 0.2144072927621968
vn -0.93698019916409 0 0.3493824643201518
vn -0.9767443436285596 0 0.2144072927621968
vn -0.9767443436285596 0 0.2144072927621968
vn -1 0 0
vn -0.9767443436285596 0 0.2144072927621968
vn -0.9767443436285596 0 0.2144072927621968
vn -1 0 0
vn -1 0 0
vn 0.15882522955541006 0.9450101016985871 -0.28588538637764865
vn 0.15882522955541006 0.9450101016985871 -0.28588538637764865
vn 0.07884532893781054 0.9855666079973415 -0.14980612572689808
vn 0.07884532893781054 0.9855666079973415 -0.14980612572689808
vn 0.03972008334291347 0.99300214690277 -0.11121623634038988
vn 0.15882522955541006 0.9450101016985871 -0.28588538637764865
vn 0.03972008334291347 0.99300214690277 -0.11121623634038988
vn 0.10273871649526257 0.940454371027076 -0.32402211675898446
vn 0.15882522955541006 0.9450101016985871 -0.28588538637764865
vn 0.03972008334291347 0.99300214690277 -0.11121623634038988
vn 0.13512933007793657 0.9300077387949373 -0.3417977032313351
vn 0.10273871649526257 0.940454371027076 -0.32402211675898446
vn 0.03972008334291347 0.99300214690277 -0.11121623634038988
vn 0.07884532893781054 0.9855666079973415 -0.14980612572689808
vn -0.023775851629827014 0.9985857721780249 0.04755170325965403
vn 0.13512933007793657 0.9300077387949373 -0.3417977032313351
vn 0.03972008334291347 0.99300214690277 -0.11121623634038988
vn 0.18920526305646865 0.827773051949083 -0.5281980148567705
vn -0.04741638620598858 0.9957441289522121 0.07902731158507775
vn -0.023775851629827014 0.9985857721780249 0.04755170325965403
vn -0.04741638620598858 0.9957441289522121 0.07902731158507775
vn -0.03974015630307321 0.9299195986323265 -0.3656094364981574
vn 0.18920526305646865 0.827773051949083 -0.5281980148567705
vn 0.03972008334291347 0.99300214690277 -0.11121623634038988
vn 0.18920526305646865 0.827773051949083 -0.5281980148567705
vn -0.03974015630307321 0.9299195986323265 -0.3656094364981574
vn 0.023703014224099112 0.9402195114476528 -0.33974319332376485
vn -0.03974015630307321 0.9299195986323265 -0.3656094364981574
vn -0.28643688411450896 0.9388764452080233 0.1909579326771134
vn 0.023703014224099112 0.9402195114476528 -0.33974319332376485
vn -0.023775851629827014 0.9985857721780249 0.04755170325965403
vn -0.023790799089790947 0.9992135766723811 0.03172106669481803
vn 0.03972008334291347 0.99300214690277 -0.11121623634038988
vn -0.023775851629827014 0.9985857721780249 0.04755170325965403
vn -0.04741638620598858 0.9957441289522121 0.07902731158507775
vn -0.023790799089790947 0.9992135766723811 0.03172106669481803
vn 0.03972008334291347 0.99300214690277 -0.11121623634038988
vn -0.023790799089790947 0.9992135766723811 0.03172106669481803
vn -0.03974015630307321 0.9299195986323265 -0.3656094364981574
vn -0.023790799089790947 0.9992135766723811 0.03172106669481803
vn -0.04741638620598858 0.9957441289522121 0.07902731158507775
vn -0.1110237291617541 0.975422778783042 0.1903263885912468
vn -0.21314756511195254 0.9394281479630597 0.26840802950273607
vn -0.023790799089790947 0.9992135766723811 0.03172106669481803
vn -0.1110237291617541 0.975422778783042 0.1903263885912468
vn -0.023790799089790947 0.9992135766723811 0.03172106669481803
vn -0.21314756511195254 0.9394281479630597 0.26840802950273607
vn -0.36540175163032157 0.8261256371419661 0.4289498706868598
vn -0.28643688411450896 0.9388764452080233 0.1909579326771134
vn -0.03974015630307321 0.9299195986323265 -0.3656094364981574
vn -0.3544956213524957 0.9216885141885908 0.15755360121157505
vn -0.023790799089790947 0.9992135766723811 0.03172106669481803
vn -0.3544956213524957 0.9216885141885908 0.15755360121157505
vn -0.03974015630307321 0.9299195986323265 -0.3656094364981574
vn -0.3544956213524957 0.9216885141885908 0.15755360121157505
vn -0.36540175163032157 0.8261256371419661 0.4289498706868598
vn -0.28643688411450896 0.9388764452080233 0.1909579326771134
vn -0.36540175163032157 0.8261256371419661 0.4289498706868598
vn -0.3544956213524957 0.9216885141885908 0.15755360121157505
vn -0.023790799089790947 0.9992135766723811 0.03172106669481803
vn 0.15882522955541006 -0.9450101016985871 -0.28588538637764865
vn 0.15882522955541006 -0.9450101016985871 -0.28588538637764865
vn 0.07884532893781054 -0.9855666079973415 -0.14980612572689808
vn 0.07884532893781054 -0.9855666079973415 -0.14980612572689808
vn 0.15882522955541006 -0.9450101016985871 -0.28588538637764865
vn 0.03972008334291347 -0.99300214690277 -0.11121623634038988
vn 0.03972008334291347 -0.99300214690277 -0.11121623634038988
vn 0.15882522955541006 -0.9450101016985871 -0.28588538637764865
vn 0.10273871649526257 -0.940454371027076 -0.32402211675898446
vn 0.13512933007793657 -0.9300077387949373 -0.3417977032313351
vn 0.03972008334291347 -0.99300214690277 -0.11121623634038988
vn 0.10273871649526257 -0.940454371027076 -0.32402211675898446
vn 0.07884532893781054 -0.9855666079973415 -0.14980612572689808
vn 0.03972008334291347 -0.99300214690277 -0.11121623634038988
vn -0.023775851629827014 -0.9985857721780249 0.04755170325965403
vn 0.03972008334291347 -0.99300214690277 -0.11121623634038988
vn 0.13512933007793657 -0.9300077387949373 -0.3417977032313351
vn 0.18920526305646865 -0.827773051949083 -0.5281980148567705
vn -0.023775851629827014 -0.9985857721780249 0.04755170325965403
vn -0.04741638620598858 -0.9957441289522121 0.07902731158507775
vn -0.04741638620598858 -0.9957441289522121 0.07902731158507775
vn 0.18920526305646865 -0.827773051949083 -0.5281980148567705
vn -0.03974015630307321 -0.9299195986323265 -0.3656094364981574
vn 0.03972008334291347 -0.99300214690277 -0.11121623634038988
vn -0.03974015630307321 -0.9299195986323265 -0.3656094364981574
vn 0.18920526305646865 -0.827773051949083 -0.5281980148567705
vn 0.023703014224099112 -0.9402195114476528 -0.33974319332376485
vn -0.03974015630307321 -0.9299195986323265 -0.3656094364981574
vn 0.023703014224099112 -0.9402195114476528 -0.33974319332376485
vn -0.28643688411450896 -0.9388764452080233 0.1909579326771134
vn -0.023775851629827014 -0.9985857721780249 0.04755170325965403
vn 0.03972008334291347 -0.99300214690277 -0.11121623634038988
vn -0.023790799089790947 -0.9992135766723811 0.03172106669481803
vn -0.04741638620598858 -0.9957441289522121 0.07902731158507775
vn -0.023775851629827014 -0.9985857721780249 0.04755170325965403
vn -0.023790799089790947 -0.9992135766723811 0.03172106669481803
vn -0.03974015630307321 -0.9299195986323265 -0.3656094364981574
vn -0.023790799089790947 -0.9992135766723811 0.03172106669481803
vn 0.03972008334291347 -0.99300214690277 -0.11121623634038988
vn -0.023790799089790947 -0.9992135766723811 0.03172106669481803
vn -0.1110237291617541 -0.975422778783042 0.1903263885912468
vn -0.04741638620598858 -0.9957441289522121 0.07902731158507775
vn -0.023790799089790947 -0.9992135766723811 0.03172106669481803
vn -0.21314756511195254 -0.9394281479630597 0.26840802950273607
vn -0.1110237291617541 -0.975422778783042 0.1903263885912468
vn -0.21314756511195254 -0.9394281479630597 0.26840802950273607
vn -0.023790799089790947 -0.9992135766723811 0.03172106669481803
vn -0.36540175163032157 -0.8261256371419661 0.4289498706868598
vn -0.023790799089790947 -0.9992135766723811 0.03172106669481803
vn -0.03974015630307321 -0.9299195986323265 -0.3656094364981574
vn -0.3544956213524957 -0.9216885141885908 0.15755360121157505
vn -0.3544956213524957 -0.9216885141885908 0.15755360121157505
vn -0.36540175163032157 -0.8261256371419661 0.4289498706868598
vn -0.023790799089790947 -0.9992135766723811 0.03172106669481803
vn -0.28643688411450896 -0.9388764452080233 0.1909579326771134
vn -0.3544956213524957 -0.9216885141885908 0.15755360121157505
vn -0.03974015630307321 -0.9299195986323265 -0.3656094364981574
vn -0.36540175163032157 -0.8261256371419661 0.4289498706868598
vn -0.3544956213524957 -0.9216885141885908 0.15755360121157505
vn -0.28643688411450896 -0.9388764452080233 0.1909579326771134
vn -0.07884532893781054 0.9855666079973415 0.14980612572689808
vn -0.15882522955541006 0.9450101016985871 0.28588538637764865
vn -0.15882522955541006 0.9450101016985871 0.28588538637764865
vn -0.07884532893781054 0.9855666079973415 0.14980612572689808
vn -0.03972008334291347 0.99300214690277 0.11121623634038988
vn -0.15882522955541006 0.9450101016985871 0.28588538637764865
vn -0.03972008334291347 0.99300214690277 0.11121623634038988
vn -0.10273871649526257 0.940454371027076 0.32402211675898446
vn -0.15882522955541006 0.9450101016985871 0.28588538637764865
vn -0.03972008334291347 0.99300214690277 0.11121623634038988
vn -0.13512933007793657 0.9300077387949373 0.3417977032313351
vn -0.10273871649526257 0.940454371027076 0.32402211675898446
vn 0.023775851629827014 0.9985857721780249 -0.04755170325965403
vn -0.03972008334291347 0.99300214690277 0.11121623634038988
vn -0.07884532893781054 0.9855666079973415 0.14980612572689808
vn -0.13512933007793657 0.9300077387949373 0.3417977032313351
vn -0.03972008334291347 0.99300214690277 0.11121623634038988
vn -0.18278162668759101 0.8264907818876756 0.5324508093712852
vn 0.04741638620598858 0.9957441289522121 -0.07902731158507775
vn 0.023775851629827014 0.9985857721780249 -0.04755170325965403
vn 0.04741638620598858 0.9957441289522121 -0.07902731158507775
vn 0.04767162768911109 0.9295966710197952 0.365482482675142
vn -0.18278162668759101 0.8264907818876756 0.5324508093712852
vn -0.03972008334291347 0.99300214690277 0.11121623634038988
vn -0.18278162668759101 0.8264907818876756 0.5324508093712852
vn 0.04767162768911109 0.9295966710197952 0.365482482675142
vn -0.015761718585262582 0.9378222483725429 0.3467578386781
vn -0.015761718585262582 0.9378222483725429 0.3467578386781
vn 0.04767162768911109 0.9295966710197952 0.365482482675142
vn 0.29154655389289486 0.9376766698381251 -0.18911126289690136
vn -0.03972008334291347 0.99300214690277 0.11121623634038988
vn 0.023775851629827014 0.9985857721780249 -0.04755170325965403
vn 0.023790799089790947 0.9992135766723811 -0.03172106669481803
vn 0.023775851629827014 0.9985857721780249 -0.04755170325965403
vn 0.04741638620598858 0.9957441289522121 -0.07902731158507775
vn 0.023790799089790947 0.9992135766723811 -0.03172106669481803
vn 0.023790799089790947 0.9992135766723811 -0.03172106669481803
vn 0.04767162768911109 0.9295966710197952 0.365482482675142
vn -0.03972008334291347 0.99300214690277 0.11121623634038988
vn 0.023790799089790947 0.9992135766723811 -0.03172106669481803
vn 0.04741638620598858 0.9957441289522121 -0.07902731158507775
vn 0.1110237291617541 0.975422778783042 -0.1903263885912468
vn 0.21314756511195254 0.9394281479630597 -0.26840802950273607
vn 0.023790799089790947 0.9992135766723811 -0.03172106669481803
vn 0.1110237291617541 0.975422778783042 -0.1903263885912468
vn 0.023790799089790947 0.9992135766723811 -0.03172106669481803
vn 0.21314756511195254 0.9394281479630597 -0.26840802950273607
vn 0.36540175163032157 0.8261256371419661 -0.4289498706868598
vn 0.04767162768911109 0.9295966710197952 0.365482482675142
vn 0.023790799089790947 0.9992135766723811 -0.03172106669481803
vn 0.3475791281957895 0.9242444214054071 -0.15799050333371067
vn 0.36540175163032157 0.8261256371419661 -0.4289498706868598
vn 0.3475791281957895 0.9242444214054071 -0.15799050333371067
vn 0.023790799089790947 0.9992135766723811 -0.03172106669481803
vn 0.29154655389289486 0.9376766698381251 -0.18911126289690136
vn 0.04767162768911109 0.9295966710197952 0.365482482675142
vn 0.3475791281957895 0.9242444214054071 -0.15799050333371067
vn 0.3475791281957895 0.9242444214054071 -0.15799050333371067
vn 0.36540175163032157 0.8261256371419661 -0.4289498706868598
vn 0.29154655389289486 0.9376766698381251 -0.18911126289690136
vn -0.15882522955541006 -0.9450101016985871 0.28588538637764865
vn -0.07884532893781054 -0.9855666079973415 0.14980612572689808
vn -0.15882522955541006 -0.9450101016985871 0.28588538637764865
vn -0.03972008334291347 -0.99300214690277 0.11121623634038988
vn -0.07884532893781054 -0.9855666079973415 0.14980612572689808
vn -0.15882522955541006 -0.9450101016985871 0.28588538637764865
vn -0.03972008334291347 -0.99300214690277 0.11121623634038988
vn -0.15882522955541006 -0.9450101016985871 0.28588538637764865
vn -0.10273871649526257 -0.940454371027076 0.32402211675898446
vn -0.13512933007793657 -0.9300077387949373 0.3417977032313351
vn -0.03972008334291347 -0.99300214690277 0.11121623634038988
vn -0.10273871649526257 -0.940454371027076 0.32402211675898446
vn -0.03972008334291347 -0.99300214690277 0.11121623634038988
vn 0.023775851629827014 -0.9985857721780249 -0.04755170325965403
vn -0.07884532893781054 -0.9855666079973415 0.14980612572689808
vn -0.03972008334291347 -0.99300214690277 0.11121623634038988
vn -0.13512933007793657 -0.9300077387949373 0.3417977032313351
vn -0.18920526305646865 -0.827773051949083 0.5281980148567705
vn 0.023775851629827014 -0.9985857721780249 -0.04755170325965403
vn 0.04741638620598858 -0.9957441289522121 -0.07902731158507775
vn 0.04741638620598858 -0.9957441289522121 -0.07902731158507775
vn -0.18920526305646865 -0.827773051949083 0.5281980148567705
vn 0.03974015630307321 -0.9299195986323265 0.3656094364981574
vn -0.03972008334291347 -0.99300214690277 0.11121623634038988
vn 0.03974015630307321 -0.9299195986323265 0.3656094364981574
vn -0.18920526305646865 -0.827773051949083 0.5281980148567705
vn -0.023703014224099112 -0.9402195114476528 0.33974319332376485
vn 0.023790799089790947 -0.9992135766723811 -0.03172106669481803
vn 0.023775851629827014 -0.9985857721780249 -0.04755170325965403
vn -0.03972008334291347 -0.99300214690277 0.11121623634038988
vn 0.04741638620598858 -0.9957441289522121 -0.07902731158507775
vn 0.023775851629827014 -0.9985857721780249 -0.04755170325965403
vn 0.023790799089790947 -0.9992135766723811 -0.03172106669481803
vn 0.023790799089790947 -0.9992135766723811 -0.03172106669481803
vn -0.03972008334291347 -0.99300214690277 0.11121623634038988
vn 0.03974015630307321 -0.9299195986323265 0.3656094364981574
vn 0.023790799089790947 -0.9992135766723811 -0.03172106669481803
vn 0.1110237291617541 -0.975422778783042 -0.1903263885912468
vn 0.04741638620598858 -0.9957441289522121 -0.07902731158507775
vn 0.023790799089790947 -0.9992135766723811 -0.03172106669481803
vn 0.21314756511195254 -0.9394281479630597 -0.26840802950273607
vn 0.1110237291617541 -0.975422778783042 -0.1903263885912468
vn 0.21314756511195254 -0.9394281479630597 -0.26840802950273607
vn 0.023790799089790947 -0.9992135766723811 -0.03172106669481803
vn 0.36540175163032157 -0.8261256371419661 -0.4289498706868598
vn 0.023790799089790947 -0.9992135766723811 -0.03172106669481803
vn 0.03974015630307321 -0.9299195986323265 0.3656094364981574
vn 0.3544956213524957 -0.9216885141885908 -0.15755360121157505
vn 0.3544956213524957 -0.9216885141885908 -0.15755360121157505
vn 0.36540175163032157 -0.8261256371419661 -0.4289498706868598
vn 0.023790799089790947 -0.9992135766723811 -0.03172106669481803
vn -0.023703014224099112 -0.9402195114476528 0.33974319332376485
vn 0.3544956213524957 -0.9216885141885908 -0.15755360121157505
vn 0.03974015630307321 -0.9299195986323265 0.3656094364981574
vn 0.36540175163032157 -0.8261256371419661 -0.4289498706868598
vn 0.3544956213524957 -0.9216885141885908 -0.15755360121157505
vn 0.28643688411450896 -0.9388764452080233 -0.1909579326771134
vn 0.3544956213524957 -0.9216885141885908 -0.15755360121157505
vn -0.023703014224099112 -0.9402195114476528 0.33974319332376485
vn 0.28643688411450896 -0.9388764452080233 -0.1909579326771134
vn -0.3257458156215721 0.9454573832833698 0
vn -0.3257458156215721 0.9454573832833698 0
vn -0.1656782143698117 0.9861798665979907 0
vn -0.1656782143698117 0.9861798665979907 0
vn -0.11914146491627889 0.9928455186172492 0.007942763955222903
vn -0.3257458156215721 0.9454573832833698 0
vn -0.11914146491627889 0.9928455186172492 0.007942763955222903
vn -0.33197692859048655 0.9406012529695605 0.07113790688317788
vn -0.3257458156215721 0.9454573832833698 0
vn -0.11914146491627889 0.9928455186172492 0.007942763955222903
vn -0.3656094364981574 0.9299195986323265 0.03974015630307321
vn -0.33197692859048655 0.9406012529695605 0.07113790688317788
vn -0.11914146491627889 0.9928455186172492 0.007942763955222903
vn -0.1656782143698117 0.9861798665979907 0
vn 0.05547001962252291 0.9984603532054124 0
vn -0.3656094364981574 0.9299195986323265 0.03974015630307321
vn -0.11914146491627889 0.9928455186172492 0.007942763955222903
vn -0.5517801102743634 0.827670165411545 0.10247344628359466
vn 0.09480909016679247 0.9954954728283524 0
vn 0.05547001962252291 0.9984603532054124 0
vn 0.09480909016679247 0.9954954728283524 0
vn -0.29396575621653903 0.9295673348965541 0.22246056743916645
vn -0.5517801102743634 0.827670165411545 0.10247344628359466
vn -0.11914146491627889 0.9928455186172492 0.007942763955222903
vn -0.5517801102743634 0.827670165411545 0.10247344628359466
vn -0.29396575621653903 0.9295673348965541 0.22246056743916645
vn -0.3079086028237669 0.9395159733632785 0.15000676018888903
vn -0.29396575621653903 0.9295673348965541 0.22246056743916645
vn 0.310208472726455 0.9385793898831531 0.1511272058078495
vn -0.3079086028237669 0.9395159733632785 0.15000676018888903
vn 0.05547001962252291 0.9984603532054124 0
vn 0.047565145875580896 0.9988681378930027 0
vn -0.11914146491627889 0.9928455186172492 0.007942763955222903
vn 0.05547001962252291 0.9984603532054124 0
vn 0.09480909016679247 0.9954954728283524 0
vn 0.047565145875580896 0.9988681378930027 0
vn -0.11914146491627889 0.9928455186172492 0.007942763955222903
vn 0.047565145875580896 0.9988681378930027 0
vn -0.29396575621653903 0.9295673348965541 0.22246056743916645
vn 0.047565145875580896 0.9988681378930027 0
vn 0.09480909016679247 0.9954954728283524 0
vn 0.22196371977486928 0.975054925172784 0
vn 0.3393198007813292 0.9390478283907843 0.05523810996288107
vn 0.047565145875580896 0.9988681378930027 0
vn 0.22196371977486928 0.975054925172784 0
vn 0.047565145875580896 0.9988681378930027 0
vn 0.3393198007813292 0.9390478283907843 0.05523810996288107
vn 0.555398171896697 0.8251629556717746 0.10314536945897182
vn 0.30783184654407414 0.9234955694345441 0.22890060613295166
vn 0.310208472726455 0.9385793898831531 0.1511272058078495
vn -0.29396575621653903 0.9295673348965541 0.22246056743916645
vn -0.29396575621653903 0.9295673348965541 0.22246056743916645
vn 0.047565145875580896 0.9988681378930027 0
vn 0.30783184654407414 0.9234955694345441 0.22890060613295166
vn 0.310208472726455 0.9385793898831531 0.1511272058078495
vn 0.30783184654407414 0.9234955694345441 0.22890060613295166
vn 0.555398171896697 0.8251629556717746 0.10314536945897182
vn 0.047565145875580896 0.9988681378930027 0
vn 0.555398171896697 0.8251629556717746 0.10314536945897182
vn 0.30783184654407414 0.9234955694345441 0.22890060613295166
vn -0.3257458156215721 -0.9454573832833698 0
vn -0.3257458156215721 -0.9454573832833698 0
vn -0.1656782143698117 -0.9861798665979907 0
vn -0.1656782143698117 -0.9861798665979907 0
vn -0.3257458156215721 -0.9454573832833698 0
vn -0.11914146491627889 -0.9928455186172492 0.007942763955222903
vn -0.11914146491627889 -0.9928455186172492 0.007942763955222903
vn -0.3257458156215721 -0.9454573832833698 0
vn -0.33197692859048655 -0.9406012529695605 0.07113790688317788
vn -0.3656094364981574 -0.9299195986323265 0.03974015630307321
vn -0.11914146491627889 -0.9928455186172492 0.007942763955222903
vn -0.33197692859048655 -0.9406012529695605 0.07113790688317788
vn -0.1656782143698117 -0.9861798665979907 0
vn -0.11914146491627889 -0.9928455186172492 0.007942763955222903
vn 0.05547001962252291 -0.9984603532054124 0
vn -0.11914146491627889 -0.9928455186172492 0.007942763955222903
vn -0.3656094364981574 -0.9299195986323265 0.03974015630307321
vn -0.5517801102743634 -0.827670165411545 0.10247344628359466
vn 0.05547001962252291 -0.9984603532054124 0
vn 0.09480909016679247 -0.9954954728283524 0
vn 0.09480909016679247 -0.9954954728283524 0
vn -0.5517801102743634 -0.827670165411545 0.10247344628359466
vn -0.29396575621653903 -0.9295673348965541 0.22246056743916645
vn -0.11914146491627889 -0.9928455186172492 0.007942763955222903
vn -0.29396575621653903 -0.9295673348965541 0.22246056743916645
vn -0.5517801102743634 -0.827670165411545 0.10247344628359466
vn -0.3079086028237669 -0.9395159733632785 0.15000676018888903
vn -0.29396575621653903 -0.9295673348965541 0.22246056743916645
vn -0.3079086028237669 -0.9395159733632785 0.15000676018888903
vn 0.310208472726455 -0.9385793898831531 0.1511272058078495
vn 0.05547001962252291 -0.9984603532054124 0
vn -0.11914146491627889 -0.9928455186172492 0.007942763955222903
vn 0.047565145875580896 -0.9988681378930027 0
vn 0.09480909016679247 -0.9954954728283524 0
vn 0.05547001962252291 -0.9984603532054124 0
vn 0.047565145875580896 -0.9988681378930027 0
vn -0.11914146491627889 -0.9928455186172492 0.007942763955222903
vn -0.29396575621653903 -0.9295673348965541 0.22246056743916645
vn 0.047565145875580896 -0.9988681378930027 0
vn 0.047565145875580896 -0.9988681378930027 0
vn 0.22196371977486928 -0.975054925172784 0
vn 0.09480909016679247 -0.9954954728283524 0
vn 0.047565145875580896 -0.9988681378930027 0
vn 0.3393198007813292 -0.9390478283907843 0.05523810996288107
vn 0.22196371977486928 -0.975054925172784 0
vn 0.3393198007813292 -0.9390478283907843 0.05523810996288107
vn 0.047565145875580896 -0.9988681378930027 0
vn 0.555398171896697 -0.8251629556717746 0.10314536945897182
vn 0.047565145875580896 -0.9988681378930027 0
vn -0.29396575621653903 -0.9295673348965541 0.22246056743916645
vn 0.30783184654407414 -0.9234955694345441 0.22890060613295166
vn 0.30783184654407414 -0.9234955694345441 0.22890060613295166
vn 0.555398171896697 -0.8251629556717746 0.10314536945897182
vn 0.047565145875580896 -0.9988681378930027 0
vn 0.310208472726455 -0.9385793898831531 0.1511272058078495
vn 0.30783184654407414 -0.9234955694345441 0.22890060613295166
vn -0.29396575621653903 -0.9295673348965541 0.22246056743916645
vn 0.555398171896697 -0.8251629556717746 0.10314536945897182
vn 0.30783184654407414 -0.9234955694345441 0.22890060613295166
vn 0.310208472726455 -0.9385793898831531 0.1511272058078495
vn 0.1656782143698117 0.9861798665979907 0
vn 0.3257458156215721 0.9454573832833698 0
vn 0.3257458156215721 0.9454573832833698 0
vn 0.1656782143698117 0.9861798665979907 0
vn 0.11914146491627889 0.9928455186172492 -0.007942763955222903
vn 0.3257458156215721 0.9454573832833698 0
vn 0.11914146491627889 0.9928455186172492 -0.007942763955222903
vn 0.33197692859048655 0.9406012529695605 -0.07113790688317788
vn 0.3257458156215721 0.9454573832833698 0
vn 0.11914146491627889 0.9928455186172492 -0.007942763955222903
vn 0.3656094364981574 0.9299195986323265 -0.03974015630307321
vn 0.33197692859048655 0.9406012529695605 -0.07113790688317788
vn -0.05547001962252291 0.9984603532054124 0
vn 0.11914146491627889 0.9928455186172492 -0.007942763955222903
vn 0.1656782143698117 0.9861798665979907 0
vn 0.3656094364981574 0.9299195986323265 -0.03974015630307321
vn 0.11914146491627889 0.9928455186172492 -0.007942763955222903
vn 0.5517801102743634 0.827670165411545 -0.10247344628359466
vn -0.09480909016679247 0.9954954728283524 0
vn -0.05547001962252291 0.9984603532054124 0
vn -0.09480909016679247 0.9954954728283524 0
vn 0.29396575621653903 0.9295673348965541 -0.22246056743916645
vn 0.5517801102743634 0.827670165411545 -0.10247344628359466
vn 0.11914146491627889 0.9928455186172492 -0.007942763955222903
vn 0.5517801102743634 0.827670165411545 -0.10247344628359466
vn 0.29396575621653903 0.9295673348965541 -0.22246056743916645
vn 0.3079086028237669 0.9395159733632785 -0.15000676018888903
vn 0.3079086028237669 0.9395159733632785 -0.15000676018888903
vn 0.29396575621653903 0.9295673348965541 -0.22246056743916645
vn -0.310208472726455 0.9385793898831531 -0.1511272058078495
vn 0.11914146491627889 0.9928455186172492 -0.007942763955222903
vn -0.05547001962252291 0.9984603532054124 0
vn -0.047565145875580896 0.9988681378930027 0
vn -0.05547001962252291 0.9984603532054124 0
vn -0.09480909016679247 0.9954954728283524 0
vn -0.047565145875580896 0.9988681378930027 0
vn -0.047565145875580896 0.9988681378930027 0
vn 0.29396575621653903 0.9295673348965541 -0.22246056743916645
vn 0.11914146491627889 0.9928455186172492 -0.007942763955222903
vn -0.047565145875580896 0.9988681378930027 0
vn -0.09480909016679247 0.9954954728283524 0
vn -0.22196371977486928 0.975054925172784 0
vn -0.3393198007813292 0.9390478283907843 -0.05523810996288107
vn -0.047565145875580896 0.9988681378930027 0
vn -0.22196371977486928 0.975054925172784 0
vn -0.047565145875580896 0.9988681378930027 0
vn -0.3393198007813292 0.9390478283907843 -0.05523810996288107
vn -0.555398171896697 0.8251629556717746 -0.10314536945897182
vn 0.29396575621653903 0.9295673348965541 -0.22246056743916645
vn -0.047565145875580896 0.9988681378930027 0
vn -0.30783184654407414 0.9234955694345441 -0.22890060613295166
vn -0.555398171896697 0.8251629556717746 -0.10314536945897182
vn -0.30783184654407414 0.9234955694345441 -0.22890060613295166
vn -0.047565145875580896 0.9988681378930027 0
vn -0.310208472726455 0.9385793898831531 -0.1511272058078495
vn 0.29396575621653903 0.9295673348965541 -0.22246056743916645
vn -0.30783184654407414 0.9234955694345441 -0.22890060613295166
vn -0.30783184654407414 0.9234955694345441 -0.22890060613295166
vn -0.555398171896697 0.8251629556717746 -0.10314536945897182
vn -0.310208472726455 0.9385793898831531 -0.1511272058078495
vn 0.3257458156215721 -0.9454573832833698 0
vn 0.1656782143698117 -0.9861798665979907 0
vn 0.3257458156215721 -0.9454573832833698 0
vn 0.11914146491627889 -0.9928455186172492 -0.007942763955222903
vn 0.1656782143698117 -0.9861798665979907 0
vn 0.3257458156215721 -0.9454573832833698 0
vn 0.11914146491627889 -0.9928455186172492 -0.007942763955222903
vn 0.3257458156215721 -0.9454573832833698 0
vn 0.33197692859048655 -0.9406012529695605 -0.07113790688317788
vn 0.3656094364981574 -0.9299195986323265 -0.03974015630307321
vn 0.11914146491627889 -0.9928455186172492 -0.007942763955222903
vn 0.33197692859048655 -0.9406012529695605 -0.07113790688317788
vn 0.11914146491627889 -0.9928455186172492 -0.007942763955222903
vn -0.05547001962252291 -0.9984603532054124 0
vn 0.1656782143698117 -0.9861798665979907 0
vn 0.11914146491627889 -0.9928455186172492 -0.007942763955222903
vn 0.3656094364981574 -0.9299195986323265 -0.03974015630307321
vn 0.5517801102743634 -0.827670165411545 -0.10247344628359466
vn -0.05547001962252291 -0.9984603532054124 0
vn -0.09480909016679247 -0.9954954728283524 0
vn -0.09480909016679247 -0.9954954728283524 0
vn 0.5517801102743634 -0.827670165411545 -0.10247344628359466
vn 0.29396575621653903 -0.9295673348965541 -0.22246056743916645
vn 0.11914146491627889 -0.9928455186172492 -0.007942763955222903
vn 0.29396575621653903 -0.9295673348965541 -0.22246056743916645
vn 0.5517801102743634 -0.827670165411545 -0.10247344628359466
vn 0.3079086028237669 -0.9395159733632785 -0.15000676018888903
vn -0.310208472726455 -0.9385793898831531 -0.1511272058078495
vn 0.29396575621653903 -0.9295673348965541 -0.22246056743916645
vn 0.3079086028237669 -0.9395159733632785 -0.15000676018888903
vn -0.047565145875580896 -0.9988681378930027 0
vn -0.05547001962252291 -0.9984603532054124 0
vn 0.11914146491627889 -0.9928455186172492 -0.007942763955222903
vn -0.09480909016679247 -0.9954954728283524 0
vn -0.05547001962252291 -0.9984603532054124 0
vn -0.047565145875580896 -0.9988681378930027 0
vn -0.047565145875580896 -0.9988681378930027 0
vn 0.11914146491627889 -0.9928455186172492 -0.007942763955222903
vn 0.29396575621653903 -0.9295673348965541 -0.22246056743916645
vn -0.047565145875580896 -0.9988681378930027 0
vn -0.22196371977486928 -0.975054925172784 0
vn -0.09480909016679247 -0.9954954728283524 0
vn -0.047565145875580896 -0.9988681378930027 0
vn -0.3393198007813292 -0.9390478283907843 -0.05523810996288107
vn -0.22196371977486928 -0.975054925172784 0
vn -0.3393198007813292 -0.9390478283907843 -0.05523810996288107
vn -0.047565145875580896 -0.9988681378930027 0
vn -0.555398171896697 -0.8251629556717746 -0.10314536945897182
vn 0.29396575621653903 -0.9295673348965541 -0.22246056743916645
vn -0.310208472726455 -0.9385793898831531 -0.1511272058078495
vn -0.30783184654407414 -0.9234955694345441 -0.22890060613295166
vn -0.047565145875580896 -0.9988681378930027 0
vn 0.29396575621653903 -0.9295673348965541 -0.22246056743916645
vn -0.30783184654407414 -0.9234955694345441 -0.22890060613295166
vn -0.555398171896697 -0.8251629556717746 -0.10314536945897182
vn -0.30783184654407414 -0.9234955694345441 -0.22890060613295166
vn -0.310208472726455 -0.9385793898831531 -0.1511272058078495
vn -0.30783184654407414 -0.9234955694345441 -0.22890060613295166
vn -0.555398171896697 -0.8251629556717746 -0.10314536945897182
vn -0.047565145875580896 -0.9988681378930027 0
vn -0.03977534600354325 0.6443606104728071 -0.7636866671098886
vn -0.5248353419002096 0.8508694070919198 -0.023856151565892235
vn -0.8294501490587244 0.5529667263027188 -0.07899525193651752
vn 0.2918729247444694 0.7809572384099389 -0.5521919843462337
vn -0.03977534600354325 0.6443606104728071 -0.7636866671098886
vn 0.40555457384021637 0.4214587028243722 -0.8111091476804327
vn -0.03939328674786772 0.9533175728260112 -0.2993890016355362
vn -0.5248353419002096 0.8508694070919198 -0.023856151565892235
vn -0.03977534600354325 0.6443606104728071 -0.7636866671098886
vn -0.03977534600354325 0.6443606104728071 -0.7636866671098886
vn 0.2918729247444694 0.7809572384099389 -0.5521919843462337
vn -0.03939328674786772 0.9533175728260112 -0.2993890016355362
vn -0.03939328674786772 0.9533175728260112 -0.2993890016355362
vn 0.01586901724914464 0.9997481425754653 -0.01586901724914464
vn -0.5248353419002096 0.8508694070919198 -0.023856151565892235
vn -0.007935258422253073 0.9998425667918226 0.015870516844506147
vn -0.03939328674786772 0.9533175728260112 -0.2993890016355362
vn 0.2918729247444694 0.7809572384099389 -0.5521919843462337
vn 0 1 0
vn 0.01586901724914464 0.9997481425754653 -0.01586901724914464
vn -0.03939328674786772 0.9533175728260112 -0.2993890016355362
vn -0.03939328674786772 0.9533175728260112 -0.2993890016355362
vn -0.007935258422253073 0.9998425667918226 0.015870516844506147
vn 0 1 0
vn 0.40555456567067877 0.850869423198488 -0.3339861058929537
vn 0.01586901724914464 0.9997481425754653 -0.01586901724914464
vn 0 1 0
vn 0.01586901724914464 0.9997481425754653 -0.01586901724914464
vn 0.40555456567067877 0.850869423198488 -0.3339861058929537
vn 0.5406710555300842 0.834859736505241 -0.10336358195411001
vn 0.5406710555300842 0.834859736505241 -0.10336358195411001
vn 0.6939378993628018 0.45464897265870774 -0.5583408488444345
vn 0.8765009813611871 0.4382504906805936 -0.19920476171792367
vn 0.6939378993628018 0.45464897265870774 -0.5583408488444345
vn 0.5406710555300842 0.834859736505241 -0.10336358195411001
vn 0.40555456567067877 0.850869423198488 -0.3339861058929537
vn 0.4815555999423692 0.4262951217490206 -0.7657523577091568
vn 0.6939378993628018 0.45464897265870774 -0.5583408488444345
vn 0.3236685061675223 0.773646703807676 -0.5447104513434661
vn 0.40555456567067877 0.850869423198488 -0.3339861058929537
vn 0.3236685061675223 0.773646703807676 -0.5447104513434661
vn 0.6939378993628018 0.45464897265870774 -0.5583408488444345
vn 0.40555456567067877 0.850869423198488 -0.3339861058929537
vn 0.007935258422253073 0.9998425667918226 -0.015870516844506147
vn 0.3236685061675223 0.773646703807676 -0.5447104513434661
vn 0.007935258422253073 0.9998425667918226 -0.015870516844506147
vn 0.40555456567067877 0.850869423198488 -0.3339861058929537
vn 0 1 0
vn 0.03939328674786772 0.9533175728260112 0.2993890016355362
vn 0.007935258422253073 0.9998425667918226 -0.015870516844506147
vn 0 1 0
vn 0.007935258422253073 0.9998425667918226 -0.015870516844506147
vn 0.03939328674786772 0.9533175728260112 0.2993890016355362
vn -0.2918729247444694 0.7809572384099389 0.5521919843462337
vn -0.2918729247444694 0.7809572384099389 0.5521919843462337
vn 0.03977534600354325 0.6443606104728071 0.7636866671098886
vn -0.40555457384021637 0.4214587028243722 0.8111091476804327
vn 0.03977534600354325 0.6443606104728071 0.7636866671098886
vn -0.2918729247444694 0.7809572384099389 0.5521919843462337
vn 0.03939328674786772 0.9533175728260112 0.2993890016355362
vn 0.5248353419002096 0.8508694070919198 0.023856151565892235
vn 0.8294501490587244 0.5529667263027188 0.07899525193651752
vn 0.03977534600354325 0.6443606104728071 0.7636866671098886
vn 0.5248353419002096 0.8508694070919198 0.023856151565892235
vn 0.03977534600354325 0.6443606104728071 0.7636866671098886
vn 0.03939328674786772 0.9533175728260112 0.2993890016355362
vn 0.03939328674786772 0.9533175728260112 0.2993890016355362
vn -0.01586901724914464 0.9997481425754653 0.01586901724914464
vn 0.5248353419002096 0.8508694070919198 0.023856151565892235
vn 0 1 0
vn -0.01586901724914464 0.9997481425754653 0.01586901724914464
vn 0.03939328674786772 0.9533175728260112 0.2993890016355362
vn -0.01586901724914464 0.9997481425754653 0.01586901724914464
vn 0 1 0
vn -0.40662304016621525 0.8531111573152034 0.32689303521228313
vn -0.007935258422253073 0.9998425667918226 0.015870516844506147
vn -0.40662304016621525 0.8531111573152034 0.32689303521228313
vn 0 1 0
vn -0.01586901724914464 0.9997481425754653 0.01586901724914464
vn -0.40662304016621525 0.8531111573152034 0.32689303521228313
vn -0.5406710555300842 0.834859736505241 0.10336358195411001
vn -0.40662304016621525 0.8531111573152034 0.32689303521228313
vn -0.007935258422253073 0.9998425667918226 0.015870516844506147
vn -0.3179413108362516 0.7789562413511391 0.5405002284216277
vn -0.6939378993628018 0.45464897265870774 0.5583408488444345
vn -0.5406710555300842 0.834859736505241 0.10336358195411001
vn -0.40662304016621525 0.8531111573152034 0.32689303521228313
vn -0.40662304016621525 0.8531111573152034 0.32689303521228313
vn -0.3179413108362516 0.7789562413511391 0.5405002284216277
vn -0.6939378993628018 0.45464897265870774 0.5583408488444345
vn -0.5406710555300842 0.834859736505241 0.10336358195411001
vn -0.6939378993628018 0.45464897265870774 0.5583408488444345
vn -0.8765009813611871 0.4382504906805936 0.19920476171792367
vn -0.6939378993628018 0.45464897265870774 0.5583408488444345
vn -0.3179413108362516 0.7789562413511391 0.5405002284216277
vn -0.4815555999423692 0.4262951217490206 0.7657523577091568
vn -0.03977534600354325 -0.6443606104728071 -0.7636866671098886
vn -0.8294501490587244 -0.5529667263027188 -0.07899525193651752
vn -0.5248353419002096 -0.8508694070919198 -0.023856151565892235
vn -0.03977534600354325 -0.6443606104728071 -0.7636866671098886
vn 0.2918729247444694 -0.7809572384099389 -0.5521919843462337
vn 0.40555457384021637 -0.4214587028243722 -0.8111091476804327
vn -0.03948530654594894 -0.9555444362933583 -0.29219127440048676
vn -0.03977534600354325 -0.6443606104728071 -0.7636866671098886
vn -0.5248353419002096 -0.8508694070919198 -0.023856151565892235
vn 0.2918729247444694 -0.7809572384099389 -0.5521919843462337
vn -0.03977534600354325 -0.6443606104728071 -0.7636866671098886
vn -0.03948530654594894 -0.9555444362933583 -0.29219127440048676
vn -0.03948530654594894 -0.9555444362933583 -0.29219127440048676
vn -0.5248353419002096 -0.8508694070919198 -0.023856151565892235
vn 0.023799781092565513 -0.9995908282394936 -0.01586652197014046
vn -0.03948530654594894 -0.9555444362933583 -0.29219127440048676
vn -0.007935258422253073 -0.9998425667918226 0.015870516844506147
vn 0.2918729247444694 -0.7809572384099389 -0.5521919843462337
vn 0.023799781092565513 -0.9995908282394936 -0.01586652197014046
vn 0 -1 0
vn -0.03948530654594894 -0.9555444362933583 -0.29219127440048676
vn -0.007935258422253073 -0.9998425667918226 0.015870516844506147
vn -0.03948530654594894 -0.9555444362933583 -0.29219127440048676
vn 0 -1 0
vn 0.023799781092565513 -0.9995908282394936 -0.01586652197014046
vn 0.40555456567067877 -0.850869423198488 -0.3339861058929537
vn 0 -1 0
vn 0.40555456567067877 -0.850869423198488 -0.3339861058929537
vn 0.023799781092565513 -0.9995908282394936 -0.01586652197014046
vn 0.5513178187010932 -0.8269767876562855 -0.11026357268091548
vn 0.6939378993628018 -0.45464897265870774 -0.5583408488444345
vn 0.5513178187010932 -0.8269767876562855 -0.11026357268091548
vn 0.8765009813611871 -0.4382504906805936 -0.19920476171792367
vn 0.5513178187010932 -0.8269767876562855 -0.11026357268091548
vn 0.6939378993628018 -0.45464897265870774 -0.5583408488444345
vn 0.40555456567067877 -0.850869423198488 -0.3339861058929537
vn 0.6939378993628018 -0.45464897265870774 -0.5583408488444345
vn 0.4815555999423692 -0.4262951217490206 -0.7657523577091568
vn 0.3236685061675223 -0.773646703807676 -0.5447104513434661
vn 0.3236685061675223 -0.773646703807676 -0.5447104513434661
vn 0.40555456567067877 -0.850869423198488 -0.3339861058929537
vn 0.6939378993628018 -0.45464897265870774 -0.5583408488444345
vn 0.007935258422253073 -0.9998425667918226 -0.015870516844506147
vn 0.40555456567067877 -0.850869423198488 -0.3339861058929537
vn 0.3236685061675223 -0.773646703807676 -0.5447104513434661
vn 0.40555456567067877 -0.850869423198488 -0.3339861058929537
vn 0.007935258422253073 -0.9998425667918226 -0.015870516844506147
vn 0 -1 0
vn 0.007935258422253073 -0.9998425667918226 -0.015870516844506147
vn 0.03939328674786772 -0.9533175728260112 0.2993890016355362
vn 0 -1 0
vn 0.03939328674786772 -0.9533175728260112 0.2993890016355362
vn 0.007935258422253073 -0.9998425667918226 -0.015870516844506147
vn -0.2918729247444694 -0.7809572384099389 0.5521919843462337
vn 0.03977534600354325 -0.6443606104728071 0.7636866671098886
vn -0.2918729247444694 -0.7809572384099389 0.5521919843462337
vn -0.40555457384021637 -0.4214587028243722 0.8111091476804327
vn -0.2918729247444694 -0.7809572384099389 0.5521919843462337
vn 0.03977534600354325 -0.6443606104728071 0.7636866671098886
vn 0.03939328674786772 -0.9533175728260112 0.2993890016355362
vn 0.5248353419002096 -0.8508694070919198 0.023856151565892235
vn 0.03977534600354325 -0.6443606104728071 0.7636866671098886
vn 0.8294501490587244 -0.5529667263027188 0.07899525193651752
vn 0.5248353419002096 -0.8508694070919198 0.023856151565892235
vn 0.03939328674786772 -0.9533175728260112 0.2993890016355362
vn 0.03977534600354325 -0.6443606104728071 0.7636866671098886
vn -0.01586901724914464 -0.9997481425754653 0.01586901724914464
vn 0.03939328674786772 -0.9533175728260112 0.2993890016355362
vn 0.5248353419002096 -0.8508694070919198 0.023856151565892235
vn -0.01586901724914464 -0.9997481425754653 0.01586901724914464
vn 0 -1 0
vn 0.03939328674786772 -0.9533175728260112 0.2993890016355362
vn 0 -1 0
vn -0.01586901724914464 -0.9997481425754653 0.01586901724914464
vn -0.40662304016621525 -0.8531111573152034 0.32689303521228313
vn -0.40662304016621525 -0.8531111573152034 0.32689303521228313
vn -0.007935258422253073 -0.9998425667918226 0.015870516844506147
vn 0 -1 0
vn -0.40662304016621525 -0.8531111573152034 0.32689303521228313
vn -0.01586901724914464 -0.9997481425754653 0.01586901724914464
vn -0.5406710555300842 -0.834859736505241 0.10336358195411001
vn -0.007935258422253073 -0.9998425667918226 0.015870516844506147
vn -0.40662304016621525 -0.8531111573152034 0.32689303521228313
vn -0.3179413108362516 -0.7789562413511391 0.5405002284216277
vn -0.5406710555300842 -0.834859736505241 0.10336358195411001
vn -0.6939378993628018 -0.45464897265870774 0.5583408488444345
vn -0.40662304016621525 -0.8531111573152034 0.32689303521228313
vn -0.6939378993628018 -0.45464897265870774 0.5583408488444345
vn -0.3179413108362516 -0.7789562413511391 0.5405002284216277
vn -0.40662304016621525 -0.8531111573152034 0.32689303521228313
vn -0.6939378993628018 -0.45464897265870774 0.5583408488444345
vn -0.5406710555300842 -0.834859736505241 0.10336358195411001
vn -0.8765009813611871 -0.4382504906805936 0.19920476171792367
vn -0.6939378993628018 -0.45464897265870774 0.5583408488444345
vn -0.4815555999423692 -0.4262951217490206 0.7657523577091568
vn -0.3179413108362516 -0.7789562413511391 0.5405002284216277
vn -0.6235568396318841 0.7814193208695717 0.0236793733032402
vn -0.6384884019647104 0.6463709969042662 0.4177763695059063
vn -0.9060755175037617 0.421245625396589 0.03974015179295397
vn -0.6384884019647104 0.6463709969042662 0.4177763695059063
vn 0.23005730804593344 0.8488321679270926 0.47598065686207297
vn 0.33475965759855003 0.5499622903687147 0.765164982743525
vn -0.6384884019647104 0.6463709969042662 0.4177763695059063
vn -0.6235568396318841 0.7814193208695717 0.0236793733032402
vn -0.23665371434069893 0.9545032936458601 0.18143451134763694
vn 0.23005730804593344 0.8488321679270926 0.47598065686207297
vn -0.6384884019647104 0.6463709969042662 0.4177763695059063
vn -0.23665371434069893 0.9545032936458601 0.18143451134763694
vn 0.015871016183348567 0.9998740474906367 0
vn -0.23665371434069893 0.9545032936458601 0.18143451134763694
vn -0.6235568396318841 0.7814193208695717 0.0236793733032402
vn -0.23665371434069893 0.9545032936458601 0.18143451134763694
vn -0.023802028493893648 0.999685207919404 -0.00793400949796455
vn 0.23005730804593344 0.8488321679270926 0.47598065686207297
vn -0.23665371434069893 0.9545032936458601 0.18143451134763694
vn 0.015871016183348567 0.9998740474906367 0
vn 0 1 0
vn 0 1 0
vn -0.023802028493893648 0.999685207919404 -0.00793400949796455
vn -0.23665371434069893 0.9545032936458601 0.18143451134763694
vn 0.015871016183348567 0.9998740474906367 0
vn 0.49290249691807 0.8506542606483688 0.1828509157010404
vn 0 1 0
vn 0.49290249691807 0.8506542606483688 0.1828509157010404
vn 0.015871016183348567 0.9998740474906367 0
vn 0.6322974766851636 0.7745644104294416 0.01580743728965813
vn 0.9063331935589564 0.4213654331388945 0.03180116364058367
vn 0.8287970921196183 0.45424454864159003 0.3267373105775692
vn 0.6322974766851636 0.7745644104294416 0.01580743728965813
vn 0.6322974766851636 0.7745644104294416 0.01580743728965813
vn 0.8287970921196183 0.45424454864159003 0.3267373105775692
vn 0.49290249691807 0.8506542606483688 0.1828509157010404
vn 0.3573342205414715 0.8337798578642076 0.4208603134651222
vn 0.8287970921196183 0.45424454864159003 0.3267373105775692
vn 0.6117472572566326 0.436962301067033 0.659415832904542
vn 0.8287970921196183 0.45424454864159003 0.3267373105775692
vn 0.3573342205414715 0.8337798578642076 0.4208603134651222
vn 0.49290249691807 0.8506542606483688 0.1828509157010404
vn 0.023802028493893648 0.999685207919404 0.00793400949796455
vn 0.49290249691807 0.8506542606483688 0.1828509157010404
vn 0.3573342205414715 0.8337798578642076 0.4208603134651222
vn 0.49290249691807 0.8506542606483688 0.1828509157010404
vn 0.023802028493893648 0.999685207919404 0.00793400949796455
vn 0 1 0
vn 0 1 0
vn 0.023802028493893648 0.999685207919404 0.00793400949796455
vn 0.23665371434069893 0.9545032936458601 -0.18143451134763694
vn 0.023802028493893648 0.999685207919404 0.00793400949796455
vn -0.23092361989557023 0.8520285974338478 -0.469810122208149
vn 0.23665371434069893 0.9545032936458601 -0.18143451134763694
vn 0.6384884019647104 0.6463709969042662 -0.4177763695059063
vn -0.23092361989557023 0.8520285974338478 -0.469810122208149
vn -0.33475965759855003 0.5499622903687147 -0.765164982743525
vn 0.6384884019647104 0.6463709969042662 -0.4177763695059063
vn 0.23665371434069893 0.9545032936458601 -0.18143451134763694
vn -0.23092361989557023 0.8520285974338478 -0.469810122208149
vn 0.6235568396318841 0.7814193208695717 -0.0236793733032402
vn 0.6384884019647104 0.6463709969042662 -0.4177763695059063
vn 0.9060755175037617 0.421245625396589 -0.03974015179295397
vn 0.6384884019647104 0.6463709969042662 -0.4177763695059063
vn 0.6235568396318841 0.7814193208695717 -0.0236793733032402
vn 0.23665371434069893 0.9545032936458601 -0.18143451134763694
vn -0.015871016183348567 0.9998740474906367 0
vn 0.23665371434069893 0.9545032936458601 -0.18143451134763694
vn 0.6235568396318841 0.7814193208695717 -0.0236793733032402
vn 0.23665371434069893 0.9545032936458601 -0.18143451134763694
vn -0.015871016183348567 0.9998740474906367 0
vn 0 1 0
vn -0.015871016183348567 0.9998740474906367 0
vn -0.4888714367572931 0.8515824873566664 -0.18924054943455662
vn 0 1 0
vn -0.023802028493893648 0.999685207919404 -0.00793400949796455
vn 0 1 0
vn -0.4888714367572931 0.8515824873566664 -0.18924054943455662
vn -0.4888714367572931 0.8515824873566664 -0.18924054943455662
vn -0.015871016183348567 0.9998740474906367 0
vn -0.6275773675492635 0.7785136738188414 -0.00794401768799476
vn -0.4888714367572931 0.8515824873566664 -0.18924054943455662
vn -0.358523070420563 0.8365538111130987 -0.41429328873198273
vn -0.023802028493893648 0.999685207919404 -0.00793400949796455
vn -0.4888714367572931 0.8515824873566664 -0.18924054943455662
vn -0.6275773675492635 0.7785136738188414 -0.00794401768799476
vn -0.8287970921196183 0.45424454864159003 -0.3267373105775692
vn -0.8287970921196183 0.45424454864159003 -0.3267373105775692
vn -0.358523070420563 0.8365538111130987 -0.41429328873198273
vn -0.4888714367572931 0.8515824873566664 -0.18924054943455662
vn -0.8287970921196183 0.45424454864159003 -0.3267373105775692
vn -0.6275773675492635 0.7785136738188414 -0.00794401768799476
vn -0.9063331935589564 0.4213654331388945 -0.03180116364058367
vn -0.358523070420563 0.8365538111130987 -0.41429328873198273
vn -0.8287970921196183 0.45424454864159003 -0.3267373105775692
vn -0.6117472572566326 0.436962301067033 -0.659415832904542
vn -0.23092361989557023 -0.8520285974338478 -0.469810122208149
vn 0.6384884019647104 -0.6463709969042662 -0.4177763695059063
vn -0.33475965759855003 -0.5499622903687147 -0.765164982743525
vn 0.6384884019647104 -0.6463709969042662 -0.4177763695059063
vn 0.6235568396318841 -0.7814193208695717 -0.0236793733032402
vn 0.9060755175037617 -0.421245625396589 -0.03974015179295397
vn -0.23092361989557023 -0.8520285974338478 -0.469810122208149
vn 0.23665371434069893 -0.9545032936458601 -0.18143451134763694
vn 0.6384884019647104 -0.6463709969042662 -0.4177763695059063
vn 0.6235568396318841 -0.7814193208695717 -0.0236793733032402
vn 0.6384884019647104 -0.6463709969042662 -0.4177763695059063
vn 0.23665371434069893 -0.9545032936458601 -0.18143451134763694
vn 0.023802028493893648 -0.999685207919404 0.00793400949796455
vn 0.23665371434069893 -0.9545032936458601 -0.18143451134763694
vn -0.23092361989557023 -0.8520285974338478 -0.469810122208149
vn 0.23665371434069893 -0.9545032936458601 -0.18143451134763694
vn -0.015871016183348567 -0.9998740474906367 0
vn 0.6235568396318841 -0.7814193208695717 -0.0236793733032402
vn 0.023802028493893648 -0.999685207919404 0.00793400949796455
vn 0 -1 0
vn 0.23665371434069893 -0.9545032936458601 -0.18143451134763694
vn -0.015871016183348567 -0.9998740474906367 0
vn 0.23665371434069893 -0.9545032936458601 -0.18143451134763694
vn 0 -1 0
vn 0.023802028493893648 -0.999685207919404 0.00793400949796455
vn 0.49290249691807 -0.8506542606483688 0.1828509157010404
vn 0 -1 0
vn 0.49290249691807 -0.8506542606483688 0.1828509157010404
vn 0.023802028493893648 -0.999685207919404 0.00793400949796455
vn 0.3573342205414715 -0.8337798578642076 0.4208603134651222
vn 0.8287970921196183 -0.45424454864159003 0.3267373105775692
vn 0.3573342205414715 -0.8337798578642076 0.4208603134651222
vn 0.6117472572566326 -0.436962301067033 0.659415832904542
vn 0.3573342205414715 -0.8337798578642076 0.4208603134651222
vn 0.8287970921196183 -0.45424454864159003 0.3267373105775692
vn 0.49290249691807 -0.8506542606483688 0.1828509157010404
vn 0.6322974766851636 -0.7745644104294416 0.01580743728965813
vn 0.8287970921196183 -0.45424454864159003 0.3267373105775692
vn 0.9063331935589564 -0.4213654331388945 0.03180116364058367
vn 0.8287970921196183 -0.45424454864159003 0.3267373105775692
vn 0.6322974766851636 -0.7745644104294416 0.01580743728965813
vn 0.49290249691807 -0.8506542606483688 0.1828509157010404
vn 0.015871016183348567 -0.9998740474906367 0
vn 0.49290249691807 -0.8506542606483688 0.1828509157010404
vn 0.6322974766851636 -0.7745644104294416 0.01580743728965813
vn 0.49290249691807 -0.8506542606483688 0.1828509157010404
vn 0.015871016183348567 -0.9998740474906367 0
vn 0 -1 0
vn 0.015871016183348567 -0.9998740474906367 0
vn -0.23665371434069893 -0.9545032936458601 0.18143451134763694
vn 0 -1 0
vn -0.23665371434069893 -0.9545032936458601 0.18143451134763694
vn 0.015871016183348567 -0.9998740474906367 0
vn -0.6235568396318841 -0.7814193208695717 0.0236793733032402
vn -0.6384884019647104 -0.6463709969042662 0.4177763695059063
vn -0.6235568396318841 -0.7814193208695717 0.0236793733032402
vn -0.9060755175037617 -0.421245625396589 0.03974015179295397
vn -0.6235568396318841 -0.7814193208695717 0.0236793733032402
vn -0.6384884019647104 -0.6463709969042662 0.4177763695059063
vn -0.23665371434069893 -0.9545032936458601 0.18143451134763694
vn 0.33475965759855003 -0.5499622903687147 0.765164982743525
vn 0.23005730804593344 -0.8488321679270926 0.47598065686207297
vn -0.6384884019647104 -0.6463709969042662 0.4177763695059063
vn -0.6384884019647104 -0.6463709969042662 0.4177763695059063
vn 0.23005730804593344 -0.8488321679270926 0.47598065686207297
vn -0.23665371434069893 -0.9545032936458601 0.18143451134763694
vn -0.23665371434069893 -0.9545032936458601 0.18143451134763694
vn 0.23005730804593344 -0.8488321679270926 0.47598065686207297
vn -0.023802028493893648 -0.999685207919404 -0.00793400949796455
vn -0.023802028493893648 -0.999685207919404 -0.00793400949796455
vn 0 -1 0
vn -0.23665371434069893 -0.9545032936458601 0.18143451134763694
vn 0 -1 0
vn -0.023802028493893648 -0.999685207919404 -0.00793400949796455
vn -0.4888714367572931 -0.8515824873566664 -0.18924054943455662
vn -0.4888714367572931 -0.8515824873566664 -0.18924054943455662
vn -0.015871016183348567 -0.9998740474906367 0
vn 0 -1 0
vn -0.4888714367572931 -0.8515824873566664 -0.18924054943455662
vn -0.023802028493893648 -0.999685207919404 -0.00793400949796455
vn -0.358523070420563 -0.8365538111130987 -0.41429328873198273
vn -0.015871016183348567 -0.9998740474906367 0
vn -0.4888714367572931 -0.8515824873566664 -0.18924054943455662
vn -0.6275773675492635 -0.7785136738188414 -0.00794401768799476
vn -0.358523070420563 -0.8365538111130987 -0.41429328873198273
vn -0.8287970921196183 -0.45424454864159003 -0.3267373105775692
vn -0.4888714367572931 -0.8515824873566664 -0.18924054943455662
vn -0.6275773675492635 -0.7785136738188414 -0.00794401768799476
vn -0.4888714367572931 -0.8515824873566664 -0.18924054943455662
vn -0.8287970921196183 -0.45424454864159003 -0.3267373105775692
vn -0.8287970921196183 -0.45424454864159003 -0.3267373105775692
vn -0.358523070420563 -0.8365538111130987 -0.41429328873198273
vn -0.6117472572566326 -0.436962301067033 -0.659415832904542
vn -0.8287970921196183 -0.45424454864159003 -0.3267373105775692
vn -0.9063331935589564 -0.4213654331388945 -0.03180116364058367
vn -0.6275773675492635 -0.7785136738188414 -0.00794401768799476
vn 0 0 1
vn 0 0 1
vn 0 0 1
vn 0 0 1
vn 0 0 1
vn 0 0 1
vn 0 0 1
vn 0 0 1
vn 0 0 1
vn 0 0 1
vn 0 0 1
vn 0 0 1
vn 0 0 1
vn 0 0 1
vn 0 0 1
vn 0 0 1
vn 0 0 1
vn 0 0 1
vn 0 0 -1
vn 0 0 -1
vn 0 0 -1
vn 0 0 -1
vn 0 0 -1
vn 0 0 -1
vn 0 0 -1
vn 0 0 -1
vn 0 0 -1
vn 0 0 -1
vn 0 0 -1
vn 0 0 -1
vn 0 0 -1
vn 0 0 -1
vn 0 0 -1
vn 0 0 -1
vn 0 0 -1
vn 0 0 -1
vn 0.8677572604028473 0 -0.4969882664793456
vn 0.8677572604028473 0 -0.4969882664793456
vn 0.8677572604028473 0 -0.4969882664793456
vn 0.8677572604028473 0 -0.4969882664793456
vn 0.8677572604028473 0 -0.4969882664793456
vn 0.8677572604028473 0 -0.4969882664793456
vn 0.8677572604028473 0 -0.4969882664793456
vn 0.8677572604028473 0 -0.4969882664793456
vn 0.8677572604028473 0 -0.4969882664793456
vn 0.8677572604028473 0 -0.4969882664793456
vn 0.8677572604028473 0 -0.4969882664793456
vn 0.8677572604028473 0 -0.4969882664793456
vn 0.8677572604028473 0 -0.4969882664793456
vn 0.8677572604028473 0 -0.4969882664793456
vn 0.8677572604028473 0 -0.4969882664793456
vn 0.8677572604028473 0 -0.4969882664793456
vn 0.8677572604028473 0 -0.4969882664793456
vn 0.8677572604028473 0 -0.4969882664793456
vn -0.8677572604028473 0 0.4969882664793456
vn -0.8677572604028473 0 0.4969882664793456
vn -0.8677572604028473 0 0.4969882664793456
vn -0.8677572604028473 0 0.4969882664793456
vn -0.8677572604028473 0 0.4969882664793456
vn -0.8677572604028473 0 0.4969882664793456
vn -0.8677572604028473 0 0.4969882664793456
vn -0.8677572604028473 0 0.4969882664793456
vn -0.8677572604028473 0 0.4969882664793456
vn -0.8677572604028473 0 0.4969882664793456
vn -0.8677572604028473 0 0.4969882664793456
vn -0.8677572604028473 0 0.4969882664793456
vn -0.8677572604028473 0 0.4969882664793456
vn -0.8677572604028473 0 0.4969882664793456
vn -0.8677572604028473 0 0.4969882664793456
vn -0.8677572604028473 0 0.4969882664793456
vn -0.8677572604028473 0 0.4969882664793456
vn -0.8677572604028473 0 0.4969882664793456
vn 0 1 0
vn 0 1 0
vn 0 1 0
vn 0 1 0
vn 0 1 0
vn 0 1 0
vn 0 1 0
vn 0 1 0
vn 0 1 0
vn 0 1 0
vn 0 1 0
vn 0 1 0
vn 0 1 0
vn 0 1 0
vn 0 1 0
vn 0 1 0
vn 0 1 0
vn 0 1 0
vn 0 1 0
vn 0 1 0
vn 0 1 0
vn 0 1 0
vn 0 1 0
vn 0 1 0
vn 0 -1 -2.220446049250313e-16
vn 0 -1 -2.220446049250313e-16
vn 0 -1 -2.220446049250313e-16
vn 0 -1 -2.220446049250313e-16
vn 0 -1 -2.220446049250313e-16
vn 0 -1 -2.220446049250313e-16
vn 0 -1 -2.220446049250313e-16
vn 0 -1 -2.220446049250313e-16
vn 0 -1 -2.220446049250313e-16
vn 0 -1 -2.220446049250313e-16
vn 0 -1 -2.220446049250313e-16
vn 0 -1 -2.220446049250313e-16
vn 0 -1 -2.220446049250313e-16
vn 0 -1 -2.220446049250313e-16
vn 0 -1 -2.220446049250313e-16
vn 0 -1 -2.220446049250313e-16
vn 0 -1 -2.220446049250313e-16
vn 0 -1 -2.220446049250313e-16
vn 0 -1 -2.220446049250313e-16
vn 0 -1 -2.220446049250313e-16
vn 0 -1 -2.220446049250313e-16
vn 0 -1 -2.220446049250313e-16
vn 0 -1 -2.220446049250313e-16
vn 0 -1 -2.220446049250313e-16
vn 0 -1 -2.220446049250313e-16
vn 0 -1 -2.220446049250313e-16
vn 0 -1 -2.220446049250313e-16
vn 0 -1 -2.220446049250313e-16
vn 0 -1 -2.220446049250313e-16
vn 0 -1 -2.220446049250313e-16
vn 0 -1 -2.220446049250313e-16
vn 0 -1 -2.220446049250313e-16
vn 0 -1 -2.220446049250313e-16
vn 0 -1 -2.220446049250313e-16
vn 0 -1 -2.220446049250313e-16
vn 0 -1 -2.220446049250313e-16
vn 0 -1 -2.220446049250313e-16
vn 0 -1 -2.220446049250313e-16
vn 0 -1 -2.220446049250313e-16
vn 0 -1 -2.220446049250313e-16
vn 0 -1 -2.220446049250313e-16
vn 0 -1 -2.220446049250313e-16
vn 0 -1 -2.220446049250313e-16
vn 0 -1 -2.220446049250313e-16
vn 0 -1 -2.220446049250313e-16
vn 0 -1 -2.220446049250313e-16
vn 0 -1 -2.220446049250313e-16
vn 0 -1 -2.220446049250313e-16
vn 0 -1 -2.220446049250313e-16
vn 0 -1 -2.220446049250313e-16
vn 0 -1 -2.220446049250313e-16
vn 0 -1 -2.220446049250313e-16
vn 0 -1 -2.220446049250313e-16
vn 0 -1 -2.220446049250313e-16
vn 0 -1 -2.220446049250313e-16
vn 0 -1 -2.220446049250313e-16
vn 0 -1 -2.220446049250313e-16
vn 0 -1 -2.220446049250313e-16
vn 0 -1 -2.220446049250313e-16
vn 0 -1 -2.220446049250313e-16
vn 0 -1 -2.220446049250313e-16
vn 0 -1 -2.220446049250313e-16
vn 0 -1 -2.220446049250313e-16
vn 0 -1 -2.220446049250313e-16
vn 0 -1 -2.220446049250313e-16
vn 0 -1 -2.220446049250313e-16
vn 0 -1 -2.220446049250313e-16
vn 0 -1 -2.220446049250313e-16
vn 0 -1 -2.220446049250313e-16
vn 0 -1 -2.220446049250313e-16
vn 0 -1 -2.220446049250313e-16
vn 0 -1 -2.220446049250313e-16
vn 0 -1 -2.220446049250313e-16
vn 0 -1 -2.220446049250313e-16
vn 0 -1 -2.220446049250313e-16
vn 0 -1 -2.220446049250313e-16
vn 0 -1 -2.220446049250313e-16
vn 0 -1 -2.220446049250313e-16
vn 0 -1 -2.220446049250313e-16
vn 0 -1 -2.220446049250313e-16
vn 0 -1 -2.220446049250313e-16
vn 0 -1 -2.220446049250313e-16
vn 0 -1 -2.220446049250313e-16
vn 0 -1 -2.220446049250313e-16
vn 0 -1 -2.220446049250313e-16
vn 0 -1 -2.220446049250313e-16
vn 0 -1 -2.220446049250313e-16
vn 0 -1 -2.220446049250313e-16
vn 0 -1 -2.220446049250313e-16
vn 0 -1 -2.220446049250313e-16
vn 0 -1 -2.220446049250313e-16
vn 0 -1 -2.220446049250313e-16
vn 0 -1 -2.220446049250313e-16
vn 0 -1 -2.220446049250313e-16
vn 0 -1 -2.220446049250313e-16
vn 0 -1 -2.220446049250313e-16
vn -0.0013124489572248728 0 -0.9999991387384964
vn 0 0 -1
vn 0 0 -1
vn -0.0013124489572248728 0 -0.9999991387384964
vn -0.7071067811865476 0 -0.7071067811865476
vn 0 0 -1
vn -0.7071067811865476 0 -0.7071067811865476
vn -0.7071067811865476 0 -0.7071067811865476
vn -0.0013124489572248728 0 -0.9999991387384964
vn -0.7080509729943507 0 -0.7061613269230714
vn -0.7071067811865476 0 -0.7071067811865476
vn -0.7071067811865476 0 -0.7071067811865476
vn -0.7080509729943507 0 -0.7061613269230714
vn -1 0 0
vn -0.7071067811865476 0 -0.7071067811865476
vn -1 0 0
vn -1 0 0
vn -0.7080509729943507 0 -0.7061613269230714
vn -1 0 0
vn -0.7071067811865476 0 0.7071067811865476
vn -1 0 0
vn -0.7071067811865476 0 0.7071067811865476
vn -0.7071067811865476 0 0.7071067811865476
vn -1 0 0
vn -0.7071067811865476 0 0.7071067811865476
vn 0 0 1
vn -0.7071067811865476 0 0.7071067811865476
vn -0.001312449190055109 0 0.9999991387381909
vn 0 0 1
vn -0.7071067811865476 0 0.7071067811865476
vn 0 0 1
vn 0 0 1
vn -0.001312449190055109 0 0.9999991387381909
vn 0 0 1
vn 0.7071067811865476 0 0.7071067811865476
vn 0 0 1
vn 0.7071067811865476 0 0.7071067811865476
vn 0.7071067811865476 0 0.7071067811865476
vn 0 0 1
vn 0.7071067811865476 0 0.7071067811865476
vn 1 0 0
vn 0.7071067811865476 0 0.7071067811865476
vn 1 0 0
vn 1 0 0
vn 0.7071067811865476 0 0.7071067811865476
vn 1 0 0
vn 0.7071067811865476 0 -0.7071067811865476
vn 1 0 0
vn 0.7080474610166854 0 -0.7061648482810692
vn 0.7071067811865476 0 -0.7071067811865476
vn 1 0 0
vn 0.7071067811865476 0 -0.7071067811865476
vn 0.7071067811865476 0 -0.7071067811865476
vn 0.7080474610166854 0 -0.7061648482810692
vn 0.7071067811865476 0 -0.7071067811865476
vn 0 0 -1
vn 0.7071067811865476 0 -0.7071067811865476
vn -0.46410050379494244 -0.34023895413469074 -0.8178313863300994
vn 0 -0.33983865506237426 -0.9404837523984115
vn 0 -0.33983865506237426 -0.9404837523984115
vn -0.46410050379494244 -0.34023895413469074 -0.8178313863300994
vn -0.47348424800177585 -0.3393303752510792 -0.8128145934505326
vn 0 -0.33983865506237426 -0.9404837523984115
vn -0.47348424800177585 -0.3393303752510792 -0.8128145934505326
vn -0.47348424800177585 -0.3393303752510792 -0.8128145934505326
vn -0.46410050379494244 -0.34023895413469074 -0.8178313863300994
vn -0.8072425675574577 -0.3401905874261344 -0.4823171169986659
vn -0.47348424800177585 -0.3393303752510792 -0.8128145934505326
vn -0.47348424800177585 -0.3393303752510792 -0.8128145934505326
vn -0.8072425675574577 -0.3401905874261344 -0.4823171169986659
vn -0.8128145934505326 -0.3393303752510792 -0.47348424800177585
vn -0.47348424800177585 -0.3393303752510792 -0.8128145934505326
vn -0.8128145934505326 -0.3393303752510792 -0.47348424800177585
vn -0.8128145934505326 -0.3393303752510792 -0.47348424800177585
vn -0.8072425675574577 -0.3401905874261344 -0.4823171169986659
vn -0.8128145934505326 -0.3393303752510792 -0.47348424800177585
vn -0.9404837523984115 -0.33983865506237426 0
vn -0.8128145934505326 -0.3393303752510792 -0.47348424800177585
vn -0.8178314089533967 -0.340238963546566 -0.4641004570284977
vn -0.9404837523984115 -0.33983865506237426 0
vn -0.8128145934505326 -0.3393303752510792 -0.47348424800177585
vn -0.9404837523984115 -0.33983865506237426 0
vn -0.9404837523984115 -0.33983865506237426 0
vn -0.8178314089533967 -0.340238963546566 -0.4641004570284977
vn -0.8178314089533967 -0.340238963546566 0.4641004570284977
vn -0.9404837523984115 -0.33983865506237426 0
vn -0.9404837523984115 -0.33983865506237426 0
vn -0.8178314089533967 -0.340238963546566 0.4641004570284977
vn -0.8128145934505326 -0.3393303752510792 0.47348424800177585
vn -0.9404837523984115 -0.33983865506237426 0
vn -0.8128145934505326 -0.3393303752510792 0.47348424800177585
vn -0.8128145934505326 -0.3393303752510792 0.47348424800177585
vn -0.8178314089533967 -0.340238963546566 0.4641004570284977
vn -0.8128145934505326 -0.3393303752510792 0.47348424800177585
vn -0.47348424800177585 -0.3393303752510792 0.8128145934505326
vn -0.8128145934505326 -0.3393303752510792 0.47348424800177585
vn -0.8072425675574577 -0.3401905874261344 0.4823171169986659
vn -0.47348424800177585 -0.3393303752510792 0.8128145934505326
vn -0.8128145934505326 -0.3393303752510792 0.47348424800177585
vn -0.47348424800177585 -0.3393303752510792 0.8128145934505326
vn -0.47348424800177585 -0.3393303752510792 0.8128145934505326
vn -0.8072425675574577 -0.3401905874261344 0.4823171169986659
vn -0.47348424800177585 -0.3393303752510792 0.8128145934505326
vn 0 -0.33983865506237426 0.9404837523984115
vn -0.47348424800177585 -0.3393303752510792 0.8128145934505326
vn -0.46410050379494244 -0.34023895413469074 0.8178313863300994
vn 0 -0.33983865506237426 0.9404837523984115
vn -0.47348424800177585 -0.3393303752510792 0.8128145934505326
vn 0 -0.33983865506237426 0.9404837523984115
vn 0 -0.33983865506237426 0.9404837523984115
vn -0.46410050379494244 -0.34023895413469074 0.8178313863300994
vn 0.46410050379494244 -0.34023895413469074 0.8178313863300994
vn 0 -0.33983865506237426 0.9404837523984115
vn 0 -0.33983865506237426 0.9404837523984115
vn 0.46410050379494244 -0.34023895413469074 0.8178313863300994
vn 0.47348424800177585 -0.3393303752510792 0.8128145934505326
vn 0 -0.33983865506237426 0.9404837523984115
vn 0.47348424800177585 -0.3393303752510792 0.8128145934505326
vn 0.47348424800177585 -0.3393303752510792 0.8128145934505326
vn 0.46410050379494244 -0.34023895413469074 0.8178313863300994
vn 0.47348424800177585 -0.3393303752510792 0.8128145934505326
vn 0.8128145934505326 -0.3393303752510792 0.47348424800177585
vn 0.47348424800177585 -0.3393303752510792 0.8128145934505326
vn 0.4823170712598361 -0.34019059720604894 0.8072425907643412
vn 0.8128145934505326 -0.3393303752510792 0.47348424800177585
vn 0.47348424800177585 -0.3393303752510792 0.8128145934505326
vn 0.8128145934505326 -0.3393303752510792 0.47348424800177585
vn 0.8128145934505326 -0.3393303752510792 0.47348424800177585
vn 0.4823170712598361 -0.34019059720604894 0.8072425907643412
vn 0.8128145934505326 -0.3393303752510792 0.47348424800177585
vn 0.9404837523984115 -0.33983865506237426 0
vn 0.8128145934505326 -0.3393303752510792 0.47348424800177585
vn 0.8178313750184505 -0.34023894942875305 0.4641005271781634
vn 0.9404837523984115 -0.33983865506237426 0
vn 0.8128145934505326 -0.3393303752510792 0.47348424800177585
vn 0.9404837523984115 -0.33983865506237426 0
vn 0.9404837523984115 -0.33983865506237426 0
vn 0.8178313750184505 -0.34023894942875305 0.4641005271781634
vn 0.8178313750184505 -0.34023894942875305 -0.4641005271781634
vn 0.9404837523984115 -0.33983865506237426 0
vn 0.9404837523984115 -0.33983865506237426 0
vn 0.8178313750184505 -0.34023894942875305 -0.4641005271781634
vn 0.8128145934505326 -0.3393303752510792 -0.47348424800177585
vn 0.9404837523984115 -0.33983865506237426 0
vn 0.8128145934505326 -0.3393303752510792 -0.47348424800177585
vn 0.8128145934505326 -0.3393303752510792 -0.47348424800177585
vn 0.8178313750184505 -0.34023894942875305 -0.4641005271781634
vn 0.4823170712598361 -0.34019059720604894 -0.8072425907643412
vn 0.8128145934505326 -0.3393303752510792 -0.47348424800177585
vn 0.8128145934505326 -0.3393303752510792 -0.47348424800177585
vn 0.4823170712598361 -0.34019059720604894 -0.8072425907643412
vn 0.47348424800177585 -0.3393303752510792 -0.8128145934505326
vn 0.8128145934505326 -0.3393303752510792 -0.47348424800177585
vn 0.47348424800177585 -0.3393303752510792 -0.8128145934505326
vn 0.47348424800177585 -0.3393303752510792 -0.8128145934505326
vn 0.4823170712598361 -0.34019059720604894 -0.8072425907643412
vn 0.47348424800177585 -0.3393303752510792 -0.8128145934505326
vn 0 -0.33983865506237426 -0.9404837523984115
vn 0.47348424800177585 -0.3393303752510792 -0.8128145934505326
vn 0.46410050379494244 -0.34023895413469074 -0.8178313863300994
vn 0 -0.33983865506237426 -0.9404837523984115
vn 0.47348424800177585 -0.3393303752510792 -0.8128145934505326
vn 0.46410050379494244 -0.34023895413469074 -0.8178313863300994
vn 0 -0.33983865506237426 -0.9404837523984115
vn 0 -0.33983865506237426 -0.9404837523984115
f 1/1/1 2/2/2 3/3/3
f 4/4/4 5/5/5 6/6/6
f 7/7/7 8/8/8 9/9/9
f 10/10/10 11/11/11 12/12/12
f 13/13/13 14/14/14 15/15/15
f 16/16/16 17/17/17 18/18/18
f 19/19/19 20/20/20 21/21/21
f 22/22/22 23/23/23 24/24/24
f 25/25/25 26/26/26 27/27/27
f 28/28/28 29/29/29 30/30/30
f 31/31/31 32/32/32 33/33/33
f 34/34/34 35/35/35 36/36/36
f 37/37/37 38/38/38 39/39/39
f 40/40/40 41/41/41 42/42/42
f 43/43/43 44/44/44 45/45/45
f 46/46/46 47/47/47 48/48/48
f 49/49/49 50/50/50 51/51/51
f 52/52/52 53/53/53 54/54/54
f 55/55/55 56/56/56 57/57/57
f 58/58/58 59/59/59 60/60/60
f 61/61/61 62/62/62 63/63/63
f 64/64/64 65/65/65 66/66/66
f 67/67/67 68/68/68 69/69/69
f 70/70/70 71/71/71 72/72/72
f 73/73/73 74/74/74 75/75/75
f 76/76/76 77/77/77 78/78/78
f 79/79/79 80/80/80 81/81/81
f 82/82/82 83/83/83 84/84/84
f 85/85/85 86/86/86 87/87/87
f 88/88/88 89/89/89 90/90/90
f 91/91/91 92/92/92 93/93/93
f 94/94/94 95/95/95 96/96/96
f 97/97/97 98/98/98 99/99/99
f 100/100/100 101/101/101 102/102/102
f 103/103/103 104/104/104 105/105/105
f 106/106/106 107/107/107 108/108/108
f 109/109/109 110/110/110 111/111/111
f 112/112/112 113/113/113 114/114/114
f 115/115/115 116/116/116 117/117/117
f 118/118/118 119/119/119 120/120/120
f 121/121/121 122/122/122 123/123/123
f 124/124/124 125/125/125 126/126/126
f 127/127/127 128/128/128 129/129/129
f 130/130/130 131/131/131 132/132/132
f 133/133/133 134/134/134 135/135/135
f 136/136/136 137/137/137 138/138/138
f 139/139/139 140/140/140 141/141/141
f 142/142/142 143/143/143 144/144/144
f 145/145/145 146/146/146 147/147/147
f 148/148/148 149/149/149 150/150/150
f 151/151/151 152/152/152 153/153/153
f 154/154/154 155/155/155 156/156/156
f 157/157/157 158/158/158 159/159/159
f 160/160/160 161/161/161 162/162/162
f 163/163/163 164/164/164 165/165/165
f 166/166/166 167/167/167 168/168/168
f 169/169/169 170/170/170 171/171/171
f 172/172/172 173/173/173 174/174/174
f 175/175/175 176/176/176 177/177/177
f 178/178/178 179/179/179 180/180/180
f 181/181/181 182/182/182 183/183/183
f 184/184/184 185/185/185 186/186/186
f 187/187/187 188/188/188 189/189/189
f 190/190/190 191/191/191 192/192/192
f 193/193/193 194/194/194 195/195/195
f 196/196/196 197/197/197 198/198/198
f 199/199/199 200/200/200 201/201/201
f 202/202/202 203/203/203 204/204/204
f 205/205/205 206/206/206 207/207/207
f 208/208/208 209/209/209 210/210/210
f 211/211/211 212/212/212 213/213/213
f 214/214/214 215/215/215 216/216/216
f 217/217/217 218/218/218 219/219/219
f 220/220/220 221/221/221 222/222/222
f 223/223/223 224/224/224 225/225/225
f 226/226/226 227/227/227 228/228/228
f 229/229/229 230/230/230 231/231/231
f 232/232/232 233/233/233 234/234/234
f 235/235/235 236/236/236 237/237/237
f 238/238/238 239/239/239 240/240/240
f 241/241/241 242/242/242 243/243/243
f 244/244/244 245/245/245 246/246/246
f 247/247/247 248/248/248 249/249/249
f 250/250/250 251/251/251 252/252/252
f 253/253/253 254/254/254 255/255/255
f 256/256/256 257/257/257 258/258/258
f 259/259/259 260/260/260 261/261/261
f 262/262/262 263/263/263 264/264/264
f 265/265/265 266/266/266 267/267/267
f 268/268/268 269/269/269 270/270/270
f 271/271/271 272/272/272 273/273/273
f 274/274/274 275/275/275 276/276/276
f 277/277/277 278/278/278 279/279/279
f 280/280/280 281/281/281 282/282/282
f 283/283/283 284/284/284 285/285/285
f 286/286/286 287/287/287 288/288/288
f 289/289/289 290/290/290 291/291/291
f 292/292/292 293/293/293 294/294/294
f 295/295/295 296/296/296 297/297/297
f 298/298/298 299/299/299 300/300/300
f 301/301/301 302/302/302 303/303/303
f 304/304/304 305/305/305 306/306/306
f 307/307/307 308/308/308 309/309/309
f 310/310/310 311/311/311 312/312/312
f 313/313/313 314/314/314 315/315/315
f 316/316/316 317/317/317 318/318/318
f 319/319/319 320/320/320 321/321/321
f 322/322/322 323/323/323 324/324/324
f 325/325/325 326/326/326 327/327/327
f 328/328/328 329/329/329 330/330/330
f 331/331/331 332/332/332 333/333/333
f 334/334/334 335/335/335 336/336/336
f 337/337/337 338/338/338 339/339/339
f 340/340/340 341/341/341 342/342/342
f 343/343/343 344/344/344 345/345/345
f 346/346/346 347/347/347 348/348/348
f 349/349/349 350/350/350 351/351/351
f 352/352/352 353/353/353 354/354/354
f 355/355/355 356/356/356 357/357/357
f 358/358/358 359/359/359 360/360/360
f 361/361/361 362/362/362 363/363/363
f 364/364/364 365/365/365 366/366/366
f 367/367/367 368/368/368 369/369/369
f 370/370/370 371/371/371 372/372/372
f 373/373/373 374/374/374 375/375/375
f 376/376/376 377/377/377 378/378/378
f 379/379/379 380/380/380 381/381/381
f 382/382/382 383/383/383 384/384/384
f 385/385/385 386/386/386 387/387/387
f 388/388/388 389/389/389 390/390/390
f 391/391/391 392/392/392 393/393/393
f 394/394/394 395/395/395 396/396/396
f 397/397/397 398/398/398 399/399/399
f 400/400/400 401/401/401 402/402/402
f 403/403/403 404/404/404 405/405/405
f 406/406/406 407/407/407 408/408/408
f 409/409/409 410/410/410 411/411/411
f 412/412/412 413/413/413 414/414/414
f 415/415/415 416/416/416 417/417/417
f 418/418/418 419/419/419 420/420/420
f 421/421/421 422/422/422 423/423/423
f 424/424/424 425/425/425 426/426/426
f 427/427/427 428/428/428 429/429/429
f 430/430/430 431/431/431 432/432/432
f 433/433/433 434/434/434 435/435/435
f 436/436/436 437/437/437 438/438/438
f 439/439/439 440/440/440 441/441/441
f 442/442/442 443/443/443 444/444/444
f 445/445/445 446/446/446 447/447/447
f 448/448/448 449/449/449 450/450/450
f 451/451/451 452/452/452 453/453/453
f 454/454/454 455/455/455 456/456/456
f 457/457/457 458/458/458 459/459/459
f 460/460/460 461/461/461 462/462/462
f 463/463/463 464/464/464 465/465/465
f 466/466/466 467/467/467 468/468/468
f 469/469/469 470/470/470 471/471/471
f 472/472/472 473/473/473 474/474/474
f 475/475/475 476/476/476 477/477/477
f 478/478/478 479/479/479 480/480/480
f 481/481/481 482/482/482 483/483/483
f 484/484/484 485/485/485 486/486/486
f 487/487/487 488/488/488 489/489/489
f 490/490/490 491/491/491 492/492/492
f 493/493/493 494/494/494 495/495/495
f 496/496/496 497/497/497 498/498/498
f 499/499/499 500/500/500 501/501/501
f 502/502/502 503/503/503 504/504/504
f 505/505/505 506/506/506 507/507/507
f 508/508/508 509/509/509 510/510/510
f 511/511/511 512/512/512 513/513/513
f 514/514/514 515/515/515 516/516/516
f 517/517/517 518/518/518 519/519/519
f 520/520/520 521/521/521 522/522/522
f 523/523/523 524/524/524 525/525/525
f 526/526/526 527/527/527 528/528/528
f 529/529/529 530/530/530 531/531/531
f 532/532/532 533/533/533 534/534/534
f 535/535/535 536/536/536 537/537/537
f 538/538/538 539/539/539 540/540/540
f 541/541/541 542/542/542 543/543/543
f 544/544/544 545/545/545 546/546/546
f 547/547/547 548/548/548 549/549/549
f 550/550/550 551/551/551 552/552/552
f 553/553/553 554/554/554 555/555/555
f 556/556/556 557/557/557 558/558/558
f 559/559/559 560/560/560 561/561/561
f 562/562/562 563/563/563 564/564/564
f 565/565/565 566/566/566 567/567/567
f 568/568/568 569/569/569 570/570/570
f 571/571/571 572/572/572 573/573/573
f 574/574/574 575/575/575 576/576/576
f 577/577/577 578/578/578 579/579/579
f 580/580/580 581/581/581 582/582/582
f 583/583/583 584/584/584 585/585/585
f 586/586/586 587/587/587 588/588/588
f 589/589/589 590/590/590 591/591/591
f 592/592/592 593/593/593 594/594/594
f 595/595/595 596/596/596 597/597/597
f 598/598/598 599/599/599 600/600/600
f 601/601/601 602/602/602 603/603/603
f 604/604/604 605/605/605 606/606/606
f 607/607/607 608/608/608 609/609/609
f 610/610/610 611/611/611 612/612/612
f 613/613/613 614/614/614 615/615/615
f 616/616/616 617/617/617 618/618/618
f 619/619/619 620/620/620 621/621/621
f 622/622/622 623/623/623 624/624/624
f 625/625/625 626/626/626 627/627/627
f 628/628/628 629/629/629 630/630/630
f 631/631/631 632/632/632 633/633/633
f 634/634/634 635/635/635 636/636/636
f 637/637/637 638/638/638 639/639/639
f 640/640/640 641/641/641 642/642/642
f 643/643/643 644/644/644 645/645/645
f 646/646/646 647/647/647 648/648/648
f 649/649/649 650/650/650 651/651/651
f 652/652/652 653/653/653 654/654/654
f 655/655/655 656/656/656 657/657/657
f 658/658/658 659/659/659 660/660/660
f 661/661/661 662/662/662 663/663/663
f 664/664/664 665/665/665 666/666/666
f 667/667/667 668/668/668 669/669/669
f 670/670/670 671/671/671 672/672/672
f 673/673/673 674/674/674 675/675/675
f 676/676/676 677/677/677 678/678/678
f 679/679/679 680/680/680 681/681/681
f 682/682/682 683/683/683 684/684/684
f 685/685/685 686/686/686 687/687/687
f 688/688/688 689/689/689 690/690/690
f 691/691/691 692/692/692 693/693/693
f 694/694/694 695/695/695 696/696/696
f 697/697/697 698/698/698 699/699/699
f 700/700/700 701/701/701 702/702/702
f 703/703/703 704/704/704 705/705/705
f 706/706/706 707/707/707 708/708/708
f 709/709/709 710/710/710 711/711/711
f 712/712/712 713/713/713 714/714/714
f 715/715/715 716/716/716 717/717/717
f 718/718/718 719/719/719 720/720/720
f 721/721/721 722/722/722 723/723/723
f 724/724/724 725/725/725 726/726/726
f 727/727/727 728/728/728 729/729/729
f 730/730/730 731/731/731 732/732/732
f 733/733/733 734/734/734 735/735/735
f 736/736/736 737/737/737 738/738/738
f 739/739/739 740/740/740 741/741/741
f 742/742/742 743/743/743 744/744/744
f 745/745/745 746/746/746 747/747/747
f 748/748/748 749/749/749 750/750/750
f 751/751/751 752/752/752 753/753/753
f 754/754/754 755/755/755 756/756/756
f 757/757/757 758/758/758 759/759/759
f 760/760/760 761/761/761 762/762/762
f 763/763/763 764/764/764 765/765/765
f 766/766/766 767/767/767 768/768/768
f 769/769/769 770/770/770 771/771/771
f 772/772/772 773/773/773 774/774/774
f 775/775/775 776/776/776 777/777/777
f 778/778/778 779/779/779 780/780/780
f 781/781/781 782/782/782 783/783/783
f 784/784/784 785/785/785 786/786/786
f 787/787/787 788/788/788 789/789/789
f 790/790/790 791/791/791 792/792/792
f 793/793/793 794/794/794 795/795/795
f 796/796/796 797/797/797 798/798/798
f 799/799/799 800/800/800 801/801/801
f 802/802/802 803/803/803 804/804/804
f 805/805/805 806/806/806 807/807/807
f 808/808/808 809/809/809 810/810/810
f 811/811/811 812/812/812 813/813/813
f 814/814/814 815/815/815 816/816/816
f 817/817/817 818/818/818 819/819/819
f 820/820/820 821/821/821 822/822/822
f 823/823/823 824/824/824 825/825/825
f 826/826/826 827/827/827 828/828/828
f 829/829/829 830/830/830 831/831/831
f 832/832/832 833/833/833 834/834/834
f 835/835/835 836/836/836 837/837/837
f 838/838/838 839/839/839 840/840/840
f 841/841/841 842/842/842 843/843/843
f 844/844/844 845/845/845 846/846/846
f 847/847/847 848/848/848 849/849/849
f 850/850/850 851/851/851 852/852/852
f 853/853/853 854/854/854 855/855/855
f 856/856/856 857/857/857 858/858/858
f 859/859/859 860/860/860 861/861/861
f 862/862/862 863/863/863 864/864/864
f 865/865/865 866/866/866 867/867/867
f 868/868/868 869/869/869 870/870/870
f 871/871/871 872/872/872 873/873/873
f 874/874/874 875/875/875 876/876/876
f 877/877/877 878/878/878 879/879/879
f 880/880/880 881/881/881 882/882/882
f 883/883/883 884/884/884 885/885/885
f 886/886/886 887/887/887 888/888/888
f 889/889/889 890/890/890 891/891/891
f 892/892/892 893/893/893 894/894/894
f 895/895/895 896/896/896 897/897/897
f 898/898/898 899/899/899 900/900/900
f 901/901/901 902/902/902 903/903/903
f 904/904/904 905/905/905 906/906/906
f 907/907/907 908/908/908 909/909/909
f 910/910/910 911/911/911 912/912/912
f 913/913/913 914/914/914 915/915/915
f 916/916/916 917/917/917 918/918/918
f 919/919/919 920/920/920 921/921/921
f 922/922/922 923/923/923 924/924/924
f 925/925/925 926/926/926 927/927/927
f 928/928/928 929/929/929 930/930/930
f 931/931/931 932/932/932 933/933/933
f 934/934/934 935/935/935 936/936/936
f 937/937/937 938/938/938 939/939/939
f 940/940/940 941/941/941 942/942/942
f 943/943/943 944/944/944 945/945/945
f 946/946/946 947/947/947 948/948/948
f 949/949/949 950/950/950 951/951/951
f 952/952/952 953/953/953 954/954/954
f 955/955/955 956/956/956 957/957/957
f 958/958/958 959/959/959 960/960/960
f 961/961/961 962/962/962 963/963/963
f 964/964/964 965/965/965 966/966/966
f 967/967/967 968/968/968 969/969/969
f 970/970/970 971/971/971 972/972/972
f 973/973/973 974/974/974 975/975/975
f 976/976/976 977/977/977 978/978/978
f 979/979/979 980/980/980 981/981/981
f 982/982/982 983/983/983 984/984/984
f 985/985/985 986/986/986 987/987/987
f 988/988/988 989/989/989 990/990/990
f 991/991/991 992/992/992 993/993/993
f 994/994/994 995/995/995 996/996/996
f 997/997/997 998/998/998 999/999/999
f 1000/1000/1000 1001/1001/1001 1002/1002/1002
f 1003/1003/1003 1004/1004/1004 1005/1005/1005
f 1006/1006/1006 1007/1007/1007 1008/1008/1008
f 1009/1009/1009 1010/1010/1010 1011/1011/1011
f 1012/1012/1012 1013/1013/1013 1014/1014/1014
f 1015/1015/1015 1016/1016/1016 1017/1017/1017
f 1018/1018/1018 1019/1019/1019 1020/1020/1020
f 1021/1021/1021 1022/1022/1022 1023/1023/1023
f 1024/1024/1024 1025/1025/1025 1026/1026/1026
f 1027/1027/1027 1028/1028/1028 1029/1029/1029
f 1030/1030/1030 1031/1031/1031 1032/1032/1032
f 1033/1033/1033 1034/1034/1034 1035/1035/1035
f 1036/1036/1036 1037/1037/1037 1038/1038/1038
f 1039/1039/1039 1040/1040/1040 1041/1041/1041
f 1042/1042/1042 1043/1043/1043 1044/1044/1044
f 1045/1045/1045 1046/1046/1046 1047/1047/1047
f 1048/1048/1048 1049/1049/1049 1050/1050/1050
f 1051/1051/1051 1052/1052/1052 1053/1053/1053
f 1054/1054/1054 1055/1055/1055 1056/1056/1056
f 1057/1057/1057 1058/1058/1058 1059/1059/1059
f 1060/1060/1060 1061/1061/1061 1062/1062/1062
f 1063/1063/1063 1064/1064/1064 1065/1065/1065
f 1066/1066/1066 1067/1067/1067 1068/1068/1068
f 1069/1069/1069 1070/1070/1070 1071/1071/1071
f 1072/1072/1072 1073/1073/1073 1074/1074/1074
f 1075/1075/1075 1076/1076/1076 1077/1077/1077
f 1078/1078/1078 1079/1079/1079 1080/1080/1080
f 1081/1081/1081 1082/1082/1082 1083/1083/1083
f 1084/1084/1084 1085/1085/1085 1086/1086/1086
f 1087/1087/1087 1088/1088/1088 1089/1089/1089
f 1090/1090/1090 1091/1091/1091 1092/1092/1092
f 1093/1093/1093 1094/1094/1094 1095/1095/1095
f 1096/1096/1096 1097/1097/1097 1098/1098/1098
f 1099/1099/1099 1100/1100/1100 1101/1101/1101
f 1102/1102/1102 1103/1103/1103 1104/1104/1104
f 1105/1105/1105 1106/1106/1106 1107/1107/1107
f 1108/1108/1108 1109/1109/1109 1110/1110/1110
f 1111/1111/1111 1112/1112/1112 1113/1113/1113
f 1114/1114/1114 1115/1115/1115 1116/1116/1116
f 1117/1117/1117 1118/1118/1118 1119/1119/1119
f 1120/1120/1120 1121/1121/1121 1122/1122/1122
f 1123/1123/1123 1124/1124/1124 1125/1125/1125
f 1126/1126/1126 1127/1127/1127 1128/1128/1128
f 1129/1129/1129 1130/1130/1130 1131/1131/1131
f 1132/1132/1132 1133/1133/1133 1134/1134/1134
f 1135/1135/1135 1136/1136/1136 1137/1137/1137
f 1138/1138/1138 1139/1139/1139 1140/1140/1140
f 1141/1141/1141 1142/1142/1142 1143/1143/1143
f 1144/1144/1144 1145/1145/1145 1146/1146/1146
f 1147/1147/1147 1148/1148/1148 1149/1149/1149
f 1150/1150/1150 1151/1151/1151 1152/1152/1152
f 1153/1153/1153 1154/1154/1154 1155/1155/1155
f 1156/1156/1156 1157/1157/1157 1158/1158/1158
f 1159/1159/1159 1160/1160/1160 1161/1161/1161
f 1162/1162/1162 1163/1163/1163 1164/1164/1164
f 1165/1165/1165 1166/1166/1166 1167/1167/1167
f 1168/1168/1168 1169/1169/1169 1170/1170/1170
f 1171/1171/1171 1172/1172/1172 1173/1173/1173
f 1174/1174/1174 1175/1175/1175 1176/1176/1176
f 1177/1177/1177 1178/1178/1178 1179/1179/1179
f 1180/1180/1180 1181/1181/1181 1182/1182/1182
f 1183/1183/1183 1184/1184/1184 1185/1185/1185
f 1186/1186/1186 1187/1187/1187 1188/1188/1188
f 1189/1189/1189 1190/1190/1190 1191/1191/1191
f 1192/1192/1192 1193/1193/1193 1194/1194/1194
f 1195/1195/1195 1196/1196/1196 1197/1197/1197
f 1198/1198/1198 1199/1199/1199 1200/1200/1200
f 1201/1201/1201 1202/1202/1202 1203/1203/1203
f 1204/1204/1204 1205/1205/1205 1206/1206/1206
f 1207/1207/1207 1208/1208/1208 1209/1209/1209
f 1210/1210/1210 1211/1211/1211 1212/1212/1212
f 1213/1213/1213 1214/1214/1214 1215/1215/1215
f 1216/1216/1216 1217/1217/1217 1218/1218/1218
f 1219/1219/1219 1220/1220/1220 1221/1221/1221
f 1222/1222/1222 1223/1223/1223 1224/1224/1224
f 1225/1225/1225 1226/1226/1226 1227/1227/1227
f 1228/1228/1228 1229/1229/1229 1230/1230/1230
f 1231/1231/1231 1232/1232/1232 1233/1233/1233
f 1234/1234/1234 1235/1235/1235 1236/1236/1236
f 1237/1237/1237 1238/1238/1238 1239/1239/1239
f 1240/1240/1240 1241/1241/1241 1242/1242/1242
f 1243/1243/1243 1244/1244/1244 1245/1245/1245
f 1246/1246/1246 1247/1247/1247 1248/1248/1248
f 1249/1249/1249 1250/1250/1250 1251/1251/1251
f 1252/1252/1252 1253/1253/1253 1254/1254/1254
f 1255/1255/1255 1256/1256/1256 1257/1257/1257
f 1258/1258/1258 1259/1259/1259 1260/1260/1260
f 1261/1261/1261 1262/1262/1262 1263/1263/1263
f 1264/1264/1264 1265/1265/1265 1266/1266/1266
f 1267/1267/1267 1268/1268/1268 1269/1269/1269
f 1270/1270/1270 1271/1271/1271 1272/1272/1272
f 1273/1273/1273 1274/1274/1274 1275/1275/1275
f 1276/1276/1276 1277/1277/1277 1278/1278/1278
f 1279/1279/1279 1280/1280/1280 1281/1281/1281
f 1282/1282/1282 1283/1283/1283 1284/1284/1284
f 1285/1285/1285 1286/1286/1286 1287/1287/1287
f 1288/1288/1288 1289/1289/1289 1290/1290/1290
f 1291/1291/1291 1292/1292/1292 1293/1293/1293
f 1294/1294/1294 1295/1295/1295 1296/1296/1296
f 1297/1297/1297 1298/1298/1298 1299/1299/1299
f 1300/1300/1300 1301/1301/1301 1302/1302/1302
f 1303/1303/1303 1304/1304/1304 1305/1305/1305
f 1306/1306/1306 1307/1307/1307 1308/1308/1308
f 1309/1309/1309 1310/1310/1310 1311/1311/1311
f 1312/1312/1312 1313/1313/1313 1314/1314/1314
f 1315/1315/1315 1316/1316/1316 1317/1317/1317
f 1318/1318/1318 1319/1319/1319 1320/1320/1320
f 1321/1321/1321 1322/1322/1322 1323/1323/1323
f 1324/1324/1324 1325/1325/1325 1326/1326/1326
f 1327/1327/1327 1328/1328/1328 1329/1329/1329
f 1330/1330/1330 1331/1331/1331 1332/1332/1332
f 1333/1333/1333 1334/1334/1334 1335/1335/1335
f 1336/1336/1336 1337/1337/1337 1338/1338/1338
f 1339/1339/1339 1340/1340/1340 1341/1341/1341
f 1342/1342/1342 1343/1343/1343 1344/1344/1344
f 1345/1345/1345 1346/1346/1346 1347/1347/1347
f 1348/1348/1348 1349/1349/1349 1350/1350/1350
f 1351/1351/1351 1352/1352/1352 1353/1353/1353
f 1354/1354/1354 1355/1355/1355 1356/1356/1356
f 1357/1357/1357 1358/1358/1358 1359/1359/1359
f 1360/1360/1360 1361/1361/1361 1362/1362/1362
f 1363/1363/1363 1364/1364/1364 1365/1365/1365
f 1366/1366/1366 1367/1367/1367 1368/1368/1368
f 1369/1369/1369 1370/1370/1370 1371/1371/1371
f 1372/1372/1372 1373/1373/1373 1374/1374/1374
f 1375/1375/1375 1376/1376/1376 1377/1377/1377
f 1378/1378/1378 1379/1379/1379 1380/1380/1380
f 1381/1381/1381 1382/1382/1382 1383/1383/1383
f 1384/1384/1384 1385/1385/1385 1386/1386/1386
f 1387/1387/1387 1388/1388/1388 1389/1389/1389
f 1390/1390/1390 1391/1391/1391 1392/1392/1392
f 1393/1393/1393 1394/1394/1394 1395/1395/1395
f 1396/1396/1396 1397/1397/1397 1398/1398/1398
f 1399/1399/1399 1400/1400/1400 1401/1401/1401
f 1402/1402/1402 1403/1403/1403 1404/1404/1404
f 1405/1405/1405 1406/1406/1406 1407/1407/1407
f 1408/1408/1408 1409/1409/1409 1410/1410/1410
f 1411/1411/1411 1412/1412/1412 1413/1413/1413
f 1414/1414/1414 1415/1415/1415 1416/1416/1416
f 1417/1417/1417 1418/1418/1418 1419/1419/1419
f 1420/1420/1420 1421/1421/1421 1422/1422/1422
f 1423/1423/1423 1424/1424/1424 1425/1425/1425
f 1426/1426/1426 1427/1427/1427 1428/1428/1428
f 1429/1429/1429 1430/1430/1430 1431/1431/1431
f 1432/1432/1432 1433/1433/1433 1434/1434/1434
f 1435/1435/1435 1436/1436/1436 1437/1437/1437
f 1438/1438/1438 1439/1439/1439 1440/1440/1440
f 1441/1441/1441 1442/1442/1442 1443/1443/1443
f 1444/1444/1444 1445/1445/1445 1446/1446/1446
f 1447/1447/1447 1448/1448/1448 1449/1449/1449
f 1450/1450/1450 1451/1451/1451 1452/1452/1452
f 1453/1453/1453 1454/1454/1454 1455/1455/1455
f 1456/1456/1456 1457/1457/1457 1458/1458/1458
f 1459/1459/1459 1460/1460/1460 1461/1461/1461
f 1462/1462/1462 1463/1463/1463 1464/1464/1464
f 1465/1465/1465 1466/1466/1466 1467/1467/1467
f 1468/1468/1468 1469/1469/1469 1470/1470/1470
f 1471/1471/1471 1472/1472/1472 1473/1473/1473
f 1474/1474/1474 1475/1475/1475 1476/1476/1476
f 1477/1477/1477 1478/1478/1478 1479/1479/1479
f 1480/1480/1480 1481/1481/1481 1482/1482/1482
f 1483/1483/1483 1484/1484/1484 1485/1485/1485
f 1486/1486/1486 1487/1487/1487 1488/1488/1488
f 1489/1489/1489 1490/1490/1490 1491/1491/1491
f 1492/1492/1492 1493/1493/1493 1494/1494/1494
f 1495/1495/1495 1496/1496/1496 1497/1497/1497
f 1498/1498/1498 1499/1499/1499 1500/1500/1500
f 1501/1501/1501 1502/1502/1502 1503/1503/1503
f 1504/1504/1504 1505/1505/1505 1506/1506/1506
f 1507/1507/1507 1508/1508/1508 1509/1509/1509
f 1510/1510/1510 1511/1511/1511 1512/1512/1512
f 1513/1513/1513 1514/1514/1514 1515/1515/1515
f 1516/1516/1516 1517/1517/1517 1518/1518/1518
f 1519/1519/1519 1520/1520/1520 1521/1521/1521
f 1522/1522/1522 1523/1523/1523 1524/1524/1524
f 1525/1525/1525 1526/1526/1526 1527/1527/1527
f 1528/1528/1528 1529/1529/1529 1530/1530/1530
f 1531/1531/1531 1532/1532/1532 1533/1533/1533
f 1534/1534/1534 1535/1535/1535 1536/1536/1536
f 1537/1537/1537 1538/1538/1538 1539/1539/1539
f 1540/1540/1540 1541/1541/1541 1542/1542/1542
f 1543/1543/1543 1544/1544/1544 1545/1545/1545
f 1546/1546/1546 1547/1547/1547 1548/1548/1548
f 1549/1549/1549 1550/1550/1550 1551/1551/1551
f 1552/1552/1552 1553/1553/1553 1554/1554/1554
f 1555/1555/1555 1556/1556/1556 1557/1557/1557
f 1558/1558/1558 1559/1559/1559 1560/1560/1560
f 1561/1561/1561 1562/1562/1562 1563/1563/1563
f 1564/1564/1564 1565/1565/1565 1566/1566/1566
f 1567/1567/1567 1568/1568/1568 1569/1569/1569
f 1570/1570/1570 1571/1571/1571 1572/1572/1572
f 1573/1573/1573 1574/1574/1574 1575/1575/1575
f 1576/1576/1576 1577/1577/1577 1578/1578/1578
f 1579/1579/1579 1580/1580/1580 1581/1581/1581
f 1582/1582/1582 1583/1583/1583 1584/1584/1584
f 1585/1585/1585 1586/1586/1586 1587/1587/1587
f 1588/1588/1588 1589/1589/1589 1590/1590/1590
f 1591/1591/1591 1592/1592/1592 1593/1593/1593
f 1594/1594/1594 1595/1595/1595 1596/1596/1596
f 1597/1597/1597 1598/1598/1598 1599/1599/1599
f 1600/1600/1600 1601/1601/1601 1602/1602/1602
f 1603/1603/1603 1604/1604/1604 1605/1605/1605
f 1606/1606/1606 1607/1607/1607 1608/1608/1608
f 1609/1609/1609 1610/1610/1610 1611/1611/1611
f 1612/1612/1612 1613/1613/1613 1614/1614/1614
f 1615/1615/1615 1616/1616/1616 1617/1617/1617
f 1618/1618/1618 1619/1619/1619 1620/1620/1620
f 1621/1621/1621 1622/1622/1622 1623/1623/1623
f 1624/1624/1624 1625/1625/1625 1626/1626/1626
f 1627/1627/1627 1628/1628/1628 1629/1629/1629
f 1630/1630/1630 1631/1631/1631 1632/1632/1632
f 1633/1633/1633 1634/1634/1634 1635/1635/1635
f 1636/1636/1636 1637/1637/1637 1638/1638/1638
f 1639/1639/1639 1640/1640/1640 1641/1641/1641
f 1642/1642/1642 1643/1643/1643 1644/1644/1644
f 1645/1645/1645 1646/1646/1646 1647/1647/1647
f 1648/1648/1648 1649/1649/1649 1650/1650/1650
f 1651/1651/1651 1652/1652/1652 1653/1653/1653
f 1654/1654/1654 1655/1655/1655 1656/1656/1656
f 1657/1657/1657 1658/1658/1658 1659/1659/1659
f 1660/1660/1660 1661/1661/1661 1662/1662/1662
f 1663/1663/1663 1664/1664/1664 1665/1665/1665
f 1666/1666/1666 1667/1667/1667 1668/1668/1668
f 1669/1669/1669 1670/1670/1670 1671/1671/1671
f 1672/1672/1672 1673/1673/1673 1674/1674/1674
f 1675/1675/1675 1676/1676/1676 1677/1677/1677
f 1678/1678/1678 1679/1679/1679 1680/1680/1680
f 1681/1681/1681 1682/1682/1682 1683/1683/1683
f 1684/1684/1684 1685/1685/1685 1686/1686/1686
f 1687/1687/1687 1688/1688/1688 1689/1689/1689
f 1690/1690/1690 1691/1691/1691 1692/1692/1692
f 1693/1693/1693 1694/1694/1694 1695/1695/1695
f 1696/1696/1696 1697/1697/1697 1698/1698/1698
f 1699/1699/1699 1700/1700/1700 1701/1701/1701
f 1702/1702/1702 1703/1703/1703 1704/1704/1704
f 1705/1705/1705 1706/1706/1706 1707/1707/1707
f 1708/1708/1708 1709/1709/1709 1710/1710/1710
f 1711/1711/1711 1712/1712/1712 1713/1713/1713
f 1714/1714/1714 1715/1715/1715 1716/1716/1716
f 1717/1717/1717 1718/1718/1718 1719/1719/1719
f 1720/1720/1720 1721/1721/1721 1722/1722/1722
f 1723/1723/1723 1724/1724/1724 1725/1725/1725
f 1726/1726/1726 1727/1727/1727 1728/1728/1728
f 1729/1729/1729 1730/1730/1730 1731/1731/1731
f 1732/1732/1732 1733/1733/1733 1734/1734/1734
f 1735/1735/1735 1736/1736/1736 1737/1737/1737
f 1738/1738/1738 1739/1739/1739 1740/1740/1740
f 1741/1741/1741 1742/1742/1742 1743/1743/1743
f 1744/1744/1744 1745/1745/1745 1746/1746/1746
f 1747/1747/1747 1748/1748/1748 1749/1749/1749
f 1750/1750/1750 1751/1751/1751 1752/1752/1752
f 1753/1753/1753 1754/1754/1754 1755/1755/1755
f 1756/1756/1756 1757/1757/1757 1758/1758/1758
f 1759/1759/1759 1760/1760/1760 1761/1761/1761
f 1762/1762/1762 1763/1763/1763 1764/1764/1764
f 1765/1765/1765 1766/1766/1766 1767/1767/1767
f 1768/1768/1768 1769/1769/1769 1770/1770/1770
f 1771/1771/1771 1772/1772/1772 1773/1773/1773
f 1774/1774/1774 1775/1775/1775 1776/1776/1776
f 1777/1777/1777 1778/1778/1778 1779/1779/1779
f 1780/1780/1780 1781/1781/1781 1782/1782/1782
f 1783/1783/1783 1784/1784/1784 1785/1785/1785
f 1786/1786/1786 1787/1787/1787 1788/1788/1788
f 1789/1789/1789 1790/1790/1790 1791/1791/1791
f 1792/1792/1792 1793/1793/1793 1794/1794/1794
f 1795/1795/1795 1796/1796/1796 1797/1797/1797
f 1798/1798/1798 1799/1799/1799 1800/1800/1800
f 1801/1801/1801 1802/1802/1802 1803/1803/1803
f 1804/1804/1804 1805/1805/1805 1806/1806/1806
f 1807/1807/1807 1808/1808/1808 1809/1809/1809
f 1810/1810/1810 1811/1811/1811 1812/1812/1812
f 1813/1813/1813 1814/1814/1814 1815/1815/1815
f 1816/1816/1816 1817/1817/1817 1818/1818/1818
f 1819/1819/1819 1820/1820/1820 1821/1821/1821
f 1822/1822/1822 1823/1823/1823 1824/1824/1824
f 1825/1825/1825 1826/1826/1826 1827/1827/1827
f 1828/1828/1828 1829/1829/1829 1830/1830/1830
f 1831/1831/1831 1832/1832/1832 1833/1833/1833
f 1834/1834/1834 1835/1835/1835 1836/1836/1836
f 1837/1837/1837 1838/1838/1838 1839/1839/1839
f 1840/1840/1840 1841/1841/1841 1842/1842/1842
f 1843/1843/1843 1844/1844/1844 1845/1845/1845
f 1846/1846/1846 1847/1847/1847 1848/1848/1848
f 1849/1849/1849 1850/1850/1850 1851/1851/1851
f 1852/1852/1852 1853/1853/1853 1854/1854/1854
f 1855/1855/1855 1856/1856/1856 1857/1857/1857
f 1858/1858/1858 1859/1859/1859 1860/1860/1860
f 1861/1861/1861 1862/1862/1862 1863/1863/1863
f 1864/1864/1864 1865/1865/1865 1866/1866/1866
f 1867/1867/1867 1868/1868/1868 1869/1869/1869
f 1870/1870/1870 1871/1871/1871 1872/1872/1872
f 1873/1873/1873 1874/1874/1874 1875/1875/1875
f 1876/1876/1876 1877/1877/1877 1878/1878/1878
f 1879/1879/1879 1880/1880/1880 1881/1881/1881
f 1882/1882/1882 1883/1883/1883 1884/1884/1884
f 1885/1885/1885 1886/1886/1886 1887/1887/1887
f 1888/1888/1888 1889/1889/1889 1890/1890/1890
f 1891/1891/1891 1892/1892/1892 1893/1893/1893
f 1894/1894/1894 1895/1895/1895 1896/1896/1896
f 1897/1897/1897 1898/1898/1898 1899/1899/1899
f 1900/1900/1900 1901/1901/1901 1902/1902/1902
f 1903/1903/1903 1904/1904/1904 1905/1905/1905
f 1906/1906/1906 1907/1907/1907 1908/1908/1908
f 1909/1909/1909 1910/1910/1910 1911/1911/1911
f 1912/1912/1912 1913/1913/1913 1914/1914/1914
f 1915/1915/1915 1916/1916/1916 1917/1917/1917
f 1918/1918/1918 1919/1919/1919 1920/1920/1920
f 1921/1921/1921 1922/1922/1922 1923/1923/1923
f 1924/1924/1924 1925/1925/1925 1926/1926/1926
f 1927/1927/1927 1928/1928/1928 1929/1929/1929
f 1930/1930/1930 1931/1931/1931 1932/1932/1932
f 1933/1933/1933 1934/1934/1934 1935/1935/1935
f 1936/1936/1936 1937/1937/1937 1938/1938/1938
f 1939/1939/1939 1940/1940/1940 1941/1941/1941
f 1942/1942/1942 1943/1943/1943 1944/1944/1944
f 1945/1945/1945 1946/1946/1946 1947/1947/1947
f 1948/1948/1948 1949/1949/1949 1950/1950/1950
f 1951/1951/1951 1952/1952/1952 1953/1953/1953
f 1954/1954/1954 1955/1955/1955 1956/1956/1956
f 1957/1957/1957 1958/1958/1958 1959/1959/1959
f 1960/1960/1960 1961/1961/1961 1962/1962/1962
f 1963/1963/1963 1964/1964/1964 1965/1965/1965
f 1966/1966/1966 1967/1967/1967 1968/1968/1968
f 1969/1969/1969 1970/1970/1970 1971/1971/1971
f 1972/1972/1972 1973/1973/1973 1974/1974/1974
f 1975/1975/1975 1976/1976/1976 1977/1977/1977
f 1978/1978/1978 1979/1979/1979 1980/1980/1980
f 1981/1981/1981 1982/1982/1982 1983/1983/1983
f 1984/1984/1984 1985/1985/1985 1986/1986/1986
f 1987/1987/1987 1988/1988/1988 1989/1989/1989
f 1990/1990/1990 1991/1991/1991 1992/1992/1992
f 1993/1993/1993 1994/1994/1994 1995/1995/1995
f 1996/1996/1996 1997/1997/1997 1998/1998/1998
f 1999/1999/1999 2000/2000/2000 2001/2001/2001
f 2002/2002/2002 2003/2003/2003 2004/2004/2004
f 2005/2005/2005 2006/2006/2006 2007/2007/2007
f 2008/2008/2008 2009/2009/2009 2010/2010/2010
f 2011/2011/2011 2012/2012/2012 2013/2013/2013
f 2014/2014/2014 2015/2015/2015 2016/2016/2016
f 2017/2017/2017 2018/2018/2018 2019/2019/2019
f 2020/2020/2020 2021/2021/2021 2022/2022/2022
f 2023/2023/2023 2024/2024/2024 2025/2025/2025
f 2026/2026/2026 2027/2027/2027 2028/2028/2028
f 2029/2029/2029 2030/2030/2030 2031/2031/2031
f 2032/2032/2032 2033/2033/2033 2034/2034/2034
f 2035/2035/2035 2036/2036/2036 2037/2037/2037
f 2038/2038/2038 2039/2039/2039 2040/2040/2040
f 2041/2041/2041 2042/2042/2042 2043/2043/2043
f 2044/2044/2044 2045/2045/2045 2046/2046/2046
f 2047/2047/2047 2048/2048/2048 2049/2049/2049
f 2050/2050/2050 2051/2051/2051 2052/2052/2052
f 2053/2053/2053 2054/2054/2054 2055/2055/2055
f 2056/2056/2056 2057/2057/2057 2058/2058/2058
f 2059/2059/2059 2060/2060/2060 2061/2061/2061
f 2062/2062/2062 2063/2063/2063 2064/2064/2064
f 2065/2065/2065 2066/2066/2066 2067/2067/2067
f 2068/2068/2068 2069/2069/2069 2070/2070/2070
f 2071/2071/2071 2072/2072/2072 2073/2073/2073
f 2074/2074/2074 2075/2075/2075 2076/2076/2076
f 2077/2077/2077 2078/2078/2078 2079/2079/2079
f 2080/2080/2080 2081/2081/2081 2082/2082/2082
f 2083/2083/2083 2084/2084/2084 2085/2085/2085
f 2086/2086/2086 2087/2087/2087 2088/2088/2088
f 2089/2089/2089 2090/2090/2090 2091/2091/2091
f 2092/2092/2092 2093/2093/2093 2094/2094/2094
f 2095/2095/2095 2096/2096/2096 2097/2097/2097
f 2098/2098/2098 2099/2099/2099 2100/2100/2100
f 2101/2101/2101 2102/2102/2102 2103/2103/2103
f 2104/2104/2104 2105/2105/2105 2106/2106/2106
f 2107/2107/2107 2108/2108/2108 2109/2109/2109
f 2110/2110/2110 2111/2111/2111 2112/2112/2112
f 2113/2113/2113 2114/2114/2114 2115/2115/2115
f 2116/2116/2116 2117/2117/2117 2118/2118/2118
f 2119/2119/2119 2120/2120/2120 2121/2121/2121
f 2122/2122/2122 2123/2123/2123 2124/2124/2124
f 2125/2125/2125 2126/2126/2126 2127/2127/2127
f 2128/2128/2128 2129/2129/2129 2130/2130/2130
f 2131/2131/2131 2132/2132/2132 2133/2133/2133
f 2134/2134/2134 2135/2135/2135 2136/2136/2136
f 2137/2137/2137 2138/2138/2138 2139/2139/2139
f 2140/2140/2140 2141/2141/2141 2142/2142/2142
f 2143/2143/2143 2144/2144/2144 2145/2145/2145
f 2146/2146/2146 2147/2147/2147 2148/2148/2148
f 2149/2149/2149 2150/2150/2150 2151/2151/2151
f 2152/2152/2152 2153/2153/2153 2154/2154/2154
f 2155/2155/2155 2156/2156/2156 2157/2157/2157
f 2158/2158/2158 2159/2159/2159 2160/2160/2160
f 2161/2161/2161 2162/2162/2162 2163/2163/2163
f 2164/2164/2164 2165/2165/2165 2166/2166/2166
f 2167/2167/2167 2168/2168/2168 2169/2169/2169
f 2170/2170/2170 2171/2171/2171 2172/2172/2172
f 2173/2173/2173 2174/2174/2174 2175/2175/2175
f 2176/2176/2176 2177/2177/2177 2178/2178/2178
f 2179/2179/2179 2180/2180/2180 2181/2181/2181
f 2182/2182/2182 2183/2183/2183 2184/2184/2184
f 2185/2185/2185 2186/2186/2186 2187/2187/2187
f 2188/2188/2188 2189/2189/2189 2190/2190/2190
f 2191/2191/2191 2192/2192/2192 2193/2193/2193
f 2194/2194/2194 2195/2195/2195 2196/2196/2196
f 2197/2197/2197 2198/2198/2198 2199/2199/2199
f 2200/2200/2200 2201/2201/2201 2202/2202/2202
f 2203/2203/2203 2204/2204/2204 2205/2205/2205
f 2206/2206/2206 2207/2207/2207 2208/2208/2208
f 2209/2209/2209 2210/2210/2210 2211/2211/2211
f 2212/2212/2212 2213/2213/2213 2214/2214/2214
f 2215/2215/2215 2216/2216/2216 2217/2217/2217
f 2218/2218/2218 2219/2219/2219 2220/2220/2220
f 2221/2221/2221 2222/2222/2222 2223/2223/2223
f 2224/2224/2224 2225/2225/2225 2226/2226/2226
f 2227/2227/2227 2228/2228/2228 2229/2229/2229
f 2230/2230/2230 2231/2231/2231 2232/2232/2232
f 2233/2233/2233 2234/2234/2234 2235/2235/2235
f 2236/2236/2236 2237/2237/2237 2238/2238/2238
f 2239/2239/2239 2240/2240/2240 2241/2241/2241
f 2242/2242/2242 2243/2243/2243 2244/2244/2244
f 2245/2245/2245 2246/2246/2246 2247/2247/2247
f 2248/2248/2248 2249/2249/2249 2250/2250/2250
f 2251/2251/2251 2252/2252/2252 2253/2253/2253
f 2254/2254/2254 2255/2255/2255 2256/2256/2256
f 2257/2257/2257 2258/2258/2258 2259/2259/2259
f 2260/2260/2260 2261/2261/2261 2262/2262/2262
f 2263/2263/2263 2264/2264/2264 2265/2265/2265
f 2266/2266/2266 2267/2267/2267 2268/2268/2268
f 2269/2269/2269 2270/2270/2270 2271/2271/2271
f 2272/2272/2272 2273/2273/2273 2274/2274/2274
f 2275/2275/2275 2276/2276/2276 2277/2277/2277
f 2278/2278/2278 2279/2279/2279 2280/2280/2280
f 2281/2281/2281 2282/2282/2282 2283/2283/2283
f 2284/2284/2284 2285/2285/2285 2286/2286/2286
f 2287/2287/2287 2288/2288/2288 2289/2289/2289
f 2290/2290/2290 2291/2291/2291 2292/2292/2292
f 2293/2293/2293 2294/2294/2294 2295/2295/2295
f 2296/2296/2296 2297/2297/2297 2298/2298/2298
f 2299/2299/2299 2300/2300/2300 2301/2301/2301
f 2302/2302/2302 2303/2303/2303 2304/2304/2304
f 2305/2305/2305 2306/2306/2306 2307/2307/2307
f 2308/2308/2308 2309/2309/2309 2310/2310/2310
f 2311/2311/2311 2312/2312/2312 2313/2313/2313
f 2314/2314/2314 2315/2315/2315 2316/2316/2316
f 2317/2317/2317 2318/2318/2318 2319/2319/2319
f 2320/2320/2320 2321/2321/2321 2322/2322/2322
f 2323/2323/2323 2324/2324/2324 2325/2325/2325
f 2326/2326/2326 2327/2327/2327 2328/2328/2328
f 2329/2329/2329 2330/2330/2330 2331/2331/2331
f 2332/2332/2332 2333/2333/2333 2334/2334/2334
f 2335/2335/2335 2336/2336/2336 2337/2337/2337
f 2338/2338/2338 2339/2339/2339 2340/2340/2340
f 2341/2341/2341 2342/2342/2342 2343/2343/2343
f 2344/2344/2344 2345/2345/2345 2346/2346/2346
f 2347/2347/2347 2348/2348/2348 2349/2349/2349
f 2350/2350/2350 2351/2351/2351 2352/2352/2352
f 2353/2353/2353 2354/2354/2354 2355/2355/2355
f 2356/2356/2356 2357/2357/2357 2358/2358/2358
f 2359/2359/2359 2360/2360/2360 2361/2361/2361
f 2362/2362/2362 2363/2363/2363 2364/2364/2364
f 2365/2365/2365 2366/2366/2366 2367/2367/2367
f 2368/2368/2368 2369/2369/2369 2370/2370/2370
f 2371/2371/2371 2372/2372/2372 2373/2373/2373
f 2374/2374/2374 2375/2375/2375 2376/2376/2376
f 2377/2377/2377 2378/2378/2378 2379/2379/2379
f 2380/2380/2380 2381/2381/2381 2382/2382/2382
f 2383/2383/2383 2384/2384/2384 2385/2385/2385
f 2386/2386/2386 2387/2387/2387 2388/2388/2388
f 2389/2389/2389 2390/2390/2390 2391/2391/2391
f 2392/2392/2392 2393/2393/2393 2394/2394/2394
f 2395/2395/2395 2396/2396/2396 2397/2397/2397
f 2398/2398/2398 2399/2399/2399 2400/2400/2400
f 2401/2401/2401 2402/2402/2402 2403/2403/2403
f 2404/2404/2404 2405/2405/2405 2406/2406/2406
f 2407/2407/2407 2408/2408/2408 2409/2409/2409
f 2410/2410/2410 2411/2411/2411 2412/2412/2412
f 2413/2413/2413 2414/2414/2414 2415/2415/2415
f 2416/2416/2416 2417/2417/2417 2418/2418/2418
f 2419/2419/2419 2420/2420/2420 2421/2421/2421
f 2422/2422/2422 2423/2423/2423 2424/2424/2424
f 2425/2425/2425 2426/2426/2426 2427/2427/2427
f 2428/2428/2428 2429/2429/2429 2430/2430/2430
f 2431/2431/2431 2432/2432/2432 2433/2433/2433
f 2434/2434/2434 2435/2435/2435 2436/2436/2436
f 2437/2437/2437 2438/2438/2438 2439/2439/2439
f 2440/2440/2440 2441/2441/2441 2442/2442/2442
f 2443/2443/2443 2444/2444/2444 2445/2445/2445
f 2446/2446/2446 2447/2447/2447 2448/2448/2448
f 2449/2449/2449 2450/2450/2450 2451/2451/2451
f 2452/2452/2452 2453/2453/2453 2454/2454/2454
f 2455/2455/2455 2456/2456/2456 2457/2457/2457
f 2458/2458/2458 2459/2459/2459 2460/2460/2460
f 2461/2461/2461 2462/2462/2462 2463/2463/2463
f 2464/2464/2464 2465/2465/2465 2466/2466/2466
f 2467/2467/2467 2468/2468/2468 2469/2469/2469
f 2470/2470/2470 2471/2471/2471 2472/2472/2472
f 2473/2473/2473 2474/2474/2474 2475/2475/2475
f 2476/2476/2476 2477/2477/2477 2478/2478/2478
f 2479/2479/2479 2480/2480/2480 2481/2481/2481
f 2482/2482/2482 2483/2483/2483 2484/2484/2484
f 2485/2485/2485 2486/2486/2486 2487/2487/2487
f 2488/2488/2488 2489/2489/2489 2490/2490/2490
f 2491/2491/2491 2492/2492/2492 2493/2493/2493
f 2494/2494/2494 2495/2495/2495 2496/2496/2496
f 2497/2497/2497 2498/2498/2498 2499/2499/2499
f 2500/2500/2500 2501/2501/2501 2502/2502/2502
f 2503/2503/2503 2504/2504/2504 2505/2505/2505
f 2506/2506/2506 2507/2507/2507 2508/2508/2508
f 2509/2509/2509 2510/2510/2510 2511/2511/2511
f 2512/2512/2512 2513/2513/2513 2514/2514/2514
f 2515/2515/2515 2516/2516/2516 2517/2517/2517
f 2518/2518/2518 2519/2519/2519 2520/2520/2520
f 2521/2521/2521 2522/2522/2522 2523/2523/2523
f 2524/2524/2524 2525/2525/2525 2526/2526/2526
f 2527/2527/2527 2528/2528/2528 2529/2529/2529
f 2530/2530/2530 2531/2531/2531 2532/2532/2532
f 2533/2533/2533 2534/2534/2534 2535/2535/2535
f 2536/2536/2536 2537/2537/2537 2538/2538/2538
f 2539/2539/2539 2540/2540/2540 2541/2541/2541
f 2542/2542/2542 2543/2543/2543 2544/2544/2544
f 2545/2545/2545 2546/2546/2546 2547/2547/2547
f 2548/2548/2548 2549/2549/2549 2550/2550/2550
f 2551/2551/2551 2552/2552/2552 2553/2553/2553
f 2554/2554/2554 2555/2555/2555 2556/2556/2556
f 2557/2557/2557 2558/2558/2558 2559/2559/2559
f 2560/2560/2560 2561/2561/2561 2562/2562/2562
f 2563/2563/2563 2564/2564/2564 2565/2565/2565
f 2566/2566/2566 2567/2567/2567 2568/2568/2568
f 2569/2569/2569 2570/2570/2570 2571/2571/2571
f 2572/2572/2572 2573/2573/2573 2574/2574/2574
f 2575/2575/2575 2576/2576/2576 2577/2577/2577
f 2578/2578/2578 2579/2579/2579 2580/2580/2580
f 2581/2581/2581 2582/2582/2582 2583/2583/2583
f 2584/2584/2584 2585/2585/2585 2586/2586/2586
f 2587/2587/2587 2588/2588/2588 2589/2589/2589
f 2590/2590/2590 2591/2591/2591 2592/2592/2592
f 2593/2593/2593 2594/2594/2594 2595/2595/2595
f 2596/2596/2596 2597/2597/2597 2598/2598/2598
f 2599/2599/2599 2600/2600/2600 2601/2601/2601
f 2602/2602/2602 2603/2603/2603 2604/2604/2604
f 2605/2605/2605 2606/2606/2606 2607/2607/2607
f 2608/2608/2608 2609/2609/2609 2610/2610/2610
f 2611/2611/2611 2612/2612/2612 2613/2613/2613
f 2614/2614/2614 2615/2615/2615 2616/2616/2616
f 2617/2617/2617 2618/2618/2618 2619/2619/2619
f 2620/2620/2620 2621/2621/2621 2622/2622/2622
f 2623/2623/2623 2624/2624/2624 2625/2625/2625
f 2626/2626/2626 2627/2627/2627 2628/2628/2628
f 2629/2629/2629 2630/2630/2630 2631/2631/2631
f 2632/2632/2632 2633/2633/2633 2634/2634/2634
f 2635/2635/2635 2636/2636/2636 2637/2637/2637
f 2638/2638/2638 2639/2639/2639 2640/2640/2640
f 2641/2641/2641 2642/2642/2642 2643/2643/2643
f 2644/2644/2644 2645/2645/2645 2646/2646/2646
f 2647/2647/2647 2648/2648/2648 2649/2649/2649
f 2650/2650/2650 2651/2651/2651 2652/2652/2652
f 2653/2653/2653 2654/2654/2654 2655/2655/2655
f 2656/2656/2656 2657/2657/2657 2658/2658/2658
f 2659/2659/2659 2660/2660/2660 2661/2661/2661
f 2662/2662/2662 2663/2663/2663 2664/2664/2664
f 2665/2665/2665 2666/2666/2666 2667/2667/2667
f 2668/2668/2668 2669/2669/2669 2670/2670/2670
f 2671/2671/2671 2672/2672/2672 2673/2673/2673
f 2674/2674/2674 2675/2675/2675 2676/2676/2676
f 2677/2677/2677 2678/2678/2678 2679/2679/2679
f 2680/2680/2680 2681/2681/2681 2682/2682/2682
f 2683/2683/2683 2684/2684/2684 2685/2685/2685
f 2686/2686/2686 2687/2687/2687 2688/2688/2688
f 2689/2689/2689 2690/2690/2690 2691/2691/2691
f 2692/2692/2692 2693/2693/2693 2694/2694/2694
f 2695/2695/2695 2696/2696/2696 2697/2697/2697
f 2698/2698/2698 2699/2699/2699 2700/2700/2700
f 2701/2701/2701 2702/2702/2702 2703/2703/2703
f 2704/2704/2704 2705/2705/2705 2706/2706/2706
f 2707/2707/2707 2708/2708/2708 2709/2709/2709
f 2710/2710/2710 2711/2711/2711 2712/2712/2712
f 2713/2713/2713 2714/2714/2714 2715/2715/2715
f 2716/2716/2716 2717/2717/2717 2718/2718/2718
f 2719/2719/2719 2720/2720/2720 2721/2721/2721
f 2722/2722/2722 2723/2723/2723 2724/2724/2724
f 2725/2725/2725 2726/2726/2726 2727/2727/2727
f 2728/2728/2728 2729/2729/2729 2730/2730/2730
f 2731/2731/2731 2732/2732/2732 2733/2733/2733
f 2734/2734/2734 2735/2735/2735 2736/2736/2736
f 2737/2737/2737 2738/2738/2738 2739/2739/2739
f 2740/2740/2740 2741/2741/2741 2742/2742/2742
f 2743/2743/2743 2744/2744/2744 2745/2745/2745
f 2746/2746/2746 2747/2747/2747 2748/2748/2748
f 2749/2749/2749 2750/2750/2750 2751/2751/2751
f 2752/2752/2752 2753/2753/2753 2754/2754/2754
f 2755/2755/2755 2756/2756/2756 2757/2757/2757
f 2758/2758/2758 2759/2759/2759 2760/2760/2760
f 2761/2761/2761 2762/2762/2762 2763/2763/2763
f 2764/2764/2764 2765/2765/2765 2766/2766/2766
f 2767/2767/2767 2768/2768/2768 2769/2769/2769
f 2770/2770/2770 2771/2771/2771 2772/2772/2772
f 2773/2773/2773 2774/2774/2774 2775/2775/2775
f 2776/2776/2776 2777/2777/2777 2778/2778/2778
f 2779/2779/2779 2780/2780/2780 2781/2781/2781
f 2782/2782/2782 2783/2783/2783 2784/2784/2784
f 2785/2785/2785 2786/2786/2786 2787/2787/2787
f 2788/2788/2788 2789/2789/2789 2790/2790/2790
f 2791/2791/2791 2792/2792/2792 2793/2793/2793
f 2794/2794/2794 2795/2795/2795 2796/2796/2796
f 2797/2797/2797 2798/2798/2798 2799/2799/2799
f 2800/2800/2800 2801/2801/2801 2802/2802/2802
f 2803/2803/2803 2804/2804/2804 2805/2805/2805
f 2806/2806/2806 2807/2807/2807 2808/2808/2808
f 2809/2809/2809 2810/2810/2810 2811/2811/2811
f 2812/2812/2812 2813/2813/2813 2814/2814/2814
f 2815/2815/2815 2816/2816/2816 2817/2817/2817
f 2818/2818/2818 2819/2819/2819 2820/2820/2820
f 2821/2821/2821 2822/2822/2822 2823/2823/2823
f 2824/2824/2824 2825/2825/2825 2826/2826/2826
f 2827/2827/2827 2828/2828/2828 2829/2829/2829
f 2830/2830/2830 2831/2831/2831 2832/2832/2832
f 2833/2833/2833 2834/2834/2834 2835/2835/2835
f 2836/2836/2836 2837/2837/2837 2838/2838/2838
f 2839/2839/2839 2840/2840/2840 2841/2841/2841
f 2842/2842/2842 2843/2843/2843 2844/2844/2844
f 2845/2845/2845 2846/2846/2846 2847/2847/2847
f 2848/2848/2848 2849/2849/2849 2850/2850/2850
f 2851/2851/2851 2852/2852/2852 2853/2853/2853
f 2854/2854/2854 2855/2855/2855 2856/2856/2856
f 2857/2857/2857 2858/2858/2858 2859/2859/2859
f 2860/2860/2860 2861/2861/2861 2862/2862/2862
f 2863/2863/2863 2864/2864/2864 2865/2865/2865
f 2866/2866/2866 2867/2867/2867 2868/2868/2868
f 2869/2869/2869 2870/2870/2870 2871/2871/2871
f 2872/2872/2872 2873/2873/2873 2874/2874/2874
f 2875/2875/2875 2876/2876/2876 2877/2877/2877
f 2878/2878/2878 2879/2879/2879 2880/2880/2880
f 2881/2881/2881 2882/2882/2882 2883/2883/2883
f 2884/2884/2884 2885/2885/2885 2886/2886/2886
f 2887/2887/2887 2888/2888/2888 2889/2889/2889
f 2890/2890/2890 2891/2891/2891 2892/2892/2892
f 2893/2893/2893 2894/2894/2894 2895/2895/2895
f 2896/2896/2896 2897/2897/2897 2898/2898/2898
f 2899/2899/2899 2900/2900/2900 2901/2901/2901
f 2902/2902/2902 2903/2903/2903 2904/2904/2904
f 2905/2905/2905 2906/2906/2906 2907/2907/2907
f 2908/2908/2908 2909/2909/2909 2910/2910/2910
f 2911/2911/2911 2912/2912/2912 2913/2913/2913
f 2914/2914/2914 2915/2915/2915 2916/2916/2916
f 2917/2917/2917 2918/2918/2918 2919/2919/2919
f 2920/2920/2920 2921/2921/2921 2922/2922/2922
f 2923/2923/2923 2924/2924/2924 2925/2925/2925
f 2926/2926/2926 2927/2927/2927 2928/2928/2928
f 2929/2929/2929 2930/2930/2930 2931/2931/2931
f 2932/2932/2932 2933/2933/2933 2934/2934/2934
f 2935/2935/2935 2936/2936/2936 2937/2937/2937
f 2938/2938/2938 2939/2939/2939 2940/2940/2940
f 2941/2941/2941 2942/2942/2942 2943/2943/2943
f 2944/2944/2944 2945/2945/2945 2946/2946/2946
f 2947/2947/2947 2948/2948/2948 2949/2949/2949
f 2950/2950/2950 2951/2951/2951 2952/2952/2952
f 2953/2953/2953 2954/2954/2954 2955/2955/2955
f 2956/2956/2956 2957/2957/2957 2958/2958/2958
f 2959/2959/2959 2960/2960/2960 2961/2961/2961
f 2962/2962/2962 2963/2963/2963 2964/2964/2964
f 2965/2965/2965 2966/2966/2966 2967/2967/2967
f 2968/2968/2968 2969/2969/2969 2970/2970/2970
f 2971/2971/2971 2972/2972/2972 2973/2973/2973
f 2974/2974/2974 2975/2975/2975 2976/2976/2976
f 2977/2977/2977 2978/2978/2978 2979/2979/2979
f 2980/2980/2980 2981/2981/2981 2982/2982/2982
f 2983/2983/2983 2984/2984/2984 2985/2985/2985
f 2986/2986/2986 2987/2987/2987 2988/2988/2988
f 2989/2989/2989 2990/2990/2990 2991/2991/2991
f 2992/2992/2992 2993/2993/2993 2994/2994/2994
f 2995/2995/2995 2996/2996/2996 2997/2997/2997
f 2998/2998/2998 2999/2999/2999 3000/3000/3000
f 3001/3001/3001 3002/3002/3002 3003/3003/3003
f 3004/3004/3004 3005/3005/3005 3006/3006/3006
f 3007/3007/3007 3008/3008/3008 3009/3009/3009
f 3010/3010/3010 3011/3011/3011 3012/3012/3012
f 3013/3013/3013 3014/3014/3014 3015/3015/3015
f 3016/3016/3016 3017/3017/3017 3018/3018/3018
f 3019/3019/3019 3020/3020/3020 3021/3021/3021
f 3022/3022/3022 3023/3023/3023 3024/3024/3024
f 3025/3025/3025 3026/3026/3026 3027/3027/3027
f 3028/3028/3028 3029/3029/3029 3030/3030/3030
f 3031/3031/3031 3032/3032/3032 3033/3033/3033
f 3034/3034/3034 3035/3035/3035 3036/3036/3036
f 3037/3037/3037 3038/3038/3038 3039/3039/3039
f 3040/3040/3040 3041/3041/3041 3042/3042/3042
f 3043/3043/3043 3044/3044/3044 3045/3045/3045
f 3046/3046/3046 3047/3047/3047 3048/3048/3048
f 3049/3049/3049 3050/3050/3050 3051/3051/3051
f 3052/3052/3052 3053/3053/3053 3054/3054/3054
f 3055/3055/3055 3056/3056/3056 3057/3057/3057
f 3058/3058/3058 3059/3059/3059 3060/3060/3060
f 3061/3061/3061 3062/3062/3062 3063/3063/3063
f 3064/3064/3064 3065/3065/3065 3066/3066/3066
f 3067/3067/3067 3068/3068/3068 3069/3069/3069
f 3070/3070/3070 3071/3071/3071 3072/3072/3072
f 3073/3073/3073 3074/3074/3074 3075/3075/3075
f 3076/3076/3076 3077/3077/3077 3078/3078/3078
f 3079/3079/3079 3080/3080/3080 3081/3081/3081
f 3082/3082/3082 3083/3083/3083 3084/3084/3084
f 3085/3085/3085 3086/3086/3086 3087/3087/3087
f 3088/3088/3088 3089/3089/3089 3090/3090/3090
f 3091/3091/3091 3092/3092/3092 3093/3093/3093
f 3094/3094/3094 3095/3095/3095 3096/3096/3096
f 3097/3097/3097 3098/3098/3098 3099/3099/3099
f 3100/3100/3100 3101/3101/3101 3102/3102/3102
f 3103/3103/3103 3104/3104/3104 3105/3105/3105
f 3106/3106/3106 3107/3107/3107 3108/3108/3108
f 3109/3109/3109 3110/3110/3110 3111/3111/3111
f 3112/3112/3112 3113/3113/3113 3114/3114/3114
f 3115/3115/3115 3116/3116/3116 3117/3117/3117
f 3118/3118/3118 3119/3119/3119 3120/3120/3120
f 3121/3121/3121 3122/3122/3122 3123/3123/3123
f 3124/3124/3124 3125/3125/3125 3126/3126/3126
f 3127/3127/3127 3128/3128/3128 3129/3129/3129
f 3130/3130/3130 3131/3131/3131 3132/3132/3132
f 3133/3133/3133 3134/3134/3134 3135/3135/3135
f 3136/3136/3136 3137/3137/3137 3138/3138/3138
f 3139/3139/3139 3140/3140/3140 3141/3141/3141
f 3142/3142/3142 3143/3143/3143 3144/3144/3144
f 3145/3145/3145 3146/3146/3146 3147/3147/3147
f 3148/3148/3148 3149/3149/3149 3150/3150/3150
f 3151/3151/3151 3152/3152/3152 3153/3153/3153
f 3154/3154/3154 3155/3155/3155 3156/3156/3156
f 3157/3157/3157 3158/3158/3158 3159/3159/3159
f 3160/3160/3160 3161/3161/3161 3162/3162/3162
f 3163/3163/3163 3164/3164/3164 3165/3165/3165
f 3166/3166/3166 3167/3167/3167 3168/3168/3168
f 3169/3169/3169 3170/3170/3170 3171/3171/3171
f 3172/3172/3172 3173/3173/3173 3174/3174/3174
f 3175/3175/3175 3176/3176/3176 3177/3177/3177
f 3178/3178/3178 3179/3179/3179 3180/3180/3180
f 3181/3181/3181 3182/3182/3182 3183/3183/3183
f 3184/3184/3184 3185/3185/3185 3186/3186/3186
f 3187/3187/3187 3188/3188/3188 3189/3189/3189
f 3190/3190/3190 3191/3191/3191 3192/3192/3192
f 3193/3193/3193 3194/3194/3194 3195/3195/3195
f 3196/3196/3196 3197/3197/3197 3198/3198/3198
f 3199/3199/3199 3200/3200/3200 3201/3201/3201
f 3202/3202/3202 3203/3203/3203 3204/3204/3204
f 3205/3205/3205 3206/3206/3206 3207/3207/3207
f 3208/3208/3208 3209/3209/3209 3210/3210/3210
f 3211/3211/3211 3212/3212/3212 3213/3213/3213
f 3214/3214/3214 3215/3215/3215 3216/3216/3216
f 3217/3217/3217 3218/3218/3218 3219/3219/3219
f 3220/3220/3220 3221/3221/3221 3222/3222/3222
f 3223/3223/3223 3224/3224/3224 3225/3225/3225
f 3226/3226/3226 3227/3227/3227 3228/3228/3228
f 3229/3229/3229 3230/3230/3230 3231/3231/3231
f 3232/3232/3232 3233/3233/3233 3234/3234/3234
f 3235/3235/3235 3236/3236/3236 3237/3237/3237
f 3238/3238/3238 3239/3239/3239 3240/3240/3240
f 3241/3241/3241 3242/3242/3242 3243/3243/3243
f 3244/3244/3244 3245/3245/3245 3246/3246/3246
f 3247/3247/3247 3248/3248/3248 3249/3249/3249
f 3250/3250/3250 3251/3251/3251 3252/3252/3252
f 3253/3253/3253 3254/3254/3254 3255/3255/3255
f 3256/3256/3256 3257/3257/3257 3258/3258/3258
f 3259/3259/3259 3260/3260/3260 3261/3261/3261
f 3262/3262/3262 3263/3263/3263 3264/3264/3264
f 3265/3265/3265 3266/3266/3266 3267/3267/3267
f 3268/3268/3268 3269/3269/3269 3270/3270/3270
f 3271/3271/3271 3272/3272/3272 3273/3273/3273
f 3274/3274/3274 3275/3275/3275 3276/3276/3276
f 3277/3277/3277 3278/3278/3278 3279/3279/3279
f 3280/3280/3280 3281/3281/3281 3282/3282/3282
f 3283/3283/3283 3284/3284/3284 3285/3285/3285
f 3286/3286/3286 3287/3287/3287 3288/3288/3288
f 3289/3289/3289 3290/3290/3290 3291/3291/3291
f 3292/3292/3292 3293/3293/3293 3294/3294/3294
f 3295/3295/3295 3296/3296/3296 3297/3297/3297
f 3298/3298/3298 3299/3299/3299 3300/3300/3300
f 3301/3301/3301 3302/3302/3302 3303/3303/3303
f 3304/3304/3304 3305/3305/3305 3306/3306/3306
f 3307/3307/3307 3308/3308/3308 3309/3309/3309
f 3310/3310/3310 3311/3311/3311 3312/3312/3312
f 3313/3313/3313 3314/3314/3314 3315/3315/3315
f 3316/3316/3316 3317/3317/3317 3318/3318/3318
f 3319/3319/3319 3320/3320/3320 3321/3321/3321
f 3322/3322/3322 3323/3323/3323 3324/3324/3324
f 3325/3325/3325 3326/3326/3326 3327/3327/3327
f 3328/3328/3328 3329/3329/3329 3330/3330/3330
f 3331/3331/3331 3332/3332/3332 3333/3333/3333
f 3334/3334/3334 3335/3335/3335 3336/3336/3336
f 3337/3337/3337 3338/3338/3338 3339/3339/3339
f 3340/3340/3340 3341/3341/3341 3342/3342/3342
f 3343/3343/3343 3344/3344/3344 3345/3345/3345
f 3346/3346/3346 3347/3347/3347 3348/3348/3348
f 3349/3349/3349 3350/3350/3350 3351/3351/3351
f 3352/3352/3352 3353/3353/3353 3354/3354/3354
f 3355/3355/3355 3356/3356/3356 3357/3357/3357
f 3358/3358/3358 3359/3359/3359 3360/3360/3360
f 3361/3361/3361 3362/3362/3362 3363/3363/3363
f 3364/3364/3364 3365/3365/3365 3366/3366/3366
f 3367/3367/3367 3368/3368/3368 3369/3369/3369
f 3370/3370/3370 3371/3371/3371 3372/3372/3372
f 3373/3373/3373 3374/3374/3374 3375/3375/3375
f 3376/3376/3376 3377/3377/3377 3378/3378/3378
f 3379/3379/3379 3380/3380/3380 3381/3381/3381
f 3382/3382/3382 3383/3383/3383 3384/3384/3384
f 3385/3385/3385 3386/3386/3386 3387/3387/3387
f 3388/3388/3388 3389/3389/3389 3390/3390/3390
f 3391/3391/3391 3392/3392/3392 3393/3393/3393
f 3394/3394/3394 3395/3395/3395 3396/3396/3396
f 3397/3397/3397 3398/3398/3398 3399/3399/3399
f 3400/3400/3400 3401/3401/3401 3402/3402/3402
f 3403/3403/3403 3404/3404/3404 3405/3405/3405
f 3406/3406/3406 3407/3407/3407 3408/3408/3408
f 3409/3409/3409 3410/3410/3410 3411/3411/3411
f 3412/3412/3412 3413/3413/3413 3414/3414/3414
f 3415/3415/3415 3416/3416/3416 3417/3417/3417
f 3418/3418/3418 3419/3419/3419 3420/3420/3420
f 3421/3421/3421 3422/3422/3422 3423/3423/3423
f 3424/3424/3424 3425/3425/3425 3426/3426/3426
f 3427/3427/3427 3428/3428/3428 3429/3429/3429
f 3430/3430/3430 3431/3431/3431 3432/3432/3432
f 3433/3433/3433 3434/3434/3434 3435/3435/3435
f 3436/3436/3436 3437/3437/3437 3438/3438/3438
f 3439/3439/3439 3440/3440/3440 3441/3441/3441
f 3442/3442/3442 3443/3443/3443 3444/3444/3444
f 3445/3445/3445 3446/3446/3446 3447/3447/3447
f 3448/3448/3448 3449/3449/3449 3450/3450/3450
f 3451/3451/3451 3452/3452/3452 3453/3453/3453
f 3454/3454/3454 3455/3455/3455 3456/3456/3456
f 3457/3457/3457 3458/3458/3458 3459/3459/3459
f 3460/3460/3460 3461/3461/3461 3462/3462/3462
f 3463/3463/3463 3464/3464/3464 3465/3465/3465
f 3466/3466/3466 3467/3467/3467 3468/3468/3468
f 3469/3469/3469 3470/3470/3470 3471/3471/3471
f 3472/3472/3472 3473/3473/3473 3474/3474/3474
f 3475/3475/3475 3476/3476/3476 3477/3477/3477
f 3478/3478/3478 3479/3479/3479 3480/3480/3480
f 3481/3481/3481 3482/3482/3482 3483/3483/3483
f 3484/3484/3484 3485/3485/3485 3486/3486/3486
f 3487/3487/3487 3488/3488/3488 3489/3489/3489
f 3490/3490/3490 3491/3491/3491 3492/3492/3492
f 3493/3493/3493 3494/3494/3494 3495/3495/3495
f 3496/3496/3496 3497/3497/3497 3498/3498/3498
f 3499/3499/3499 3500/3500/3500 3501/3501/3501
f 3502/3502/3502 3503/3503/3503 3504/3504/3504
f 3505/3505/3505 3506/3506/3506 3507/3507/3507
f 3508/3508/3508 3509/3509/3509 3510/3510/3510
f 3511/3511/3511 3512/3512/3512 3513/3513/3513
f 3514/3514/3514 3515/3515/3515 3516/3516/3516
f 3517/3517/3517 3518/3518/3518 3519/3519/3519
f 3520/3520/3520 3521/3521/3521 3522/3522/3522
f 3523/3523/3523 3524/3524/3524 3525/3525/3525
f 3526/3526/3526 3527/3527/3527 3528/3528/3528
f 3529/3529/3529 3530/3530/3530 3531/3531/3531
f 3532/3532/3532 3533/3533/3533 3534/3534/3534
f 3535/3535/3535 3536/3536/3536 3537/3537/3537
f 3538/3538/3538 3539/3539/3539 3540/3540/3540
f 3541/3541/3541 3542/3542/3542 3543/3543/3543
f 3544/3544/3544 3545/3545/3545 3546/3546/3546
f 3547/3547/3547 3548/3548/3548 3549/3549/3549
f 3550/3550/3550 3551/3551/3551 3552/3552/3552
f 3553/3553/3553 3554/3554/3554 3555/3555/3555
f 3556/3556/3556 3557/3557/3557 3558/3558/3558
f 3559/3559/3559 3560/3560/3560 3561/3561/3561
f 3562/3562/3562 3563/3563/3563 3564/3564/3564
f 3565/3565/3565 3566/3566/3566 3567/3567/3567
f 3568/3568/3568 3569/3569/3569 3570/3570/3570
f 3571/3571/3571 3572/3572/3572 3573/3573/3573
f 3574/3574/3574 3575/3575/3575 3576/3576/3576
f 3577/3577/3577 3578/3578/3578 3579/3579/3579
f 3580/3580/3580 3581/3581/3581 3582/3582/3582
f 3583/3583/3583 3584/3584/3584 3585/3585/3585
f 3586/3586/3586 3587/3587/3587 3588/3588/3588
f 3589/3589/3589 3590/3590/3590 3591/3591/3591
f 3592/3592/3592 3593/3593/3593 3594/3594/3594
f 3595/3595/3595 3596/3596/3596 3597/3597/3597
f 3598/3598/3598 3599/3599/3599 3600/3600/3600
f 3601/3601/3601 3602/3602/3602 3603/3603/3603
f 3604/3604/3604 3605/3605/3605 3606/3606/3606
f 3607/3607/3607 3608/3608/3608 3609/3609/3609
f 3610/3610/3610 3611/3611/3611 3612/3612/3612
f 3613/3613/3613 3614/3614/3614 3615/3615/3615
f 3616/3616/3616 3617/3617/3617 3618/3618/3618
f 3619/3619/3619 3620/3620/3620 3621/3621/3621
f 3622/3622/3622 3623/3623/3623 3624/3624/3624
f 3625/3625/3625 3626/3626/3626 3627/3627/3627
f 3628/3628/3628 3629/3629/3629 3630/3630/3630
f 3631/3631/3631 3632/3632/3632 3633/3633/3633
f 3634/3634/3634 3635/3635/3635 3636/3636/3636
f 3637/3637/3637 3638/3638/3638 3639/3639/3639
f 3640/3640/3640 3641/3641/3641 3642/3642/3642
f 3643/3643/3643 3644/3644/3644 3645/3645/3645
f 3646/3646/3646 3647/3647/3647 3648/3648/3648
f 3649/3649/3649 3650/3650/3650 3651/3651/3651
f 3652/3652/3652 3653/3653/3653 3654/3654/3654
f 3655/3655/3655 3656/3656/3656 3657/3657/3657
f 3658/3658/3658 3659/3659/3659 3660/3660/3660
f 3661/3661/3661 3662/3662/3662 3663/3663/3663
f 3664/3664/3664 3665/3665/3665 3666/3666/3666
f 3667/3667/3667 3668/3668/3668 3669/3669/3669
f 3670/3670/3670 3671/3671/3671 3672/3672/3672
f 3673/3673/3673 3674/3674/3674 3675/3675/3675
f 3676/3676/3676 3677/3677/3677 3678/3678/3678
f 3679/3679/3679 3680/3680/3680 3681/3681/3681
f 3682/3682/3682 3683/3683/3683 3684/3684/3684
f 3685/3685/3685 3686/3686/3686 3687/3687/3687
f 3688/3688/3688 3689/3689/3689 3690/3690/3690
f 3691/3691/3691 3692/3692/3692 3693/3693/3693
f 3694/3694/3694 3695/3695/3695 3696/3696/3696
f 3697/3697/3697 3698/3698/3698 3699/3699/3699
f 3700/3700/3700 3701/3701/3701 3702/3702/3702
f 3703/3703/3703 3704/3704/3704 3705/3705/3705
f 3706/3706/3706 3707/3707/3707 3708/3708/3708
f 3709/3709/3709 3710/3710/3710 3711/3711/3711
f 3712/3712/3712 3713/3713/3713 3714/3714/3714
f 3715/3715/3715 3716/3716/3716 3717/3717/3717
f 3718/3718/3718 3719/3719/3719 3720/3720/3720
f 3721/3721/3721 3722/3722/3722 3723/3723/3723
f 3724/3724/3724 3725/3725/3725 3726/3726/3726
f 3727/3727/3727 3728/3728/3728 3729/3729/3729
f 3730/3730/3730 3731/3731/3731 3732/3732/3732
f 3733/3733/3733 3734/3734/3734 3735/3735/3735
f 3736/3736/3736 3737/3737/3737 3738/3738/3738
f 3739/3739/3739 3740/3740/3740 3741/3741/3741
f 3742/3742/3742 3743/3743/3743 3744/3744/3744
f 3745/3745/3745 3746/3746/3746 3747/3747/3747
f 3748/3748/3748 3749/3749/3749 3750/3750/3750
f 3751/3751/3751 3752/3752/3752 3753/3753/3753
f 3754/3754/3754 3755/3755/3755 3756/3756/3756
f 3757/3757/3757 3758/3758/3758 3759/3759/3759
f 3760/3760/3760 3761/3761/3761 3762/3762/3762
f 3763/3763/3763 3764/3764/3764 3765/3765/3765
f 3766/3766/3766 3767/3767/3767 3768/3768/3768
f 3769/3769/3769 3770/3770/3770 3771/3771/3771
f 3772/3772/3772 3773/3773/3773 3774/3774/3774
f 3775/3775/3775 3776/3776/3776 3777/3777/3777
f 3778/3778/3778 3779/3779/3779 3780/3780/3780
f 3781/3781/3781 3782/3782/3782 3783/3783/3783
f 3784/3784/3784 3785/3785/3785 3786/3786/3786
f 3787/3787/3787 3788/3788/3788 3789/3789/3789
f 3790/3790/3790 3791/3791/3791 3792/3792/3792
f 3793/3793/3793 3794/3794/3794 3795/3795/3795
f 3796/3796/3796 3797/3797/3797 3798/3798/3798
f 3799/3799/3799 3800/3800/3800 3801/3801/3801
f 3802/3802/3802 3803/3803/3803 3804/3804/3804
f 3805/3805/3805 3806/3806/3806 3807/3807/3807
f 3808/3808/3808 3809/3809/3809 3810/3810/3810
f 3811/3811/3811 3812/3812/3812 3813/3813/3813
f 3814/3814/3814 3815/3815/3815 3816/3816/3816
f 3817/3817/3817 3818/3818/3818 3819/3819/3819
f 3820/3820/3820 3821/3821/3821 3822/3822/3822
f 3823/3823/3823 3824/3824/3824 3825/3825/3825
f 3826/3826/3826 3827/3827/3827 3828/3828/3828
f 3829/3829/3829 3830/3830/3830 3831/3831/3831
f 3832/3832/3832 3833/3833/3833 3834/3834/3834
f 3835/3835/3835 3836/3836/3836 3837/3837/3837
f 3838/3838/3838 3839/3839/3839 3840/3840/3840
f 3841/3841/3841 3842/3842/3842 3843/3843/3843
f 3844/3844/3844 3845/3845/3845 3846/3846/3846
f 3847/3847/3847 3848/3848/3848 3849/3849/3849
f 3850/3850/3850 3851/3851/3851 3852/3852/3852
f 3853/3853/3853 3854/3854/3854 3855/3855/3855
f 3856/3856/3856 3857/3857/3857 3858/3858/3858
f 3859/3859/3859 3860/3860/3860 3861/3861/3861
f 3862/3862/3862 3863/3863/3863 3864/3864/3864
f 3865/3865/3865 3866/3866/3866 3867/3867/3867
f 3868/3868/3868 3869/3869/3869 3870/3870/3870
f 3871/3871/3871 3872/3872/3872 3873/3873/3873
f 3874/3874/3874 3875/3875/3875 3876/3876/3876
f 3877/3877/3877 3878/3878/3878 3879/3879/3879
f 3880/3880/3880 3881/3881/3881 3882/3882/3882
f 3883/3883/3883 3884/3884/3884 3885/3885/3885
f 3886/3886/3886 3887/3887/3887 3888/3888/3888
f 3889/3889/3889 3890/3890/3890 3891/3891/3891
f 3892/3892/3892 3893/3893/3893 3894/3894/3894
f 3895/3895/3895 3896/3896/3896 3897/3897/3897
f 3898/3898/3898 3899/3899/3899 3900/3900/3900
f 3901/3901/3901 3902/3902/3902 3903/3903/3903
f 3904/3904/3904 3905/3905/3905 3906/3906/3906
